{
  "chunk_metadata": {
    "domain": "public",
    "CIK": "9631",
    "data_type": "SEC",
    "ticker": "BNS",
    "chunk_name": "Cash & Cash Equivalents",
    "chunk_id": "cash_equivalents",
    "company_name": "BANK OF NOVA SCOTIA",
    "extraction_date": "2025-09-30T11:01:43.467320",
    "metrics_count": 23,
    "total_company_metrics": 0,
    "chunking_strategy": "context_aware_balanced"
  },
  "metrics": {
    "BalancesOnTermDepositsFromCustomers": {
      "taxonomy": "ifrs-full",
      "label": null,
      "description": null,
      "available_units": [
        "CAD"
      ],
      "data_points_count": 28,
      "latest_value": {
        "value": 478329000000,
        "date": "2025-07-31",
        "fiscal_year": 2025,
        "fiscal_period": "Q3",
        "form": "6-K",
        "filed": "2025-08-26",
        "unit": "CAD",
        "type": "other"
      },
      "date_range": {
        "earliest": "2018-10-31",
        "latest": "2025-07-31"
      }
    },
    "CashAndCashEquivalents": {
      "taxonomy": "ifrs-full",
      "label": null,
      "description": null,
      "available_units": [
        "CAD"
      ],
      "data_points_count": 137,
      "latest_value": {
        "value": 11720000000,
        "date": "2025-07-31",
        "fiscal_year": 2025,
        "fiscal_period": "Q3",
        "form": "6-K",
        "filed": "2025-08-26",
        "unit": "CAD",
        "type": "other"
      },
      "date_range": {
        "earliest": "2015-10-31",
        "latest": "2025-07-31"
      }
    },
    "CashFlowsFromUsedInDecreaseIncreaseInShorttermDepositsAndInvestments": {
      "taxonomy": "ifrs-full",
      "label": null,
      "description": null,
      "available_units": [
        "CAD"
      ],
      "data_points_count": 88,
      "latest_value": {
        "value": -3343000000,
        "date": "2025-07-31",
        "fiscal_year": 2025,
        "fiscal_period": "Q3",
        "form": "6-K",
        "filed": "2025-08-26",
        "unit": "CAD",
        "type": "other"
      },
      "date_range": {
        "earliest": "2016-10-31",
        "latest": "2025-07-31"
      }
    },
    "CashFlowsFromUsedInInvestingActivities": {
      "taxonomy": "ifrs-full",
      "label": null,
      "description": null,
      "available_units": [
        "CAD"
      ],
      "data_points_count": 88,
      "latest_value": {
        "value": -3092000000,
        "date": "2025-07-31",
        "fiscal_year": 2025,
        "fiscal_period": "Q3",
        "form": "6-K",
        "filed": "2025-08-26",
        "unit": "CAD",
        "type": "other"
      },
      "date_range": {
        "earliest": "2016-10-31",
        "latest": "2025-07-31"
      }
    },
    "CashFlowsFromUsedInOperatingActivities": {
      "taxonomy": "ifrs-full",
      "label": null,
      "description": null,
      "available_units": [
        "CAD"
      ],
      "data_points_count": 88,
      "latest_value": {
        "value": 11596000000,
        "date": "2025-07-31",
        "fiscal_year": 2025,
        "fiscal_period": "Q3",
        "form": "6-K",
        "filed": "2025-08-26",
        "unit": "CAD",
        "type": "other"
      },
      "date_range": {
        "earliest": "2016-10-31",
        "latest": "2025-07-31"
      }
    },
    "DepositsFromBanks": {
      "taxonomy": "ifrs-full",
      "label": null,
      "description": null,
      "available_units": [
        "CAD"
      ],
      "data_points_count": 70,
      "latest_value": {
        "value": 39444000000,
        "date": "2025-07-31",
        "fiscal_year": 2025,
        "fiscal_period": "Q3",
        "form": "6-K",
        "filed": "2025-08-26",
        "unit": "CAD",
        "type": "other"
      },
      "date_range": {
        "earliest": "2017-10-31",
        "latest": "2025-07-31"
      }
    },
    "DescriptionOfDiscountRatesAppliedToCashFlowProjections": {
      "taxonomy": "ifrs-full",
      "label": null,
      "description": null,
      "available_units": [
        "pure"
      ],
      "data_points_count": 7,
      "latest_value": {
        "value": 0.1,
        "date": "2024-10-31",
        "fiscal_year": 2024,
        "fiscal_period": "FY",
        "form": "40-F",
        "filed": "2024-12-03",
        "unit": "pure",
        "type": "other"
      },
      "date_range": {
        "earliest": "2017-10-31",
        "latest": "2024-10-31"
      }
    },
    "DescriptionOfGrowthRateUsedToExtrapolateCashFlowProjections": {
      "taxonomy": "ifrs-full",
      "label": null,
      "description": null,
      "available_units": [
        "pure"
      ],
      "data_points_count": 7,
      "latest_value": {
        "value": 0.045,
        "date": "2024-10-31",
        "fiscal_year": 2024,
        "fiscal_period": "FY",
        "form": "40-F",
        "filed": "2024-12-03",
        "unit": "pure",
        "type": "other"
      },
      "date_range": {
        "earliest": "2017-10-31",
        "latest": "2024-10-31"
      }
    },
    "EffectOfExchangeRateChangesOnCashAndCashEquivalents": {
      "taxonomy": "ifrs-full",
      "label": null,
      "description": null,
      "available_units": [
        "CAD"
      ],
      "data_points_count": 88,
      "latest_value": {
        "value": 1000000,
        "date": "2025-07-31",
        "fiscal_year": 2025,
        "fiscal_period": "Q3",
        "form": "6-K",
        "filed": "2025-08-26",
        "unit": "CAD",
        "type": "other"
      },
      "date_range": {
        "earliest": "2016-10-31",
        "latest": "2025-07-31"
      }
    },
    "GainsLossesOnCashFlowHedgesBeforeTax": {
      "taxonomy": "ifrs-full",
      "label": null,
      "description": null,
      "available_units": [
        "CAD"
      ],
      "data_points_count": 109,
      "latest_value": {
        "value": 2414000000,
        "date": "2025-07-31",
        "fiscal_year": 2025,
        "fiscal_period": "Q3",
        "form": "6-K",
        "filed": "2025-08-26",
        "unit": "CAD",
        "type": "other"
      },
      "date_range": {
        "earliest": "2016-10-31",
        "latest": "2025-07-31"
      }
    },
    "IncomeTaxRelatingToCashFlowHedgesOfOtherComprehensiveIncome": {
      "taxonomy": "ifrs-full",
      "label": null,
      "description": null,
      "available_units": [
        "CAD"
      ],
      "data_points_count": 109,
      "latest_value": {
        "value": 728000000,
        "date": "2025-07-31",
        "fiscal_year": 2025,
        "fiscal_period": "Q3",
        "form": "6-K",
        "filed": "2025-08-26",
        "unit": "CAD",
        "type": "other"
      },
      "date_range": {
        "earliest": "2016-10-31",
        "latest": "2025-07-31"
      }
    },
    "IncreaseDecreaseInCashAndCashEquivalents": {
      "taxonomy": "ifrs-full",
      "label": null,
      "description": null,
      "available_units": [
        "CAD"
      ],
      "data_points_count": 88,
      "latest_value": {
        "value": 2314000000,
        "date": "2025-07-31",
        "fiscal_year": 2025,
        "fiscal_period": "Q3",
        "form": "6-K",
        "filed": "2025-08-26",
        "unit": "CAD",
        "type": "other"
      },
      "date_range": {
        "earliest": "2016-10-31",
        "latest": "2025-07-31"
      }
    },
    "InterestIncomeOnDeposits": {
      "taxonomy": "ifrs-full",
      "label": null,
      "description": null,
      "available_units": [
        "CAD"
      ],
      "data_points_count": 109,
      "latest_value": {
        "value": 1997000000,
        "date": "2025-07-31",
        "fiscal_year": 2025,
        "fiscal_period": "Q3",
        "form": "6-K",
        "filed": "2025-08-26",
        "unit": "CAD",
        "type": "other"
      },
      "date_range": {
        "earliest": "2016-10-31",
        "latest": "2025-07-31"
      }
    },
    "KeyManagementPersonnelCompensationShorttermEmployeeBenefits": {
      "taxonomy": "ifrs-full",
      "label": null,
      "description": null,
      "available_units": [
        "CAD"
      ],
      "data_points_count": 14,
      "latest_value": {
        "value": 25000000,
        "date": "2024-10-31",
        "fiscal_year": 2024,
        "fiscal_period": "FY",
        "form": "40-F",
        "filed": "2024-12-03",
        "unit": "CAD",
        "type": "other"
      },
      "date_range": {
        "earliest": "2017-10-31",
        "latest": "2024-10-31"
      }
    },
    "MandatoryReserveDepositsAtCentralBanks": {
      "taxonomy": "ifrs-full",
      "label": null,
      "description": null,
      "available_units": [
        "CAD"
      ],
      "data_points_count": 70,
      "latest_value": {
        "value": 7454000000,
        "date": "2025-07-31",
        "fiscal_year": 2025,
        "fiscal_period": "Q3",
        "form": "6-K",
        "filed": "2025-08-26",
        "unit": "CAD",
        "type": "other"
      },
      "date_range": {
        "earliest": "2017-10-31",
        "latest": "2025-07-31"
      }
    },
    "OtherComprehensiveIncomeNetOfTaxCashFlowHedges": {
      "taxonomy": "ifrs-full",
      "label": null,
      "description": null,
      "available_units": [
        "CAD"
      ],
      "data_points_count": 109,
      "latest_value": {
        "value": 541000000,
        "date": "2025-07-31",
        "fiscal_year": 2025,
        "fiscal_period": "Q3",
        "form": "6-K",
        "filed": "2025-08-26",
        "unit": "CAD",
        "type": "other"
      },
      "date_range": {
        "earliest": "2016-10-31",
        "latest": "2025-07-31"
      }
    },
    "OtherInflowsOutflowsOfCashClassifiedAsInvestingActivities": {
      "taxonomy": "ifrs-full",
      "label": null,
      "description": null,
      "available_units": [
        "CAD"
      ],
      "data_points_count": 88,
      "latest_value": {
        "value": -308000000,
        "date": "2025-07-31",
        "fiscal_year": 2025,
        "fiscal_period": "Q3",
        "form": "6-K",
        "filed": "2025-08-26",
        "unit": "CAD",
        "type": "other"
      },
      "date_range": {
        "earliest": "2016-10-31",
        "latest": "2025-07-31"
      }
    },
    "ReclassificationAdjustmentsOnCashFlowHedgesBeforeTax": {
      "taxonomy": "ifrs-full",
      "label": null,
      "description": null,
      "available_units": [
        "CAD"
      ],
      "data_points_count": 109,
      "latest_value": {
        "value": 1668000000,
        "date": "2025-07-31",
        "fiscal_year": 2025,
        "fiscal_period": "Q3",
        "form": "6-K",
        "filed": "2025-08-26",
        "unit": "CAD",
        "type": "other"
      },
      "date_range": {
        "earliest": "2016-10-31",
        "latest": "2025-07-31"
      }
    },
    "ReserveOfCashFlowHedgesContinuingHedges": {
      "taxonomy": "ifrs-full",
      "label": null,
      "description": null,
      "available_units": [
        "CAD"
      ],
      "data_points_count": 13,
      "latest_value": {
        "value": -5426000000,
        "date": "2024-10-31",
        "fiscal_year": 2024,
        "fiscal_period": "FY",
        "form": "40-F",
        "filed": "2024-12-03",
        "unit": "CAD",
        "type": "other"
      },
      "date_range": {
        "earliest": "2018-10-31",
        "latest": "2024-10-31"
      }
    },
    "ShorttermDepositsNotClassifiedAsCashEquivalents": {
      "taxonomy": "ifrs-full",
      "label": null,
      "description": null,
      "available_units": [
        "CAD"
      ],
      "data_points_count": 70,
      "latest_value": {
        "value": 57981000000,
        "date": "2025-07-31",
        "fiscal_year": 2025,
        "fiscal_period": "Q3",
        "form": "6-K",
        "filed": "2025-08-26",
        "unit": "CAD",
        "type": "other"
      },
      "date_range": {
        "earliest": "2017-10-31",
        "latest": "2025-07-31"
      }
    },
    "IntrinsicValueOfLiabilitiesFromSharebasedPaymentTransactionsForWhichCounterpartysRightToCashOrOtherAssetsVested2011": {
      "taxonomy": "ifrs-full",
      "label": null,
      "description": null,
      "available_units": [
        "CAD"
      ],
      "data_points_count": 2,
      "latest_value": {
        "value": 5000000,
        "date": "2022-10-31",
        "fiscal_year": 2022,
        "fiscal_period": "FY",
        "form": "40-F",
        "filed": "2022-11-29",
        "unit": "CAD",
        "type": "other"
      },
      "date_range": {
        "earliest": "2021-10-31",
        "latest": "2022-10-31"
      }
    },
    "ExpectedCashOutflowOnRedemptionOrRepurchaseOfPuttableFinancialInstruments": {
      "taxonomy": "ifrs-full",
      "label": null,
      "description": null,
      "available_units": [
        "CAD"
      ],
      "data_points_count": 1,
      "latest_value": {
        "value": 300000000,
        "date": "2024-01-29",
        "fiscal_year": 2024,
        "fiscal_period": "Q1",
        "form": "6-K",
        "filed": "2024-02-27",
        "unit": "CAD",
        "type": "other"
      },
      "date_range": {
        "earliest": "2024-01-29",
        "latest": "2024-01-29"
      }
    },
    "AdjustmentsForIncreaseDecreaseInDeposits": {
      "taxonomy": "ifrs-full",
      "label": null,
      "description": null,
      "available_units": [
        "CAD"
      ],
      "data_points_count": 10,
      "latest_value": {
        "value": 6605000000,
        "date": "2025-07-31",
        "fiscal_year": 2025,
        "fiscal_period": "Q3",
        "form": "6-K",
        "filed": "2025-08-26",
        "unit": "CAD",
        "type": "other"
      },
      "date_range": {
        "earliest": "2024-01-31",
        "latest": "2025-07-31"
      }
    }
  }
}