{
  "chunk_metadata": {
    "domain": "public",
    "CIK": "49196",
    "data_type": "SEC",
    "ticker": "HBAN",
    "chunk_name": "Loans & Credit",
    "chunk_id": "loans_credit",
    "company_name": "Huntington Bancshares Incorporated",
    "extraction_date": "2025-09-30T11:01:43.799406",
    "metrics_count": 115,
    "total_company_metrics": 0,
    "chunking_strategy": "context_aware_balanced"
  },
  "metrics": {
    "AccumulatedOtherComprehensiveIncomeLossDefinedBenefitPensionAndOtherPostretirementPlansNetOfTax": {
      "taxonomy": "us-gaap",
      "label": "Accumulated Other Comprehensive (Income) Loss, Defined Benefit Plan, after Tax",
      "description": "Amount, after tax, of accumulated other comprehensive (income) loss for defined benefit plan, that has not been recognized in net periodic benefit cost (credit).",
      "available_units": [
        "USD"
      ],
      "data_points_count": 28,
      "latest_value": {
        "value": 225000000,
        "date": "2021-12-31",
        "fiscal_year": 2021,
        "form": "10-K",
        "filed": "2022-02-18",
        "unit": "USD",
        "type": "annual"
      },
      "date_range": {
        "earliest": "2011-12-31",
        "latest": "2021-12-31"
      }
    },
    "AdditionalCollateralAggregateFairValue": {
      "taxonomy": "us-gaap",
      "label": "Additional Collateral, Aggregate Fair Value",
      "description": "The aggregate fair value of additional assets that would be required to be posted as collateral for derivative instruments with credit-risk-related contingent features if the credit-risk-related contingent features were triggered at the end of the reporting period.",
      "available_units": [
        "USD"
      ],
      "data_points_count": 6,
      "latest_value": {
        "value": 3500000,
        "date": "2011-12-31",
        "fiscal_year": 2011,
        "form": "10-K",
        "filed": "2012-02-17",
        "unit": "USD",
        "type": "annual"
      },
      "date_range": {
        "earliest": "2011-06-30",
        "latest": "2012-09-30"
      }
    },
    "CertainLoansAcquiredInTransferAccretableYield": {
      "taxonomy": "us-gaap",
      "label": "Certain Loans Acquired in Transfer, Accretable Yield",
      "description": "The aggregate excess of a loan's cash flows expected to be collected over the investor's initial investment in the loan. This relates to loans with deteriorating of credit quality since origination that were acquired by completion of a transfer for which it is probable, at acquisition, that the investor will be unable to collect all contractually required payments receivable.",
      "available_units": [
        "USD"
      ],
      "data_points_count": 14,
      "latest_value": {
        "value": 0,
        "date": "2014-12-31",
        "fiscal_year": 2014,
        "form": "10-K",
        "filed": "2015-02-13",
        "unit": "USD",
        "type": "annual"
      },
      "date_range": {
        "earliest": "2012-03-30",
        "latest": "2014-12-31"
      }
    },
    "CertainLoansAcquiredInTransferNonaccretableDifference": {
      "taxonomy": "us-gaap",
      "label": "Certain Loans Acquired in Transfer, Nonaccretable Difference",
      "description": "The amount of the loan's contractually required payments receivable in excess of the amount of its cash flows expected to be collected. This relates to loans with deteriorating of credit quality since origination that were acquired by completion of a transfer for which it is probable, at acquisition, that the investor will be unable to collect all contractually required payments receivable.",
      "available_units": [
        "USD"
      ],
      "data_points_count": 1,
      "latest_value": {
        "value": -119011000,
        "date": "2012-03-30",
        "fiscal_year": 2012,
        "fiscal_period": "Q2",
        "form": "10-Q",
        "filed": "2012-07-30",
        "unit": "USD",
        "type": "quarterly"
      },
      "date_range": {
        "earliest": "2012-03-30",
        "latest": "2012-03-30"
      }
    },
    "CollateralAlreadyPostedAggregateFairValue": {
      "taxonomy": "us-gaap",
      "label": "Collateral Already Posted, Aggregate Fair Value",
      "description": "The aggregate fair value of assets that are already posted, at the end of the reporting period, as collateral for derivative instruments with credit-risk-related contingent features.",
      "available_units": [
        "USD"
      ],
      "data_points_count": 58,
      "latest_value": {
        "value": 381000000,
        "date": "2024-12-31",
        "fiscal_year": 2024,
        "form": "10-K",
        "filed": "2025-02-14",
        "unit": "USD",
        "type": "annual"
      },
      "date_range": {
        "earliest": "2011-06-30",
        "latest": "2025-06-30"
      }
    },
    "CreditRiskDerivativeAssetsAtFairValue": {
      "taxonomy": "us-gaap",
      "label": "Credit Risk Derivative Assets, at Fair Value",
      "description": "Fair value of credit risk derivative asset.",
      "available_units": [
        "USD"
      ],
      "data_points_count": 16,
      "latest_value": {
        "value": 3000000,
        "date": "2016-12-31",
        "fiscal_year": 2016,
        "form": "10-K",
        "filed": "2017-02-22",
        "unit": "USD",
        "type": "annual"
      },
      "date_range": {
        "earliest": "2014-12-31",
        "latest": "2017-03-31"
      }
    },
    "DeferredTaxAssetsTaxCreditCarryforwardsAlternativeMinimumTax": {
      "taxonomy": "us-gaap",
      "label": "Deferred Tax Assets, Tax Credit Carryforwards, Alternative Minimum Tax",
      "description": "Amount before allocation of valuation allowances of deferred tax asset attributable to deductible alternative minimum tax credit carryforwards.",
      "available_units": [
        "USD"
      ],
      "data_points_count": 10,
      "latest_value": {
        "value": 1000000,
        "date": "2019-12-31",
        "fiscal_year": 2019,
        "form": "10-K",
        "filed": "2020-02-14",
        "unit": "USD",
        "type": "annual"
      },
      "date_range": {
        "earliest": "2011-12-31",
        "latest": "2019-12-31"
      }
    },
    "DeferredTaxAssetsTaxCreditCarryforwardsGeneralBusiness": {
      "taxonomy": "us-gaap",
      "label": "Deferred Tax Assets, Tax Credit Carryforwards, General Business",
      "description": "Amount before allocation of valuation allowances of deferred tax asset attributable to deductible general business tax credit carryforwards.",
      "available_units": [
        "USD"
      ],
      "data_points_count": 8,
      "latest_value": {
        "value": 32000000,
        "date": "2017-12-31",
        "fiscal_year": 2017,
        "form": "10-K",
        "filed": "2018-02-16",
        "unit": "USD",
        "type": "annual"
      },
      "date_range": {
        "earliest": "2011-12-31",
        "latest": "2017-12-31"
      }
    },
    "DeferredTaxAssetsTaxCreditCarryforwardsOther": {
      "taxonomy": "us-gaap",
      "label": "Deferred Tax Assets, Tax Credit Carryforwards, Other",
      "description": "Amount, before allocation of valuation allowance, of deferred tax asset attributable to deductible tax credit carryforwards, classified as other.",
      "available_units": [
        "USD"
      ],
      "data_points_count": 14,
      "latest_value": {
        "value": 0,
        "date": "2018-12-31",
        "fiscal_year": 2018,
        "form": "10-K",
        "filed": "2019-02-15",
        "unit": "USD",
        "type": "annual"
      },
      "date_range": {
        "earliest": "2012-12-31",
        "latest": "2018-12-31"
      }
    },
    "DeferredTaxAssetsTaxDeferredExpenseReservesAndAccrualsProvisionForLoanLosses": {
      "taxonomy": "us-gaap",
      "label": "Deferred Tax Assets, Tax Deferred Expense, Reserves and Accruals, Provision for Loan Losses",
      "description": "Amount before allocation of valuation allowances of deferred tax asset attributable to deductible temporary differences from the provision for loan losses.",
      "available_units": [
        "USD"
      ],
      "data_points_count": 30,
      "latest_value": {
        "value": 559000000,
        "date": "2024-12-31",
        "fiscal_year": 2024,
        "form": "10-K",
        "filed": "2025-02-14",
        "unit": "USD",
        "type": "annual"
      },
      "date_range": {
        "earliest": "2010-12-31",
        "latest": "2024-12-31"
      }
    },
    "DefinedBenefitPlanAccumulatedOtherComprehensiveIncomeNetGainsLossesAfterTax": {
      "taxonomy": "us-gaap",
      "label": "Accumulated Other Comprehensive Income (Loss), Defined Benefit Plan, Gain (Loss), after Tax",
      "description": "Amount, after tax, of accumulated other comprehensive income (loss) for gain (loss) of defined benefit plan, that has not been recognized in net periodic benefit (cost) credit.",
      "available_units": [
        "USD"
      ],
      "data_points_count": 21,
      "latest_value": {
        "value": -225000000,
        "date": "2021-12-31",
        "fiscal_year": 2021,
        "form": "10-K",
        "filed": "2022-02-18",
        "unit": "USD",
        "type": "annual"
      },
      "date_range": {
        "earliest": "2013-12-31",
        "latest": "2021-12-31"
      }
    },
    "DefinedBenefitPlanAccumulatedOtherComprehensiveIncomeNetPriorServiceCostCreditAfterTax": {
      "taxonomy": "us-gaap",
      "label": "Accumulated Other Comprehensive (Income) Loss, Defined Benefit Plan, Prior Service Cost (Credit), after Tax",
      "description": "Amount, after tax, of accumulated other comprehensive (income) loss for cost (credit) of benefit change attributable to participants' prior service from plan amendment or plan initiation of defined benefit plan, that has not been recognized in net periodic benefit cost (credit).",
      "available_units": [
        "USD"
      ],
      "data_points_count": 21,
      "latest_value": {
        "value": 0,
        "date": "2021-12-31",
        "fiscal_year": 2021,
        "form": "10-K",
        "filed": "2022-02-18",
        "unit": "USD",
        "type": "annual"
      },
      "date_range": {
        "earliest": "2013-12-31",
        "latest": "2021-12-31"
      }
    },
    "DefinedBenefitPlanAmortizationOfNetPriorServiceCostCredit": {
      "taxonomy": "us-gaap",
      "label": "Defined Benefit Plan, Amortization of Net Prior Service Cost (Credit) (Deprecated 2013-01-31)",
      "description": "The amounts in accumulated other comprehensive income related to prior service cost or credit expected to be recognized as components of net periodic benefit cost over the next fiscal year that follows the most recent annual statement of financial position presented.",
      "available_units": [
        "USD"
      ],
      "data_points_count": 2,
      "latest_value": {
        "value": 7100000,
        "date": "2012-12-31",
        "fiscal_year": 2012,
        "form": "10-K",
        "filed": "2013-02-15",
        "unit": "USD",
        "type": "annual"
      },
      "date_range": {
        "earliest": "2011-12-31",
        "latest": "2012-12-31"
      }
    },
    "DefinedBenefitPlanExpectedAmortizationOfGainLossNextFiscalYear": {
      "taxonomy": "us-gaap",
      "label": "Defined Benefit Plan, Expected Amortization of Gain (Loss), Next Fiscal Year",
      "description": "Amount included in accumulated other comprehensive income (loss) for gain (loss) of defined benefit plan expected to be recognized in net periodic benefit (cost) credit for fiscal year following most recent annual statement of financial position.",
      "available_units": [
        "USD"
      ],
      "data_points_count": 1,
      "latest_value": {
        "value": 8000000,
        "date": "2017-12-31",
        "fiscal_year": 2017,
        "form": "10-K",
        "filed": "2018-02-16",
        "unit": "USD",
        "type": "annual"
      },
      "date_range": {
        "earliest": "2017-12-31",
        "latest": "2017-12-31"
      }
    },
    "DefinedBenefitPlanExpectedAmortizationOfPriorServiceCostCreditNextFiscalYear": {
      "taxonomy": "us-gaap",
      "label": "Defined Benefit Plan, Expected Amortization of Prior Service Cost (Credit), Next Fiscal Year",
      "description": "Amount included in accumulated other comprehensive (income) loss for prior service cost (credit) expected to be recognized in net periodic benefit cost (credit) for fiscal year following most recent annual statement of financial position.",
      "available_units": [
        "USD"
      ],
      "data_points_count": 1,
      "latest_value": {
        "value": 2000000,
        "date": "2017-12-31",
        "fiscal_year": 2017,
        "form": "10-K",
        "filed": "2018-02-16",
        "unit": "USD",
        "type": "annual"
      },
      "date_range": {
        "earliest": "2017-12-31",
        "latest": "2017-12-31"
      }
    },
    "DefinedBenefitPlanFutureAmortizationOfPriorServiceCostCredit": {
      "taxonomy": "us-gaap",
      "label": "Defined Benefit Plan, Future Amortization of Prior Service Cost (Credit) (Deprecated 2017-01-31)",
      "description": "Amount included in accumulated other comprehensive income (AOCI) related to prior service cost (credit) expected to be recognized as components of net periodic benefit cost for the fiscal year that follows the most recent annual statement of financial position.",
      "available_units": [
        "USD"
      ],
      "data_points_count": 5,
      "latest_value": {
        "value": 2000000,
        "date": "2016-12-31",
        "fiscal_year": 2016,
        "form": "10-K",
        "filed": "2017-02-22",
        "unit": "USD",
        "type": "annual"
      },
      "date_range": {
        "earliest": "2013-12-31",
        "latest": "2016-12-31"
      }
    },
    "DirectFinancingLeaseInterestIncome": {
      "taxonomy": "us-gaap",
      "label": "Direct Financing Lease, Interest Income",
      "description": "Amount of interest income from net investment in direct financing lease.",
      "available_units": [
        "USD"
      ],
      "data_points_count": 77,
      "latest_value": {
        "value": 336000000,
        "date": "2024-12-31",
        "fiscal_year": 2024,
        "form": "10-K",
        "filed": "2025-02-14",
        "unit": "USD",
        "type": "annual"
      },
      "date_range": {
        "earliest": "2018-12-31",
        "latest": "2025-06-30"
      }
    },
    "FederalHomeLoanBankAdvancesMaturitiesSummary": {
      "taxonomy": "us-gaap",
      "label": "Federal Home Loan Bank, Advances (Deprecated 2013-01-31)",
      "description": "Amount of federal home loan bank advances. Advances are loans from the federal home loan bank system to a member (shareholder).",
      "available_units": [
        "USD"
      ],
      "data_points_count": 2,
      "latest_value": {
        "value": 1000000000,
        "date": "2012-12-31",
        "fiscal_year": 2012,
        "form": "10-K",
        "filed": "2013-02-15",
        "unit": "USD",
        "type": "annual"
      },
      "date_range": {
        "earliest": "2011-12-31",
        "latest": "2012-12-31"
      }
    },
    "FederalHomeLoanBankStock": {
      "taxonomy": "us-gaap",
      "label": "Federal Home Loan Bank Stock",
      "description": "Federal Home Loan Bank (FHLB) stock represents an equity interest in a FHLB. It does not have a readily determinable fair value because its ownership is restricted and it lacks a market (liquidity).",
      "available_units": [
        "USD"
      ],
      "data_points_count": 5,
      "latest_value": {
        "value": 37400000,
        "date": "2010-12-31",
        "fiscal_year": 2011,
        "form": "10-K",
        "filed": "2012-02-17",
        "unit": "USD",
        "type": "annual"
      },
      "date_range": {
        "earliest": "2010-09-30",
        "latest": "2012-03-31"
      }
    },
    "FeesAndCommissionsMortgageBankingAndServicing": {
      "taxonomy": "us-gaap",
      "label": "Fees and Commissions, Mortgage Banking and Servicing",
      "description": "Income from mortgage banking activities (fees and commissions) and servicing real estate mortgages, credit cards, and other financial assets held by others net of any related impairment of capitalized service costs. Also includes any premiums received in lieu of regular servicing fees on such loans only as earned over the life of the loans.",
      "available_units": [
        "USD"
      ],
      "data_points_count": 142,
      "latest_value": {
        "value": 130000000,
        "date": "2024-12-31",
        "fiscal_year": 2024,
        "form": "10-K",
        "filed": "2025-02-14",
        "unit": "USD",
        "type": "annual"
      },
      "date_range": {
        "earliest": "2009-12-31",
        "latest": "2025-03-31"
      }
    },
    "FinancingReceivableAcquiredWithDeterioratedCreditQuality": {
      "taxonomy": "us-gaap",
      "label": "Financing Receivable, Acquired with Deteriorated Credit Quality (Deprecated 2015-01-31)",
      "description": "The balance of financing receivables that were acquired with deteriorated credit quality.",
      "available_units": [
        "USD"
      ],
      "data_points_count": 41,
      "latest_value": {
        "value": 63562000,
        "date": "2014-12-31",
        "fiscal_year": 2014,
        "form": "10-K",
        "filed": "2015-02-13",
        "unit": "USD",
        "type": "annual"
      },
      "date_range": {
        "earliest": "2010-12-31",
        "latest": "2015-09-30"
      }
    },
    "FinancingReceivableAllowanceForCreditLosses": {
      "taxonomy": "us-gaap",
      "label": "Financing Receivable, Allowance for Credit Loss",
      "description": "Amount of allowance for credit loss on financing receivable. Excludes allowance for financing receivable covered under loss sharing agreement.",
      "available_units": [
        "USD"
      ],
      "data_points_count": 16,
      "latest_value": {
        "value": 2030000000,
        "date": "2021-12-31",
        "fiscal_year": 2021,
        "form": "10-K",
        "filed": "2022-02-18",
        "unit": "USD",
        "type": "annual"
      },
      "date_range": {
        "earliest": "2018-12-31",
        "latest": "2021-12-31"
      }
    },
    "FinancingReceivableAllowanceForCreditLossesAcquiredWithDeterioratedCreditQuality": {
      "taxonomy": "us-gaap",
      "label": "Financing Receivable, Allowance for Credit Losses, Acquired with Deteriorated Credit Quality (Deprecated 2015-01-31)",
      "description": "The valuation allowance for financing receivables acquired with deteriorated credit quality.",
      "available_units": [
        "USD"
      ],
      "data_points_count": 41,
      "latest_value": {
        "value": 4099000,
        "date": "2014-12-31",
        "fiscal_year": 2014,
        "form": "10-K",
        "filed": "2015-02-13",
        "unit": "USD",
        "type": "annual"
      },
      "date_range": {
        "earliest": "2010-12-31",
        "latest": "2015-09-30"
      }
    },
    "FinancingReceivableAllowanceForCreditLossesCollectivelyEvaluatedForImpairment": {
      "taxonomy": "us-gaap",
      "label": "Financing Receivable, Allowance for Credit Losses, Collectively Evaluated for Impairment",
      "description": "The valuation allowance for financing receivables that are expected to be uncollectible that were collectively evaluated for impairment.",
      "available_units": [
        "USD"
      ],
      "data_points_count": 76,
      "latest_value": {
        "value": 714000000,
        "date": "2019-12-31",
        "fiscal_year": 2019,
        "form": "10-K",
        "filed": "2020-02-14",
        "unit": "USD",
        "type": "annual"
      },
      "date_range": {
        "earliest": "2010-12-31",
        "latest": "2019-12-31"
      }
    },
    "FinancingReceivableAllowanceForCreditLossesIndividuallyEvaluatedForImpairment": {
      "taxonomy": "us-gaap",
      "label": "Financing Receivable, Allowance for Credit Losses, Individually Evaluated for Impairment (Deprecated 2012-01-31)",
      "description": "The valuation allowance for financing receivables that are expected to be uncollectible that were individually evaluated for impairment.",
      "available_units": [
        "USD"
      ],
      "data_points_count": 13,
      "latest_value": {
        "value": 105552000,
        "date": "2011-12-31",
        "fiscal_year": 2011,
        "form": "10-K",
        "filed": "2012-02-17",
        "unit": "USD",
        "type": "annual"
      },
      "date_range": {
        "earliest": "2010-12-31",
        "latest": "2012-09-30"
      }
    },
    "FinancingReceivableAllowanceForCreditLossesIndividuallyEvaluatedForImpairment1": {
      "taxonomy": "us-gaap",
      "label": "Financing Receivable, Allowance for Credit Losses, Individually Evaluated for Impairment",
      "description": "Amount of valuation allowance for financing receivables that are expected to be uncollectible that were individually evaluated for impairment.",
      "available_units": [
        "USD"
      ],
      "data_points_count": 63,
      "latest_value": {
        "value": 69000000,
        "date": "2019-12-31",
        "fiscal_year": 2019,
        "form": "10-K",
        "filed": "2020-02-14",
        "unit": "USD",
        "type": "annual"
      },
      "date_range": {
        "earliest": "2010-12-31",
        "latest": "2019-12-31"
      }
    },
    "FinancingReceivableAllowanceForCreditLossesPeriodIncreaseDecrease": {
      "taxonomy": "us-gaap",
      "label": "Financing Receivable, Allowance for Credit Loss, Period Increase (Decrease)",
      "description": "Amount of increase (decrease) in allowance for credit loss on financing receivable.",
      "available_units": [
        "USD"
      ],
      "data_points_count": 11,
      "latest_value": {
        "value": 241000000,
        "date": "2021-12-31",
        "fiscal_year": 2021,
        "form": "10-K",
        "filed": "2022-02-18",
        "unit": "USD",
        "type": "annual"
      },
      "date_range": {
        "earliest": "2020-03-31",
        "latest": "2022-09-30"
      }
    },
    "FinancingReceivableAllowanceForCreditLossesRecovery": {
      "taxonomy": "us-gaap",
      "label": "Financing Receivable, Allowance for Credit Loss, Recovery",
      "description": "Amount of increase in allowance for credit loss on financing receivable from recovery.",
      "available_units": [
        "USD"
      ],
      "data_points_count": 13,
      "latest_value": {
        "value": 167000000,
        "date": "2021-12-31",
        "fiscal_year": 2021,
        "form": "10-K",
        "filed": "2022-02-18",
        "unit": "USD",
        "type": "annual"
      },
      "date_range": {
        "earliest": "2019-12-31",
        "latest": "2022-03-31"
      }
    },
    "FinancingReceivableAllowanceForCreditLossesWriteOffs": {
      "taxonomy": "us-gaap",
      "label": "Financing Receivable, Allowance for Credit Loss, Writeoff",
      "description": "Amount of writeoff of financing receivable, charged against allowance for credit loss.",
      "available_units": [
        "USD"
      ],
      "data_points_count": 144,
      "latest_value": {
        "value": 382000000,
        "date": "2021-12-31",
        "fiscal_year": 2021,
        "form": "10-K",
        "filed": "2022-02-18",
        "unit": "USD",
        "type": "annual"
      },
      "date_range": {
        "earliest": "2009-12-31",
        "latest": "2022-03-31"
      }
    },
    "FinancingReceivableAllowanceForCreditLossPurchasedWithCreditDeteriorationIncrease": {
      "taxonomy": "us-gaap",
      "label": "Financing Receivable, Allowance for Credit Loss, Purchased with Credit Deterioration, Increase",
      "description": "Amount of increase in allowance for credit loss on financing receivable purchased with credit deterioration.",
      "available_units": [
        "USD"
      ],
      "data_points_count": 5,
      "latest_value": {
        "value": 432000000,
        "date": "2021-12-31",
        "fiscal_year": 2021,
        "form": "10-K",
        "filed": "2022-02-18",
        "unit": "USD",
        "type": "annual"
      },
      "date_range": {
        "earliest": "2021-06-30",
        "latest": "2021-12-31"
      }
    },
    "FinancingReceivableCollectivelyEvaluatedForImpairment": {
      "taxonomy": "us-gaap",
      "label": "Financing Receivable, Collectively Evaluated for Impairment",
      "description": "The balance of financing receivables that were collectively evaluated for impairment.",
      "available_units": [
        "USD"
      ],
      "data_points_count": 76,
      "latest_value": {
        "value": 74149000000,
        "date": "2019-12-31",
        "fiscal_year": 2019,
        "form": "10-K",
        "filed": "2020-02-14",
        "unit": "USD",
        "type": "annual"
      },
      "date_range": {
        "earliest": "2010-12-31",
        "latest": "2019-12-31"
      }
    },
    "FinancingReceivableIndividuallyEvaluatedForImpairment": {
      "taxonomy": "us-gaap",
      "label": "Financing Receivable, Individually Evaluated for Impairment",
      "description": "The balance of financing receivables that were individually evaluated for impairment.",
      "available_units": [
        "USD"
      ],
      "data_points_count": 76,
      "latest_value": {
        "value": 1174000000,
        "date": "2019-12-31",
        "fiscal_year": 2019,
        "form": "10-K",
        "filed": "2020-02-14",
        "unit": "USD",
        "type": "annual"
      },
      "date_range": {
        "earliest": "2010-12-31",
        "latest": "2019-12-31"
      }
    },
    "FinancingReceivableNonaccrualNoAllowance": {
      "taxonomy": "us-gaap",
      "label": "Financing Receivable, Nonaccrual, No Allowance",
      "description": "Amount of financing receivable on nonaccrual status with no allowance for credit loss.",
      "available_units": [
        "USD"
      ],
      "data_points_count": 44,
      "latest_value": {
        "value": 146000000,
        "date": "2024-12-31",
        "fiscal_year": 2024,
        "form": "10-K",
        "filed": "2025-02-14",
        "unit": "USD",
        "type": "annual"
      },
      "date_range": {
        "earliest": "2019-12-31",
        "latest": "2025-06-30"
      }
    },
    "FinancingReceivableReclassificationToHeldForSale": {
      "taxonomy": "us-gaap",
      "label": "Financing Receivable, Reclassification to Held-for-sale",
      "description": "Amount of financing receivable reclassified to held-for-sale.",
      "available_units": [
        "USD"
      ],
      "data_points_count": 2,
      "latest_value": {
        "value": 295147000,
        "date": "2011-06-30",
        "fiscal_year": 2011,
        "fiscal_period": "Q2",
        "form": "10-Q",
        "filed": "2011-08-08",
        "unit": "USD",
        "type": "quarterly"
      },
      "date_range": {
        "earliest": "2011-06-30",
        "latest": "2011-06-30"
      }
    },
    "FinancingReceivableRecordedInvestmentNonaccrualStatus": {
      "taxonomy": "us-gaap",
      "label": "Financing Receivable, Nonaccrual",
      "description": "Amount of financing receivable on nonaccrual status.",
      "available_units": [
        "USD"
      ],
      "data_points_count": 117,
      "latest_value": {
        "value": 783000000,
        "date": "2024-12-31",
        "fiscal_year": 2024,
        "form": "10-K",
        "filed": "2025-02-14",
        "unit": "USD",
        "type": "annual"
      },
      "date_range": {
        "earliest": "2010-12-31",
        "latest": "2025-06-30"
      }
    },
    "FinancingReceivableSignificantPurchases": {
      "taxonomy": "us-gaap",
      "label": "Financing Receivable, Purchase",
      "description": "Amount of increase from purchase of financing receivable.",
      "available_units": [
        "USD"
      ],
      "data_points_count": 72,
      "latest_value": {
        "value": 410624000,
        "date": "2016-12-31",
        "fiscal_year": 2016,
        "form": "10-K",
        "filed": "2017-02-22",
        "unit": "USD",
        "type": "annual"
      },
      "date_range": {
        "earliest": "2010-12-31",
        "latest": "2016-12-31"
      }
    },
    "FinancingReceivableSignificantSales": {
      "taxonomy": "us-gaap",
      "label": "Financing Receivable, Sale",
      "description": "Amount of decrease from sale and reclassification to held-for-sale of financing receivable.",
      "available_units": [
        "USD"
      ],
      "data_points_count": 72,
      "latest_value": {
        "value": 2915318000,
        "date": "2016-12-31",
        "fiscal_year": 2016,
        "form": "10-K",
        "filed": "2017-02-22",
        "unit": "USD",
        "type": "annual"
      },
      "date_range": {
        "earliest": "2010-12-31",
        "latest": "2016-12-31"
      }
    },
    "GainLossOnSaleOfMortgageLoans": {
      "taxonomy": "us-gaap",
      "label": "Gain (Loss) on Sale of Mortgage Loans",
      "description": "The gains (losses) included in earnings that represent the difference between the sale price and the carrying value of loans made to finance real estate acquisitions. This element refers to the gain (loss) and not to the cash proceeds of the sale. This element is a noncash adjustment to net income when calculating net cash generated by operating activities using the indirect method.",
      "available_units": [
        "USD"
      ],
      "data_points_count": 6,
      "latest_value": {
        "value": 128408000,
        "date": "2012-12-31",
        "fiscal_year": 2012,
        "form": "10-K",
        "filed": "2013-02-15",
        "unit": "USD",
        "type": "annual"
      },
      "date_range": {
        "earliest": "2009-12-31",
        "latest": "2012-12-31"
      }
    },
    "GainLossOnSalesOfLoansNet": {
      "taxonomy": "us-gaap",
      "label": "Gain (Loss) on Sales of Loans, Net",
      "description": "The net gain (loss) resulting from a sale of loans, including adjustments to record loans classified as held-for-sale at the lower-of-cost-or-market and fair value adjustments to loan held for investment purposes.",
      "available_units": [
        "USD"
      ],
      "data_points_count": 176,
      "latest_value": {
        "value": 14000000,
        "date": "2023-12-31",
        "fiscal_year": 2023,
        "form": "10-K",
        "filed": "2024-02-16",
        "unit": "USD",
        "type": "annual"
      },
      "date_range": {
        "earliest": "2009-12-31",
        "latest": "2024-09-30"
      }
    },
    "GainsLossesOnSalesOfOtherRealEstate": {
      "taxonomy": "us-gaap",
      "label": "Gains (Losses) on Sales of Other Real Estate",
      "description": "The net gain (loss) resulting from sales and other disposals of other real estate owned, increases (decreases) in the valuation allowance for foreclosed real estate, and write-downs of other real estate owned after acquisition or physical possession.",
      "available_units": [
        "USD"
      ],
      "data_points_count": 61,
      "latest_value": {
        "value": -18271000,
        "date": "2012-12-31",
        "fiscal_year": 2012,
        "form": "10-K",
        "filed": "2013-02-15",
        "unit": "USD",
        "type": "annual"
      },
      "date_range": {
        "earliest": "2008-12-31",
        "latest": "2015-06-30"
      }
    },
    "ImpairedFinancingReceivableAverageRecordedInvestment": {
      "taxonomy": "us-gaap",
      "label": "Impaired Financing Receivable, Average Recorded Investment",
      "description": "Average amount of investment of impaired financing receivables with related allowance for credit losses and without a related allowance for credit losses.",
      "available_units": [
        "USD"
      ],
      "data_points_count": 12,
      "latest_value": {
        "value": 1284719000,
        "date": "2015-12-31",
        "fiscal_year": 2015,
        "form": "10-K",
        "filed": "2016-02-17",
        "unit": "USD",
        "type": "annual"
      },
      "date_range": {
        "earliest": "2009-12-31",
        "latest": "2015-12-31"
      }
    },
    "ImpairedFinancingReceivableRecordedInvestment": {
      "taxonomy": "us-gaap",
      "label": "Impaired Financing Receivable, Recorded Investment",
      "description": "Amount of investment of impaired financing receivables with related allowance for credit losses and without a related allowance for credit losses.",
      "available_units": [
        "USD"
      ],
      "data_points_count": 12,
      "latest_value": {
        "value": 1314069000,
        "date": "2015-12-31",
        "fiscal_year": 2015,
        "form": "10-K",
        "filed": "2016-02-17",
        "unit": "USD",
        "type": "annual"
      },
      "date_range": {
        "earliest": "2009-12-31",
        "latest": "2015-12-31"
      }
    },
    "ImpairedFinancingReceivableRelatedAllowance": {
      "taxonomy": "us-gaap",
      "label": "Impaired Financing Receivable, Related Allowance",
      "description": "Amount of allowance for credit losses related to recorded investment.",
      "available_units": [
        "USD"
      ],
      "data_points_count": 12,
      "latest_value": {
        "value": 65165000,
        "date": "2015-12-31",
        "fiscal_year": 2015,
        "form": "10-K",
        "filed": "2016-02-17",
        "unit": "USD",
        "type": "annual"
      },
      "date_range": {
        "earliest": "2009-12-31",
        "latest": "2015-12-31"
      }
    },
    "ImpairedFinancingReceivableWithNoRelatedAllowanceRecordedInvestment": {
      "taxonomy": "us-gaap",
      "label": "Impaired Financing Receivable, with No Related Allowance, Recorded Investment",
      "description": "Amount of investment in impaired financing receivables for which there is no related allowance for credit losses.",
      "available_units": [
        "USD"
      ],
      "data_points_count": 11,
      "latest_value": {
        "value": 324113000,
        "date": "2015-12-31",
        "fiscal_year": 2015,
        "form": "10-K",
        "filed": "2016-02-17",
        "unit": "USD",
        "type": "annual"
      },
      "date_range": {
        "earliest": "2010-12-31",
        "latest": "2015-12-31"
      }
    },
    "ImpairedFinancingReceivableWithRelatedAllowanceRecordedInvestment": {
      "taxonomy": "us-gaap",
      "label": "Impaired Financing Receivable, with Related Allowance, Recorded Investment",
      "description": "Amount of investment in impaired financing receivables for which there is a related allowance for credit losses.",
      "available_units": [
        "USD"
      ],
      "data_points_count": 11,
      "latest_value": {
        "value": 989956000,
        "date": "2015-12-31",
        "fiscal_year": 2015,
        "form": "10-K",
        "filed": "2016-02-17",
        "unit": "USD",
        "type": "annual"
      },
      "date_range": {
        "earliest": "2010-12-31",
        "latest": "2015-12-31"
      }
    },
    "IncomeTaxReconciliationTaxCreditsInvestment": {
      "taxonomy": "us-gaap",
      "label": "Effective Income Tax Rate Reconciliation, Tax Credit, Investment, Amount",
      "description": "Amount of the difference between reported income tax expense (benefit) and expected income tax expense (benefit) computed by applying the domestic federal statutory income tax rates to pretax income (loss) from continuing operations attributable to investment tax credit.",
      "available_units": [
        "USD"
      ],
      "data_points_count": 45,
      "latest_value": {
        "value": 271000000,
        "date": "2024-12-31",
        "fiscal_year": 2024,
        "form": "10-K",
        "filed": "2025-02-14",
        "unit": "USD",
        "type": "annual"
      },
      "date_range": {
        "earliest": "2009-12-31",
        "latest": "2024-12-31"
      }
    },
    "IncreaseDecreaseInLoansHeldForSale": {
      "taxonomy": "us-gaap",
      "label": "Increase (Decrease) in Loans Held-for-sale",
      "description": "The increase (decrease) during the reporting period in the value of loans or securitized loans that are held with the intention to sell in the near future.",
      "available_units": [
        "USD"
      ],
      "data_points_count": 93,
      "latest_value": {
        "value": 227000000,
        "date": "2024-12-31",
        "fiscal_year": 2024,
        "form": "10-K",
        "filed": "2025-02-14",
        "unit": "USD",
        "type": "annual"
      },
      "date_range": {
        "earliest": "2013-12-31",
        "latest": "2025-06-30"
      }
    },
    "InterestAndFeeIncomeLoansAndLeases": {
      "taxonomy": "us-gaap",
      "label": "Interest and Fee Income, Loans and Leases",
      "description": "The aggregate interest and fee income generated by: (1) loans the Entity has positive intent and ability to hold for the foreseeable future, or until maturity or payoff, including commercial and consumer loans, whether domestic or foreign, which may consist of: (a) industrial and agricultural; (b) real estate; and (c) real estate construction loans; (d) trade financing; (e) lease financing; (f) home equity lines-of-credit; (g) automobile and other vehicle loans; and (h) credit card and other revolving-type loans and (2) loans and leases held-for-sale which may include mortgage loans, direct financing, and sales-type leases.",
      "available_units": [
        "USD"
      ],
      "data_points_count": 185,
      "latest_value": {
        "value": 7481000000,
        "date": "2024-12-31",
        "fiscal_year": 2024,
        "form": "10-K",
        "filed": "2025-02-14",
        "unit": "USD",
        "type": "annual"
      },
      "date_range": {
        "earliest": "2009-12-31",
        "latest": "2025-06-30"
      }
    },
    "InterestIncomeExpenseAfterProvisionForLoanLoss": {
      "taxonomy": "us-gaap",
      "label": "Interest Income (Expense), after Provision for Loan Loss",
      "description": "Amount of interest income or expense, including any amortization and accretion (as applicable) of discounts and premiums, including consideration of the provisions for loan, lease, credit, and other related losses.",
      "available_units": [
        "USD"
      ],
      "data_points_count": 206,
      "latest_value": {
        "value": 4925000000,
        "date": "2024-12-31",
        "fiscal_year": 2024,
        "form": "10-K",
        "filed": "2025-02-14",
        "unit": "USD",
        "type": "annual"
      },
      "date_range": {
        "earliest": "2008-12-31",
        "latest": "2025-06-30"
      }
    },
    "LeaseCost": {
      "taxonomy": "us-gaap",
      "label": "Lease, Cost",
      "description": "Amount of lease cost recognized by lessee for lease contract.",
      "available_units": [
        "USD"
      ],
      "data_points_count": 16,
      "latest_value": {
        "value": 65000000,
        "date": "2024-12-31",
        "fiscal_year": 2024,
        "form": "10-K",
        "filed": "2025-02-14",
        "unit": "USD",
        "type": "annual"
      },
      "date_range": {
        "earliest": "2019-03-31",
        "latest": "2024-12-31"
      }
    },
    "LoansAndLeasesReceivableAllowance": {
      "taxonomy": "us-gaap",
      "label": "Loans and Leases Receivable, Allowance",
      "description": "Amount of allowance to cover probable credit losses on loans and leases. Includes carryover of or adjustments to the allowance for loan losses in connection with business combinations. Excludes allowance for loans and leases covered under loss sharing agreements.",
      "available_units": [
        "USD"
      ],
      "data_points_count": 214,
      "latest_value": {
        "value": 2030000000,
        "date": "2021-12-31",
        "fiscal_year": 2021,
        "form": "10-K",
        "filed": "2022-02-18",
        "unit": "USD",
        "type": "annual"
      },
      "date_range": {
        "earliest": "2009-06-30",
        "latest": "2021-12-31"
      }
    },
    "LoansAndLeasesReceivableConsumerHomeEquity": {
      "taxonomy": "us-gaap",
      "label": "Loans and Leases Receivable, Gross, Consumer, Home Equity (Deprecated 2019-01-31)",
      "description": "Amount before allowance of revolving, open-end loan, extended under a line of credit and secured by the borrower's residential property. Includes deferred interest and fees, undisbursed portion of loan balance, unamortized costs and premiums and discounts from face amounts. Excludes loans and leases covered under loss sharing agreements.",
      "available_units": [
        "USD"
      ],
      "data_points_count": 75,
      "latest_value": {
        "value": 9722000000,
        "date": "2018-12-31",
        "fiscal_year": 2018,
        "form": "10-K",
        "filed": "2019-02-15",
        "unit": "USD",
        "type": "annual"
      },
      "date_range": {
        "earliest": "2009-12-31",
        "latest": "2019-06-30"
      }
    },
    "LoansAndLeasesReceivableConsumerMortgage": {
      "taxonomy": "us-gaap",
      "label": "Loans and Leases Receivable, Gross, Consumer, Mortgage (Deprecated 2019-01-31)",
      "description": "Amount before allowance of consumer mortgage. Includes deferred interest and fees, undisbursed portion of loan balance, unamortized costs and premiums and discounts from face amounts. Excludes subordinated loans such as home equity lines of credit and loans and leases covered under loss sharing agreements.",
      "available_units": [
        "USD"
      ],
      "data_points_count": 75,
      "latest_value": {
        "value": 10728000000,
        "date": "2018-12-31",
        "fiscal_year": 2018,
        "form": "10-K",
        "filed": "2019-02-15",
        "unit": "USD",
        "type": "annual"
      },
      "date_range": {
        "earliest": "2009-12-31",
        "latest": "2019-06-30"
      }
    },
    "LoansAndLeasesReceivableConsumerOther": {
      "taxonomy": "us-gaap",
      "label": "Loans and Leases Receivable, Gross, Consumer, Other (Deprecated 2019-01-31)",
      "description": "Amount before allowance of consumer loans and leases not otherwise specified in the taxonomy. Includes deferred interest and fees, undisbursed portion of loan balance, unamortized costs and premiums and discounts from face amounts. Excludes loans and leases covered under loss sharing agreements.",
      "available_units": [
        "USD"
      ],
      "data_points_count": 75,
      "latest_value": {
        "value": 1320000000,
        "date": "2018-12-31",
        "fiscal_year": 2018,
        "form": "10-K",
        "filed": "2019-02-15",
        "unit": "USD",
        "type": "annual"
      },
      "date_range": {
        "earliest": "2009-12-31",
        "latest": "2019-06-30"
      }
    },
    "LoansAndLeasesReceivableDeferredIncome": {
      "taxonomy": "us-gaap",
      "label": "Loans and Leases Receivable, Deferred Income",
      "description": "Amount of deferred interest and fee income, unamortized costs incurred to originate loans and leases, unamortized loan commitments and loan syndication fees, and premiums over or discounts from face amounts of acquired loans. Excludes amounts for loans and leases covered under loss sharing agreements.",
      "available_units": [
        "USD"
      ],
      "data_points_count": 87,
      "latest_value": {
        "value": -111000000,
        "date": "2021-12-31",
        "fiscal_year": 2021,
        "form": "10-K",
        "filed": "2022-02-18",
        "unit": "USD",
        "type": "annual"
      },
      "date_range": {
        "earliest": "2010-12-31",
        "latest": "2021-12-31"
      }
    },
    "LoansAndLeasesReceivableGrossCarryingAmount": {
      "taxonomy": "us-gaap",
      "label": "Loans and Leases Receivable, Gross",
      "description": "Amount before allowance of loans and leases held in portfolio, including but not limited to, commercial and consumer loans. Includes deferred interest and fees, undisbursed portion of loan balance, unamortized costs and premiums and discounts from face amounts. Excludes loans and leases covered under loss sharing agreements.",
      "available_units": [
        "USD"
      ],
      "data_points_count": 105,
      "latest_value": {
        "value": 111920000000,
        "date": "2021-12-31",
        "fiscal_year": 2021,
        "form": "10-K",
        "filed": "2022-02-18",
        "unit": "USD",
        "type": "annual"
      },
      "date_range": {
        "earliest": "2009-06-30",
        "latest": "2021-12-31"
      }
    },
    "LoansAndLeasesReceivableImpairedInterestLostOnNonaccrualLoans": {
      "taxonomy": "us-gaap",
      "label": "Loans and Leases Receivable, Impaired, Interest Lost on Nonaccrual Loans",
      "description": "Reflects the amount of additional interest income that would have been recorded if impaired or nonperforming loans were instead current, in compliance with their original terms, and outstanding throughout the reporting period or since origination (if held for part of the period).",
      "available_units": [
        "USD"
      ],
      "data_points_count": 36,
      "latest_value": {
        "value": 40000000,
        "date": "2021-12-31",
        "fiscal_year": 2021,
        "form": "10-K",
        "filed": "2022-02-18",
        "unit": "USD",
        "type": "annual"
      },
      "date_range": {
        "earliest": "2009-12-31",
        "latest": "2021-12-31"
      }
    },
    "LoansAndLeasesReceivableNetReportedAmount": {
      "taxonomy": "us-gaap",
      "label": "Loans and Leases Receivable, Net Amount",
      "description": "Amount after allowance and deduction of deferred interest and fees, unamortized costs and premiums and discounts from face amounts, of loans and leases held in portfolio, including but not limited to, commercial and consumer loans. Excludes loans and leases covered under loss sharing agreements and loans held for sale.",
      "available_units": [
        "USD"
      ],
      "data_points_count": 104,
      "latest_value": {
        "value": 109890000000,
        "date": "2021-12-31",
        "fiscal_year": 2021,
        "form": "10-K",
        "filed": "2022-02-18",
        "unit": "USD",
        "type": "annual"
      },
      "date_range": {
        "earliest": "2009-06-30",
        "latest": "2021-12-31"
      }
    },
    "LoansHeldForSaleFairValueDisclosure": {
      "taxonomy": "us-gaap",
      "label": "Loans Held-for-sale, Fair Value Disclosure",
      "description": "Fair value portion of loans held-for-sale including, but not limited to, mortgage loans and finance receivables.",
      "available_units": [
        "USD"
      ],
      "data_points_count": 130,
      "latest_value": {
        "value": 652000000,
        "date": "2024-12-31",
        "fiscal_year": 2024,
        "form": "10-K",
        "filed": "2025-02-14",
        "unit": "USD",
        "type": "annual"
      },
      "date_range": {
        "earliest": "2009-06-30",
        "latest": "2025-06-30"
      }
    },
    "LoansReceivableCommercialAndIndustrial": {
      "taxonomy": "us-gaap",
      "label": "Loans Receivable, Gross, Commercial and Industrial (Deprecated 2019-01-31)",
      "description": "Amount before allowance of loans issued to commercial and industrial institutions. Includes deferred interest and fees, undisbursed portion of loan balance, unamortized costs and premiums and discounts from face amounts. Excludes real estate loans and loans covered under loss sharing agreements.",
      "available_units": [
        "USD"
      ],
      "data_points_count": 75,
      "latest_value": {
        "value": 30605000000,
        "date": "2018-12-31",
        "fiscal_year": 2018,
        "form": "10-K",
        "filed": "2019-02-15",
        "unit": "USD",
        "type": "annual"
      },
      "date_range": {
        "earliest": "2009-12-31",
        "latest": "2019-06-30"
      }
    },
    "LoansReceivableCommercialRealEstate": {
      "taxonomy": "us-gaap",
      "label": "Loans Receivable, Gross, Commercial, Real Estate (Deprecated 2019-01-31)",
      "description": "Amount before allowance of commercial loans issued to businesses to acquire, develop, construct, improve, or refinance land or building. Includes deferred interest and fees, undisbursed portion of loan balance, unamortized costs and premiums and discounts from face amounts. Excludes loans covered under loss sharing agreements.",
      "available_units": [
        "USD"
      ],
      "data_points_count": 75,
      "latest_value": {
        "value": 6842000000,
        "date": "2018-12-31",
        "fiscal_year": 2018,
        "form": "10-K",
        "filed": "2019-02-15",
        "unit": "USD",
        "type": "annual"
      },
      "date_range": {
        "earliest": "2009-12-31",
        "latest": "2019-06-30"
      }
    },
    "LoansReceivableFairValueDisclosure": {
      "taxonomy": "us-gaap",
      "label": "Loans Receivable, Fair Value Disclosure",
      "description": "Fair value portion of loan receivable, including, but not limited to, mortgage loans held for investment, finance receivables held for investment, policy loans on insurance contracts.",
      "available_units": [
        "USD"
      ],
      "data_points_count": 71,
      "latest_value": {
        "value": 173000000,
        "date": "2024-12-31",
        "fiscal_year": 2024,
        "form": "10-K",
        "filed": "2025-02-14",
        "unit": "USD",
        "type": "annual"
      },
      "date_range": {
        "earliest": "2015-12-31",
        "latest": "2025-06-30"
      }
    },
    "MortgagesHeldForSaleFairValueDisclosure": {
      "taxonomy": "us-gaap",
      "label": "Mortgages Held-for-sale, Fair Value Disclosure",
      "description": "Fair value portion of mortgage loans held-for-sale.",
      "available_units": [
        "USD"
      ],
      "data_points_count": 11,
      "latest_value": {
        "value": 343588000,
        "date": "2011-12-31",
        "fiscal_year": 2011,
        "form": "10-K",
        "filed": "2012-02-17",
        "unit": "USD",
        "type": "annual"
      },
      "date_range": {
        "earliest": "2010-09-30",
        "latest": "2012-06-30"
      }
    },
    "NetCashProvidedByUsedInOperatingActivities": {
      "taxonomy": "us-gaap",
      "label": "Net Cash Provided by (Used in) Operating Activities",
      "description": "Amount of cash inflow (outflow) from operating activities, including discontinued operations. Operating activity cash flows include transactions, adjustments, and changes in value not defined as investing or financing activities.",
      "available_units": [
        "USD"
      ],
      "data_points_count": 142,
      "latest_value": {
        "value": 1815000000,
        "date": "2024-12-31",
        "fiscal_year": 2024,
        "form": "10-K",
        "filed": "2025-02-14",
        "unit": "USD",
        "type": "annual"
      },
      "date_range": {
        "earliest": "2008-12-31",
        "latest": "2025-06-30"
      }
    },
    "OperatingLeasesIncomeStatementLeaseRevenue": {
      "taxonomy": "us-gaap",
      "label": "Operating Leases, Income Statement, Lease Revenue",
      "description": "The total amount of revenue recognized for the period from operating leases, including minimum lease revenue, contingent revenue, percentage revenue and sublease revenue.",
      "available_units": [
        "USD"
      ],
      "data_points_count": 34,
      "latest_value": {
        "value": 26771000,
        "date": "2011-12-31",
        "fiscal_year": 2011,
        "form": "10-K",
        "filed": "2012-02-17",
        "unit": "USD",
        "type": "annual"
      },
      "date_range": {
        "earliest": "2008-12-31",
        "latest": "2012-09-30"
      }
    },
    "OperatingLeasesRentExpenseNet": {
      "taxonomy": "us-gaap",
      "label": "Operating Leases, Rent Expense, Net",
      "description": "Rental expense for the reporting period incurred under operating leases, including minimum and any contingent rent expense, net of related sublease income.",
      "available_units": [
        "USD"
      ],
      "data_points_count": 27,
      "latest_value": {
        "value": 70000000,
        "date": "2018-12-31",
        "fiscal_year": 2018,
        "form": "10-K",
        "filed": "2019-02-15",
        "unit": "USD",
        "type": "annual"
      },
      "date_range": {
        "earliest": "2009-12-31",
        "latest": "2018-12-31"
      }
    },
    "OtherComprehensiveIncomeAvailableForSaleSecuritiesAdjustmentNetOfTaxPeriodIncreaseDecrease": {
      "taxonomy": "us-gaap",
      "label": "Other Comprehensive Income (Loss), Available-for-sale Securities Adjustment, Net of Tax (Deprecated 2012-01-31)",
      "description": "Gross appreciation or the gross loss in value of the total unsold securities. While for technical reasons this element has no balance attribute, the default assumption is a credit balance consistent with its label.",
      "available_units": [
        "USD"
      ],
      "data_points_count": 26,
      "latest_value": {
        "value": 64921000,
        "date": "2011-12-31",
        "fiscal_year": 2011,
        "form": "10-K",
        "filed": "2012-02-17",
        "unit": "USD",
        "type": "annual"
      },
      "date_range": {
        "earliest": "2008-12-31",
        "latest": "2012-09-30"
      }
    },
    "OtherComprehensiveIncomeDefinedBenefitPlanNetPriorServiceCostCreditArisingDuringPeriodBeforeTax": {
      "taxonomy": "us-gaap",
      "label": "Other Comprehensive (Income) Loss, Defined Benefit Plan, Prior Service Cost (Credit), before Tax",
      "description": "Amount, before tax, of cost (credit) of benefit change attributable to participants' prior service from plan amendment or plan initiation of defined benefit plan, that has not been recognized in net periodic benefit cost (credit).",
      "available_units": [
        "USD"
      ],
      "data_points_count": 18,
      "latest_value": {
        "value": 11000000,
        "date": "2021-12-31",
        "fiscal_year": 2021,
        "form": "10-K",
        "filed": "2022-02-18",
        "unit": "USD",
        "type": "annual"
      },
      "date_range": {
        "earliest": "2009-12-31",
        "latest": "2021-12-31"
      }
    },
    "OtherComprehensiveIncomeDefinedBenefitPlanNetPriorServiceCostsCreditArisingDuringPeriodNetOfTax": {
      "taxonomy": "us-gaap",
      "label": "Other Comprehensive (Income) Loss, Defined Benefit Plan, Prior Service Cost (Credit), after Tax",
      "description": "Amount, after tax, of cost (credit) of benefit change attributable to participants' prior service from plan amendment or plan initiation of defined benefit plan, that has not been recognized in net periodic benefit cost (credit).",
      "available_units": [
        "USD"
      ],
      "data_points_count": 18,
      "latest_value": {
        "value": 8000000,
        "date": "2020-12-31",
        "fiscal_year": 2020,
        "form": "10-K",
        "filed": "2021-02-26",
        "unit": "USD",
        "type": "annual"
      },
      "date_range": {
        "earliest": "2009-12-31",
        "latest": "2020-12-31"
      }
    },
    "OtherComprehensiveIncomeDefinedBenefitPlansAdjustmentBeforeTaxPeriodIncreaseDecrease": {
      "taxonomy": "us-gaap",
      "label": "Other Comprehensive Income (Loss), Pension and Other Postretirement Benefit Plans, Adjustment, before Tax (Deprecated 2012-01-31)",
      "description": "Amounts recognized in other comprehensive income (but not yet recognized in net periodic benefit cost), including the net gain (loss) and net prior service cost (credit) arising during the period. Also includes reclassification adjustments out of other comprehensive income as a result of being recognized as components of net periodic benefit cost for the period. While for technical reasons this element has no balance attribute, the default assumption is a credit balance consistent with its label.",
      "available_units": [
        "USD"
      ],
      "data_points_count": 11,
      "latest_value": {
        "value": -82885000,
        "date": "2011-12-31",
        "fiscal_year": 2011,
        "form": "10-K",
        "filed": "2012-02-17",
        "unit": "USD",
        "type": "annual"
      },
      "date_range": {
        "earliest": "2009-12-31",
        "latest": "2011-12-31"
      }
    },
    "OtherComprehensiveIncomeDefinedBenefitPlansAdjustmentNetOfTaxPeriodIncreaseDecrease": {
      "taxonomy": "us-gaap",
      "label": "Other Comprehensive Income (Loss), Pension and Other Postretirement Benefit Plans, Adjustment, Net of Tax (Deprecated 2012-01-31)",
      "description": "The increase (decrease) in accumulated comprehensive income during the period related to pension and other postretirement benefit plans, after tax. While for technical reasons this element has no balance attribute, the default assumption is a credit balance consistent with its label.",
      "available_units": [
        "USD"
      ],
      "data_points_count": 30,
      "latest_value": {
        "value": -53875000,
        "date": "2011-12-31",
        "fiscal_year": 2011,
        "form": "10-K",
        "filed": "2012-02-17",
        "unit": "USD",
        "type": "annual"
      },
      "date_range": {
        "earliest": "2008-12-31",
        "latest": "2012-09-30"
      }
    },
    "OtherComprehensiveIncomeDefinedBenefitPlansTax": {
      "taxonomy": "us-gaap",
      "label": "Other Comprehensive Income (Loss), Pension and Other Postretirement Benefit Plans, Tax (Deprecated 2012-01-31)",
      "description": "Tax effects of the increase (decrease) to accumulated comprehensive income during the period related to benefit plans. While for technical reasons this element has no balance attribute, the default assumption is a credit balance consistent with its label.",
      "available_units": [
        "USD"
      ],
      "data_points_count": 11,
      "latest_value": {
        "value": 29010000,
        "date": "2011-12-31",
        "fiscal_year": 2011,
        "form": "10-K",
        "filed": "2012-02-17",
        "unit": "USD",
        "type": "annual"
      },
      "date_range": {
        "earliest": "2009-12-31",
        "latest": "2011-12-31"
      }
    },
    "OtherComprehensiveIncomeLossAmortizationAdjustmentFromAOCIPensionAndOtherPostretirementBenefitPlansForNetPriorServiceCostCreditBeforeTax": {
      "taxonomy": "us-gaap",
      "label": "Other Comprehensive (Income) Loss, Defined Benefit Plan, Prior Service Cost (Credit), Reclassification Adjustment from AOCI, before Tax",
      "description": "Amount, before tax, of reclassification adjustment from accumulated other comprehensive (income) loss for prior service cost (credit) of defined benefit plan.",
      "available_units": [
        "USD"
      ],
      "data_points_count": 20,
      "latest_value": {
        "value": -2000000,
        "date": "2020-12-31",
        "fiscal_year": 2020,
        "form": "10-K",
        "filed": "2021-02-26",
        "unit": "USD",
        "type": "annual"
      },
      "date_range": {
        "earliest": "2013-12-31",
        "latest": "2020-12-31"
      }
    },
    "OtherComprehensiveIncomeLossAmortizationAdjustmentFromAOCIPensionAndOtherPostretirementBenefitPlansForNetPriorServiceCostCreditNetOfTax": {
      "taxonomy": "us-gaap",
      "label": "Other Comprehensive (Income) Loss, Defined Benefit Plan, Prior Service Cost (Credit), Reclassification Adjustment from AOCI, after Tax",
      "description": "Amount, after tax, of reclassification adjustment from accumulated other comprehensive (income) loss for prior service cost (credit) of defined benefit plan.",
      "available_units": [
        "USD"
      ],
      "data_points_count": 29,
      "latest_value": {
        "value": -2000000,
        "date": "2020-12-31",
        "fiscal_year": 2020,
        "form": "10-K",
        "filed": "2021-02-26",
        "unit": "USD",
        "type": "annual"
      },
      "date_range": {
        "earliest": "2011-12-31",
        "latest": "2020-12-31"
      }
    },
    "OtherComprehensiveIncomeLossAmortizationAdjustmentFromAOCIPensionAndOtherPostretirementBenefitPlansForNetPriorServiceCostCreditTax": {
      "taxonomy": "us-gaap",
      "label": "Other Comprehensive (Income) Loss, Defined Benefit Plan, Prior Service Cost (Credit), Reclassification Adjustment from AOCI, Tax",
      "description": "Amount of tax (expense) benefit of reclassification adjustment from accumulated other comprehensive (income) loss for prior service cost (credit) of defined benefit plan.",
      "available_units": [
        "USD"
      ],
      "data_points_count": 20,
      "latest_value": {
        "value": 0,
        "date": "2020-12-31",
        "fiscal_year": 2020,
        "form": "10-K",
        "filed": "2021-02-26",
        "unit": "USD",
        "type": "annual"
      },
      "date_range": {
        "earliest": "2013-12-31",
        "latest": "2020-12-31"
      }
    },
    "OtherComprehensiveIncomeLossBeforeTaxPeriodIncreaseDecrease": {
      "taxonomy": "us-gaap",
      "label": "Other Comprehensive Income (Loss), before Tax (Deprecated 2012-01-31)",
      "description": "This element represents Other Comprehensive Income or Loss, Before Tax, for the period. The pretax revenues, expenses, gains, and losses that under generally accepted accounting principles are included in comprehensive income, but excluded from net income. Includes the entity's proportionate share of an investee's equity adjustments for other comprehensive income. While for technical reasons this element has no balance attribute, the default assumption is a credit balance consistent with its label.",
      "available_units": [
        "USD"
      ],
      "data_points_count": 20,
      "latest_value": {
        "value": 36513000,
        "date": "2011-12-31",
        "fiscal_year": 2011,
        "form": "10-K",
        "filed": "2012-02-17",
        "unit": "USD",
        "type": "annual"
      },
      "date_range": {
        "earliest": "2009-12-31",
        "latest": "2012-09-30"
      }
    },
    "OtherComprehensiveIncomeLossPensionAndOtherPostretirementBenefitPlansAdjustmentBeforeReclassificationAdjustmentsAndTax": {
      "taxonomy": "us-gaap",
      "label": "Other Comprehensive (Income) Loss, Defined Benefit Plan, before Reclassification Adjustment and Tax",
      "description": "Amount, before tax and reclassification adjustment, of (increase) decrease in accumulated other comprehensive income of defined benefit plan, that has not been recognized in net periodic benefit cost (credit).",
      "available_units": [
        "USD"
      ],
      "data_points_count": 1,
      "latest_value": {
        "value": -136452000,
        "date": "2013-12-31",
        "fiscal_year": 2015,
        "form": "10-K",
        "filed": "2016-02-17",
        "unit": "USD",
        "type": "annual"
      },
      "date_range": {
        "earliest": "2013-12-31",
        "latest": "2013-12-31"
      }
    },
    "OtherComprehensiveIncomeLossPensionAndOtherPostretirementBenefitPlansAdjustmentBeforeReclassificationAdjustmentsNetOfTax": {
      "taxonomy": "us-gaap",
      "label": "Other Comprehensive (Income) Loss, Defined Benefit Plan, before Reclassification Adjustment, after Tax",
      "description": "Amount, after tax, before reclassification adjustment, of (increase) decrease in accumulated other comprehensive income of defined benefit plan, that has not been recognized in net periodic benefit cost (credit).",
      "available_units": [
        "USD"
      ],
      "data_points_count": 1,
      "latest_value": {
        "value": -88694000,
        "date": "2013-12-31",
        "fiscal_year": 2015,
        "form": "10-K",
        "filed": "2016-02-17",
        "unit": "USD",
        "type": "annual"
      },
      "date_range": {
        "earliest": "2013-12-31",
        "latest": "2013-12-31"
      }
    },
    "OtherComprehensiveIncomeLossPensionAndOtherPostretirementBenefitPlansBenefitPlanImprovementTaxEffect": {
      "taxonomy": "us-gaap",
      "label": "Other Comprehensive (Income) Loss, Defined Benefit Plan, Prior Service Cost (Credit), Tax",
      "description": "Amount of tax (expense) benefit for cost (credit) of benefit change attributable to participants' prior service from plan amendment or plan initiation of defined benefit plan, that has not been recognized in net periodic benefit cost (credit).",
      "available_units": [
        "USD"
      ],
      "data_points_count": 15,
      "latest_value": {
        "value": 3000000,
        "date": "2020-12-31",
        "fiscal_year": 2020,
        "form": "10-K",
        "filed": "2021-02-26",
        "unit": "USD",
        "type": "annual"
      },
      "date_range": {
        "earliest": "2013-12-31",
        "latest": "2020-12-31"
      }
    },
    "OtherComprehensiveIncomeLossReclassificationAdjustmentFromAOCIPensionAndOtherPostretirementBenefitPlansBeforeTax": {
      "taxonomy": "us-gaap",
      "label": "Other Comprehensive (Income) Loss, Defined Benefit Plan, Reclassification Adjustment from AOCI, before Tax",
      "description": "Amount before tax of reclassification adjustment from accumulated other comprehensive (income) loss related to net period benefit cost (credit) for pension and other postretirement defined benefit plans.",
      "available_units": [
        "USD"
      ],
      "data_points_count": 2,
      "latest_value": {
        "value": -8000000,
        "date": "2015-12-31",
        "fiscal_year": 2017,
        "form": "10-K",
        "filed": "2018-02-16",
        "unit": "USD",
        "type": "annual"
      },
      "date_range": {
        "earliest": "2013-12-31",
        "latest": "2015-12-31"
      }
    },
    "OtherComprehensiveIncomeLossReclassificationAdjustmentFromAOCIPensionAndOtherPostretirementBenefitPlansNetOfTax": {
      "taxonomy": "us-gaap",
      "label": "Other Comprehensive (Income) Loss, Defined Benefit Plan, Reclassification Adjustment from AOCI, after Tax",
      "description": "Amount, after tax, of reclassification adjustment from accumulated other comprehensive (income) loss for net periodic benefit cost (credit) of defined benefit plan.",
      "available_units": [
        "USD"
      ],
      "data_points_count": 2,
      "latest_value": {
        "value": -5000000,
        "date": "2015-12-31",
        "fiscal_year": 2017,
        "form": "10-K",
        "filed": "2018-02-16",
        "unit": "USD",
        "type": "annual"
      },
      "date_range": {
        "earliest": "2013-12-31",
        "latest": "2015-12-31"
      }
    },
    "PaymentsForOriginationAndPurchasesOfLoansHeldForSale": {
      "taxonomy": "us-gaap",
      "label": "Payments for Origination and Purchases of Loans Held-for-sale",
      "description": "The aggregate amount of cash outflow for loans purchased and created with the intention to resell them in the near future.",
      "available_units": [
        "USD"
      ],
      "data_points_count": 50,
      "latest_value": {
        "value": 2419007000,
        "date": "2014-12-31",
        "fiscal_year": 2014,
        "form": "10-K",
        "filed": "2015-02-13",
        "unit": "USD",
        "type": "annual"
      },
      "date_range": {
        "earliest": "2008-12-31",
        "latest": "2015-06-30"
      }
    },
    "PaymentsForProceedsFromLoansAndLeases": {
      "taxonomy": "us-gaap",
      "label": "Payments for (Proceeds from) Loans and Leases",
      "description": "The net cash outflow or inflow for the increase (decrease) in the beginning and end of period of loan and lease balances which are not originated or purchased specifically for resale. Includes cash payments and proceeds associated with (a) loans held-for-investment, (b) leases held-for-investment, and (c) both.",
      "available_units": [
        "USD"
      ],
      "data_points_count": 93,
      "latest_value": {
        "value": 2149000000,
        "date": "2019-12-31",
        "fiscal_year": 2019,
        "form": "10-K",
        "filed": "2020-02-14",
        "unit": "USD",
        "type": "annual"
      },
      "date_range": {
        "earliest": "2008-12-31",
        "latest": "2019-12-31"
      }
    },
    "PaymentsForProceedsFromOtherLoansAndLeases": {
      "taxonomy": "us-gaap",
      "label": "Payments for (Proceeds from) Other Loans and Leases",
      "description": "The net cash outflow or inflow for other changes, net, in the loan and lease balances held for investment purposes that are not separately disclosed. Includes cash payments and proceeds associated with (a) loans held-for-investment, (b) leases held-for-investment, and (c) both.",
      "available_units": [
        "USD"
      ],
      "data_points_count": 49,
      "latest_value": {
        "value": 10025000000,
        "date": "2024-12-31",
        "fiscal_year": 2024,
        "form": "10-K",
        "filed": "2025-02-14",
        "unit": "USD",
        "type": "annual"
      },
      "date_range": {
        "earliest": "2018-12-31",
        "latest": "2025-06-30"
      }
    },
    "PaymentsToAcquireLoansAndLeasesHeldForInvestment": {
      "taxonomy": "us-gaap",
      "label": "Payments to Acquire Loans and Leases Held-for-investment",
      "description": "The cash outflow from (a) purchases of loans held-for-investment, (b) purchases of leases held-for-investment, and (c) both.",
      "available_units": [
        "USD"
      ],
      "data_points_count": 104,
      "latest_value": {
        "value": 680000000,
        "date": "2024-12-31",
        "fiscal_year": 2024,
        "form": "10-K",
        "filed": "2025-02-14",
        "unit": "USD",
        "type": "annual"
      },
      "date_range": {
        "earliest": "2010-12-31",
        "latest": "2024-12-31"
      }
    },
    "ProceedsFromPaymentsForOtherFinancingActivities": {
      "taxonomy": "us-gaap",
      "label": "Proceeds from (Payments for) Other Financing Activities",
      "description": "Amount of cash inflow (outflow) from financing activities classified as other.",
      "available_units": [
        "USD"
      ],
      "data_points_count": 142,
      "latest_value": {
        "value": -56000000,
        "date": "2024-12-31",
        "fiscal_year": 2024,
        "form": "10-K",
        "filed": "2025-02-14",
        "unit": "USD",
        "type": "annual"
      },
      "date_range": {
        "earliest": "2008-12-31",
        "latest": "2025-06-30"
      }
    },
    "ProceedsFromSaleOfForeclosedAssets": {
      "taxonomy": "us-gaap",
      "label": "Proceeds from Sale of Foreclosed Assets",
      "description": "The cash inflow from the sale assets received in full or partial satisfaction of a receivable including real and personal property; equity interests in corporations, partnerships, and joint ventures; and beneficial interests in trusts. Foreclosed assets also include loans that are treated as if the underlying collateral had been foreclosed because the institution has taken possession of the collateral, even though legal foreclosure or repossession proceedings have not taken place.",
      "available_units": [
        "USD"
      ],
      "data_points_count": 79,
      "latest_value": {
        "value": 38000000,
        "date": "2017-12-31",
        "fiscal_year": 2017,
        "form": "10-K",
        "filed": "2018-02-16",
        "unit": "USD",
        "type": "annual"
      },
      "date_range": {
        "earliest": "2008-12-31",
        "latest": "2018-06-30"
      }
    },
    "ProceedsFromSaleOfLoansHeldForInvestment": {
      "taxonomy": "us-gaap",
      "label": "Proceeds from Sale of Loans Held-for-investment",
      "description": "The cash inflow from Sales of Loans Held For Investment.",
      "available_units": [
        "USD"
      ],
      "data_points_count": 139,
      "latest_value": {
        "value": 450000000,
        "date": "2023-12-31",
        "fiscal_year": 2023,
        "form": "10-K",
        "filed": "2024-02-16",
        "unit": "USD",
        "type": "annual"
      },
      "date_range": {
        "earliest": "2008-12-31",
        "latest": "2025-06-30"
      }
    },
    "ProceedsFromSaleOfLoansHeldForSale": {
      "taxonomy": "us-gaap",
      "label": "Proceeds from Sale of Loans Held-for-sale",
      "description": "The cash inflow resulting from the sale of loans classified as held-for-sale, including proceeds from loans sold through mortgage securitization.",
      "available_units": [
        "USD"
      ],
      "data_points_count": 50,
      "latest_value": {
        "value": 2385596000,
        "date": "2014-12-31",
        "fiscal_year": 2014,
        "form": "10-K",
        "filed": "2015-02-13",
        "unit": "USD",
        "type": "annual"
      },
      "date_range": {
        "earliest": "2008-12-31",
        "latest": "2015-06-30"
      }
    },
    "ProceedsFromSecuritizationsOfLoansHeldForInvestment": {
      "taxonomy": "us-gaap",
      "label": "Proceeds from Securitizations of Loans Held-for-investment",
      "description": "The cash inflow from the securitization of loans held for investment. Securitization is the structured process whereby interests in loans and other receivables are packaged, underwritten, and sold in the form of asset-backed securities.",
      "available_units": [
        "USD"
      ],
      "data_points_count": 10,
      "latest_value": {
        "value": 0,
        "date": "2016-09-30",
        "fiscal_year": 2016,
        "fiscal_period": "Q3",
        "form": "10-Q",
        "filed": "2016-11-08",
        "unit": "USD",
        "type": "quarterly"
      },
      "date_range": {
        "earliest": "2014-06-30",
        "latest": "2016-09-30"
      }
    },
    "ProvisionForLoanAndLeaseLosses": {
      "taxonomy": "us-gaap",
      "label": "Provision for Loan and Lease Losses",
      "description": "Amount of expense related to estimated loss from loan and lease transactions.",
      "available_units": [
        "USD"
      ],
      "data_points_count": 239,
      "latest_value": {
        "value": 25000000,
        "date": "2021-12-31",
        "fiscal_year": 2021,
        "form": "10-K",
        "filed": "2022-02-18",
        "unit": "USD",
        "type": "annual"
      },
      "date_range": {
        "earliest": "2008-12-31",
        "latest": "2021-12-31"
      }
    },
    "ProvisionForLoanLossesExpensed": {
      "taxonomy": "us-gaap",
      "label": "Financing Receivable, Credit Loss, Expense (Reversal)",
      "description": "Amount of credit loss expense (reversal of expense) for financing receivable.",
      "available_units": [
        "USD"
      ],
      "data_points_count": 18,
      "latest_value": {
        "value": -1000000,
        "date": "2021-12-31",
        "fiscal_year": 2021,
        "form": "10-K",
        "filed": "2022-02-18",
        "unit": "USD",
        "type": "annual"
      },
      "date_range": {
        "earliest": "2018-12-31",
        "latest": "2022-03-31"
      }
    },
    "ProvisionForOtherCreditLosses": {
      "taxonomy": "us-gaap",
      "label": "Provision for Other Credit Losses",
      "description": "Amount of expense related to credit loss from transactions other than loan and lease transactions.",
      "available_units": [
        "USD"
      ],
      "data_points_count": 3,
      "latest_value": {
        "value": 634547000,
        "date": "2010-12-31",
        "fiscal_year": 2010,
        "form": "10-K",
        "filed": "2011-02-18",
        "unit": "USD",
        "type": "annual"
      },
      "date_range": {
        "earliest": "2008-12-31",
        "latest": "2010-12-31"
      }
    },
    "SalesTypeAndDirectFinancingLeasesLeaseReceivablePaymentsToBeReceived": {
      "taxonomy": "us-gaap",
      "label": "Sales-type and Direct Financing Leases, Lease Receivable, Payments to be Received",
      "description": "Amount of undiscounted cash flows to be received by lessor for sales-type and direct financing leases.",
      "available_units": [
        "USD"
      ],
      "data_points_count": 18,
      "latest_value": {
        "value": 5200000000,
        "date": "2024-12-31",
        "fiscal_year": 2024,
        "form": "10-K",
        "filed": "2025-02-14",
        "unit": "USD",
        "type": "annual"
      },
      "date_range": {
        "earliest": "2021-03-31",
        "latest": "2025-06-30"
      }
    },
    "SalesTypeAndDirectFinancingLeasesLeaseReceivablePaymentsToBeReceivedFiveYears": {
      "taxonomy": "us-gaap",
      "label": "Sales-Type and Direct Financing Leases, Lease Receivable, to be Received, Year Five",
      "description": "Amount of undiscounted cash flows to be received by lessor for sales-type and direct financing leases in fifth fiscal year following current fiscal year. Excludes interim and annual periods when interim periods are reported from current statement of financial position date (rolling approach).",
      "available_units": [
        "USD"
      ],
      "data_points_count": 18,
      "latest_value": {
        "value": 1000000000,
        "date": "2024-12-31",
        "fiscal_year": 2024,
        "form": "10-K",
        "filed": "2025-02-14",
        "unit": "USD",
        "type": "annual"
      },
      "date_range": {
        "earliest": "2021-03-31",
        "latest": "2025-06-30"
      }
    },
    "SalesTypeAndDirectFinancingLeasesLeaseReceivablePaymentsToBeReceivedFourYears": {
      "taxonomy": "us-gaap",
      "label": "Sales-Type and Direct Financing Leases, Lease Receivable, to be Received, Year Four",
      "description": "Amount of undiscounted cash flows to be received by lessor for sales-type and direct financing leases in fourth fiscal year following current fiscal year. Excludes interim and annual periods when interim periods are reported from current statement of financial position date (rolling approach).",
      "available_units": [
        "USD"
      ],
      "data_points_count": 18,
      "latest_value": {
        "value": 1200000000,
        "date": "2024-12-31",
        "fiscal_year": 2024,
        "form": "10-K",
        "filed": "2025-02-14",
        "unit": "USD",
        "type": "annual"
      },
      "date_range": {
        "earliest": "2021-03-31",
        "latest": "2025-06-30"
      }
    },
    "SalesTypeAndDirectFinancingLeasesLeaseReceivablePaymentsToBeReceivedNextTwelveMonths": {
      "taxonomy": "us-gaap",
      "label": "Sales-Type and Direct Financing Leases, Lease Receivable, to be Received, Year One",
      "description": "Amount of undiscounted cash flows to be received by lessor for sales-type and direct financing leases in next fiscal year following current fiscal year. Excludes interim and annual periods when interim periods are reported from current statement of financial position date (rolling approach).",
      "available_units": [
        "USD"
      ],
      "data_points_count": 18,
      "latest_value": {
        "value": 507000000,
        "date": "2024-12-31",
        "fiscal_year": 2024,
        "form": "10-K",
        "filed": "2025-02-14",
        "unit": "USD",
        "type": "annual"
      },
      "date_range": {
        "earliest": "2021-03-31",
        "latest": "2025-06-30"
      }
    },
    "SalesTypeAndDirectFinancingLeasesLeaseReceivablePaymentsToBeReceivedThereafter": {
      "taxonomy": "us-gaap",
      "label": "Sales-Type and Direct Financing Leases, Lease Receivable, to be Received, after Year Five",
      "description": "Amount of undiscounted cash flows to be received by lessor for sales-type and direct financing leases after fifth fiscal year following current fiscal year. Excludes interim and annual periods when interim periods are reported from current statement of financial position date (rolling approach).",
      "available_units": [
        "USD"
      ],
      "data_points_count": 18,
      "latest_value": {
        "value": 713000000,
        "date": "2024-12-31",
        "fiscal_year": 2024,
        "form": "10-K",
        "filed": "2025-02-14",
        "unit": "USD",
        "type": "annual"
      },
      "date_range": {
        "earliest": "2021-03-31",
        "latest": "2025-06-30"
      }
    },
    "SalesTypeAndDirectFinancingLeasesLeaseReceivablePaymentsToBeReceivedThreeYears": {
      "taxonomy": "us-gaap",
      "label": "Sales-Type and Direct Financing Leases, Lease Receivable, to be Received, Year Three",
      "description": "Amount of undiscounted cash flows to be received by lessor for sales-type and direct financing leases in third fiscal year following current fiscal year. Excludes interim and annual periods when interim periods are reported from current statement of financial position date (rolling approach).",
      "available_units": [
        "USD"
      ],
      "data_points_count": 18,
      "latest_value": {
        "value": 1000000000,
        "date": "2024-12-31",
        "fiscal_year": 2024,
        "form": "10-K",
        "filed": "2025-02-14",
        "unit": "USD",
        "type": "annual"
      },
      "date_range": {
        "earliest": "2021-03-31",
        "latest": "2025-06-30"
      }
    },
    "SalesTypeAndDirectFinancingLeasesLeaseReceivablePaymentsToBeReceivedTwoYears": {
      "taxonomy": "us-gaap",
      "label": "Sales-Type and Direct Financing Leases, Lease Receivable, to be Received, Year Two",
      "description": "Amount of undiscounted cash flows to be received by lessor for sales-type and direct financing leases in second fiscal year following current fiscal year. Excludes interim and annual periods when interim periods are reported from current statement of financial position date (rolling approach).",
      "available_units": [
        "USD"
      ],
      "data_points_count": 18,
      "latest_value": {
        "value": 773000000,
        "date": "2024-12-31",
        "fiscal_year": 2024,
        "form": "10-K",
        "filed": "2025-02-14",
        "unit": "USD",
        "type": "annual"
      },
      "date_range": {
        "earliest": "2021-03-31",
        "latest": "2025-06-30"
      }
    },
    "SecuritiesLoanedGrossIncludingNotSubjectToMasterNettingArrangement": {
      "taxonomy": "us-gaap",
      "label": "Securities Loaned, Gross Including Not Subject to Master Netting Arrangement",
      "description": "Amount, before effects of master netting arrangements, of securities loaned to entities in exchange for collateral. Includes liabilities not subject to a master netting arrangement and elected not to be offset.",
      "available_units": [
        "USD"
      ],
      "data_points_count": 1,
      "latest_value": {
        "value": 0,
        "date": "2019-09-30",
        "fiscal_year": 2019,
        "fiscal_period": "Q3",
        "form": "10-Q",
        "filed": "2019-10-28",
        "unit": "USD",
        "type": "quarterly"
      },
      "date_range": {
        "earliest": "2019-09-30",
        "latest": "2019-09-30"
      }
    },
    "SubleaseIncome": {
      "taxonomy": "us-gaap",
      "label": "Sublease Income",
      "description": "Amount of sublease income excluding finance and operating lease expense.",
      "available_units": [
        "USD"
      ],
      "data_points_count": 10,
      "latest_value": {
        "value": 2000000,
        "date": "2021-12-31",
        "fiscal_year": 2021,
        "form": "10-K",
        "filed": "2022-02-18",
        "unit": "USD",
        "type": "annual"
      },
      "date_range": {
        "earliest": "2019-03-31",
        "latest": "2021-12-31"
      }
    },
    "TransferOfLoansHeldForSaleToPortfolioLoans1": {
      "taxonomy": "us-gaap",
      "label": "Transfer of Loans Held-for-sale to Portfolio Loans",
      "description": "Value of loans held-for-sale transferred to loans held in the entity's portfolio in noncash transactions.",
      "available_units": [
        "USD"
      ],
      "data_points_count": 113,
      "latest_value": {
        "value": 34000000,
        "date": "2024-12-31",
        "fiscal_year": 2024,
        "form": "10-K",
        "filed": "2025-02-14",
        "unit": "USD",
        "type": "annual"
      },
      "date_range": {
        "earliest": "2011-12-31",
        "latest": "2025-06-30"
      }
    },
    "TransferOfPortfolioLoansAndLeasesToHeldForSale1": {
      "taxonomy": "us-gaap",
      "label": "Transfer of Portfolio Loans and Leases to Held-for-sale",
      "description": "Value of loans and leases held in the entity's portfolio transferred to loans and leases held-for-sale in noncash transactions.",
      "available_units": [
        "USD"
      ],
      "data_points_count": 124,
      "latest_value": {
        "value": 390000000,
        "date": "2024-12-31",
        "fiscal_year": 2024,
        "form": "10-K",
        "filed": "2025-02-14",
        "unit": "USD",
        "type": "annual"
      },
      "date_range": {
        "earliest": "2010-12-31",
        "latest": "2025-06-30"
      }
    },
    "VariableInterestEntityCarryingAmountOfCollateralizedAssets": {
      "taxonomy": "us-gaap",
      "label": "Variable Interest Entity, Carrying Amount of Assets, Consolidated VIE (Deprecated 2009-01-31)",
      "description": "The carrying amount of the variable interest entity's assets consolidated into the statement of financial position. In general, a VIE is a corporation, partnership, trust, or any other legal structure used for business purposes that either (a) does not have equity investors with voting rights or (b) has equity investors that do not provide sufficient financial resources for the entity to support its activities. A VIE often holds financial assets, including loans or receivables, real estate or other property. A VIE may be essentially passive or it may engage in research and development or other activities on behalf of another company.",
      "available_units": [
        "USD"
      ],
      "data_points_count": 6,
      "latest_value": {
        "value": 522717000,
        "date": "2010-12-31",
        "fiscal_year": 2010,
        "form": "10-K",
        "filed": "2011-02-18",
        "unit": "USD",
        "type": "annual"
      },
      "date_range": {
        "earliest": "2010-03-31",
        "latest": "2011-03-31"
      }
    },
    "VariableInterestEntityCarryingAmountOfLiabilitiesConsolidatedVIE": {
      "taxonomy": "us-gaap",
      "label": "Variable Interest Entity, Carrying Amount of Liabilities, Consolidated VIE (Deprecated 2011-01-31)",
      "description": "The carrying amount of the variable interest entity's liabilities consolidated into the statement of financial position. In general, a VIE is a corporation, partnership, trust, or any other legal structure used for business purposes that either (a) does not have equity investors with voting rights or (b) has equity investors that do not provide sufficient financial resources for the entity to support its activities. A VIE often holds financial assets, including loans or receivables, real estate or other property. A VIE may be essentially passive or it may engage in research and development or other activities on behalf of another company.",
      "available_units": [
        "USD"
      ],
      "data_points_count": 6,
      "latest_value": {
        "value": 356089000,
        "date": "2010-12-31",
        "fiscal_year": 2010,
        "form": "10-K",
        "filed": "2011-02-18",
        "unit": "USD",
        "type": "annual"
      },
      "date_range": {
        "earliest": "2010-03-31",
        "latest": "2011-03-31"
      }
    },
    "DeferredTaxAssetsTaxCreditCarryforwards": {
      "taxonomy": "us-gaap",
      "label": "Deferred Tax Assets, Tax Credit Carryforwards",
      "description": "Amount, before allocation of a valuation allowances, of deferred tax assets attributable to deductible tax credit carryforwards including, but not limited to, research, foreign, general business, alternative minimum tax, and other deductible tax credit carryforwards.",
      "available_units": [
        "USD"
      ],
      "data_points_count": 8,
      "latest_value": {
        "value": 452000000,
        "date": "2024-12-31",
        "fiscal_year": 2024,
        "form": "10-K",
        "filed": "2025-02-14",
        "unit": "USD",
        "type": "annual"
      },
      "date_range": {
        "earliest": "2020-12-31",
        "latest": "2024-12-31"
      }
    },
    "FinancingReceivableTransferToHeldForSaleAllowanceForCreditLossExpenseReversal": {
      "taxonomy": "us-gaap",
      "label": "Financing Receivable, Transfer to Held-for-Sale, Allowance for Credit Loss, Expense Reversal",
      "description": "Amount of expense reversal of allowance for credit loss on financing receivable transferred to held-for-sale classification.",
      "available_units": [
        "USD"
      ],
      "data_points_count": 4,
      "latest_value": {
        "value": 1000000,
        "date": "2019-12-31",
        "fiscal_year": 2021,
        "form": "10-K",
        "filed": "2022-02-18",
        "unit": "USD",
        "type": "annual"
      },
      "date_range": {
        "earliest": "2019-12-31",
        "latest": "2021-09-30"
      }
    },
    "TaxCreditCarryforwardAmount": {
      "taxonomy": "us-gaap",
      "label": "Tax Credit Carryforward, Amount",
      "description": "The amount of the tax credit carryforward, before tax effects, available to reduce future taxable income under enacted tax laws.",
      "available_units": [
        "USD"
      ],
      "data_points_count": 4,
      "latest_value": {
        "value": 449000000,
        "date": "2024-12-31",
        "fiscal_year": 2024,
        "form": "10-K",
        "filed": "2025-02-14",
        "unit": "USD",
        "type": "annual"
      },
      "date_range": {
        "earliest": "2021-12-31",
        "latest": "2024-12-31"
      }
    },
    "FinancingReceivableUnamortizedLoanCommitmentOriginationFeeAndPremiumDiscount": {
      "taxonomy": "us-gaap",
      "label": "Financing Receivable, Unamortized Loan Fee (Cost) and Purchase Premium (Discount)",
      "description": "Amount of unamortized loan commitment, origination, and other fees (costs) and purchase premium (discount) on financing receivable. Excludes financing receivable covered under loss sharing agreement.",
      "available_units": [
        "USD"
      ],
      "data_points_count": 28,
      "latest_value": {
        "value": -468000000,
        "date": "2024-12-31",
        "fiscal_year": 2024,
        "form": "10-K",
        "filed": "2025-02-14",
        "unit": "USD",
        "type": "annual"
      },
      "date_range": {
        "earliest": "2021-12-31",
        "latest": "2025-06-30"
      }
    },
    "FinancingReceivableNonaccrualInterestIncome": {
      "taxonomy": "us-gaap",
      "label": "Financing Receivable, Nonaccrual, Interest Income",
      "description": "Amount of interest income on financing receivable on nonaccrual status.",
      "available_units": [
        "USD"
      ],
      "data_points_count": 6,
      "latest_value": {
        "value": 26000000,
        "date": "2024-12-31",
        "fiscal_year": 2024,
        "form": "10-K",
        "filed": "2025-02-14",
        "unit": "USD",
        "type": "annual"
      },
      "date_range": {
        "earliest": "2021-12-31",
        "latest": "2024-12-31"
      }
    },
    "TransfersOfFinancialAssetsAccountedForAsSaleInitialFairValueOfAssetsObtainedAsProceeds": {
      "taxonomy": "us-gaap",
      "label": "Transfers of Financial Assets Accounted for as Sale, Initial Fair Value of Assets Obtained as Proceeds",
      "description": "Represents the initial fair value recorded for assets received on transfer of financial assets in a securitization, asset-backed financing arrangement, or a similar transfer which transaction is recognized as a sale of the transferred financial assets.",
      "available_units": [
        "USD"
      ],
      "data_points_count": 5,
      "latest_value": {
        "value": 128000000,
        "date": "2024-03-31",
        "fiscal_year": 2024,
        "form": "10-K",
        "filed": "2025-02-14",
        "unit": "USD",
        "type": "annual"
      },
      "date_range": {
        "earliest": "2024-03-31",
        "latest": "2024-03-31"
      }
    },
    "DefinedBenefitPlanAmortizationOfGainsLosses": {
      "taxonomy": "us-gaap",
      "label": "Defined Benefit Plan, Amortization of Gain (Loss)",
      "description": "Amount of gain (loss) recognized in net periodic benefit (cost) credit of defined benefit plan.",
      "available_units": [
        "USD"
      ],
      "data_points_count": 3,
      "latest_value": {
        "value": -2000000,
        "date": "2024-12-31",
        "fiscal_year": 2024,
        "form": "10-K",
        "filed": "2025-02-14",
        "unit": "USD",
        "type": "annual"
      },
      "date_range": {
        "earliest": "2022-12-31",
        "latest": "2024-12-31"
      }
    },
    "DefinedBenefitPlanExpectedReturnOnPlanAssets": {
      "taxonomy": "us-gaap",
      "label": "Defined Benefit Plan, Expected Return (Loss) on Plan Assets",
      "description": "Amount of expected return (loss) recognized in net periodic benefit (cost) credit, calculated based on expected long-term rate of return and market-related value of plan assets of defined benefit plan.",
      "available_units": [
        "USD"
      ],
      "data_points_count": 3,
      "latest_value": {
        "value": 46000000,
        "date": "2024-12-31",
        "fiscal_year": 2024,
        "form": "10-K",
        "filed": "2025-02-14",
        "unit": "USD",
        "type": "annual"
      },
      "date_range": {
        "earliest": "2022-12-31",
        "latest": "2024-12-31"
      }
    },
    "DefinedBenefitPlanNetPeriodicBenefitCost": {
      "taxonomy": "us-gaap",
      "label": "Defined Benefit Plan, Net Periodic Benefit Cost (Credit)",
      "description": "Amount of net periodic benefit cost (credit) for defined benefit plan.",
      "available_units": [
        "USD"
      ],
      "data_points_count": 3,
      "latest_value": {
        "value": -3000000,
        "date": "2024-12-31",
        "fiscal_year": 2024,
        "form": "10-K",
        "filed": "2025-02-14",
        "unit": "USD",
        "type": "annual"
      },
      "date_range": {
        "earliest": "2022-12-31",
        "latest": "2024-12-31"
      }
    }
  }
}