{
  "chunk_metadata": {
    "domain": "public",
    "CIK": "895421",
    "data_type": "SEC",
    "ticker": "MS",
    "chunk_name": "Other Assets",
    "chunk_id": "other_assets",
    "company_name": "MORGAN STANLEY",
    "extraction_date": "2025-09-30T11:01:43.925218",
    "metrics_count": 100,
    "total_company_metrics": 0,
    "chunking_strategy": "context_aware_balanced"
  },
  "metrics": {
    "AccruedLiabilitiesAndOtherLiabilities": {
      "taxonomy": "us-gaap",
      "label": "Accrued Liabilities and Other Liabilities",
      "description": "Amount of expenses incurred but not yet paid nor invoiced, and liabilities classified as other.",
      "available_units": [
        "USD"
      ],
      "data_points_count": 88,
      "latest_value": {
        "value": 28220000000,
        "date": "2024-12-31",
        "fiscal_year": 2024,
        "form": "10-K",
        "filed": "2025-02-21",
        "unit": "USD",
        "type": "annual"
      },
      "date_range": {
        "earliest": "2013-12-31",
        "latest": "2025-06-30"
      }
    },
    "AccumulatedDepreciationDepletionAndAmortizationPropertyPlantAndEquipment": {
      "taxonomy": "us-gaap",
      "label": "Accumulated Depreciation, Depletion and Amortization, Property, Plant, and Equipment",
      "description": "Amount of accumulated depreciation, depletion and amortization for physical assets used in the normal conduct of business to produce goods and services.",
      "available_units": [
        "USD"
      ],
      "data_points_count": 56,
      "latest_value": {
        "value": 7140000000,
        "date": "2015-12-31",
        "fiscal_year": 2015,
        "form": "10-K",
        "filed": "2016-02-23",
        "unit": "USD",
        "type": "annual"
      },
      "date_range": {
        "earliest": "2008-11-30",
        "latest": "2015-12-31"
      }
    },
    "AmountOfRestrictedNetAssetsForConsolidatedAndUnconsolidatedSubsidiaries": {
      "taxonomy": "us-gaap",
      "label": "Amount of Restricted Net Assets for Consolidated and Unconsolidated Subsidiaries",
      "description": "Amount of restricted net assets of consolidated and unconsolidated subsidiaries as of the end of the most recently completed fiscal year.",
      "available_units": [
        "USD"
      ],
      "data_points_count": 16,
      "latest_value": {
        "value": 49914000000,
        "date": "2024-12-31",
        "fiscal_year": 2024,
        "form": "10-K",
        "filed": "2025-02-21",
        "unit": "USD",
        "type": "annual"
      },
      "date_range": {
        "earliest": "2016-12-31",
        "latest": "2024-12-31"
      }
    },
    "AssetImpairmentCharges": {
      "taxonomy": "us-gaap",
      "label": "Asset Impairment Charges",
      "description": "Amount of write-down of assets recognized in the income statement. Includes, but is not limited to, losses from tangible assets, intangible assets and goodwill.",
      "available_units": [
        "USD"
      ],
      "data_points_count": 82,
      "latest_value": {
        "value": 91000000,
        "date": "2017-12-31",
        "fiscal_year": 2017,
        "form": "10-K",
        "filed": "2018-02-27",
        "unit": "USD",
        "type": "annual"
      },
      "date_range": {
        "earliest": "2007-11-30",
        "latest": "2018-03-31"
      }
    },
    "Assets": {
      "taxonomy": "us-gaap",
      "label": "Assets",
      "description": "Sum of the carrying amounts as of the balance sheet date of all assets that are recognized. Assets are probable future economic benefits obtained or controlled by an entity as a result of past transactions or events.",
      "available_units": [
        "USD"
      ],
      "data_points_count": 132,
      "latest_value": {
        "value": 1215071000000,
        "date": "2024-12-31",
        "fiscal_year": 2024,
        "form": "10-K",
        "filed": "2025-02-21",
        "unit": "USD",
        "type": "annual"
      },
      "date_range": {
        "earliest": "2008-11-30",
        "latest": "2025-06-30"
      }
    },
    "CapitalRequiredForCapitalAdequacyToRiskWeightedAssets": {
      "taxonomy": "us-gaap",
      "label": "Banking Regulation, Total Risk-Based Capital Ratio, Capital Adequacy, Minimum",
      "description": "Ratio of minimum total risk-based capital to risk-weighted assets required for capital adequacy as defined by regulatory framework.",
      "available_units": [
        "pure"
      ],
      "data_points_count": 58,
      "latest_value": {
        "value": 0.17,
        "date": "2024-12-31",
        "fiscal_year": 2024,
        "form": "10-K",
        "filed": "2025-02-21",
        "unit": "pure",
        "type": "annual"
      },
      "date_range": {
        "earliest": "2015-12-31",
        "latest": "2025-06-30"
      }
    },
    "CapitalRequiredToBeWellCapitalizedToRiskWeightedAssets": {
      "taxonomy": "us-gaap",
      "label": "Banking Regulation, Total Risk-Based Capital Ratio, Well Capitalized, Minimum",
      "description": "Ratio of minimum total risk-based capital to risk-weighted assets categorized as well capitalized as defined by regulatory framework for prompt corrective action.",
      "available_units": [
        "pure"
      ],
      "data_points_count": 15,
      "latest_value": {
        "value": 0.1,
        "date": "2013-12-31",
        "fiscal_year": 2013,
        "form": "10-K",
        "filed": "2014-02-25",
        "unit": "pure",
        "type": "annual"
      },
      "date_range": {
        "earliest": "2010-06-30",
        "latest": "2013-12-31"
      }
    },
    "CapitalToRiskWeightedAssets": {
      "taxonomy": "us-gaap",
      "label": "Banking Regulation, Total Risk-Based Capital Ratio, Actual",
      "description": "Ratio of total risk-based capital to risk-weighted assets as defined by regulatory framework.",
      "available_units": [
        "pure"
      ],
      "data_points_count": 84,
      "latest_value": {
        "value": 0.203,
        "date": "2024-12-31",
        "fiscal_year": 2024,
        "form": "10-K",
        "filed": "2025-02-21",
        "unit": "pure",
        "type": "annual"
      },
      "date_range": {
        "earliest": "2009-12-31",
        "latest": "2025-06-30"
      }
    },
    "CumulativeEffectOfInitialAdoptionOfFIN48": {
      "taxonomy": "us-gaap",
      "label": "Cumulative Effect of Initial Adoption of FIN 48 (Deprecated 2011-01-31)",
      "description": "Cumulative net-of-tax effect of initial adoption of FIN 48 - Accounting for Uncertainty in Income Taxes on the opening balance of retained earnings. The cumulative-effect adjustment does not include items that would not be recognized in earnings, such as the effect of adopting this Interpretation on tax positions related to business combinations. The amount of that cumulative-effect adjustment is the difference between the net amount of assets and liabilities recognized in the statement of financial position prior to the application of this Interpretation and the net amount of assets and liabilities recognized as a result of applying the provisions of this Interpretation.",
      "available_units": [
        "USD"
      ],
      "data_points_count": 2,
      "latest_value": {
        "value": -92000000,
        "date": "2008-11-30",
        "fiscal_year": 2010,
        "form": "10-K",
        "filed": "2011-02-28",
        "unit": "USD",
        "type": "annual"
      },
      "date_range": {
        "earliest": "2008-11-30",
        "latest": "2008-11-30"
      }
    },
    "DeconsolidationGainOrLossAmount": {
      "taxonomy": "us-gaap",
      "label": "Deconsolidation, Gain (Loss), Amount",
      "description": "Amount of gain (loss) from deconsolidation of subsidiary and derecognition of group of assets constituting transfer of business or nonprofit activity, excluding conveyance of oil and gas mineral rights and transfer of good or service in contract with customer.",
      "available_units": [
        "USD"
      ],
      "data_points_count": 3,
      "latest_value": {
        "value": 279000000,
        "date": "2009-12-31",
        "fiscal_year": 2011,
        "form": "10-K",
        "filed": "2012-02-27",
        "unit": "USD",
        "type": "annual"
      },
      "date_range": {
        "earliest": "2008-11-30",
        "latest": "2009-12-31"
      }
    },
    "DeferredTaxAssetsGross": {
      "taxonomy": "us-gaap",
      "label": "Deferred Tax Assets, Gross",
      "description": "Amount before allocation of valuation allowances of deferred tax asset attributable to deductible temporary differences and carryforwards.",
      "available_units": [
        "USD"
      ],
      "data_points_count": 30,
      "latest_value": {
        "value": 5628000000,
        "date": "2024-12-31",
        "fiscal_year": 2024,
        "form": "10-K",
        "filed": "2025-02-21",
        "unit": "USD",
        "type": "annual"
      },
      "date_range": {
        "earliest": "2009-12-31",
        "latest": "2024-12-31"
      }
    },
    "DeferredTaxAssetsNet": {
      "taxonomy": "us-gaap",
      "label": "Deferred Tax Assets, Net of Valuation Allowance",
      "description": "Amount after allocation of valuation allowances of deferred tax asset attributable to deductible temporary differences and carryforwards.",
      "available_units": [
        "USD"
      ],
      "data_points_count": 30,
      "latest_value": {
        "value": 5414000000,
        "date": "2024-12-31",
        "fiscal_year": 2024,
        "form": "10-K",
        "filed": "2025-02-21",
        "unit": "USD",
        "type": "annual"
      },
      "date_range": {
        "earliest": "2009-12-31",
        "latest": "2024-12-31"
      }
    },
    "DeferredTaxAssetsOperatingLossCarryforwards": {
      "taxonomy": "us-gaap",
      "label": "Deferred Tax Assets, Operating Loss Carryforwards",
      "description": "Amount before allocation of valuation allowances of deferred tax asset attributable to deductible operating loss carryforwards.",
      "available_units": [
        "USD"
      ],
      "data_points_count": 1,
      "latest_value": {
        "value": 1978000000,
        "date": "2009-12-31",
        "fiscal_year": 2010,
        "form": "10-K",
        "filed": "2011-02-28",
        "unit": "USD",
        "type": "annual"
      },
      "date_range": {
        "earliest": "2009-12-31",
        "latest": "2009-12-31"
      }
    },
    "DeferredTaxAssetsOperatingLossCarryforwardsDomestic": {
      "taxonomy": "us-gaap",
      "label": "Deferred Tax Assets, Operating Loss Carryforwards, Domestic",
      "description": "Amount before allocation of valuation allowances of deferred tax asset attributable to deductible domestic operating loss carryforwards. Excludes state and local operating loss carryforwards.",
      "available_units": [
        "USD"
      ],
      "data_points_count": 2,
      "latest_value": {
        "value": 0,
        "date": "2010-12-31",
        "fiscal_year": 2010,
        "form": "10-K",
        "filed": "2011-02-28",
        "unit": "USD",
        "type": "annual"
      },
      "date_range": {
        "earliest": "2009-12-31",
        "latest": "2010-12-31"
      }
    },
    "DeferredTaxAssetsOther": {
      "taxonomy": "us-gaap",
      "label": "Deferred Tax Assets, Other",
      "description": "Amount, before allocation of valuation allowance, of deferred tax asset attributable to deductible temporary differences, classified as other.",
      "available_units": [
        "USD"
      ],
      "data_points_count": 16,
      "latest_value": {
        "value": 0,
        "date": "2017-12-31",
        "fiscal_year": 2017,
        "form": "10-K",
        "filed": "2018-02-27",
        "unit": "USD",
        "type": "annual"
      },
      "date_range": {
        "earliest": "2009-12-31",
        "latest": "2017-12-31"
      }
    },
    "DeferredTaxAssetsTaxDeferredExpense": {
      "taxonomy": "us-gaap",
      "label": "Deferred Tax Assets, Tax Deferred Expense",
      "description": "Amount, before allocation of valuation allowances, of deferred tax asset attributable to deductible differences from reserves and accruals, compensation and benefit costs, and other provisions, reserves, and allowances.",
      "available_units": [
        "USD"
      ],
      "data_points_count": 6,
      "latest_value": {
        "value": 75000000,
        "date": "2012-12-31",
        "fiscal_year": 2012,
        "form": "10-K",
        "filed": "2013-02-26",
        "unit": "USD",
        "type": "annual"
      },
      "date_range": {
        "earliest": "2009-12-31",
        "latest": "2012-12-31"
      }
    },
    "DeferredTaxAssetsTaxDeferredExpenseCompensationAndBenefits": {
      "taxonomy": "us-gaap",
      "label": "Deferred Tax Assets, Tax Deferred Expense, Compensation and Benefits",
      "description": "Amount before allocation of valuation allowances of deferred tax asset attributable to deductible temporary differences from compensation and benefits costs.",
      "available_units": [
        "USD"
      ],
      "data_points_count": 30,
      "latest_value": {
        "value": 2565000000,
        "date": "2024-12-31",
        "fiscal_year": 2024,
        "form": "10-K",
        "filed": "2025-02-21",
        "unit": "USD",
        "type": "annual"
      },
      "date_range": {
        "earliest": "2009-12-31",
        "latest": "2024-12-31"
      }
    },
    "DeferredTaxAssetsTaxDeferredExpenseOther": {
      "taxonomy": "us-gaap",
      "label": "Deferred Tax Assets, Tax Deferred Expense, Other",
      "description": "Amount, before allocation of valuation allowance, of deferred tax asset attributable to deductible temporary differences from provisions, reserves, allowances, and accruals, classified as other.",
      "available_units": [
        "USD"
      ],
      "data_points_count": 10,
      "latest_value": {
        "value": 223000000,
        "date": "2024-12-31",
        "fiscal_year": 2024,
        "form": "10-K",
        "filed": "2025-02-21",
        "unit": "USD",
        "type": "annual"
      },
      "date_range": {
        "earliest": "2019-12-31",
        "latest": "2024-12-31"
      }
    },
    "DeferredTaxAssetsTaxDeferredExpenseReservesAndAccruals": {
      "taxonomy": "us-gaap",
      "label": "Deferred Tax Assets, Tax Deferred Expense, Reserves and Accruals",
      "description": "Amount before allocation of valuation allowances of deferred tax asset attributable to deductible temporary differences from reserves and accruals.",
      "available_units": [
        "USD"
      ],
      "data_points_count": 30,
      "latest_value": {
        "value": 796000000,
        "date": "2024-12-31",
        "fiscal_year": 2024,
        "form": "10-K",
        "filed": "2025-02-21",
        "unit": "USD",
        "type": "annual"
      },
      "date_range": {
        "earliest": "2009-12-31",
        "latest": "2024-12-31"
      }
    },
    "DeferredTaxAssetsValuationAllowance": {
      "taxonomy": "us-gaap",
      "label": "Deferred Tax Assets, Valuation Allowance",
      "description": "Amount of deferred tax assets for which it is more likely than not that a tax benefit will not be realized.",
      "available_units": [
        "USD"
      ],
      "data_points_count": 30,
      "latest_value": {
        "value": 214000000,
        "date": "2024-12-31",
        "fiscal_year": 2024,
        "form": "10-K",
        "filed": "2025-02-21",
        "unit": "USD",
        "type": "annual"
      },
      "date_range": {
        "earliest": "2009-12-31",
        "latest": "2024-12-31"
      }
    },
    "DefinedBenefitPlanPensionPlansWithAccumulatedBenefitObligationsInExcessOfPlanAssetsAggregateAccumulatedBenefitObligation": {
      "taxonomy": "us-gaap",
      "label": "Defined Benefit Plan, Plan with Accumulated Benefit Obligation in Excess of Plan Assets, Accumulated Benefit Obligation",
      "description": "Amount of accumulated benefit obligation for defined benefit plan with accumulated benefit obligation in excess of plan assets.",
      "available_units": [
        "USD"
      ],
      "data_points_count": 4,
      "latest_value": {
        "value": 527000000,
        "date": "2012-12-31",
        "fiscal_year": 2012,
        "form": "10-K",
        "filed": "2013-02-26",
        "unit": "USD",
        "type": "annual"
      },
      "date_range": {
        "earliest": "2010-12-31",
        "latest": "2012-12-31"
      }
    },
    "DefinedBenefitPlanPensionPlansWithAccumulatedBenefitObligationsInExcessOfPlanAssetsAggregateFairValueOfPlanAssets": {
      "taxonomy": "us-gaap",
      "label": "Defined Benefit Plan, Plan with Accumulated Benefit Obligation in Excess of Plan Assets, Plan Assets",
      "description": "Amount of plan asset for defined benefit plan with accumulated benefit obligation in excess of plan assets.",
      "available_units": [
        "USD"
      ],
      "data_points_count": 4,
      "latest_value": {
        "value": 90000000,
        "date": "2012-12-31",
        "fiscal_year": 2012,
        "form": "10-K",
        "filed": "2013-02-26",
        "unit": "USD",
        "type": "annual"
      },
      "date_range": {
        "earliest": "2010-12-31",
        "latest": "2012-12-31"
      }
    },
    "DefinedBenefitPlanPlansWithBenefitObligationsInExcessOfPlanAssetsAggregateBenefitObligation": {
      "taxonomy": "us-gaap",
      "label": "Defined Benefit Plan, Plan with Benefit Obligation in Excess of Plan Assets, Benefit Obligation (Deprecated 2018-01-31)",
      "description": "Amount of benefit obligation for defined benefit plan with benefit obligation in excess of plan assets.",
      "available_units": [
        "USD"
      ],
      "data_points_count": 4,
      "latest_value": {
        "value": 552000000,
        "date": "2012-12-31",
        "fiscal_year": 2012,
        "form": "10-K",
        "filed": "2013-02-26",
        "unit": "USD",
        "type": "annual"
      },
      "date_range": {
        "earliest": "2010-12-31",
        "latest": "2012-12-31"
      }
    },
    "DefinedBenefitPlanPlansWithBenefitObligationsInExcessOfPlanAssetsAggregateFairValueOfPlanAssets": {
      "taxonomy": "us-gaap",
      "label": "Defined Benefit Plan, Plan with Benefit Obligation in Excess of Plan Assets, Fair Value of Plan Assets (Deprecated 2018-01-31)",
      "description": "Fair value of plan assets for defined benefit plan with benefit obligation in excess of plan assets.",
      "available_units": [
        "USD"
      ],
      "data_points_count": 4,
      "latest_value": {
        "value": 90000000,
        "date": "2012-12-31",
        "fiscal_year": 2012,
        "form": "10-K",
        "filed": "2013-02-26",
        "unit": "USD",
        "type": "annual"
      },
      "date_range": {
        "earliest": "2010-12-31",
        "latest": "2012-12-31"
      }
    },
    "DepreciationAndAmortization": {
      "taxonomy": "us-gaap",
      "label": "Depreciation, Depletion and Amortization, Nonproduction",
      "description": "The current period expense charged against earnings on long-lived, physical assets not used in production, and which are not intended for resale, to allocate or recognize the cost of such assets over their useful lives; or to record the reduction in book value of an intangible asset over the benefit period of such asset; or to reflect consumption during the period of an asset that is not used in production.",
      "available_units": [
        "USD"
      ],
      "data_points_count": 148,
      "latest_value": {
        "value": 5161000000,
        "date": "2024-12-31",
        "fiscal_year": 2024,
        "form": "10-K",
        "filed": "2025-02-21",
        "unit": "USD",
        "type": "annual"
      },
      "date_range": {
        "earliest": "2007-11-30",
        "latest": "2025-06-30"
      }
    },
    "DerivativeAssetDesignatedAsHedgingInstrumentFairValue": {
      "taxonomy": "us-gaap",
      "label": "Derivative Asset Designated as Hedging Instrument, Fair Value (Deprecated 2011-01-31)",
      "description": "Fair value of a derivative asset (or nonderivative instrument) that is designated and qualifies as a hedging instrument, presented on a gross basis even when the derivative instrument is subject to master netting arrangements and qualifies for net presentation in the statement of financial position.",
      "available_units": [
        "USD"
      ],
      "data_points_count": 6,
      "latest_value": {
        "value": 5314000000,
        "date": "2010-12-31",
        "fiscal_year": 2010,
        "form": "10-K",
        "filed": "2011-02-28",
        "unit": "USD",
        "type": "annual"
      },
      "date_range": {
        "earliest": "2009-12-31",
        "latest": "2010-12-31"
      }
    },
    "DerivativeAssetFairValueGrossAssetIncludingNotSubjectToMasterNettingArrangement": {
      "taxonomy": "us-gaap",
      "label": "Derivative Asset, Fair Value, Gross Asset Including Not Subject to Master Netting Arrangement",
      "description": "Fair value, before effects of master netting arrangements, of a financial asset or other contract with one or more underlyings, notional amount or payment provision or both, and the contract can be net settled by means outside the contract or delivery of an asset. Includes assets not subject to a master netting arrangement and elected not to be offset.",
      "available_units": [
        "USD"
      ],
      "data_points_count": 82,
      "latest_value": {
        "value": 338291000000,
        "date": "2024-12-31",
        "fiscal_year": 2024,
        "form": "10-K",
        "filed": "2025-02-21",
        "unit": "USD",
        "type": "annual"
      },
      "date_range": {
        "earliest": "2014-12-31",
        "latest": "2025-06-30"
      }
    },
    "DerivativeAssetFairValueNet": {
      "taxonomy": "us-gaap",
      "label": "Derivative Asset, Fair Value, Net (Deprecated 2013-01-31)",
      "description": "Fair value of the gross assets less the gross liabilities of a derivative asset or group of derivative assets.",
      "available_units": [
        "USD"
      ],
      "data_points_count": 8,
      "latest_value": {
        "value": 703018000000,
        "date": "2013-12-31",
        "fiscal_year": 2013,
        "form": "10-K",
        "filed": "2014-02-25",
        "unit": "USD",
        "type": "annual"
      },
      "date_range": {
        "earliest": "2012-12-31",
        "latest": "2013-12-31"
      }
    },
    "DerivativeAssetFairValueOffsetAgainstCollateralNetOfNotSubjectToMasterNettingArrangementPolicyElection": {
      "taxonomy": "us-gaap",
      "label": "Derivative Asset, Fair Value, Offset Against Collateral, Net of Not Subject to Master Netting Arrangement, Policy Election",
      "description": "Fair value, after effects of master netting arrangements, deduction of assets not subject to a master netting arrangement and elected not to be offset, of financial asset or other contract with one or more underlyings, notional amount or payment provision or both, and the contract can be net settled by means outside the contract or delivery of an asset, offset against an obligation to return collateral.",
      "available_units": [
        "USD"
      ],
      "data_points_count": 18,
      "latest_value": {
        "value": 20789000000,
        "date": "2016-12-31",
        "fiscal_year": 2016,
        "form": "10-K",
        "filed": "2017-02-27",
        "unit": "USD",
        "type": "annual"
      },
      "date_range": {
        "earliest": "2014-12-31",
        "latest": "2017-06-30"
      }
    },
    "DerivativeAssetNotDesignatedAsHedgingInstrumentFairValue": {
      "taxonomy": "us-gaap",
      "label": "Derivative Asset Not Designated as Hedging Instrument, Fair Value (Deprecated 2011-01-31)",
      "description": "Fair value of a derivative asset that is not designated or qualifying as a hedging instrument, presented on a gross basis even when the derivative instrument is subject to master netting arrangements and qualifies for net presentation in the statement of financial position.",
      "available_units": [
        "USD"
      ],
      "data_points_count": 6,
      "latest_value": {
        "value": 892016000000,
        "date": "2010-12-31",
        "fiscal_year": 2010,
        "form": "10-K",
        "filed": "2011-02-28",
        "unit": "USD",
        "type": "annual"
      },
      "date_range": {
        "earliest": "2009-12-31",
        "latest": "2010-12-31"
      }
    },
    "DerivativeAssetNotionalAmount": {
      "taxonomy": "us-gaap",
      "label": "Derivative Asset, Notional Amount",
      "description": "Nominal or face amount used to calculate payments on the derivative asset.",
      "available_units": [
        "USD"
      ],
      "data_points_count": 116,
      "latest_value": {
        "value": 13316000000000,
        "date": "2024-12-31",
        "fiscal_year": 2024,
        "form": "10-K",
        "filed": "2025-02-21",
        "unit": "USD",
        "type": "annual"
      },
      "date_range": {
        "earliest": "2010-12-31",
        "latest": "2025-06-30"
      }
    },
    "DerivativeAssetNotSubjectToMasterNettingArrangement": {
      "taxonomy": "us-gaap",
      "label": "Derivative Asset, Not Subject to Master Netting Arrangement",
      "description": "Fair value of financial asset or other contract with one or more underlyings, notional amount or payment provision or both, and the contract can be net settled by means outside the contract or delivery of an asset, not subject to a master netting arrangement.",
      "available_units": [
        "USD"
      ],
      "data_points_count": 88,
      "latest_value": {
        "value": 3354000000,
        "date": "2024-12-31",
        "fiscal_year": 2024,
        "form": "10-K",
        "filed": "2025-02-21",
        "unit": "USD",
        "type": "annual"
      },
      "date_range": {
        "earliest": "2013-12-31",
        "latest": "2025-06-30"
      }
    },
    "DerivativeAssets": {
      "taxonomy": "us-gaap",
      "label": "Derivative Asset",
      "description": "Fair value, after the effects of master netting arrangements, of a financial asset or other contract with one or more underlyings, notional amount or payment provision or both, and the contract can be net settled by means outside the contract or delivery of an asset. Includes assets not subject to a master netting arrangement and not elected to be offset.",
      "available_units": [
        "USD"
      ],
      "data_points_count": 100,
      "latest_value": {
        "value": 38569000000,
        "date": "2024-12-31",
        "fiscal_year": 2024,
        "form": "10-K",
        "filed": "2025-02-21",
        "unit": "USD",
        "type": "annual"
      },
      "date_range": {
        "earliest": "2012-12-31",
        "latest": "2025-06-30"
      }
    },
    "DerivativeFairValueOfDerivativeAsset": {
      "taxonomy": "us-gaap",
      "label": "Derivative Asset, Fair Value, Gross Asset",
      "description": "Fair value, before effects of master netting arrangements, of a financial asset or other contract with one or more underlyings, notional amount or payment provision or both, and the contract can be net settled by means outside the contract or delivery of an asset. Includes assets elected not to be offset. Excludes assets not subject to a master netting arrangement.",
      "available_units": [
        "USD"
      ],
      "data_points_count": 22,
      "latest_value": {
        "value": 36197000000,
        "date": "2012-12-31",
        "fiscal_year": 2012,
        "form": "10-K",
        "filed": "2013-02-26",
        "unit": "USD",
        "type": "annual"
      },
      "date_range": {
        "earliest": "2009-12-31",
        "latest": "2012-12-31"
      }
    },
    "DerivativeFairValueOfDerivativeAssetAmountOffsetAgainstCollateral": {
      "taxonomy": "us-gaap",
      "label": "Derivative Asset, Fair Value, Amount Offset Against Collateral",
      "description": "Fair value, after effects of master netting arrangements, of financial asset or other contract with one or more underlyings, notional amount or payment provision or both, and the contract can be net settled by means outside the contract or delivery of an asset offset against an obligation to return collateral. Includes assets not subject to a master netting arrangement and not elected to be offset.",
      "available_units": [
        "USD"
      ],
      "data_points_count": 106,
      "latest_value": {
        "value": 20732000000,
        "date": "2024-12-31",
        "fiscal_year": 2024,
        "form": "10-K",
        "filed": "2025-02-21",
        "unit": "USD",
        "type": "annual"
      },
      "date_range": {
        "earliest": "2009-12-31",
        "latest": "2025-06-30"
      }
    },
    "EmbeddedDerivativeFairValueOfEmbeddedDerivativeNet": {
      "taxonomy": "us-gaap",
      "label": "Embedded Derivative, Fair Value of Embedded Derivative, Net",
      "description": "Net fair value as of the balance sheet date of the embedded derivative or group of embedded derivatives classified as assets, net of those classified as liabilities.",
      "available_units": [
        "USD"
      ],
      "data_points_count": 32,
      "latest_value": {
        "value": 10000000,
        "date": "2014-12-31",
        "fiscal_year": 2014,
        "form": "10-K",
        "filed": "2015-03-02",
        "unit": "USD",
        "type": "annual"
      },
      "date_range": {
        "earliest": "2010-12-31",
        "latest": "2015-09-30"
      }
    },
    "ExcessCapitalToRiskWeightedAssets": {
      "taxonomy": "us-gaap",
      "label": "Banking Regulation, Total Risk-Based Capital Ratio, Excess, Actual",
      "description": "Ratio of total risk-based capital to risk-weighted assets exceeding minimum required for capital adequacy as defined by regulatory framework.",
      "available_units": [
        "pure"
      ],
      "data_points_count": 2,
      "latest_value": {
        "value": 0,
        "date": "2011-09-30",
        "fiscal_year": 2011,
        "fiscal_period": "Q3",
        "form": "10-Q",
        "filed": "2011-11-07",
        "unit": "pure",
        "type": "quarterly"
      },
      "date_range": {
        "earliest": "2010-12-31",
        "latest": "2011-09-30"
      }
    },
    "FairValueLevel1ToLevel2TransfersAmount": {
      "taxonomy": "us-gaap",
      "label": "Fair Value, Level 1 to level 2 Transfers, Amount (Deprecated 2012-01-31)",
      "description": "The amount of the transfers of assets or liabilities measured on a recurring basis out of Level 1 of the fair value hierarchy into Level 2.",
      "available_units": [
        "USD"
      ],
      "data_points_count": 1,
      "latest_value": {
        "value": 245000000,
        "date": "2011-12-31",
        "fiscal_year": 2012,
        "form": "10-K",
        "filed": "2013-02-26",
        "unit": "USD",
        "type": "annual"
      },
      "date_range": {
        "earliest": "2011-12-31",
        "latest": "2011-12-31"
      }
    },
    "FiniteLivedIntangibleAssetsAccumulatedAmortization": {
      "taxonomy": "us-gaap",
      "label": "Finite-Lived Intangible Assets, Accumulated Amortization",
      "description": "Accumulated amount of amortization of assets, excluding financial assets and goodwill, lacking physical substance with a finite life.",
      "available_units": [
        "USD"
      ],
      "data_points_count": 132,
      "latest_value": {
        "value": 5445000000,
        "date": "2024-12-31",
        "fiscal_year": 2024,
        "form": "10-K",
        "filed": "2025-02-21",
        "unit": "USD",
        "type": "annual"
      },
      "date_range": {
        "earliest": "2008-11-30",
        "latest": "2025-06-30"
      }
    },
    "FiniteLivedIntangibleAssetsAmortizationExpense": {
      "taxonomy": "us-gaap",
      "label": "Finite-Lived Intangible Assets, Amortization Expense (Deprecated 2012-01-31)",
      "description": "Aggregate amount of intangible asset amortization recognized as expense during the period.",
      "available_units": [
        "USD"
      ],
      "data_points_count": 14,
      "latest_value": {
        "value": 340000000,
        "date": "2012-12-31",
        "fiscal_year": 2012,
        "form": "10-K",
        "filed": "2013-02-26",
        "unit": "USD",
        "type": "annual"
      },
      "date_range": {
        "earliest": "2009-12-31",
        "latest": "2012-12-31"
      }
    },
    "FiniteLivedIntangibleAssetsAmortizationExpenseNextTwelveMonths": {
      "taxonomy": "us-gaap",
      "label": "Finite-Lived Intangible Asset, Expected Amortization, Year One",
      "description": "Amount of amortization for assets, excluding financial assets and goodwill, lacking physical substance with finite life expected to be recognized in next fiscal year following current fiscal year. Excludes interim and annual periods when interim periods are reported from current statement of financial position date (rolling approach).",
      "available_units": [
        "USD"
      ],
      "data_points_count": 9,
      "latest_value": {
        "value": 451000000,
        "date": "2024-12-31",
        "fiscal_year": 2024,
        "form": "10-K",
        "filed": "2025-02-21",
        "unit": "USD",
        "type": "annual"
      },
      "date_range": {
        "earliest": "2013-12-31",
        "latest": "2024-12-31"
      }
    },
    "FiniteLivedIntangibleAssetsAmortizationExpenseYearFive": {
      "taxonomy": "us-gaap",
      "label": "Finite-Lived Intangible Asset, Expected Amortization, Year Five",
      "description": "Amount of amortization for assets, excluding financial assets and goodwill, lacking physical substance with finite life expected to be recognized in fifth fiscal year following current fiscal year. Excludes interim and annual periods when interim periods are reported from current statement of financial position date (rolling approach).",
      "available_units": [
        "USD"
      ],
      "data_points_count": 6,
      "latest_value": {
        "value": 296000000,
        "date": "2018-12-31",
        "fiscal_year": 2018,
        "form": "10-K",
        "filed": "2019-02-26",
        "unit": "USD",
        "type": "annual"
      },
      "date_range": {
        "earliest": "2013-12-31",
        "latest": "2018-12-31"
      }
    },
    "FiniteLivedIntangibleAssetsAmortizationExpenseYearFour": {
      "taxonomy": "us-gaap",
      "label": "Finite-Lived Intangible Asset, Expected Amortization, Year Four",
      "description": "Amount of amortization for assets, excluding financial assets and goodwill, lacking physical substance with finite life expected to be recognized in fourth fiscal year following current fiscal year. Excludes interim and annual periods when interim periods are reported from current statement of financial position date (rolling approach).",
      "available_units": [
        "USD"
      ],
      "data_points_count": 6,
      "latest_value": {
        "value": 296000000,
        "date": "2018-12-31",
        "fiscal_year": 2018,
        "form": "10-K",
        "filed": "2019-02-26",
        "unit": "USD",
        "type": "annual"
      },
      "date_range": {
        "earliest": "2013-12-31",
        "latest": "2018-12-31"
      }
    },
    "FiniteLivedIntangibleAssetsAmortizationExpenseYearThree": {
      "taxonomy": "us-gaap",
      "label": "Finite-Lived Intangible Asset, Expected Amortization, Year Three",
      "description": "Amount of amortization for assets, excluding financial assets and goodwill, lacking physical substance with finite life expected to be recognized in third fiscal year following current fiscal year. Excludes interim and annual periods when interim periods are reported from current statement of financial position date (rolling approach).",
      "available_units": [
        "USD"
      ],
      "data_points_count": 6,
      "latest_value": {
        "value": 296000000,
        "date": "2018-12-31",
        "fiscal_year": 2018,
        "form": "10-K",
        "filed": "2019-02-26",
        "unit": "USD",
        "type": "annual"
      },
      "date_range": {
        "earliest": "2013-12-31",
        "latest": "2018-12-31"
      }
    },
    "FiniteLivedIntangibleAssetsAmortizationExpenseYearTwo": {
      "taxonomy": "us-gaap",
      "label": "Finite-Lived Intangible Asset, Expected Amortization, Year Two",
      "description": "Amount of amortization for assets, excluding financial assets and goodwill, lacking physical substance with finite life expected to be recognized in second fiscal year following current fiscal year. Excludes interim and annual periods when interim periods are reported from current statement of financial position date (rolling approach).",
      "available_units": [
        "USD"
      ],
      "data_points_count": 6,
      "latest_value": {
        "value": 296000000,
        "date": "2018-12-31",
        "fiscal_year": 2018,
        "form": "10-K",
        "filed": "2019-02-26",
        "unit": "USD",
        "type": "annual"
      },
      "date_range": {
        "earliest": "2013-12-31",
        "latest": "2018-12-31"
      }
    },
    "FiniteLivedIntangibleAssetsFairValueDisclosure": {
      "taxonomy": "us-gaap",
      "label": "Finite-lived Intangible Assets, Fair Value Disclosure",
      "description": "Fair value portion of assets, excluding financial assets, that lack physical substance, having a limited useful life.",
      "available_units": [
        "USD"
      ],
      "data_points_count": 60,
      "latest_value": {
        "value": 5000000,
        "date": "2015-12-31",
        "fiscal_year": 2015,
        "form": "10-K",
        "filed": "2016-02-23",
        "unit": "USD",
        "type": "annual"
      },
      "date_range": {
        "earliest": "2008-11-30",
        "latest": "2016-06-30"
      }
    },
    "FiniteLivedIntangibleAssetsGross": {
      "taxonomy": "us-gaap",
      "label": "Finite-Lived Intangible Assets, Gross",
      "description": "Amount before amortization of assets, excluding financial assets and goodwill, lacking physical substance with a finite life.",
      "available_units": [
        "USD"
      ],
      "data_points_count": 30,
      "latest_value": {
        "value": 9786000000,
        "date": "2024-12-31",
        "fiscal_year": 2024,
        "form": "10-K",
        "filed": "2025-02-21",
        "unit": "USD",
        "type": "annual"
      },
      "date_range": {
        "earliest": "2009-12-31",
        "latest": "2024-12-31"
      }
    },
    "FiniteLivedIntangibleAssetsNet": {
      "taxonomy": "us-gaap",
      "label": "Finite-Lived Intangible Assets, Net",
      "description": "Amount after amortization of assets, excluding financial assets and goodwill, lacking physical substance with a finite life.",
      "available_units": [
        "USD"
      ],
      "data_points_count": 69,
      "latest_value": {
        "value": 6453000000,
        "date": "2024-12-31",
        "fiscal_year": 2024,
        "form": "10-K",
        "filed": "2025-02-21",
        "unit": "USD",
        "type": "annual"
      },
      "date_range": {
        "earliest": "2008-12-31",
        "latest": "2024-12-31"
      }
    },
    "FiniteLivedIntangibleAssetsPeriodIncreaseDecrease": {
      "taxonomy": "us-gaap",
      "label": "Finite-Lived Intangible Assets, Period Increase (Decrease)",
      "description": "Amount of increase (decrease) in carrying value of assets, excluding financial assets and goodwill, lacking physical substance with a finite life.",
      "available_units": [
        "USD"
      ],
      "data_points_count": 3,
      "latest_value": {
        "value": 159000000,
        "date": "2016-12-31",
        "fiscal_year": 2016,
        "form": "10-K",
        "filed": "2017-02-27",
        "unit": "USD",
        "type": "annual"
      },
      "date_range": {
        "earliest": "2015-06-30",
        "latest": "2016-12-31"
      }
    },
    "FiniteLivedIntangibleAssetsPurchaseAccountingAdjustments": {
      "taxonomy": "us-gaap",
      "label": "Finite-Lived Intangible Assets, Purchase Accounting Adjustments",
      "description": "Amount of increase (decrease) to assets, excluding financial assets and goodwill, lacking physical substance with a finite life for purchase accounting adjustments.",
      "available_units": [
        "USD"
      ],
      "data_points_count": 1,
      "latest_value": {
        "value": 78000000,
        "date": "2016-12-31",
        "fiscal_year": 2016,
        "form": "10-K",
        "filed": "2017-02-27",
        "unit": "USD",
        "type": "annual"
      },
      "date_range": {
        "earliest": "2016-12-31",
        "latest": "2016-12-31"
      }
    },
    "FinitelivedIntangibleAssetsAcquired1": {
      "taxonomy": "us-gaap",
      "label": "Finite-lived Intangible Assets Acquired",
      "description": "Amount of increase in assets, excluding financial assets, lacking physical substance with a definite life, from an acquisition.",
      "available_units": [
        "USD"
      ],
      "data_points_count": 21,
      "latest_value": {
        "value": 13000000,
        "date": "2024-12-31",
        "fiscal_year": 2024,
        "form": "10-K",
        "filed": "2025-02-21",
        "unit": "USD",
        "type": "annual"
      },
      "date_range": {
        "earliest": "2014-12-31",
        "latest": "2024-12-31"
      }
    },
    "GainLossOnDispositionOfIntangibleAssets": {
      "taxonomy": "us-gaap",
      "label": "Gain (Loss) on Disposition of Intangible Assets",
      "description": "Amount of gain (loss) on sale or disposal of intangible assets.",
      "available_units": [
        "USD"
      ],
      "data_points_count": 2,
      "latest_value": {
        "value": 78000000,
        "date": "2015-12-31",
        "fiscal_year": 2015,
        "form": "10-K",
        "filed": "2016-02-23",
        "unit": "USD",
        "type": "annual"
      },
      "date_range": {
        "earliest": "2015-06-30",
        "latest": "2015-12-31"
      }
    },
    "GainLossOnSecuritizationOfFinancialAssets": {
      "taxonomy": "us-gaap",
      "label": "Gain (Loss) on Securitization of Financial Assets",
      "description": "A gain (loss) realized on a transfer, accounted for as a sale, of all or a portion of financial assets in which the transferor surrenders control and receives consideration other than a beneficial interest in the assets transferred. Reflects the amount of sales proceeds in excess of, or deficient from, the sum of the carrying amounts of transferred financial assets plus transaction costs.",
      "available_units": [
        "USD"
      ],
      "data_points_count": 2,
      "latest_value": {
        "value": 104000000,
        "date": "2009-12-31",
        "fiscal_year": 2011,
        "form": "10-K",
        "filed": "2012-02-27",
        "unit": "USD",
        "type": "annual"
      },
      "date_range": {
        "earliest": "2009-12-31",
        "latest": "2009-12-31"
      }
    },
    "GainsLossesOnSalesOfAssets": {
      "taxonomy": "us-gaap",
      "label": "Gain (Loss) on Disposition of Assets for Financial Service Operations",
      "description": "Amount of gain (loss) on sale or disposal of assets utilized in financial service operations.",
      "available_units": [
        "USD"
      ],
      "data_points_count": 1,
      "latest_value": {
        "value": 141000000,
        "date": "2014-12-31",
        "fiscal_year": 2016,
        "form": "10-K",
        "filed": "2017-02-27",
        "unit": "USD",
        "type": "annual"
      },
      "date_range": {
        "earliest": "2014-12-31",
        "latest": "2014-12-31"
      }
    },
    "Goodwill": {
      "taxonomy": "us-gaap",
      "label": "Goodwill",
      "description": "Amount after accumulated impairment loss of an asset representing future economic benefits arising from other assets acquired in a business combination that are not individually identified and separately recognized.",
      "available_units": [
        "USD"
      ],
      "data_points_count": 147,
      "latest_value": {
        "value": 16706000000,
        "date": "2024-12-31",
        "fiscal_year": 2024,
        "form": "10-K",
        "filed": "2025-02-21",
        "unit": "USD",
        "type": "annual"
      },
      "date_range": {
        "earliest": "2008-11-30",
        "latest": "2025-06-30"
      }
    },
    "GoodwillAcquiredDuringPeriod": {
      "taxonomy": "us-gaap",
      "label": "Goodwill, Acquired During Period",
      "description": "Amount of increase in asset representing future economic benefits arising from other assets acquired in a business combination that are not individually identified and separately recognized resulting from a business combination.",
      "available_units": [
        "USD"
      ],
      "data_points_count": 16,
      "latest_value": {
        "value": 23000000,
        "date": "2024-12-31",
        "fiscal_year": 2024,
        "form": "10-K",
        "filed": "2025-02-21",
        "unit": "USD",
        "type": "annual"
      },
      "date_range": {
        "earliest": "2009-12-31",
        "latest": "2024-12-31"
      }
    },
    "GoodwillGross": {
      "taxonomy": "us-gaap",
      "label": "Goodwill, Gross",
      "description": "Amount before accumulated impairment loss of an asset representing future economic benefits arising from other assets acquired in a business combination that are not individually identified and separately recognized.",
      "available_units": [
        "USD"
      ],
      "data_points_count": 32,
      "latest_value": {
        "value": 7277000000,
        "date": "2016-12-31",
        "fiscal_year": 2016,
        "form": "10-K",
        "filed": "2017-02-27",
        "unit": "USD",
        "type": "annual"
      },
      "date_range": {
        "earliest": "2010-12-31",
        "latest": "2016-12-31"
      }
    },
    "GoodwillImpairedAccumulatedImpairmentLoss": {
      "taxonomy": "us-gaap",
      "label": "Goodwill, Impaired, Accumulated Impairment Loss",
      "description": "Amount of accumulated impairment loss for an asset representing future economic benefits arising from other assets acquired in a business combination that are not individually identified and separately recognized.",
      "available_units": [
        "USD"
      ],
      "data_points_count": 27,
      "latest_value": {
        "value": 700000000,
        "date": "2024-12-31",
        "fiscal_year": 2024,
        "form": "10-K",
        "filed": "2025-02-21",
        "unit": "USD",
        "type": "annual"
      },
      "date_range": {
        "earliest": "2010-12-31",
        "latest": "2024-12-31"
      }
    },
    "GoodwillImpairmentLoss": {
      "taxonomy": "us-gaap",
      "label": "Goodwill, Impairment Loss",
      "description": "Amount of loss from the write-down of an asset representing the future economic benefits arising from other assets acquired in a business combination that are not individually identified and separately recognized.",
      "available_units": [
        "USD"
      ],
      "data_points_count": 13,
      "latest_value": {
        "value": 0,
        "date": "2024-12-31",
        "fiscal_year": 2024,
        "form": "10-K",
        "filed": "2025-02-21",
        "unit": "USD",
        "type": "annual"
      },
      "date_range": {
        "earliest": "2008-12-31",
        "latest": "2024-12-31"
      }
    },
    "GoodwillTranslationAndPurchaseAccountingAdjustments": {
      "taxonomy": "us-gaap",
      "label": "Goodwill, Translation and Purchase Accounting Adjustments",
      "description": "Amount of increase (decrease) from foreign currency translation adjustments and purchase accounting adjustments of an asset representing future economic benefits arising from other assets acquired in a business combination that are not individually identified and separately recognized.",
      "available_units": [
        "USD"
      ],
      "data_points_count": 41,
      "latest_value": {
        "value": -23000000,
        "date": "2024-12-31",
        "fiscal_year": 2024,
        "form": "10-K",
        "filed": "2025-02-21",
        "unit": "USD",
        "type": "annual"
      },
      "date_range": {
        "earliest": "2009-12-31",
        "latest": "2024-12-31"
      }
    },
    "GoodwillWrittenOffRelatedToSaleOfBusinessUnit": {
      "taxonomy": "us-gaap",
      "label": "Goodwill, Written off Related to Sale of Business Unit",
      "description": "Amount of divestiture of an asset representing future economic benefits arising from other assets acquired in a business combination that are not individually identified and separately recognized.",
      "available_units": [
        "USD"
      ],
      "data_points_count": 19,
      "latest_value": {
        "value": 1000000,
        "date": "2024-12-31",
        "fiscal_year": 2024,
        "form": "10-K",
        "filed": "2025-02-21",
        "unit": "USD",
        "type": "annual"
      },
      "date_range": {
        "earliest": "2009-12-31",
        "latest": "2024-12-31"
      }
    },
    "ImpairmentOfIntangibleAssetsFinitelived": {
      "taxonomy": "us-gaap",
      "label": "Impairment of Intangible Assets, Finite-lived",
      "description": "The amount of impairment loss recognized in the period resulting from the write-down of the carrying amount of a finite-lived intangible asset to fair value.",
      "available_units": [
        "USD"
      ],
      "data_points_count": 26,
      "latest_value": {
        "value": 2000000,
        "date": "2016-12-31",
        "fiscal_year": 2016,
        "form": "10-K",
        "filed": "2017-02-27",
        "unit": "USD",
        "type": "annual"
      },
      "date_range": {
        "earliest": "2009-12-31",
        "latest": "2016-12-31"
      }
    },
    "IncreaseDecreaseInReceivables": {
      "taxonomy": "us-gaap",
      "label": "Increase (Decrease) in Receivables",
      "description": "The increase (decrease) during the reporting period in the total amount due within one year (or one operating cycle) from all parties, associated with underlying transactions that are classified as operating activities.",
      "available_units": [
        "USD"
      ],
      "data_points_count": 148,
      "latest_value": {
        "value": 5308000000,
        "date": "2024-12-31",
        "fiscal_year": 2024,
        "form": "10-K",
        "filed": "2025-02-21",
        "unit": "USD",
        "type": "annual"
      },
      "date_range": {
        "earliest": "2007-11-30",
        "latest": "2025-06-30"
      }
    },
    "IndefiniteLivedIntangibleAssets": {
      "taxonomy": "us-gaap",
      "label": "Indefinite-lived Intangible Assets (Deprecated 2012-01-31)",
      "description": "Carrying amount of intangible assets, excluding goodwill, which have a projected indefinite period of benefit (hence are not amortized), allocated to the reportable segment. These assets, acquired either individually or as part of a group of assets, in either an asset acquisition or business combination, are assessed at least annually for impairment. Examples may include trade secrets, contractual rights, trade names, and licensing agreements.",
      "available_units": [
        "USD"
      ],
      "data_points_count": 22,
      "latest_value": {
        "value": 280000000,
        "date": "2011-12-31",
        "fiscal_year": 2012,
        "form": "10-K",
        "filed": "2013-02-26",
        "unit": "USD",
        "type": "annual"
      },
      "date_range": {
        "earliest": "2009-12-31",
        "latest": "2012-06-30"
      }
    },
    "IndefiniteLivedIntangibleAssetsExcludingGoodwill": {
      "taxonomy": "us-gaap",
      "label": "Indefinite-lived Intangible Assets (Excluding Goodwill)",
      "description": "Amount of assets, excluding financial assets and goodwill, lacking physical substance and having a projected indefinite period of benefit.",
      "available_units": [
        "USD"
      ],
      "data_points_count": 9,
      "latest_value": {
        "value": 2112000000,
        "date": "2024-12-31",
        "fiscal_year": 2024,
        "form": "10-K",
        "filed": "2025-02-21",
        "unit": "USD",
        "type": "annual"
      },
      "date_range": {
        "earliest": "2011-12-31",
        "latest": "2024-12-31"
      }
    },
    "IntangibleAssetsNetExcludingGoodwill": {
      "taxonomy": "us-gaap",
      "label": "Intangible Assets, Net (Excluding Goodwill)",
      "description": "Sum of the carrying amounts of all intangible assets, excluding goodwill, as of the balance sheet date, net of accumulated amortization and impairment charges.",
      "available_units": [
        "USD"
      ],
      "data_points_count": 138,
      "latest_value": {
        "value": 6453000000,
        "date": "2024-12-31",
        "fiscal_year": 2024,
        "form": "10-K",
        "filed": "2025-02-21",
        "unit": "USD",
        "type": "annual"
      },
      "date_range": {
        "earliest": "2008-11-30",
        "latest": "2025-06-30"
      }
    },
    "InterestIncomeOther": {
      "taxonomy": "us-gaap",
      "label": "Interest Income, Other",
      "description": "Amount of interest income earned from interest bearing assets classified as other.",
      "available_units": [
        "USD"
      ],
      "data_points_count": 104,
      "latest_value": {
        "value": 8404000000,
        "date": "2024-12-31",
        "fiscal_year": 2024,
        "form": "10-K",
        "filed": "2025-02-21",
        "unit": "USD",
        "type": "annual"
      },
      "date_range": {
        "earliest": "2015-12-31",
        "latest": "2025-06-30"
      }
    },
    "InterestReceivable": {
      "taxonomy": "us-gaap",
      "label": "Interest Receivable",
      "description": "Carrying amount as of the balance sheet date of interest earned but not received. Also called accrued interest or accrued interest receivable.",
      "available_units": [
        "USD"
      ],
      "data_points_count": 44,
      "latest_value": {
        "value": 3322000000,
        "date": "2024-12-31",
        "fiscal_year": 2024,
        "form": "10-K",
        "filed": "2025-02-21",
        "unit": "USD",
        "type": "annual"
      },
      "date_range": {
        "earliest": "2019-12-31",
        "latest": "2025-06-30"
      }
    },
    "LeaseAndRentalExpense": {
      "taxonomy": "us-gaap",
      "label": "Operating Leases, Rent Expense",
      "description": "Amount of rent expense incurred for leased assets, including but not limited to, furniture and equipment, that is not directly or indirectly associated with the manufacture, sale or creation of a product or product line.",
      "available_units": [
        "USD"
      ],
      "data_points_count": 26,
      "latest_value": {
        "value": 753000000,
        "date": "2018-12-31",
        "fiscal_year": 2020,
        "form": "10-K",
        "filed": "2021-02-26",
        "unit": "USD",
        "type": "annual"
      },
      "date_range": {
        "earliest": "2008-11-30",
        "latest": "2018-12-31"
      }
    },
    "Liabilities": {
      "taxonomy": "us-gaap",
      "label": "Liabilities",
      "description": "Sum of the carrying amounts as of the balance sheet date of all liabilities that are recognized. Liabilities are probable future sacrifices of economic benefits arising from present obligations of an entity to transfer assets or provide services to other entities in the future.",
      "available_units": [
        "USD"
      ],
      "data_points_count": 132,
      "latest_value": {
        "value": 1109643000000,
        "date": "2024-12-31",
        "fiscal_year": 2024,
        "form": "10-K",
        "filed": "2025-02-21",
        "unit": "USD",
        "type": "annual"
      },
      "date_range": {
        "earliest": "2008-11-30",
        "latest": "2025-06-30"
      }
    },
    "NoninterestIncome": {
      "taxonomy": "us-gaap",
      "label": "Noninterest Income",
      "description": "The total amount of noninterest income which may be derived from: (1) fees and commissions; (2) premiums earned; (3) insurance policy charges; (4) the sale or disposal of assets; and (5) other sources not otherwise specified.",
      "available_units": [
        "USD"
      ],
      "data_points_count": 302,
      "latest_value": {
        "value": 53150000000,
        "date": "2024-12-31",
        "fiscal_year": 2024,
        "form": "10-K",
        "filed": "2025-02-21",
        "unit": "USD",
        "type": "annual"
      },
      "date_range": {
        "earliest": "2007-11-30",
        "latest": "2025-06-30"
      }
    },
    "OccupancyNet": {
      "taxonomy": "us-gaap",
      "label": "Occupancy, Net",
      "description": "Amount of net occupancy expense that may include items, such as depreciation of facilities and equipment, lease expenses, property taxes and property and casualty insurance expense.",
      "available_units": [
        "USD"
      ],
      "data_points_count": 214,
      "latest_value": {
        "value": 1905000000,
        "date": "2024-12-31",
        "fiscal_year": 2024,
        "form": "10-K",
        "filed": "2025-02-21",
        "unit": "USD",
        "type": "annual"
      },
      "date_range": {
        "earliest": "2007-11-30",
        "latest": "2025-06-30"
      }
    },
    "OperatingLeaseRightOfUseAsset": {
      "taxonomy": "us-gaap",
      "label": "Operating Lease, Right-of-Use Asset",
      "description": "Amount of lessee's right to use underlying asset under operating lease.",
      "available_units": [
        "USD"
      ],
      "data_points_count": 14,
      "latest_value": {
        "value": 4114000000,
        "date": "2024-12-31",
        "fiscal_year": 2024,
        "form": "10-K",
        "filed": "2025-02-21",
        "unit": "USD",
        "type": "annual"
      },
      "date_range": {
        "earliest": "2019-03-31",
        "latest": "2024-12-31"
      }
    },
    "OperatingLeasesFutureMinimumPaymentsDueFutureMinimumSubleaseRentals": {
      "taxonomy": "us-gaap",
      "label": "Operating Leases, Future Minimum Payments Due, Future Minimum Sublease Rentals",
      "description": "Contractually required future rental payments receivable on noncancelable subleasing arrangements.",
      "available_units": [
        "USD"
      ],
      "data_points_count": 8,
      "latest_value": {
        "value": 12000000,
        "date": "2017-12-31",
        "fiscal_year": 2017,
        "form": "10-K",
        "filed": "2018-02-27",
        "unit": "USD",
        "type": "annual"
      },
      "date_range": {
        "earliest": "2010-12-31",
        "latest": "2017-12-31"
      }
    },
    "OtherAssets": {
      "taxonomy": "us-gaap",
      "label": "Other Assets",
      "description": "Amount of assets classified as other.",
      "available_units": [
        "USD"
      ],
      "data_points_count": 132,
      "latest_value": {
        "value": 28228000000,
        "date": "2024-12-31",
        "fiscal_year": 2024,
        "form": "10-K",
        "filed": "2025-02-21",
        "unit": "USD",
        "type": "annual"
      },
      "date_range": {
        "earliest": "2008-11-30",
        "latest": "2025-06-30"
      }
    },
    "OtherComprehensiveIncomeFinalizationOfPensionAndNonPensionPostretirementPlanValuationNetOfTax": {
      "taxonomy": "us-gaap",
      "label": "Other Comprehensive Income (Loss), Finalization of Pension and Non-Pension Postretirement Plan Valuation, Net of Tax (Deprecated 2012-01-31)",
      "description": "After tax gain (loss) adjustment to other comprehensive income resulting from the settlement or curtailment of the entity's defined benefit pension and other postretirement plans. A settlement is defined as a transaction that (a) is an irrevocable action, (b) relieves the employer or plan of a primary responsibility for a pension benefit obligation, and (c) eliminates significant risks related to the obligations and the assets used to effect the settlement. A curtailment is an event that significantly reduces the expected years of future service of present employees or eliminates for a significant number of employees the accrual of defined benefits for some or all of their future services.",
      "available_units": [
        "USD"
      ],
      "data_points_count": 12,
      "latest_value": {
        "value": -28000000,
        "date": "2009-12-31",
        "fiscal_year": 2009,
        "form": "10-K",
        "filed": "2010-02-26",
        "unit": "USD",
        "type": "annual"
      },
      "date_range": {
        "earliest": "2007-11-30",
        "latest": "2009-12-31"
      }
    },
    "OtherReceivables": {
      "taxonomy": "us-gaap",
      "label": "Other Receivables",
      "description": "Amount due from parties in nontrade transactions, classified as other.",
      "available_units": [
        "USD"
      ],
      "data_points_count": 88,
      "latest_value": {
        "value": 86158000000,
        "date": "2024-12-31",
        "fiscal_year": 2024,
        "form": "10-K",
        "filed": "2025-02-21",
        "unit": "USD",
        "type": "annual"
      },
      "date_range": {
        "earliest": "2013-12-31",
        "latest": "2025-06-30"
      }
    },
    "PropertyPlantAndEquipmentNet": {
      "taxonomy": "us-gaap",
      "label": "Property, Plant and Equipment, Net",
      "description": "Amount after accumulated depreciation, depletion and amortization of physical assets used in the normal conduct of business to produce goods and services and not intended for resale. Examples include, but are not limited to, land, buildings, machinery and equipment, office equipment, and furniture and fixtures.",
      "available_units": [
        "USD"
      ],
      "data_points_count": 56,
      "latest_value": {
        "value": 6373000000,
        "date": "2015-12-31",
        "fiscal_year": 2015,
        "form": "10-K",
        "filed": "2016-02-23",
        "unit": "USD",
        "type": "annual"
      },
      "date_range": {
        "earliest": "2008-11-30",
        "latest": "2015-12-31"
      }
    },
    "ReceivablesFromCustomers": {
      "taxonomy": "us-gaap",
      "label": "Receivables from Customers",
      "description": "Amount due from customers for fees and charges arising from transactions related to the entity's brokerage activities and operations.",
      "available_units": [
        "USD"
      ],
      "data_points_count": 18,
      "latest_value": {
        "value": 24000000000,
        "date": "2012-12-31",
        "fiscal_year": 2012,
        "form": "10-K",
        "filed": "2013-02-26",
        "unit": "USD",
        "type": "annual"
      },
      "date_range": {
        "earliest": "2009-12-31",
        "latest": "2012-12-31"
      }
    },
    "RiskWeightedAssets": {
      "taxonomy": "us-gaap",
      "label": "Banking Regulation, Risk-Weighted Assets, Actual",
      "description": "Amount of risk-weighted assets as defined by regulatory framework.",
      "available_units": [
        "USD"
      ],
      "data_points_count": 66,
      "latest_value": {
        "value": 471834000000,
        "date": "2024-12-31",
        "fiscal_year": 2024,
        "form": "10-K",
        "filed": "2025-02-21",
        "unit": "USD",
        "type": "annual"
      },
      "date_range": {
        "earliest": "2012-12-31",
        "latest": "2025-06-30"
      }
    },
    "SeniorNotes": {
      "taxonomy": "us-gaap",
      "label": "Senior Notes",
      "description": "Including the current and noncurrent portions, carrying value as of the balance sheet date of Notes with the highest claim on the assets of the issuer in case of bankruptcy or liquidation (with maturities initially due after one year or beyond the operating cycle if longer). Senior note holders are paid off in full before any payments are made to junior note holders.",
      "available_units": [
        "USD"
      ],
      "data_points_count": 122,
      "latest_value": {
        "value": 270594000000,
        "date": "2024-12-31",
        "fiscal_year": 2024,
        "form": "10-K",
        "filed": "2025-02-21",
        "unit": "USD",
        "type": "annual"
      },
      "date_range": {
        "earliest": "2009-12-31",
        "latest": "2025-06-30"
      }
    },
    "ServicingAssetAtFairValueAmount": {
      "taxonomy": "us-gaap",
      "label": "Servicing Asset at Fair Value, Amount",
      "description": "Fair value of an asset representing net future revenue from contractually specified servicing fees, late charges, and other ancillary revenues, in excess of future costs related to servicing arrangements.",
      "available_units": [
        "USD"
      ],
      "data_points_count": 12,
      "latest_value": {
        "value": 11000000000,
        "date": "2011-12-31",
        "fiscal_year": 2011,
        "form": "10-K",
        "filed": "2012-02-27",
        "unit": "USD",
        "type": "annual"
      },
      "date_range": {
        "earliest": "2009-12-31",
        "latest": "2012-03-31"
      }
    },
    "SeveranceCosts1": {
      "taxonomy": "us-gaap",
      "label": "Severance Costs",
      "description": "Amount of expenses for special or contractual termination benefits provided to current employees involuntarily terminated under a benefit arrangement associated exit or disposal activities pursuant to an authorized plan. Excludes expenses related to one-time termination benefits, a discontinued operation or an asset retirement obligation.",
      "available_units": [
        "USD"
      ],
      "data_points_count": 5,
      "latest_value": {
        "value": 172000000,
        "date": "2019-12-31",
        "fiscal_year": 2019,
        "form": "10-K",
        "filed": "2020-02-27",
        "unit": "USD",
        "type": "annual"
      },
      "date_range": {
        "earliest": "2015-12-31",
        "latest": "2019-12-31"
      }
    },
    "TierOneLeverageCapitalRequiredForCapitalAdequacyToAverageAssets": {
      "taxonomy": "us-gaap",
      "label": "Banking Regulation, Tier One Leverage Capital Ratio, Capital Adequacy, Minimum",
      "description": "Ratio of minimum Tier 1 leverage capital to average assets required for capital adequacy as defined by regulatory framework.",
      "available_units": [
        "pure"
      ],
      "data_points_count": 47,
      "latest_value": {
        "value": 0.04,
        "date": "2024-12-31",
        "fiscal_year": 2024,
        "form": "10-K",
        "filed": "2025-02-21",
        "unit": "pure",
        "type": "annual"
      },
      "date_range": {
        "earliest": "2015-12-31",
        "latest": "2025-06-30"
      }
    },
    "TierOneLeverageCapitalRequiredToBeWellCapitalizedToAverageAssets": {
      "taxonomy": "us-gaap",
      "label": "Banking Regulation, Tier One Leverage Capital Ratio, Well Capitalized, Minimum",
      "description": "Ratio of minimum Tier 1 leverage capital to average assets categorized as well capitalized as defined by regulatory framework for prompt corrective action.",
      "available_units": [
        "pure"
      ],
      "data_points_count": 15,
      "latest_value": {
        "value": 0.05,
        "date": "2013-12-31",
        "fiscal_year": 2013,
        "form": "10-K",
        "filed": "2014-02-25",
        "unit": "pure",
        "type": "annual"
      },
      "date_range": {
        "earliest": "2010-06-30",
        "latest": "2013-12-31"
      }
    },
    "TierOneLeverageCapitalToAverageAssets": {
      "taxonomy": "us-gaap",
      "label": "Banking Regulation, Tier One Leverage Capital Ratio, Actual",
      "description": "Ratio of Tier 1 capital to average assets as defined by regulatory framework.",
      "available_units": [
        "pure"
      ],
      "data_points_count": 84,
      "latest_value": {
        "value": 0.069,
        "date": "2024-12-31",
        "fiscal_year": 2024,
        "form": "10-K",
        "filed": "2025-02-21",
        "unit": "pure",
        "type": "annual"
      },
      "date_range": {
        "earliest": "2009-12-31",
        "latest": "2025-06-30"
      }
    },
    "TierOneRiskBasedCapitalRequiredForCapitalAdequacyToRiskWeightedAssets": {
      "taxonomy": "us-gaap",
      "label": "Banking Regulation, Tier One Risk-Based Capital Ratio, Capital Adequacy, Minimum",
      "description": "Ratio of minimum Tier 1 risk-based capital to risk-weighted assets required for capital adequacy as defined by regulatory framework.",
      "available_units": [
        "pure"
      ],
      "data_points_count": 60,
      "latest_value": {
        "value": 0.15,
        "date": "2024-12-31",
        "fiscal_year": 2024,
        "form": "10-K",
        "filed": "2025-02-21",
        "unit": "pure",
        "type": "annual"
      },
      "date_range": {
        "earliest": "2010-12-31",
        "latest": "2025-06-30"
      }
    },
    "TierOneRiskBasedCapitalRequiredToBeWellCapitalizedToRiskWeightedAssets": {
      "taxonomy": "us-gaap",
      "label": "Banking Regulation, Tier One Risk-Based Capital Ratio, Well Capitalized, Minimum",
      "description": "Ratio of minimum Tier 1 risk-based capital to risk-weighted assets categorized as well capitalized as defined by regulatory framework for prompt corrective action.",
      "available_units": [
        "pure"
      ],
      "data_points_count": 15,
      "latest_value": {
        "value": 0.06,
        "date": "2013-12-31",
        "fiscal_year": 2013,
        "form": "10-K",
        "filed": "2014-02-25",
        "unit": "pure",
        "type": "annual"
      },
      "date_range": {
        "earliest": "2010-06-30",
        "latest": "2013-12-31"
      }
    },
    "TierOneRiskBasedCapitalToRiskWeightedAssets": {
      "taxonomy": "us-gaap",
      "label": "Banking Regulation, Tier One Risk-Based Capital Ratio, Actual",
      "description": "Ratio of Tier 1 risk-based capital to risk-weighted assets as defined by regulatory framework.",
      "available_units": [
        "pure"
      ],
      "data_points_count": 84,
      "latest_value": {
        "value": 0.18,
        "date": "2024-12-31",
        "fiscal_year": 2024,
        "form": "10-K",
        "filed": "2025-02-21",
        "unit": "pure",
        "type": "annual"
      },
      "date_range": {
        "earliest": "2009-12-31",
        "latest": "2025-06-30"
      }
    },
    "TransfersAccountedForAsSecuredBorrowingsAssetsCarryingAmount": {
      "taxonomy": "us-gaap",
      "label": "Transfers Accounted for as Secured Borrowings, Assets, Carrying Amount",
      "description": "Carrying amount of financial assets accounted for as secured borrowings recognized in the transferor's statement of financial position at the end of each period presented.",
      "available_units": [
        "USD"
      ],
      "data_points_count": 24,
      "latest_value": {
        "value": 552000000,
        "date": "2017-12-31",
        "fiscal_year": 2017,
        "form": "10-K",
        "filed": "2018-02-27",
        "unit": "USD",
        "type": "annual"
      },
      "date_range": {
        "earliest": "2014-12-31",
        "latest": "2018-03-31"
      }
    },
    "TransfersAccountedForAsSecuredBorrowingsAssociatedLiabilitiesCarryingAmount": {
      "taxonomy": "us-gaap",
      "label": "Transfers Accounted for as Secured Borrowings, Associated Liabilities, Carrying Amount",
      "description": "Carrying amount of liabilities associated with financial assets accounted for as secured borrowings recognized in the transferor's statement of financial position at the end of each period presented.",
      "available_units": [
        "USD"
      ],
      "data_points_count": 94,
      "latest_value": {
        "value": 10275000000,
        "date": "2024-12-31",
        "fiscal_year": 2024,
        "form": "10-K",
        "filed": "2025-02-21",
        "unit": "USD",
        "type": "annual"
      },
      "date_range": {
        "earliest": "2012-12-31",
        "latest": "2025-06-30"
      }
    },
    "UnrecognizedTaxBenefitsInterestOnIncomeTaxesAccrued": {
      "taxonomy": "us-gaap",
      "label": "Unrecognized Tax Benefits, Interest on Income Taxes Accrued",
      "description": "Amount of interest expense accrued for an underpayment of income taxes.",
      "available_units": [
        "USD"
      ],
      "data_points_count": 14,
      "latest_value": {
        "value": 258000000,
        "date": "2014-12-31",
        "fiscal_year": 2014,
        "form": "10-K",
        "filed": "2015-03-02",
        "unit": "USD",
        "type": "annual"
      },
      "date_range": {
        "earliest": "2009-12-31",
        "latest": "2014-12-31"
      }
    },
    "ValuationAllowanceDeferredTaxAssetChangeInAmount": {
      "taxonomy": "us-gaap",
      "label": "Valuation Allowance, Deferred Tax Asset, Increase (Decrease), Amount",
      "description": "Amount of increase (decrease) in the valuation allowance for a specified deferred tax asset.",
      "available_units": [
        "USD"
      ],
      "data_points_count": 2,
      "latest_value": {
        "value": -4000000,
        "date": "2014-12-31",
        "fiscal_year": 2014,
        "form": "10-K",
        "filed": "2015-03-02",
        "unit": "USD",
        "type": "annual"
      },
      "date_range": {
        "earliest": "2013-12-31",
        "latest": "2014-12-31"
      }
    },
    "VariableInterestEntityConsolidatedCarryingAmountAssets": {
      "taxonomy": "us-gaap",
      "label": "Variable Interest Entity, Consolidated, Carrying Amount, Assets (Deprecated 2020-01-31)",
      "description": "The carrying amount of the consolidated Variable Interest Entity's assets included in the reporting entity's statement of financial position.",
      "available_units": [
        "USD"
      ],
      "data_points_count": 32,
      "latest_value": {
        "value": 1948000000,
        "date": "2019-12-31",
        "fiscal_year": 2019,
        "form": "10-K",
        "filed": "2020-02-27",
        "unit": "USD",
        "type": "annual"
      },
      "date_range": {
        "earliest": "2015-12-31",
        "latest": "2019-12-31"
      }
    },
    "VariableInterestEntityNonconsolidatedCarryingAmountAssets": {
      "taxonomy": "us-gaap",
      "label": "Variable Interest Entity, Nonconsolidated, Carrying Amount, Assets (Deprecated 2020-01-31)",
      "description": "Carrying amount of the assets in the reporting entity's statement of financial position that relate to the reporting entity's variable interest in the Variable Interest Entity (VIE), where the reporting entity is not the VIE's primary beneficiary.",
      "available_units": [
        "USD"
      ],
      "data_points_count": 2,
      "latest_value": {
        "value": 73812000000,
        "date": "2018-09-30",
        "fiscal_year": 2018,
        "fiscal_period": "Q3",
        "form": "10-Q",
        "filed": "2018-11-05",
        "unit": "USD",
        "type": "quarterly"
      },
      "date_range": {
        "earliest": "2017-12-31",
        "latest": "2018-09-30"
      }
    },
    "FiniteLivedIntangibleAssetsAmortizationExpenseRollingYearFive": {
      "taxonomy": "us-gaap",
      "label": "Finite-Lived Intangible Assets, Amortization Expense, Rolling Year Five",
      "description": "Amount of amortization expense for assets, excluding financial assets and goodwill, lacking physical substance with a finite life expected to be recognized in the fifth rolling twelve months following the latest balance sheet. For interim and annual periods when interim periods are reported on a rolling approach, from latest balance sheet date.",
      "available_units": [
        "USD"
      ],
      "data_points_count": 3,
      "latest_value": {
        "value": 333000000,
        "date": "2024-12-31",
        "fiscal_year": 2024,
        "form": "10-K",
        "filed": "2025-02-21",
        "unit": "USD",
        "type": "annual"
      },
      "date_range": {
        "earliest": "2022-12-31",
        "latest": "2024-12-31"
      }
    },
    "FiniteLivedIntangibleAssetsAmortizationExpenseRollingYearFour": {
      "taxonomy": "us-gaap",
      "label": "Finite-Lived Intangible Assets, Amortization Expense, Rolling Year Four",
      "description": "Amount of amortization expense for assets, excluding financial assets and goodwill, lacking physical substance with a finite life expected to be recognized in the fourth rolling twelve months following the latest balance sheet. For interim and annual periods when interim periods are reported on a rolling approach, from latest balance sheet date.",
      "available_units": [
        "USD"
      ],
      "data_points_count": 3,
      "latest_value": {
        "value": 336000000,
        "date": "2024-12-31",
        "fiscal_year": 2024,
        "form": "10-K",
        "filed": "2025-02-21",
        "unit": "USD",
        "type": "annual"
      },
      "date_range": {
        "earliest": "2022-12-31",
        "latest": "2024-12-31"
      }
    },
    "FiniteLivedIntangibleAssetsAmortizationExpenseRollingYearThree": {
      "taxonomy": "us-gaap",
      "label": "Finite-Lived Intangible Assets, Amortization Expense, Rolling Year Three",
      "description": "Amount of amortization expense for assets, excluding financial assets and goodwill, lacking physical substance with a finite life expected to be recognized in the third rolling twelve months following the latest balance sheet. For interim and annual periods when interim periods are reported on a rolling approach, from latest balance sheet date.",
      "available_units": [
        "USD"
      ],
      "data_points_count": 3,
      "latest_value": {
        "value": 340000000,
        "date": "2024-12-31",
        "fiscal_year": 2024,
        "form": "10-K",
        "filed": "2025-02-21",
        "unit": "USD",
        "type": "annual"
      },
      "date_range": {
        "earliest": "2022-12-31",
        "latest": "2024-12-31"
      }
    },
    "FiniteLivedIntangibleAssetsAmortizationExpenseRollingYearTwo": {
      "taxonomy": "us-gaap",
      "label": "Finite-Lived Intangible Assets, Amortization Expense, Rolling Year Two",
      "description": "Amount of amortization expense for assets, excluding financial assets and goodwill, lacking physical substance with a finite life expected to be recognized in the second rolling twelve months following the latest balance sheet. For interim and annual periods when interim periods are reported on a rolling approach, from latest balance sheet date.",
      "available_units": [
        "USD"
      ],
      "data_points_count": 3,
      "latest_value": {
        "value": 343000000,
        "date": "2024-12-31",
        "fiscal_year": 2024,
        "form": "10-K",
        "filed": "2025-02-21",
        "unit": "USD",
        "type": "annual"
      },
      "date_range": {
        "earliest": "2022-12-31",
        "latest": "2024-12-31"
      }
    },
    "HedgedAssetFairValueHedgeLastOfLayerCumulativeIncreaseDecrease": {
      "taxonomy": "us-gaap",
      "label": "Hedged Asset, Fair Value Hedge, Last-of-Layer, Cumulative Increase (Decrease)",
      "description": "Amount of cumulative increase (decrease) in fair value of hedged asset in fair value hedge, attributable to hedged risk, in last-of-layer hedging relationship.",
      "available_units": [
        "USD"
      ],
      "data_points_count": 5,
      "latest_value": {
        "value": -2000000,
        "date": "2024-12-31",
        "fiscal_year": 2024,
        "form": "10-K",
        "filed": "2025-02-21",
        "unit": "USD",
        "type": "annual"
      },
      "date_range": {
        "earliest": "2024-12-31",
        "latest": "2025-06-30"
      }
    }
  }
}