{
  "chunk_metadata": {
    "domain": "public",
    "CIK": "70858",
    "data_type": "SEC",
    "ticker": "BAC",
    "chunk_name": "Operations & Metadata",
    "chunk_id": "operations_metadata",
    "company_name": "Bank of America Corporation",
    "extraction_date": "2025-09-30T11:01:43.493933",
    "metrics_count": 64,
    "total_company_metrics": 0,
    "chunking_strategy": "context_aware_balanced"
  },
  "metrics": {
    "DerivativeNotionalAmount": {
      "taxonomy": "invest",
      "label": "Derivative, Notional Amount",
      "description": "Aggregate notional amount specified by the derivative(s). Expressed as an absolute value.",
      "available_units": [
        "USD"
      ],
      "data_points_count": 26,
      "latest_value": {
        "value": 963801000000,
        "date": "2015-12-31",
        "fiscal_year": 2015,
        "form": "10-K",
        "filed": "2016-02-24",
        "unit": "USD",
        "type": "annual"
      },
      "date_range": {
        "earliest": "2011-12-31",
        "latest": "2015-12-31"
      }
    },
    "CommonStockParOrStatedValuePerShare": {
      "taxonomy": "us-gaap",
      "label": "Common Stock, Par or Stated Value Per Share",
      "description": "Face amount or stated value per share of common stock.",
      "available_units": [
        "USD/shares"
      ],
      "data_points_count": 138,
      "latest_value": {
        "value": 0.01,
        "date": "2024-12-31",
        "fiscal_year": 2024,
        "form": "10-K",
        "filed": "2025-02-25",
        "unit": "USD/shares",
        "type": "annual"
      },
      "date_range": {
        "earliest": "2008-12-31",
        "latest": "2025-06-30"
      }
    },
    "CommonStockSharesAuthorized": {
      "taxonomy": "us-gaap",
      "label": "Common Stock, Shares Authorized",
      "description": "The maximum number of common shares permitted to be issued by an entity's charter and bylaws.",
      "available_units": [
        "shares"
      ],
      "data_points_count": 146,
      "latest_value": {
        "value": 12800000000,
        "date": "2024-12-31",
        "fiscal_year": 2024,
        "form": "10-K",
        "filed": "2025-02-25",
        "unit": "shares",
        "type": "annual"
      },
      "date_range": {
        "earliest": "2008-12-31",
        "latest": "2025-06-30"
      }
    },
    "Communication": {
      "taxonomy": "us-gaap",
      "label": "Communication",
      "description": "The amount of expense incurred in the period for communication, which is the exchange of information by several methods.",
      "available_units": [
        "USD"
      ],
      "data_points_count": 140,
      "latest_value": {
        "value": 699000000,
        "date": "2018-12-31",
        "fiscal_year": 2018,
        "form": "10-K",
        "filed": "2019-02-26",
        "unit": "USD",
        "type": "annual"
      },
      "date_range": {
        "earliest": "2007-12-31",
        "latest": "2018-12-31"
      }
    },
    "CommunicationsAndInformationTechnology": {
      "taxonomy": "us-gaap",
      "label": "Communications and Information Technology",
      "description": "The amount of expense in the period for communications and data processing expense.",
      "available_units": [
        "USD"
      ],
      "data_points_count": 84,
      "latest_value": {
        "value": 7231000000,
        "date": "2024-12-31",
        "fiscal_year": 2024,
        "form": "10-K",
        "filed": "2025-02-25",
        "unit": "USD",
        "type": "annual"
      },
      "date_range": {
        "earliest": "2017-12-31",
        "latest": "2025-06-30"
      }
    },
    "DecreaseInUnrecognizedTaxBenefitsIsReasonablyPossible": {
      "taxonomy": "us-gaap",
      "label": "Decrease in Unrecognized Tax Benefits is Reasonably Possible",
      "description": "Amount of decrease reasonably possible in the next twelve months for the unrecognized tax benefit.",
      "available_units": [
        "USD"
      ],
      "data_points_count": 7,
      "latest_value": {
        "value": 217000000,
        "date": "2024-12-31",
        "fiscal_year": 2024,
        "form": "10-K",
        "filed": "2025-02-25",
        "unit": "USD",
        "type": "annual"
      },
      "date_range": {
        "earliest": "2018-12-31",
        "latest": "2024-12-31"
      }
    },
    "DeferredCompensationArrangementWithIndividualSharesAuthorizedForIssuance": {
      "taxonomy": "us-gaap",
      "label": "Deferred Compensation Arrangement with Individual, Shares Authorized for Issuance",
      "description": "The maximum number of shares authorized for issuance under the deferred compensation arrangement as of the balance sheet date.",
      "available_units": [
        "shares"
      ],
      "data_points_count": 5,
      "latest_value": {
        "value": 100000000,
        "date": "2010-12-31",
        "fiscal_year": 2010,
        "form": "10-K",
        "filed": "2011-02-25",
        "unit": "shares",
        "type": "annual"
      },
      "date_range": {
        "earliest": "2010-03-31",
        "latest": "2011-06-30"
      }
    },
    "DefinedContributionPlanCostRecognized": {
      "taxonomy": "us-gaap",
      "label": "Defined Contribution Plan, Cost",
      "description": "Amount of cost for defined contribution plan.",
      "available_units": [
        "USD"
      ],
      "data_points_count": 42,
      "latest_value": {
        "value": 1300000000,
        "date": "2024-12-31",
        "fiscal_year": 2024,
        "form": "10-K",
        "filed": "2025-02-25",
        "unit": "USD",
        "type": "annual"
      },
      "date_range": {
        "earliest": "2012-12-31",
        "latest": "2024-12-31"
      }
    },
    "EmployeeServiceShareBasedCompensationTaxBenefitFromCompensationExpense": {
      "taxonomy": "us-gaap",
      "label": "Share-based Payment Arrangement, Expense, Tax Benefit",
      "description": "Amount of tax benefit for recognition of expense of award under share-based payment arrangement.",
      "available_units": [
        "USD"
      ],
      "data_points_count": 57,
      "latest_value": {
        "value": 872000000,
        "date": "2024-12-31",
        "fiscal_year": 2024,
        "form": "10-K",
        "filed": "2025-02-25",
        "unit": "USD",
        "type": "annual"
      },
      "date_range": {
        "earliest": "2008-12-31",
        "latest": "2024-12-31"
      }
    },
    "FairValueLiabilitiesLevel1ToLevel2TransfersAmount": {
      "taxonomy": "us-gaap",
      "label": "Fair Value, Liabilities, Level 1 to Level 2 Transfers, Amount",
      "description": "Amount of transfers of liabilities measured on a recurring basis out of Level 1 of the fair value hierarchy into Level 2.",
      "available_units": [
        "USD"
      ],
      "data_points_count": 14,
      "latest_value": {
        "value": 570000000,
        "date": "2014-12-31",
        "fiscal_year": 2015,
        "form": "10-K",
        "filed": "2016-02-24",
        "unit": "USD",
        "type": "annual"
      },
      "date_range": {
        "earliest": "2012-12-31",
        "latest": "2015-09-30"
      }
    },
    "FairValueLiabilitiesLevel2ToLevel1TransfersAmount": {
      "taxonomy": "us-gaap",
      "label": "Fair Value, Liabilities, Level 2 to Level 1 Transfers, Amount",
      "description": "Amount of transfers of liabilities measured on a recurring basis out of Level 2 of the fair value hierarchy into Level 1.",
      "available_units": [
        "USD"
      ],
      "data_points_count": 6,
      "latest_value": {
        "value": 40000000,
        "date": "2012-12-31",
        "fiscal_year": 2013,
        "form": "10-K",
        "filed": "2014-02-25",
        "unit": "USD",
        "type": "annual"
      },
      "date_range": {
        "earliest": "2012-12-31",
        "latest": "2015-09-30"
      }
    },
    "FutureAmortizationExpenseRemainderOfFiscalYear": {
      "taxonomy": "us-gaap",
      "label": "Future Amortization Expense, Remainder of Fiscal Year (Deprecated 2012-01-31)",
      "description": "The amount of amortization expense expected to be recognized during the remainder of the current fiscal year.",
      "available_units": [
        "USD"
      ],
      "data_points_count": 4,
      "latest_value": {
        "value": 310000000,
        "date": "2012-09-30",
        "fiscal_year": 2012,
        "fiscal_period": "Q3",
        "form": "10-Q",
        "filed": "2012-11-02",
        "unit": "USD",
        "type": "quarterly"
      },
      "date_range": {
        "earliest": "2011-09-30",
        "latest": "2012-09-30"
      }
    },
    "FutureAmortizationExpenseYearFive": {
      "taxonomy": "us-gaap",
      "label": "Future Amortization Expense, Year Five (Deprecated 2012-01-31)",
      "description": "The amount of amortization expense expected to be recognized during year five of the five succeeding fiscal years.",
      "available_units": [
        "USD"
      ],
      "data_points_count": 11,
      "latest_value": {
        "value": 770000000,
        "date": "2011-12-31",
        "fiscal_year": 2011,
        "form": "10-K",
        "filed": "2012-02-23",
        "unit": "USD",
        "type": "annual"
      },
      "date_range": {
        "earliest": "2010-06-30",
        "latest": "2012-09-30"
      }
    },
    "FutureAmortizationExpenseYearFour": {
      "taxonomy": "us-gaap",
      "label": "Future Amortization Expense, Year Four (Deprecated 2012-01-31)",
      "description": "The amount of amortization expense expected to be recognized during year four of the five succeeding fiscal years.",
      "available_units": [
        "USD"
      ],
      "data_points_count": 11,
      "latest_value": {
        "value": 870000000,
        "date": "2011-12-31",
        "fiscal_year": 2011,
        "form": "10-K",
        "filed": "2012-02-23",
        "unit": "USD",
        "type": "annual"
      },
      "date_range": {
        "earliest": "2010-06-30",
        "latest": "2012-09-30"
      }
    },
    "FutureAmortizationExpenseYearOne": {
      "taxonomy": "us-gaap",
      "label": "Future Amortization Expense, Year One (Deprecated 2012-01-31)",
      "description": "The amount of amortization expense expected to be recognized during year one of the five succeeding fiscal years.",
      "available_units": [
        "USD"
      ],
      "data_points_count": 11,
      "latest_value": {
        "value": 1300000000,
        "date": "2011-12-31",
        "fiscal_year": 2011,
        "form": "10-K",
        "filed": "2012-02-23",
        "unit": "USD",
        "type": "annual"
      },
      "date_range": {
        "earliest": "2010-06-30",
        "latest": "2012-09-30"
      }
    },
    "FutureAmortizationExpenseYearThree": {
      "taxonomy": "us-gaap",
      "label": "Future Amortization Expense, Year Three (Deprecated 2012-01-31)",
      "description": "The amount of amortization expense expected to be recognized during year three of the five succeeding fiscal years.",
      "available_units": [
        "USD"
      ],
      "data_points_count": 11,
      "latest_value": {
        "value": 1000000000,
        "date": "2011-12-31",
        "fiscal_year": 2011,
        "form": "10-K",
        "filed": "2012-02-23",
        "unit": "USD",
        "type": "annual"
      },
      "date_range": {
        "earliest": "2010-06-30",
        "latest": "2012-09-30"
      }
    },
    "FutureAmortizationExpenseYearTwo": {
      "taxonomy": "us-gaap",
      "label": "Future Amortization Expense, Year Two (Deprecated 2012-01-31)",
      "description": "The amount of amortization expense expected to be recognized during year two of the five succeeding fiscal years.",
      "available_units": [
        "USD"
      ],
      "data_points_count": 11,
      "latest_value": {
        "value": 1100000000,
        "date": "2011-12-31",
        "fiscal_year": 2011,
        "form": "10-K",
        "filed": "2012-02-23",
        "unit": "USD",
        "type": "annual"
      },
      "date_range": {
        "earliest": "2010-06-30",
        "latest": "2012-09-30"
      }
    },
    "IncrementalCommonSharesAttributableToConversionOfPreferredStock": {
      "taxonomy": "us-gaap",
      "label": "Incremental Common Shares Attributable to Dilutive Effect of Conversion of Preferred Stock",
      "description": "Additional shares included in the calculation of diluted EPS as a result of the potentially dilutive effect of convertible preferred stock using the if-converted method.",
      "available_units": [
        "shares"
      ],
      "data_points_count": 2,
      "latest_value": {
        "value": 81000000,
        "date": "2009-12-31",
        "fiscal_year": 2011,
        "form": "10-K",
        "filed": "2012-02-23",
        "unit": "shares",
        "type": "annual"
      },
      "date_range": {
        "earliest": "2009-12-31",
        "latest": "2009-12-31"
      }
    },
    "InformationTechnologyAndDataProcessing": {
      "taxonomy": "us-gaap",
      "label": "Information Technology and Data Processing",
      "description": "The amount of expenses incurred in the period for information technology and data processing products and services.",
      "available_units": [
        "USD"
      ],
      "data_points_count": 140,
      "latest_value": {
        "value": 3222000000,
        "date": "2018-12-31",
        "fiscal_year": 2018,
        "form": "10-K",
        "filed": "2019-02-26",
        "unit": "USD",
        "type": "annual"
      },
      "date_range": {
        "earliest": "2007-12-31",
        "latest": "2018-12-31"
      }
    },
    "LitigationSettlementGross": {
      "taxonomy": "us-gaap",
      "label": "Litigation Settlement, Gross (Deprecated 2013-01-31)",
      "description": "This element represents the gross amount awarded, to be received by, or to be remitted to the entity in settlement of litigation occurring during the period.",
      "available_units": [
        "USD"
      ],
      "data_points_count": 2,
      "latest_value": {
        "value": 8500000000,
        "date": "2011-06-30",
        "fiscal_year": 2011,
        "fiscal_period": "Q2",
        "form": "10-Q",
        "filed": "2011-08-04",
        "unit": "USD",
        "type": "quarterly"
      },
      "date_range": {
        "earliest": "2011-06-30",
        "latest": "2011-06-30"
      }
    },
    "MarketingAndAdvertisingExpense": {
      "taxonomy": "us-gaap",
      "label": "Marketing and Advertising Expense",
      "description": "The total expense recognized in the period for promotion, public relations, and brand or product advertising.",
      "available_units": [
        "USD"
      ],
      "data_points_count": 224,
      "latest_value": {
        "value": 1956000000,
        "date": "2024-12-31",
        "fiscal_year": 2024,
        "form": "10-K",
        "filed": "2025-02-25",
        "unit": "USD",
        "type": "annual"
      },
      "date_range": {
        "earliest": "2007-12-31",
        "latest": "2025-06-30"
      }
    },
    "NewAccountingPronouncementOrChangeInAccountingPrincipleEffectOfAdoptionQuantification": {
      "taxonomy": "us-gaap",
      "label": "New Accounting Pronouncement or Change in Accounting Principle, Effect of Adoption, Quantification (Deprecated 2020-01-31)",
      "description": "Represents the quantification of the effect of adopting the new accounting standard or change in accounting principle expected by the entity to have a significant effect on the entity's financial statements.",
      "available_units": [
        "USD"
      ],
      "data_points_count": 2,
      "latest_value": {
        "value": -6270000000,
        "date": "2010-12-31",
        "fiscal_year": 2011,
        "form": "10-K",
        "filed": "2012-02-23",
        "unit": "USD",
        "type": "annual"
      },
      "date_range": {
        "earliest": "2010-12-31",
        "latest": "2010-12-31"
      }
    },
    "NotionalAmountOfDerivatives": {
      "taxonomy": "us-gaap",
      "label": "Notional Amount of Derivatives (Deprecated 2012-01-31)",
      "description": "Aggregate notional amount of all derivatives. The notional amount relates to a number of currency units, shares, bushels, pounds, or other units specified in a derivative instrument.",
      "available_units": [
        "USD"
      ],
      "data_points_count": 10,
      "latest_value": {
        "value": 1903782000000,
        "date": "2011-12-31",
        "fiscal_year": 2011,
        "form": "10-K",
        "filed": "2012-02-23",
        "unit": "USD",
        "type": "annual"
      },
      "date_range": {
        "earliest": "2010-12-31",
        "latest": "2012-09-30"
      }
    },
    "NumberOfReportableSegments": {
      "taxonomy": "us-gaap",
      "label": "Number of Reportable Segments",
      "description": "Number of segments reported by the entity. A reportable segment is a component of an entity for which there is an accounting requirement to report separate financial information on that component in the entity's financial statements.",
      "available_units": [
        "segments"
      ],
      "data_points_count": 7,
      "latest_value": {
        "value": 5,
        "date": "2013-12-31",
        "fiscal_year": 2013,
        "form": "10-K",
        "filed": "2014-02-25",
        "unit": "segments",
        "type": "annual"
      },
      "date_range": {
        "earliest": "2012-12-31",
        "latest": "2014-06-30"
      }
    },
    "NumberOfStatesInWhichEntityOperates": {
      "taxonomy": "us-gaap",
      "label": "Number of States in which Entity Operates",
      "description": "The number of states the entity operates in as of the balance sheet date.",
      "available_units": [
        "state"
      ],
      "data_points_count": 13,
      "latest_value": {
        "value": 33,
        "date": "2015-12-31",
        "fiscal_year": 2015,
        "form": "10-K",
        "filed": "2016-02-24",
        "unit": "state",
        "type": "annual"
      },
      "date_range": {
        "earliest": "2012-12-31",
        "latest": "2015-12-31"
      }
    },
    "OtherCommitmentsFutureMinimumPaymentsRemainderOfFiscalYear": {
      "taxonomy": "us-gaap",
      "label": "Other Commitment, to be Paid, Remainder of Fiscal Year",
      "description": "Amount of commitment classified as other to be paid in remainder of current fiscal year.",
      "available_units": [
        "USD"
      ],
      "data_points_count": 3,
      "latest_value": {
        "value": 600000000,
        "date": "2018-09-30",
        "fiscal_year": 2018,
        "fiscal_period": "Q3",
        "form": "10-Q",
        "filed": "2018-10-29",
        "unit": "USD",
        "type": "quarterly"
      },
      "date_range": {
        "earliest": "2018-03-31",
        "latest": "2018-09-30"
      }
    },
    "OtherLiabilities": {
      "taxonomy": "us-gaap",
      "label": "Other Liabilities",
      "description": "Amount of liabilities classified as other.",
      "available_units": [
        "USD"
      ],
      "data_points_count": 8,
      "latest_value": {
        "value": 127854000000,
        "date": "2009-12-31",
        "fiscal_year": 2009,
        "form": "10-K",
        "filed": "2010-02-26",
        "unit": "USD",
        "type": "annual"
      },
      "date_range": {
        "earliest": "2008-12-31",
        "latest": "2010-03-31"
      }
    },
    "OtherLiabilitiesFairValueDisclosure": {
      "taxonomy": "us-gaap",
      "label": "Other Liabilities, Fair Value Disclosure",
      "description": "Fair value portion of other liabilities.",
      "available_units": [
        "USD"
      ],
      "data_points_count": 28,
      "latest_value": {
        "value": 11233000000,
        "date": "2013-12-31",
        "fiscal_year": 2013,
        "form": "10-K",
        "filed": "2014-02-25",
        "unit": "USD",
        "type": "annual"
      },
      "date_range": {
        "earliest": "2010-12-31",
        "latest": "2014-06-30"
      }
    },
    "PreferredStockDiscountOnShares": {
      "taxonomy": "us-gaap",
      "label": "Preferred Stock, Discount on Shares",
      "description": "Discount on preferred shares, or any unamortized balance thereof, shown separately as a deduction from the applicable account(s) as circumstances require.",
      "available_units": [
        "USD"
      ],
      "data_points_count": 5,
      "latest_value": {
        "value": 153000000,
        "date": "2013-12-31",
        "fiscal_year": 2013,
        "form": "10-K",
        "filed": "2014-02-25",
        "unit": "USD",
        "type": "annual"
      },
      "date_range": {
        "earliest": "2010-12-31",
        "latest": "2013-12-31"
      }
    },
    "PreferredStockParOrStatedValuePerShare": {
      "taxonomy": "us-gaap",
      "label": "Preferred Stock, Par or Stated Value Per Share",
      "description": "Face amount or stated value per share of preferred stock nonredeemable or redeemable solely at the option of the issuer.",
      "available_units": [
        "USD/shares"
      ],
      "data_points_count": 139,
      "latest_value": {
        "value": 0.01,
        "date": "2024-12-31",
        "fiscal_year": 2024,
        "form": "10-K",
        "filed": "2025-02-25",
        "unit": "USD/shares",
        "type": "annual"
      },
      "date_range": {
        "earliest": "2008-12-31",
        "latest": "2025-06-30"
      }
    },
    "PreferredStockSharesAuthorized": {
      "taxonomy": "us-gaap",
      "label": "Preferred Stock, Shares Authorized",
      "description": "The maximum number of nonredeemable preferred shares (or preferred stock redeemable solely at the option of the issuer) permitted to be issued by an entity's charter and bylaws.",
      "available_units": [
        "shares"
      ],
      "data_points_count": 138,
      "latest_value": {
        "value": 100000000,
        "date": "2024-12-31",
        "fiscal_year": 2024,
        "form": "10-K",
        "filed": "2025-02-25",
        "unit": "shares",
        "type": "annual"
      },
      "date_range": {
        "earliest": "2008-12-31",
        "latest": "2025-06-30"
      }
    },
    "ProfessionalAndContractServicesExpense": {
      "taxonomy": "us-gaap",
      "label": "Professional and Contract Services Expense",
      "description": "Professional and contract service expense includes cost reimbursements for support services related to contracted projects, outsourced management, technical and staff support.",
      "available_units": [
        "USD"
      ],
      "data_points_count": 4,
      "latest_value": {
        "value": 949000000,
        "date": "2009-06-30",
        "fiscal_year": 2009,
        "fiscal_period": "Q2",
        "form": "10-Q",
        "filed": "2009-08-07",
        "unit": "USD",
        "type": "quarterly"
      },
      "date_range": {
        "earliest": "2008-06-30",
        "latest": "2009-06-30"
      }
    },
    "RestructuringReserve": {
      "taxonomy": "us-gaap",
      "label": "Restructuring Reserve",
      "description": "Carrying amount (including both current and noncurrent portions of the accrual) as of the balance sheet date pertaining to a specified type of cost associated with exit from or disposal of business activities or restructuring pursuant to a duly authorized plan.",
      "available_units": [
        "USD"
      ],
      "data_points_count": 40,
      "latest_value": {
        "value": 0,
        "date": "2012-12-31",
        "fiscal_year": 2012,
        "form": "10-K",
        "filed": "2013-02-28",
        "unit": "USD",
        "type": "annual"
      },
      "date_range": {
        "earliest": "2008-12-31",
        "latest": "2012-12-31"
      }
    },
    "SegmentReportingInformationAmortizationExpense": {
      "taxonomy": "us-gaap",
      "label": "Segment Reporting Information, Amortization Expense (Deprecated 2011-01-31)",
      "description": "Amount of amortization expense for the reportable segment.",
      "available_units": [
        "USD"
      ],
      "data_points_count": 13,
      "latest_value": {
        "value": 1731000000,
        "date": "2010-12-31",
        "fiscal_year": 2010,
        "form": "10-K",
        "filed": "2011-02-25",
        "unit": "USD",
        "type": "annual"
      },
      "date_range": {
        "earliest": "2008-12-31",
        "latest": "2011-03-31"
      }
    },
    "ShareBasedCompensationArrangementByShareBasedPaymentAwardFairValueAssumptionsWeightedAverageVolatilityRate": {
      "taxonomy": "us-gaap",
      "label": "Share-based Compensation Arrangement by Share-based Payment Award, Fair Value Assumptions, Weighted Average Volatility Rate",
      "description": "Rate of weighted-average expected volatility for award under share-based payment arrangement.",
      "available_units": [
        "pure"
      ],
      "data_points_count": 1,
      "latest_value": {
        "value": 0.328,
        "date": "2008-12-31",
        "fiscal_year": 2010,
        "form": "10-K",
        "filed": "2011-02-25",
        "unit": "pure",
        "type": "annual"
      },
      "date_range": {
        "earliest": "2008-12-31",
        "latest": "2008-12-31"
      }
    },
    "ShareBasedCompensationArrangementByShareBasedPaymentAwardNumberOfSharesAuthorized": {
      "taxonomy": "us-gaap",
      "label": "Share-based Compensation Arrangement by Share-based Payment Award, Number of Shares Authorized",
      "description": "Number of shares authorized for issuance under share-based payment arrangement.",
      "available_units": [
        "shares"
      ],
      "data_points_count": 14,
      "latest_value": {
        "value": 1800000000,
        "date": "2013-12-31",
        "fiscal_year": 2013,
        "form": "10-K",
        "filed": "2014-02-25",
        "unit": "shares",
        "type": "annual"
      },
      "date_range": {
        "earliest": "2010-12-31",
        "latest": "2014-06-30"
      }
    },
    "ShareBasedCompensationArrangementByShareBasedPaymentAwardOptionsExercisableNumber": {
      "taxonomy": "us-gaap",
      "label": "Share-based Compensation Arrangement by Share-based Payment Award, Options, Exercisable, Number",
      "description": "The number of shares into which fully or partially vested stock options outstanding as of the balance sheet date can be currently converted under the option plan.",
      "available_units": [
        "shares"
      ],
      "data_points_count": 2,
      "latest_value": {
        "value": 88087054,
        "date": "2014-12-31",
        "fiscal_year": 2014,
        "form": "10-K",
        "filed": "2015-02-25",
        "unit": "shares",
        "type": "annual"
      },
      "date_range": {
        "earliest": "2014-12-31",
        "latest": "2014-12-31"
      }
    },
    "ShareBasedCompensationArrangementByShareBasedPaymentAwardOptionsExercisableWeightedAverageExercisePrice": {
      "taxonomy": "us-gaap",
      "label": "Share-based Compensation Arrangement by Share-based Payment Award, Options, Exercisable, Weighted Average Exercise Price",
      "description": "The weighted-average price as of the balance sheet date at which grantees can acquire the shares reserved for issuance on vested portions of options outstanding and currently exercisable under the stock option plan.",
      "available_units": [
        "USD/shares"
      ],
      "data_points_count": 2,
      "latest_value": {
        "value": 48.96,
        "date": "2014-12-31",
        "fiscal_year": 2014,
        "form": "10-K",
        "filed": "2015-02-25",
        "unit": "USD/shares",
        "type": "annual"
      },
      "date_range": {
        "earliest": "2014-12-31",
        "latest": "2014-12-31"
      }
    },
    "ShareBasedCompensationArrangementByShareBasedPaymentAwardOptionsForfeituresInPeriod": {
      "taxonomy": "us-gaap",
      "label": "Share-based Compensation Arrangement by Share-based Payment Award, Options, Forfeitures in Period",
      "description": "The number of shares under options that were cancelled during the reporting period as a result of occurrence of a terminating event specified in contractual agreements pertaining to the stock option plan.",
      "available_units": [
        "shares"
      ],
      "data_points_count": 8,
      "latest_value": {
        "value": 14500000,
        "date": "2018-12-31",
        "fiscal_year": 2018,
        "form": "10-K",
        "filed": "2019-02-26",
        "unit": "shares",
        "type": "annual"
      },
      "date_range": {
        "earliest": "2014-12-31",
        "latest": "2018-12-31"
      }
    },
    "ShareBasedCompensationArrangementByShareBasedPaymentAwardOptionsGrantsInPeriodGross": {
      "taxonomy": "us-gaap",
      "label": "Share-based Compensation Arrangement by Share-based Payment Award, Options, Grants in Period, Gross",
      "description": "Gross number of share options (or share units) granted during the period.",
      "available_units": [
        "shares"
      ],
      "data_points_count": 1,
      "latest_value": {
        "value": 0,
        "date": "2017-12-31",
        "fiscal_year": 2017,
        "form": "10-K",
        "filed": "2018-02-22",
        "unit": "shares",
        "type": "annual"
      },
      "date_range": {
        "earliest": "2017-12-31",
        "latest": "2017-12-31"
      }
    },
    "ShareBasedCompensationArrangementByShareBasedPaymentAwardOptionsOutstandingNumber": {
      "taxonomy": "us-gaap",
      "label": "Share-based Compensation Arrangement by Share-based Payment Award, Options, Outstanding, Number",
      "description": "Number of options outstanding, including both vested and non-vested options.",
      "available_units": [
        "shares"
      ],
      "data_points_count": 16,
      "latest_value": {
        "value": 0,
        "date": "2018-12-31",
        "fiscal_year": 2018,
        "form": "10-K",
        "filed": "2019-02-26",
        "unit": "shares",
        "type": "annual"
      },
      "date_range": {
        "earliest": "2013-12-31",
        "latest": "2018-12-31"
      }
    },
    "ShareBasedCompensationArrangementByShareBasedPaymentAwardOptionsOutstandingWeightedAverageExercisePrice": {
      "taxonomy": "us-gaap",
      "label": "Share-based Compensation Arrangement by Share-based Payment Award, Options, Outstanding, Weighted Average Exercise Price",
      "description": "Weighted average price at which grantees can acquire the shares reserved for issuance under the stock option plan.",
      "available_units": [
        "USD/shares"
      ],
      "data_points_count": 15,
      "latest_value": {
        "value": 43.44,
        "date": "2017-12-31",
        "fiscal_year": 2018,
        "form": "10-K",
        "filed": "2019-02-26",
        "unit": "USD/shares",
        "type": "annual"
      },
      "date_range": {
        "earliest": "2013-12-31",
        "latest": "2017-12-31"
      }
    },
    "ShareBasedCompensationArrangementByShareBasedPaymentAwardOptionsVestedAndExpectedToVestExercisableAggregateIntrinsicValue": {
      "taxonomy": "us-gaap",
      "label": "Share-based Compensation Arrangement by Share-based Payment Award, Options, Vested and Expected to Vest, Exercisable, Aggregate Intrinsic Value",
      "description": "Amount by which current fair value of underlying stock exceeds exercise price of fully vested and expected to vest exercisable or convertible options. Includes, but is not limited to, unvested options for which requisite service period has not been rendered but that are expected to vest based on achievement of performance condition, if forfeitures are recognized when they occur.",
      "available_units": [
        "USD"
      ],
      "data_points_count": 7,
      "latest_value": {
        "value": 0,
        "date": "2017-12-31",
        "fiscal_year": 2017,
        "form": "10-K",
        "filed": "2018-02-22",
        "unit": "USD",
        "type": "annual"
      },
      "date_range": {
        "earliest": "2014-12-31",
        "latest": "2017-12-31"
      }
    },
    "ShareBasedCompensationArrangementsByShareBasedPaymentAwardOptionsExercisesInPeriodWeightedAverageExercisePrice": {
      "taxonomy": "us-gaap",
      "label": "Share-based Compensation Arrangements by Share-based Payment Award, Options, Exercises in Period, Weighted Average Exercise Price",
      "description": "Weighted average price at which option holders acquired shares when converting their stock options into shares.",
      "available_units": [
        "USD/shares"
      ],
      "data_points_count": 1,
      "latest_value": {
        "value": 30.71,
        "date": "2018-12-31",
        "fiscal_year": 2018,
        "form": "10-K",
        "filed": "2019-02-26",
        "unit": "USD/shares",
        "type": "annual"
      },
      "date_range": {
        "earliest": "2018-12-31",
        "latest": "2018-12-31"
      }
    },
    "ShareBasedCompensationArrangementsByShareBasedPaymentAwardOptionsForfeituresInPeriodWeightedAverageExercisePrice": {
      "taxonomy": "us-gaap",
      "label": "Share-based Compensation Arrangements by Share-based Payment Award, Options, Forfeitures in Period, Weighted Average Exercise Price",
      "description": "Weighted average price at which grantees could have acquired the underlying shares with respect to stock options that were terminated.",
      "available_units": [
        "USD/shares"
      ],
      "data_points_count": 8,
      "latest_value": {
        "value": 45.29,
        "date": "2018-12-31",
        "fiscal_year": 2018,
        "form": "10-K",
        "filed": "2019-02-26",
        "unit": "USD/shares",
        "type": "annual"
      },
      "date_range": {
        "earliest": "2014-12-31",
        "latest": "2018-12-31"
      }
    },
    "SignificantChangeInUnrecognizedTaxBenefitsIsReasonablyPossibleAmountOfUnrecordedBenefit": {
      "taxonomy": "us-gaap",
      "label": "Significant Change in Unrecognized Tax Benefits is Reasonably Possible, Amount of Unrecorded Benefit",
      "description": "The amount of the unrecognized tax benefit of a position taken for which it is reasonably possible that the total amount thereof will significantly increase or decrease within twelve months of the balance sheet date.",
      "available_units": [
        "USD"
      ],
      "data_points_count": 13,
      "latest_value": {
        "value": -400000000,
        "date": "2017-12-31",
        "fiscal_year": 2017,
        "form": "10-K",
        "filed": "2018-02-22",
        "unit": "USD",
        "type": "annual"
      },
      "date_range": {
        "earliest": "2010-12-31",
        "latest": "2017-12-31"
      }
    },
    "StockConvertedFromOneClassToAnotherClassValue": {
      "taxonomy": "us-gaap",
      "label": "Stock Converted from One Class to Another Class, Value (Deprecated 2009-01-31)",
      "description": "Value of stock that was converted from one type or class to another during the period. Conversion may be among classes of common or nonredeemable preferred stock or from common stock or nonredeemable preferred stock to nonredeemable preferred stock or common stock, respectively.",
      "available_units": [
        "USD"
      ],
      "data_points_count": 1,
      "latest_value": {
        "value": 0,
        "date": "2009-06-30",
        "fiscal_year": 2009,
        "fiscal_period": "Q2",
        "form": "10-Q",
        "filed": "2009-08-07",
        "unit": "USD",
        "type": "quarterly"
      },
      "date_range": {
        "earliest": "2009-06-30",
        "latest": "2009-06-30"
      }
    },
    "StockIssuedDuringPeriodSharesAcquisitions": {
      "taxonomy": "us-gaap",
      "label": "Stock Issued During Period, Shares, Acquisitions",
      "description": "Number of shares of stock issued during the period pursuant to acquisitions.",
      "available_units": [
        "shares"
      ],
      "data_points_count": 3,
      "latest_value": {
        "value": 1400000000,
        "date": "2009-12-31",
        "fiscal_year": 2010,
        "form": "10-K",
        "filed": "2011-02-25",
        "unit": "shares",
        "type": "annual"
      },
      "date_range": {
        "earliest": "2009-01-31",
        "latest": "2009-12-31"
      }
    },
    "StockIssuedDuringPeriodSharesNewIssues": {
      "taxonomy": "us-gaap",
      "label": "Stock Issued During Period, Shares, New Issues",
      "description": "Number of new stock issued during the period.",
      "available_units": [
        "shares"
      ],
      "data_points_count": 3,
      "latest_value": {
        "value": 1300000000,
        "date": "2009-12-31",
        "fiscal_year": 2010,
        "form": "10-K",
        "filed": "2011-02-25",
        "unit": "shares",
        "type": "annual"
      },
      "date_range": {
        "earliest": "2009-05-31",
        "latest": "2009-12-31"
      }
    },
    "StockIssuedDuringPeriodSharesStockOptionsExercised": {
      "taxonomy": "us-gaap",
      "label": "Share-based Compensation Arrangement by Share-based Payment Award, Options, Exercises in Period",
      "description": "Number of share options (or share units) exercised during the current period.",
      "available_units": [
        "shares"
      ],
      "data_points_count": 1,
      "latest_value": {
        "value": 2100000,
        "date": "2018-12-31",
        "fiscal_year": 2018,
        "form": "10-K",
        "filed": "2019-02-26",
        "unit": "shares",
        "type": "annual"
      },
      "date_range": {
        "earliest": "2018-12-31",
        "latest": "2018-12-31"
      }
    },
    "StockIssuedDuringPeriodValueAcquisitions": {
      "taxonomy": "us-gaap",
      "label": "Stock Issued During Period, Value, Acquisitions",
      "description": "Value of stock issued pursuant to acquisitions during the period.",
      "available_units": [
        "USD"
      ],
      "data_points_count": 12,
      "latest_value": {
        "value": 29109000000,
        "date": "2009-12-31",
        "fiscal_year": 2009,
        "form": "10-K",
        "filed": "2010-02-26",
        "unit": "USD",
        "type": "annual"
      },
      "date_range": {
        "earliest": "2008-09-30",
        "latest": "2009-12-31"
      }
    },
    "StockIssuedDuringPeriodValueEmployeeBenefitPlan": {
      "taxonomy": "us-gaap",
      "label": "Stock Issued During Period, Value, Employee Benefit Plan",
      "description": "Value of shares issued during the period to an employee benefit plan, such as a defined contribution or defined benefit plan.",
      "available_units": [
        "USD"
      ],
      "data_points_count": 26,
      "latest_value": {
        "value": -42000000,
        "date": "2015-12-31",
        "fiscal_year": 2015,
        "form": "10-K",
        "filed": "2016-02-24",
        "unit": "USD",
        "type": "annual"
      },
      "date_range": {
        "earliest": "2012-12-31",
        "latest": "2016-06-30"
      }
    },
    "StockIssuedDuringPeriodValueOther": {
      "taxonomy": "us-gaap",
      "label": "Stock Issued During Period, Value, Other",
      "description": "Value of shares of stock issued attributable to transactions classified as other.",
      "available_units": [
        "USD"
      ],
      "data_points_count": 2,
      "latest_value": {
        "value": 37000000,
        "date": "2013-12-31",
        "fiscal_year": 2014,
        "form": "10-K",
        "filed": "2015-02-25",
        "unit": "USD",
        "type": "annual"
      },
      "date_range": {
        "earliest": "2013-12-31",
        "latest": "2013-12-31"
      }
    },
    "StockIssuedDuringPeriodValueShareBasedCompensation": {
      "taxonomy": "us-gaap",
      "label": "Shares Issued, Value, Share-based Payment Arrangement, after Forfeiture",
      "description": "Value, after forfeiture, of shares issued under share-based payment arrangement. Excludes employee stock ownership plan (ESOP).",
      "available_units": [
        "USD"
      ],
      "data_points_count": 105,
      "latest_value": {
        "value": 2071000000,
        "date": "2024-12-31",
        "fiscal_year": 2024,
        "form": "10-K",
        "filed": "2025-02-25",
        "unit": "USD",
        "type": "annual"
      },
      "date_range": {
        "earliest": "2013-12-31",
        "latest": "2024-12-31"
      }
    },
    "StockRepurchasedAndRetiredDuringPeriodShares": {
      "taxonomy": "us-gaap",
      "label": "Stock Repurchased and Retired During Period, Shares",
      "description": "Number of shares that have been repurchased and retired during the period.",
      "available_units": [
        "shares"
      ],
      "data_points_count": 6,
      "latest_value": {
        "value": 101100000,
        "date": "2014-12-31",
        "fiscal_year": 2015,
        "form": "10-K",
        "filed": "2016-02-24",
        "unit": "shares",
        "type": "annual"
      },
      "date_range": {
        "earliest": "2013-12-31",
        "latest": "2014-12-31"
      }
    },
    "StockRepurchaseProgramAuthorizedAmount1": {
      "taxonomy": "us-gaap",
      "label": "Stock Repurchase Program, Authorized Amount",
      "description": "Amount of stock repurchase plan authorized.",
      "available_units": [
        "USD"
      ],
      "data_points_count": 5,
      "latest_value": {
        "value": 2500000000,
        "date": "2019-02-07",
        "fiscal_year": 2019,
        "form": "10-K",
        "filed": "2020-02-19",
        "unit": "USD",
        "type": "annual"
      },
      "date_range": {
        "earliest": "2017-12-05",
        "latest": "2019-02-07"
      }
    },
    "UnrecognizedTaxBenefits": {
      "taxonomy": "us-gaap",
      "label": "Unrecognized Tax Benefits",
      "description": "Amount of unrecognized tax benefits.",
      "available_units": [
        "USD"
      ],
      "data_points_count": 78,
      "latest_value": {
        "value": 684000000,
        "date": "2024-12-31",
        "fiscal_year": 2024,
        "form": "10-K",
        "filed": "2025-02-25",
        "unit": "USD",
        "type": "annual"
      },
      "date_range": {
        "earliest": "2007-12-31",
        "latest": "2024-12-31"
      }
    },
    "UnrecognizedTaxBenefitsDecreasesResultingFromPriorPeriodTaxPositions": {
      "taxonomy": "us-gaap",
      "label": "Unrecognized Tax Benefits, Decrease Resulting from Prior Period Tax Positions",
      "description": "Amount of decrease in unrecognized tax benefits resulting from tax positions taken in prior period tax returns.",
      "available_units": [
        "USD"
      ],
      "data_points_count": 57,
      "latest_value": {
        "value": 134000000,
        "date": "2024-12-31",
        "fiscal_year": 2024,
        "form": "10-K",
        "filed": "2025-02-25",
        "unit": "USD",
        "type": "annual"
      },
      "date_range": {
        "earliest": "2008-12-31",
        "latest": "2024-12-31"
      }
    },
    "UnrecognizedTaxBenefitsDecreasesResultingFromSettlementsWithTaxingAuthorities": {
      "taxonomy": "us-gaap",
      "label": "Unrecognized Tax Benefits, Decrease Resulting from Settlements with Taxing Authorities",
      "description": "Amount of decrease in unrecognized tax benefits resulting from settlements with taxing authorities.",
      "available_units": [
        "USD"
      ],
      "data_points_count": 57,
      "latest_value": {
        "value": 62000000,
        "date": "2024-12-31",
        "fiscal_year": 2024,
        "form": "10-K",
        "filed": "2025-02-25",
        "unit": "USD",
        "type": "annual"
      },
      "date_range": {
        "earliest": "2008-12-31",
        "latest": "2024-12-31"
      }
    },
    "UnrecognizedTaxBenefitsIncreasesResultingFromCurrentPeriodTaxPositions": {
      "taxonomy": "us-gaap",
      "label": "Unrecognized Tax Benefits, Increase Resulting from Current Period Tax Positions",
      "description": "Amount of increase in unrecognized tax benefits resulting from tax positions that have been or will be taken in current period tax return.",
      "available_units": [
        "USD"
      ],
      "data_points_count": 57,
      "latest_value": {
        "value": 55000000,
        "date": "2024-12-31",
        "fiscal_year": 2024,
        "form": "10-K",
        "filed": "2025-02-25",
        "unit": "USD",
        "type": "annual"
      },
      "date_range": {
        "earliest": "2008-12-31",
        "latest": "2024-12-31"
      }
    },
    "UnrecognizedTaxBenefitsIncreasesResultingFromPriorPeriodTaxPositions": {
      "taxonomy": "us-gaap",
      "label": "Unrecognized Tax Benefits, Increase Resulting from Prior Period Tax Positions",
      "description": "Amount of increase in unrecognized tax benefits resulting from tax positions taken in prior period tax returns.",
      "available_units": [
        "USD"
      ],
      "data_points_count": 57,
      "latest_value": {
        "value": 39000000,
        "date": "2024-12-31",
        "fiscal_year": 2024,
        "form": "10-K",
        "filed": "2025-02-25",
        "unit": "USD",
        "type": "annual"
      },
      "date_range": {
        "earliest": "2008-12-31",
        "latest": "2024-12-31"
      }
    },
    "UnrecognizedTaxBenefitsReductionsResultingFromLapseOfApplicableStatuteOfLimitations": {
      "taxonomy": "us-gaap",
      "label": "Unrecognized Tax Benefits, Reduction Resulting from Lapse of Applicable Statute of Limitations",
      "description": "Amount of decrease in unrecognized tax benefits resulting from lapses of applicable statutes of limitations.",
      "available_units": [
        "USD"
      ],
      "data_points_count": 57,
      "latest_value": {
        "value": 25000000,
        "date": "2024-12-31",
        "fiscal_year": 2024,
        "form": "10-K",
        "filed": "2025-02-25",
        "unit": "USD",
        "type": "annual"
      },
      "date_range": {
        "earliest": "2008-12-31",
        "latest": "2024-12-31"
      }
    },
    "UnrecognizedTaxBenefitsThatWouldImpactEffectiveTaxRate": {
      "taxonomy": "us-gaap",
      "label": "Unrecognized Tax Benefits that Would Impact Effective Tax Rate",
      "description": "The total amount of unrecognized tax benefits that, if recognized, would affect the effective tax rate.",
      "available_units": [
        "USD"
      ],
      "data_points_count": 58,
      "latest_value": {
        "value": 573000000,
        "date": "2024-12-31",
        "fiscal_year": 2024,
        "form": "10-K",
        "filed": "2025-02-25",
        "unit": "USD",
        "type": "annual"
      },
      "date_range": {
        "earliest": "2008-12-31",
        "latest": "2024-12-31"
      }
    },
    "WeightedAverageNumberDilutedSharesOutstandingAdjustment": {
      "taxonomy": "us-gaap",
      "label": "Weighted Average Number Diluted Shares Outstanding Adjustment",
      "description": "The sum of dilutive potential common shares or units used in the calculation of the diluted per-share or per-unit computation.",
      "available_units": [
        "shares"
      ],
      "data_points_count": 202,
      "latest_value": {
        "value": 80300000,
        "date": "2024-12-31",
        "fiscal_year": 2024,
        "form": "10-K",
        "filed": "2025-02-25",
        "unit": "shares",
        "type": "annual"
      },
      "date_range": {
        "earliest": "2008-12-31",
        "latest": "2025-06-30"
      }
    }
  }
}