{
  "chunk_metadata": {
    "domain": "public",
    "CIK": "316709",
    "data_type": "SEC",
    "ticker": "SCHW",
    "chunk_name": "Operations & Metadata",
    "chunk_id": "operations_metadata",
    "company_name": "SCHWAB CHARLES CORP",
    "extraction_date": "2025-09-30T11:01:44.151461",
    "metrics_count": 60,
    "total_company_metrics": 0,
    "chunking_strategy": "context_aware_balanced"
  },
  "metrics": {
    "CommonStockParOrStatedValuePerShare": {
      "taxonomy": "us-gaap",
      "label": "Common Stock, Par or Stated Value Per Share",
      "description": "Face amount or stated value per share of common stock.",
      "available_units": [
        "USD/shares"
      ],
      "data_points_count": 112,
      "latest_value": {
        "value": 0.01,
        "date": "2021-12-31",
        "fiscal_year": 2021,
        "form": "10-K",
        "filed": "2022-02-24",
        "unit": "USD/shares",
        "type": "annual"
      },
      "date_range": {
        "earliest": "2008-12-31",
        "latest": "2022-03-31"
      }
    },
    "CommonStockSharesAuthorized": {
      "taxonomy": "us-gaap",
      "label": "Common Stock, Shares Authorized",
      "description": "The maximum number of common shares permitted to be issued by an entity's charter and bylaws.",
      "available_units": [
        "shares"
      ],
      "data_points_count": 106,
      "latest_value": {
        "value": 3000000000,
        "date": "2021-12-31",
        "fiscal_year": 2021,
        "form": "10-K",
        "filed": "2022-02-24",
        "unit": "shares",
        "type": "annual"
      },
      "date_range": {
        "earliest": "2008-12-31",
        "latest": "2022-03-31"
      }
    },
    "Communication": {
      "taxonomy": "us-gaap",
      "label": "Communication",
      "description": "The amount of expense incurred in the period for communication, which is the exchange of information by several methods.",
      "available_units": [
        "USD"
      ],
      "data_points_count": 215,
      "latest_value": {
        "value": 591000000,
        "date": "2024-12-31",
        "fiscal_year": 2024,
        "form": "10-K",
        "filed": "2025-02-26",
        "unit": "USD",
        "type": "annual"
      },
      "date_range": {
        "earliest": "2007-12-31",
        "latest": "2025-06-30"
      }
    },
    "ConstructionInProgressGross": {
      "taxonomy": "us-gaap",
      "label": "Construction in Progress, Gross",
      "description": "Amount of structure or a modification to a structure under construction. Includes recently completed structures or modifications to structures that have not been placed into service.",
      "available_units": [
        "USD"
      ],
      "data_points_count": 8,
      "latest_value": {
        "value": 7000000,
        "date": "2012-12-31",
        "fiscal_year": 2012,
        "form": "10-K",
        "filed": "2013-02-22",
        "unit": "USD",
        "type": "annual"
      },
      "date_range": {
        "earliest": "2009-12-31",
        "latest": "2012-12-31"
      }
    },
    "DefinedBenefitPlanAssumptionsUsedCalculatingNetPeriodicBenefitCostRateOfCompensationIncrease": {
      "taxonomy": "us-gaap",
      "label": "Defined Benefit Plan, Assumptions Used Calculating Net Periodic Benefit Cost, Rate of Compensation Increase",
      "description": "Weighted average rate of compensation increase used to determine net periodic benefit cost of defined benefit plan. Plan includes, but is not limited to, pay-related defined benefit plan.",
      "available_units": [
        "pure"
      ],
      "data_points_count": 6,
      "latest_value": {
        "value": 0.03,
        "date": "2017-12-31",
        "fiscal_year": 2017,
        "form": "10-K",
        "filed": "2018-02-22",
        "unit": "pure",
        "type": "annual"
      },
      "date_range": {
        "earliest": "2014-12-31",
        "latest": "2017-12-31"
      }
    },
    "DefinedBenefitPlanServiceCost": {
      "taxonomy": "us-gaap",
      "label": "Defined Benefit Plan, Service Cost",
      "description": "Amount of cost for actuarial present value of benefits attributed to service rendered by employee for defined benefit plan.",
      "available_units": [
        "USD"
      ],
      "data_points_count": 3,
      "latest_value": {
        "value": 8000000,
        "date": "2017-12-31",
        "fiscal_year": 2017,
        "form": "10-K",
        "filed": "2018-02-22",
        "unit": "USD",
        "type": "annual"
      },
      "date_range": {
        "earliest": "2015-12-31",
        "latest": "2017-12-31"
      }
    },
    "DefinedContributionPlanCostRecognized": {
      "taxonomy": "us-gaap",
      "label": "Defined Contribution Plan, Cost",
      "description": "Amount of cost for defined contribution plan.",
      "available_units": [
        "USD"
      ],
      "data_points_count": 36,
      "latest_value": {
        "value": 219000000,
        "date": "2024-12-31",
        "fiscal_year": 2024,
        "form": "10-K",
        "filed": "2025-02-26",
        "unit": "USD",
        "type": "annual"
      },
      "date_range": {
        "earliest": "2011-12-31",
        "latest": "2024-12-31"
      }
    },
    "EmployeeServiceShareBasedCompensationNonvestedAwardsTotalCompensationCostNotYetRecognized": {
      "taxonomy": "us-gaap",
      "label": "Share-based Payment Arrangement, Nonvested Award, Cost Not yet Recognized, Amount",
      "description": "Amount of cost not yet recognized for nonvested award under share-based payment arrangement.",
      "available_units": [
        "USD"
      ],
      "data_points_count": 15,
      "latest_value": {
        "value": 332000000,
        "date": "2024-12-31",
        "fiscal_year": 2024,
        "form": "10-K",
        "filed": "2025-02-26",
        "unit": "USD",
        "type": "annual"
      },
      "date_range": {
        "earliest": "2011-12-31",
        "latest": "2024-12-31"
      }
    },
    "EmployeeServiceShareBasedCompensationTaxBenefitFromCompensationExpense": {
      "taxonomy": "us-gaap",
      "label": "Share-based Payment Arrangement, Expense, Tax Benefit",
      "description": "Amount of tax benefit for recognition of expense of award under share-based payment arrangement.",
      "available_units": [
        "USD"
      ],
      "data_points_count": 48,
      "latest_value": {
        "value": 80000000,
        "date": "2024-12-31",
        "fiscal_year": 2024,
        "form": "10-K",
        "filed": "2025-02-26",
        "unit": "USD",
        "type": "annual"
      },
      "date_range": {
        "earliest": "2008-12-31",
        "latest": "2024-12-31"
      }
    },
    "EmployeeStockOwnershipPlanESOPCompensationExpense": {
      "taxonomy": "us-gaap",
      "label": "Employee Stock Ownership Plan (ESOP), Compensation Expense",
      "description": "The amount of plan compensation cost recognized during the period.",
      "available_units": [
        "USD"
      ],
      "data_points_count": 12,
      "latest_value": {
        "value": 3000000,
        "date": "2012-12-31",
        "fiscal_year": 2012,
        "form": "10-K",
        "filed": "2013-02-22",
        "unit": "USD",
        "type": "annual"
      },
      "date_range": {
        "earliest": "2008-12-31",
        "latest": "2012-12-31"
      }
    },
    "FutureAmortizationExpenseYearFive": {
      "taxonomy": "us-gaap",
      "label": "Future Amortization Expense, Year Five (Deprecated 2012-01-31)",
      "description": "The amount of amortization expense expected to be recognized during year five of the five succeeding fiscal years.",
      "available_units": [
        "USD"
      ],
      "data_points_count": 2,
      "latest_value": {
        "value": 34000000,
        "date": "2011-12-31",
        "fiscal_year": 2011,
        "form": "10-K",
        "filed": "2012-02-24",
        "unit": "USD",
        "type": "annual"
      },
      "date_range": {
        "earliest": "2011-09-30",
        "latest": "2011-12-31"
      }
    },
    "FutureAmortizationExpenseYearFour": {
      "taxonomy": "us-gaap",
      "label": "Future Amortization Expense, Year Four (Deprecated 2012-01-31)",
      "description": "The amount of amortization expense expected to be recognized during year four of the five succeeding fiscal years.",
      "available_units": [
        "USD"
      ],
      "data_points_count": 2,
      "latest_value": {
        "value": 36000000,
        "date": "2011-12-31",
        "fiscal_year": 2011,
        "form": "10-K",
        "filed": "2012-02-24",
        "unit": "USD",
        "type": "annual"
      },
      "date_range": {
        "earliest": "2011-09-30",
        "latest": "2011-12-31"
      }
    },
    "FutureAmortizationExpenseYearOne": {
      "taxonomy": "us-gaap",
      "label": "Future Amortization Expense, Year One (Deprecated 2012-01-31)",
      "description": "The amount of amortization expense expected to be recognized during year one of the five succeeding fiscal years.",
      "available_units": [
        "USD"
      ],
      "data_points_count": 2,
      "latest_value": {
        "value": 47000000,
        "date": "2011-12-31",
        "fiscal_year": 2011,
        "form": "10-K",
        "filed": "2012-02-24",
        "unit": "USD",
        "type": "annual"
      },
      "date_range": {
        "earliest": "2011-09-30",
        "latest": "2011-12-31"
      }
    },
    "FutureAmortizationExpenseYearThree": {
      "taxonomy": "us-gaap",
      "label": "Future Amortization Expense, Year Three (Deprecated 2012-01-31)",
      "description": "The amount of amortization expense expected to be recognized during year three of the five succeeding fiscal years.",
      "available_units": [
        "USD"
      ],
      "data_points_count": 2,
      "latest_value": {
        "value": 39000000,
        "date": "2011-12-31",
        "fiscal_year": 2011,
        "form": "10-K",
        "filed": "2012-02-24",
        "unit": "USD",
        "type": "annual"
      },
      "date_range": {
        "earliest": "2011-09-30",
        "latest": "2011-12-31"
      }
    },
    "FutureAmortizationExpenseYearTwo": {
      "taxonomy": "us-gaap",
      "label": "Future Amortization Expense, Year Two (Deprecated 2012-01-31)",
      "description": "The amount of amortization expense expected to be recognized during year two of the five succeeding fiscal years.",
      "available_units": [
        "USD"
      ],
      "data_points_count": 2,
      "latest_value": {
        "value": 42000000,
        "date": "2011-12-31",
        "fiscal_year": 2011,
        "form": "10-K",
        "filed": "2012-02-24",
        "unit": "USD",
        "type": "annual"
      },
      "date_range": {
        "earliest": "2011-09-30",
        "latest": "2011-12-31"
      }
    },
    "MarketingAndAdvertisingExpense": {
      "taxonomy": "us-gaap",
      "label": "Marketing and Advertising Expense",
      "description": "The total expense recognized in the period for promotion, public relations, and brand or product advertising.",
      "available_units": [
        "USD"
      ],
      "data_points_count": 215,
      "latest_value": {
        "value": 397000000,
        "date": "2024-12-31",
        "fiscal_year": 2024,
        "form": "10-K",
        "filed": "2025-02-26",
        "unit": "USD",
        "type": "annual"
      },
      "date_range": {
        "earliest": "2007-12-31",
        "latest": "2025-06-30"
      }
    },
    "NumberOfReportableSegments": {
      "taxonomy": "us-gaap",
      "label": "Number of Reportable Segments",
      "description": "Number of segments reported by the entity. A reportable segment is a component of an entity for which there is an accounting requirement to report separate financial information on that component in the entity's financial statements.",
      "available_units": [
        "Segment",
        "segment",
        "reportable_segment"
      ],
      "data_points_count": 61,
      "latest_value": {
        "value": 2,
        "date": "2012-12-31",
        "fiscal_year": 2012,
        "form": "10-K",
        "filed": "2013-02-22",
        "unit": "Segment",
        "type": "annual"
      },
      "date_range": {
        "earliest": "2012-06-30",
        "latest": "2025-06-30"
      }
    },
    "NumberOfStatesInWhichEntityOperates": {
      "taxonomy": "us-gaap",
      "label": "Number of States in which Entity Operates",
      "description": "The number of states the entity operates in as of the balance sheet date.",
      "available_units": [
        "Location",
        "State",
        "state"
      ],
      "data_points_count": 34,
      "latest_value": {
        "value": 45,
        "date": "2011-09-30",
        "fiscal_year": 2011,
        "fiscal_period": "Q3",
        "form": "10-Q",
        "filed": "2011-11-07",
        "unit": "Location",
        "type": "quarterly"
      },
      "date_range": {
        "earliest": "2011-06-30",
        "latest": "2024-12-31"
      }
    },
    "OtherExpenses": {
      "taxonomy": "us-gaap",
      "label": "Other Expenses",
      "description": "Amount of expense classified as other.",
      "available_units": [
        "USD"
      ],
      "data_points_count": 215,
      "latest_value": {
        "value": 937000000,
        "date": "2024-12-31",
        "fiscal_year": 2024,
        "form": "10-K",
        "filed": "2025-02-26",
        "unit": "USD",
        "type": "annual"
      },
      "date_range": {
        "earliest": "2007-12-31",
        "latest": "2025-06-30"
      }
    },
    "PreferredStockLiquidationPreference": {
      "taxonomy": "us-gaap",
      "label": "Preferred Stock, Liquidation Preference Per Share",
      "description": "The per share liquidation preference (or restrictions) of nonredeemable preferred stock (or preferred stock redeemable solely at the option of the issuer) that has a preference in involuntary liquidation considerably in excess of the par or stated value of the shares. The liquidation preference is the difference between the preference in liquidation and the par or stated values of the share.",
      "available_units": [
        "USD/shares"
      ],
      "data_points_count": 1,
      "latest_value": {
        "value": 1000,
        "date": "2020-04-30",
        "fiscal_year": 2020,
        "fiscal_period": "Q2",
        "form": "10-Q",
        "filed": "2020-08-07",
        "unit": "USD/shares",
        "type": "quarterly"
      },
      "date_range": {
        "earliest": "2020-04-30",
        "latest": "2020-04-30"
      }
    },
    "PreferredStockLiquidationPreferenceValue": {
      "taxonomy": "us-gaap",
      "label": "Preferred Stock, Liquidation Preference, Value",
      "description": "Value of the difference between preference in liquidation and the par or stated values of the preferred shares.",
      "available_units": [
        "USD"
      ],
      "data_points_count": 108,
      "latest_value": {
        "value": 9329000000,
        "date": "2024-12-31",
        "fiscal_year": 2024,
        "form": "10-K",
        "filed": "2025-02-26",
        "unit": "USD",
        "type": "annual"
      },
      "date_range": {
        "earliest": "2011-12-31",
        "latest": "2025-06-30"
      }
    },
    "PreferredStockParOrStatedValuePerShare": {
      "taxonomy": "us-gaap",
      "label": "Preferred Stock, Par or Stated Value Per Share",
      "description": "Face amount or stated value per share of preferred stock nonredeemable or redeemable solely at the option of the issuer.",
      "available_units": [
        "USD/shares"
      ],
      "data_points_count": 132,
      "latest_value": {
        "value": 0.01,
        "date": "2024-12-31",
        "fiscal_year": 2024,
        "form": "10-K",
        "filed": "2025-02-26",
        "unit": "USD/shares",
        "type": "annual"
      },
      "date_range": {
        "earliest": "2008-12-31",
        "latest": "2025-06-30"
      }
    },
    "PreferredStockSharesAuthorized": {
      "taxonomy": "us-gaap",
      "label": "Preferred Stock, Shares Authorized",
      "description": "The maximum number of nonredeemable preferred shares (or preferred stock redeemable solely at the option of the issuer) permitted to be issued by an entity's charter and bylaws.",
      "available_units": [
        "shares"
      ],
      "data_points_count": 56,
      "latest_value": {
        "value": 9940000,
        "date": "2024-12-31",
        "fiscal_year": 2024,
        "form": "10-K",
        "filed": "2025-02-26",
        "unit": "shares",
        "type": "annual"
      },
      "date_range": {
        "earliest": "2008-12-31",
        "latest": "2024-12-31"
      }
    },
    "RestructuringAndRelatedCostCostIncurredToDate1": {
      "taxonomy": "us-gaap",
      "label": "Restructuring and Related Cost, Cost Incurred to Date",
      "description": "Amount of costs incurred to date for the specified restructuring cost.",
      "available_units": [
        "USD"
      ],
      "data_points_count": 2,
      "latest_value": {
        "value": 285000000,
        "date": "2021-09-30",
        "fiscal_year": 2021,
        "fiscal_period": "Q3",
        "form": "10-Q",
        "filed": "2021-11-08",
        "unit": "USD",
        "type": "quarterly"
      },
      "date_range": {
        "earliest": "2021-06-30",
        "latest": "2021-09-30"
      }
    },
    "RestructuringReserve": {
      "taxonomy": "us-gaap",
      "label": "Restructuring Reserve",
      "description": "Carrying amount (including both current and noncurrent portions of the accrual) as of the balance sheet date pertaining to a specified type of cost associated with exit from or disposal of business activities or restructuring pursuant to a duly authorized plan.",
      "available_units": [
        "USD"
      ],
      "data_points_count": 28,
      "latest_value": {
        "value": 46000000,
        "date": "2022-12-31",
        "fiscal_year": 2022,
        "form": "10-K",
        "filed": "2023-02-24",
        "unit": "USD",
        "type": "annual"
      },
      "date_range": {
        "earliest": "2019-12-31",
        "latest": "2023-06-30"
      }
    },
    "ShareBasedCompensationArrangementByShareBasedPaymentAwardFairValueAssumptionsWeightedAverageVolatilityRate": {
      "taxonomy": "us-gaap",
      "label": "Share-based Compensation Arrangement by Share-based Payment Award, Fair Value Assumptions, Weighted Average Volatility Rate",
      "description": "Rate of weighted-average expected volatility for award under share-based payment arrangement.",
      "available_units": [
        "pure"
      ],
      "data_points_count": 48,
      "latest_value": {
        "value": 0.3,
        "date": "2024-12-31",
        "fiscal_year": 2024,
        "form": "10-K",
        "filed": "2025-02-26",
        "unit": "pure",
        "type": "annual"
      },
      "date_range": {
        "earliest": "2008-12-31",
        "latest": "2024-12-31"
      }
    },
    "ShareBasedCompensationArrangementByShareBasedPaymentAwardNumberOfSharesAuthorized": {
      "taxonomy": "us-gaap",
      "label": "Share-based Compensation Arrangement by Share-based Payment Award, Number of Shares Authorized",
      "description": "Number of shares authorized for issuance under share-based payment arrangement.",
      "available_units": [
        "shares"
      ],
      "data_points_count": 16,
      "latest_value": {
        "value": 105000000,
        "date": "2024-12-31",
        "fiscal_year": 2024,
        "form": "10-K",
        "filed": "2025-02-26",
        "unit": "shares",
        "type": "annual"
      },
      "date_range": {
        "earliest": "2010-12-31",
        "latest": "2024-12-31"
      }
    },
    "ShareBasedCompensationArrangementByShareBasedPaymentAwardOptionsExercisesInPeriod": {
      "taxonomy": "us-gaap",
      "label": "Share-based Compensation Arrangement by Share-based Payment Award, Options, Exercises in Period (Deprecated 2011-01-31)",
      "description": "The decrease in the number of reserved shares that could potentially be issued attributable to the exercise or conversion during the reporting period of previously issued stock options under the option plan.",
      "available_units": [
        "shares"
      ],
      "data_points_count": 1,
      "latest_value": {
        "value": -3000000,
        "date": "2010-12-31",
        "fiscal_year": 2010,
        "form": "10-K",
        "filed": "2011-02-25",
        "unit": "shares",
        "type": "annual"
      },
      "date_range": {
        "earliest": "2010-12-31",
        "latest": "2010-12-31"
      }
    },
    "ShareBasedCompensationArrangementByShareBasedPaymentAwardOptionsExercisesInPeriodTotalIntrinsicValue": {
      "taxonomy": "us-gaap",
      "label": "Share-based Compensation Arrangement by Share-based Payment Award, Options, Exercises in Period, Intrinsic Value",
      "description": "Amount of accumulated difference between fair value of underlying shares on dates of exercise and exercise price on options exercised (or share units converted) into shares.",
      "available_units": [
        "USD"
      ],
      "data_points_count": 48,
      "latest_value": {
        "value": 98000000,
        "date": "2024-12-31",
        "fiscal_year": 2024,
        "form": "10-K",
        "filed": "2025-02-26",
        "unit": "USD",
        "type": "annual"
      },
      "date_range": {
        "earliest": "2008-12-31",
        "latest": "2024-12-31"
      }
    },
    "ShareBasedCompensationArrangementByShareBasedPaymentAwardOptionsExercisesInPeriodWeightedAverageExercisePrice": {
      "taxonomy": "us-gaap",
      "label": "Share-based Compensation Arrangement by Share-based Payment Award, Options, Exercises in Period, Weighted Average Exercise Price (Deprecated 2012-01-31)",
      "description": "The weighted average price at which option holders acquired shares when converting their stock options into shares under the plan during the reporting period.",
      "available_units": [
        "USD"
      ],
      "data_points_count": 2,
      "latest_value": {
        "value": 12.03,
        "date": "2011-12-31",
        "fiscal_year": 2011,
        "form": "10-K",
        "filed": "2012-02-24",
        "unit": "USD",
        "type": "annual"
      },
      "date_range": {
        "earliest": "2010-12-31",
        "latest": "2011-12-31"
      }
    },
    "ShareBasedCompensationArrangementByShareBasedPaymentAwardOptionsForfeituresInPeriod": {
      "taxonomy": "us-gaap",
      "label": "Share-based Compensation Arrangement by Share-based Payment Award, Options, Forfeitures in Period",
      "description": "The number of shares under options that were cancelled during the reporting period as a result of occurrence of a terminating event specified in contractual agreements pertaining to the stock option plan.",
      "available_units": [
        "shares"
      ],
      "data_points_count": 15,
      "latest_value": {
        "value": 0,
        "date": "2024-12-31",
        "fiscal_year": 2024,
        "form": "10-K",
        "filed": "2025-02-26",
        "unit": "shares",
        "type": "annual"
      },
      "date_range": {
        "earliest": "2010-12-31",
        "latest": "2024-12-31"
      }
    },
    "ShareBasedCompensationArrangementByShareBasedPaymentAwardOptionsGrantsInPeriod": {
      "taxonomy": "us-gaap",
      "label": "Share-based Compensation Arrangement by Share-based Payment Award, Options, Grants in Period, Net of Forfeitures",
      "description": "Net number of share options (or share units) granted during the period.",
      "available_units": [
        "shares"
      ],
      "data_points_count": 6,
      "latest_value": {
        "value": 6000000,
        "date": "2014-12-31",
        "fiscal_year": 2014,
        "form": "10-K",
        "filed": "2015-02-23",
        "unit": "shares",
        "type": "annual"
      },
      "date_range": {
        "earliest": "2010-12-31",
        "latest": "2014-12-31"
      }
    },
    "ShareBasedCompensationArrangementByShareBasedPaymentAwardOptionsGrantsInPeriodGross": {
      "taxonomy": "us-gaap",
      "label": "Share-based Compensation Arrangement by Share-based Payment Award, Options, Grants in Period, Gross",
      "description": "Gross number of share options (or share units) granted during the period.",
      "available_units": [
        "shares"
      ],
      "data_points_count": 10,
      "latest_value": {
        "value": 1000000,
        "date": "2024-12-31",
        "fiscal_year": 2024,
        "form": "10-K",
        "filed": "2025-02-26",
        "unit": "shares",
        "type": "annual"
      },
      "date_range": {
        "earliest": "2015-12-31",
        "latest": "2024-12-31"
      }
    },
    "ShareBasedCompensationArrangementByShareBasedPaymentAwardOptionsGrantsInPeriodWeightedAverageExercisePrice": {
      "taxonomy": "us-gaap",
      "label": "Share-based Compensation Arrangement by Share-based Payment Award, Options, Grants in Period, Weighted Average Exercise Price (Deprecated 2012-01-31)",
      "description": "The weighted average price as of the balance sheet date at which grantees can acquire the shares reserved for issuance on stock options awarded under the plan during the reporting period.",
      "available_units": [
        "USD"
      ],
      "data_points_count": 2,
      "latest_value": {
        "value": 13.07,
        "date": "2011-12-31",
        "fiscal_year": 2011,
        "form": "10-K",
        "filed": "2012-02-24",
        "unit": "USD",
        "type": "annual"
      },
      "date_range": {
        "earliest": "2010-12-31",
        "latest": "2011-12-31"
      }
    },
    "ShareBasedCompensationArrangementByShareBasedPaymentAwardOptionsGrantsInPeriodWeightedAverageGrantDateFairValue": {
      "taxonomy": "us-gaap",
      "label": "Share-based Compensation Arrangement by Share-based Payment Award, Options, Grants in Period, Weighted Average Grant Date Fair Value",
      "description": "The weighted average grant-date fair value of options granted during the reporting period as calculated by applying the disclosed option pricing methodology.",
      "available_units": [
        "USD/shares"
      ],
      "data_points_count": 48,
      "latest_value": {
        "value": 19.08,
        "date": "2024-12-31",
        "fiscal_year": 2024,
        "form": "10-K",
        "filed": "2025-02-26",
        "unit": "USD/shares",
        "type": "annual"
      },
      "date_range": {
        "earliest": "2008-12-31",
        "latest": "2024-12-31"
      }
    },
    "ShareBasedCompensationArrangementByShareBasedPaymentAwardOptionsOutstandingIntrinsicValue": {
      "taxonomy": "us-gaap",
      "label": "Share-based Compensation Arrangement by Share-based Payment Award, Options, Outstanding, Intrinsic Value",
      "description": "Amount by which the current fair value of the underlying stock exceeds the exercise price of options outstanding.",
      "available_units": [
        "USD"
      ],
      "data_points_count": 24,
      "latest_value": {
        "value": 358000000,
        "date": "2024-12-31",
        "fiscal_year": 2024,
        "form": "10-K",
        "filed": "2025-02-26",
        "unit": "USD",
        "type": "annual"
      },
      "date_range": {
        "earliest": "2010-12-31",
        "latest": "2024-12-31"
      }
    },
    "ShareBasedCompensationArrangementByShareBasedPaymentAwardOptionsOutstandingNumber": {
      "taxonomy": "us-gaap",
      "label": "Share-based Compensation Arrangement by Share-based Payment Award, Options, Outstanding, Number",
      "description": "Number of options outstanding, including both vested and non-vested options.",
      "available_units": [
        "shares"
      ],
      "data_points_count": 32,
      "latest_value": {
        "value": 16000000,
        "date": "2024-12-31",
        "fiscal_year": 2024,
        "form": "10-K",
        "filed": "2025-02-26",
        "unit": "shares",
        "type": "annual"
      },
      "date_range": {
        "earliest": "2009-12-31",
        "latest": "2024-12-31"
      }
    },
    "ShareBasedCompensationArrangementByShareBasedPaymentAwardOptionsOutstandingWeightedAverageExercisePrice": {
      "taxonomy": "us-gaap",
      "label": "Share-based Compensation Arrangement by Share-based Payment Award, Options, Outstanding, Weighted Average Exercise Price",
      "description": "Weighted average price at which grantees can acquire the shares reserved for issuance under the stock option plan.",
      "available_units": [
        "USD/shares"
      ],
      "data_points_count": 32,
      "latest_value": {
        "value": 52.5,
        "date": "2024-12-31",
        "fiscal_year": 2024,
        "form": "10-K",
        "filed": "2025-02-26",
        "unit": "USD/shares",
        "type": "annual"
      },
      "date_range": {
        "earliest": "2009-12-31",
        "latest": "2024-12-31"
      }
    },
    "ShareBasedCompensationArrangementByShareBasedPaymentAwardOptionsVestedAndExpectedToVestExercisableAggregateIntrinsicValue": {
      "taxonomy": "us-gaap",
      "label": "Share-based Compensation Arrangement by Share-based Payment Award, Options, Vested and Expected to Vest, Exercisable, Aggregate Intrinsic Value",
      "description": "Amount by which current fair value of underlying stock exceeds exercise price of fully vested and expected to vest exercisable or convertible options. Includes, but is not limited to, unvested options for which requisite service period has not been rendered but that are expected to vest based on achievement of performance condition, if forfeitures are recognized when they occur.",
      "available_units": [
        "USD"
      ],
      "data_points_count": 16,
      "latest_value": {
        "value": 325000000,
        "date": "2024-12-31",
        "fiscal_year": 2024,
        "form": "10-K",
        "filed": "2025-02-26",
        "unit": "USD",
        "type": "annual"
      },
      "date_range": {
        "earliest": "2010-12-31",
        "latest": "2024-12-31"
      }
    },
    "ShareBasedCompensationArrangementByShareBasedPaymentAwardOptionsVestedAndExpectedToVestExercisableNumber": {
      "taxonomy": "us-gaap",
      "label": "Share-based Compensation Arrangement by Share-based Payment Award, Options, Vested and Expected to Vest, Exercisable, Number",
      "description": "Number of fully vested and expected to vest exercisable options that may be converted into shares under option plan. Includes, but is not limited to, unvested options for which requisite service period has not been rendered but that are expected to vest based on achievement of performance condition, if forfeitures are recognized when they occur.",
      "available_units": [
        "shares"
      ],
      "data_points_count": 16,
      "latest_value": {
        "value": 11000000,
        "date": "2024-12-31",
        "fiscal_year": 2024,
        "form": "10-K",
        "filed": "2025-02-26",
        "unit": "shares",
        "type": "annual"
      },
      "date_range": {
        "earliest": "2010-12-31",
        "latest": "2024-12-31"
      }
    },
    "ShareBasedCompensationArrangementByShareBasedPaymentAwardOptionsVestedAndExpectedToVestExercisableWeightedAverageExercisePrice": {
      "taxonomy": "us-gaap",
      "label": "Share-based Compensation Arrangement by Share-based Payment Award, Options, Vested and Expected to Vest, Exercisable, Weighted Average Exercise Price",
      "description": "Weighted-average exercise price, at which grantee can acquire shares reserved for issuance, for fully vested and expected to vest exercisable or convertible options. Includes, but is not limited to, unvested options for which requisite service period has not been rendered but that are expected to vest based on achievement of performance condition, if forfeitures are recognized when they occur.",
      "available_units": [
        "USD/shares"
      ],
      "data_points_count": 16,
      "latest_value": {
        "value": 45.98,
        "date": "2024-12-31",
        "fiscal_year": 2024,
        "form": "10-K",
        "filed": "2025-02-26",
        "unit": "USD/shares",
        "type": "annual"
      },
      "date_range": {
        "earliest": "2010-12-31",
        "latest": "2024-12-31"
      }
    },
    "ShareBasedCompensationArrangementByShareBasedPaymentAwardOptionsVestedAndExpectedToVestOutstandingAggregateIntrinsicValue": {
      "taxonomy": "us-gaap",
      "label": "Share-based Compensation Arrangement by Share-based Payment Award, Options, Vested and Expected to Vest, Outstanding, Aggregate Intrinsic Value",
      "description": "Amount by which current fair value of underlying stock exceeds exercise price of fully vested and expected to vest options outstanding. Includes, but is not limited to, unvested options for which requisite service period has not been rendered but that are expected to vest based on achievement of performance condition, if forfeitures are recognized when they occur.",
      "available_units": [
        "USD"
      ],
      "data_points_count": 16,
      "latest_value": {
        "value": 357000000,
        "date": "2024-12-31",
        "fiscal_year": 2024,
        "form": "10-K",
        "filed": "2025-02-26",
        "unit": "USD",
        "type": "annual"
      },
      "date_range": {
        "earliest": "2010-12-31",
        "latest": "2024-12-31"
      }
    },
    "ShareBasedCompensationArrangementByShareBasedPaymentAwardOptionsVestedAndExpectedToVestOutstandingNumber": {
      "taxonomy": "us-gaap",
      "label": "Share-based Compensation Arrangement by Share-based Payment Award, Options, Vested and Expected to Vest, Outstanding, Number",
      "description": "Number of fully vested and expected to vest options outstanding that can be converted into shares under option plan. Includes, but is not limited to, unvested options for which requisite service period has not been rendered but that are expected to vest based on achievement of performance condition, if forfeitures are recognized when they occur.",
      "available_units": [
        "shares"
      ],
      "data_points_count": 16,
      "latest_value": {
        "value": 16000000,
        "date": "2024-12-31",
        "fiscal_year": 2024,
        "form": "10-K",
        "filed": "2025-02-26",
        "unit": "shares",
        "type": "annual"
      },
      "date_range": {
        "earliest": "2010-12-31",
        "latest": "2024-12-31"
      }
    },
    "ShareBasedCompensationArrangementByShareBasedPaymentAwardOptionsVestedAndExpectedToVestOutstandingWeightedAverageExercisePrice": {
      "taxonomy": "us-gaap",
      "label": "Share-based Compensation Arrangement by Share-based Payment Award, Options, Vested and Expected to Vest, Outstanding, Weighted Average Exercise Price",
      "description": "Weighted-average exercise price, at which grantee can acquire shares reserved for issuance, for fully vested and expected to vest options outstanding. Includes, but is not limited to, unvested options for which requisite service period has not been rendered but that are expected to vest based on achievement of performance condition, if forfeitures are recognized when they occur.",
      "available_units": [
        "USD/shares"
      ],
      "data_points_count": 16,
      "latest_value": {
        "value": 52.44,
        "date": "2024-12-31",
        "fiscal_year": 2024,
        "form": "10-K",
        "filed": "2025-02-26",
        "unit": "USD/shares",
        "type": "annual"
      },
      "date_range": {
        "earliest": "2010-12-31",
        "latest": "2024-12-31"
      }
    },
    "ShareBasedCompensationArrangementsByShareBasedPaymentAwardOptionsExercisesInPeriodWeightedAverageExercisePrice": {
      "taxonomy": "us-gaap",
      "label": "Share-based Compensation Arrangements by Share-based Payment Award, Options, Exercises in Period, Weighted Average Exercise Price",
      "description": "Weighted average price at which option holders acquired shares when converting their stock options into shares.",
      "available_units": [
        "USD/shares"
      ],
      "data_points_count": 14,
      "latest_value": {
        "value": 33.24,
        "date": "2024-12-31",
        "fiscal_year": 2024,
        "form": "10-K",
        "filed": "2025-02-26",
        "unit": "USD/shares",
        "type": "annual"
      },
      "date_range": {
        "earliest": "2012-12-31",
        "latest": "2024-12-31"
      }
    },
    "ShareBasedCompensationArrangementsByShareBasedPaymentAwardOptionsForfeituresInPeriodWeightedAverageExercisePrice": {
      "taxonomy": "us-gaap",
      "label": "Share-based Compensation Arrangements by Share-based Payment Award, Options, Forfeitures in Period, Weighted Average Exercise Price",
      "description": "Weighted average price at which grantees could have acquired the underlying shares with respect to stock options that were terminated.",
      "available_units": [
        "USD/shares"
      ],
      "data_points_count": 14,
      "latest_value": {
        "value": 63.16,
        "date": "2024-12-31",
        "fiscal_year": 2024,
        "form": "10-K",
        "filed": "2025-02-26",
        "unit": "USD/shares",
        "type": "annual"
      },
      "date_range": {
        "earliest": "2012-12-31",
        "latest": "2024-12-31"
      }
    },
    "ShareBasedCompensationArrangementsByShareBasedPaymentAwardOptionsGrantsInPeriodWeightedAverageExercisePrice": {
      "taxonomy": "us-gaap",
      "label": "Share-based Compensation Arrangements by Share-based Payment Award, Options, Grants in Period, Weighted Average Exercise Price",
      "description": "Weighted average per share amount at which grantees can acquire shares of common stock by exercise of options.",
      "available_units": [
        "USD/shares"
      ],
      "data_points_count": 14,
      "latest_value": {
        "value": 66.71,
        "date": "2024-12-31",
        "fiscal_year": 2024,
        "form": "10-K",
        "filed": "2025-02-26",
        "unit": "USD/shares",
        "type": "annual"
      },
      "date_range": {
        "earliest": "2012-12-31",
        "latest": "2024-12-31"
      }
    },
    "StockIssuedDuringPeriodSharesNewIssues": {
      "taxonomy": "us-gaap",
      "label": "Stock Issued During Period, Shares, New Issues",
      "description": "Number of new stock issued during the period.",
      "available_units": [
        "shares"
      ],
      "data_points_count": 4,
      "latest_value": {
        "value": 0,
        "date": "2016-03-31",
        "fiscal_year": 2016,
        "fiscal_period": "Q1",
        "form": "10-Q",
        "filed": "2016-05-06",
        "unit": "shares",
        "type": "quarterly"
      },
      "date_range": {
        "earliest": "2014-12-31",
        "latest": "2016-03-31"
      }
    },
    "StockIssuedDuringPeriodSharesStockOptionsExercised": {
      "taxonomy": "us-gaap",
      "label": "Share-based Compensation Arrangement by Share-based Payment Award, Options, Exercises in Period",
      "description": "Number of share options (or share units) exercised during the current period.",
      "available_units": [
        "shares"
      ],
      "data_points_count": 15,
      "latest_value": {
        "value": 3000000,
        "date": "2024-12-31",
        "fiscal_year": 2024,
        "form": "10-K",
        "filed": "2025-02-26",
        "unit": "shares",
        "type": "annual"
      },
      "date_range": {
        "earliest": "2011-12-31",
        "latest": "2024-12-31"
      }
    },
    "StockIssuedDuringPeriodValueAcquisitions": {
      "taxonomy": "us-gaap",
      "label": "Stock Issued During Period, Value, Acquisitions",
      "description": "Value of stock issued pursuant to acquisitions during the period.",
      "available_units": [
        "USD"
      ],
      "data_points_count": 11,
      "latest_value": {
        "value": 21758000000,
        "date": "2020-12-31",
        "fiscal_year": 2020,
        "form": "10-K",
        "filed": "2021-02-24",
        "unit": "USD",
        "type": "annual"
      },
      "date_range": {
        "earliest": "2010-12-31",
        "latest": "2020-12-31"
      }
    },
    "StockIssuedDuringPeriodValueEmployeeStockPurchasePlan": {
      "taxonomy": "us-gaap",
      "label": "Stock Issued During Period, Value, Employee Stock Purchase Plan",
      "description": "Aggregate change in value for stock issued during the period as a result of employee stock purchase plan.",
      "available_units": [
        "USD"
      ],
      "data_points_count": 5,
      "latest_value": {
        "value": 17000000,
        "date": "2010-12-31",
        "fiscal_year": 2010,
        "form": "10-K",
        "filed": "2011-02-25",
        "unit": "USD",
        "type": "annual"
      },
      "date_range": {
        "earliest": "2008-12-31",
        "latest": "2010-12-31"
      }
    },
    "UnrecognizedTaxBenefits": {
      "taxonomy": "us-gaap",
      "label": "Unrecognized Tax Benefits",
      "description": "Amount of unrecognized tax benefits.",
      "available_units": [
        "USD"
      ],
      "data_points_count": 48,
      "latest_value": {
        "value": 373000000,
        "date": "2024-12-31",
        "fiscal_year": 2024,
        "form": "10-K",
        "filed": "2025-02-26",
        "unit": "USD",
        "type": "annual"
      },
      "date_range": {
        "earliest": "2008-12-31",
        "latest": "2024-12-31"
      }
    },
    "UnrecognizedTaxBenefitsDecreasesResultingFromPriorPeriodTaxPositions": {
      "taxonomy": "us-gaap",
      "label": "Unrecognized Tax Benefits, Decrease Resulting from Prior Period Tax Positions",
      "description": "Amount of decrease in unrecognized tax benefits resulting from tax positions taken in prior period tax returns.",
      "available_units": [
        "USD"
      ],
      "data_points_count": 20,
      "latest_value": {
        "value": 38000000,
        "date": "2024-12-31",
        "fiscal_year": 2024,
        "form": "10-K",
        "filed": "2025-02-26",
        "unit": "USD",
        "type": "annual"
      },
      "date_range": {
        "earliest": "2009-12-31",
        "latest": "2024-12-31"
      }
    },
    "UnrecognizedTaxBenefitsDecreasesResultingFromSettlementsWithTaxingAuthorities": {
      "taxonomy": "us-gaap",
      "label": "Unrecognized Tax Benefits, Decrease Resulting from Settlements with Taxing Authorities",
      "description": "Amount of decrease in unrecognized tax benefits resulting from settlements with taxing authorities.",
      "available_units": [
        "USD"
      ],
      "data_points_count": 24,
      "latest_value": {
        "value": 24000000,
        "date": "2024-12-31",
        "fiscal_year": 2024,
        "form": "10-K",
        "filed": "2025-02-26",
        "unit": "USD",
        "type": "annual"
      },
      "date_range": {
        "earliest": "2010-12-31",
        "latest": "2024-12-31"
      }
    },
    "UnrecognizedTaxBenefitsIncreasesResultingFromAcquisition": {
      "taxonomy": "us-gaap",
      "label": "Unrecognized Tax Benefits, Increase Resulting from Acquisition",
      "description": "Amount of increase in unrecognized tax benefits resulting from acquisitions.",
      "available_units": [
        "USD"
      ],
      "data_points_count": 4,
      "latest_value": {
        "value": 0,
        "date": "2021-12-31",
        "fiscal_year": 2021,
        "form": "10-K",
        "filed": "2022-02-24",
        "unit": "USD",
        "type": "annual"
      },
      "date_range": {
        "earliest": "2019-12-31",
        "latest": "2021-12-31"
      }
    },
    "UnrecognizedTaxBenefitsIncreasesResultingFromCurrentPeriodTaxPositions": {
      "taxonomy": "us-gaap",
      "label": "Unrecognized Tax Benefits, Increase Resulting from Current Period Tax Positions",
      "description": "Amount of increase in unrecognized tax benefits resulting from tax positions that have been or will be taken in current period tax return.",
      "available_units": [
        "USD"
      ],
      "data_points_count": 31,
      "latest_value": {
        "value": 48000000,
        "date": "2024-12-31",
        "fiscal_year": 2024,
        "form": "10-K",
        "filed": "2025-02-26",
        "unit": "USD",
        "type": "annual"
      },
      "date_range": {
        "earliest": "2010-12-31",
        "latest": "2024-12-31"
      }
    },
    "UnrecognizedTaxBenefitsIncreasesResultingFromPriorPeriodTaxPositions": {
      "taxonomy": "us-gaap",
      "label": "Unrecognized Tax Benefits, Increase Resulting from Prior Period Tax Positions",
      "description": "Amount of increase in unrecognized tax benefits resulting from tax positions taken in prior period tax returns.",
      "available_units": [
        "USD"
      ],
      "data_points_count": 30,
      "latest_value": {
        "value": 17000000,
        "date": "2024-12-31",
        "fiscal_year": 2024,
        "form": "10-K",
        "filed": "2025-02-26",
        "unit": "USD",
        "type": "annual"
      },
      "date_range": {
        "earliest": "2009-12-31",
        "latest": "2024-12-31"
      }
    },
    "UnrecognizedTaxBenefitsReductionsResultingFromLapseOfApplicableStatuteOfLimitations": {
      "taxonomy": "us-gaap",
      "label": "Unrecognized Tax Benefits, Reduction Resulting from Lapse of Applicable Statute of Limitations",
      "description": "Amount of decrease in unrecognized tax benefits resulting from lapses of applicable statutes of limitations.",
      "available_units": [
        "USD"
      ],
      "data_points_count": 31,
      "latest_value": {
        "value": 10000000,
        "date": "2024-12-31",
        "fiscal_year": 2024,
        "form": "10-K",
        "filed": "2025-02-26",
        "unit": "USD",
        "type": "annual"
      },
      "date_range": {
        "earliest": "2009-12-31",
        "latest": "2024-12-31"
      }
    },
    "UnrecognizedTaxBenefitsThatWouldImpactEffectiveTaxRate": {
      "taxonomy": "us-gaap",
      "label": "Unrecognized Tax Benefits that Would Impact Effective Tax Rate",
      "description": "The total amount of unrecognized tax benefits that, if recognized, would affect the effective tax rate.",
      "available_units": [
        "USD"
      ],
      "data_points_count": 20,
      "latest_value": {
        "value": 314000000,
        "date": "2024-12-31",
        "fiscal_year": 2024,
        "form": "10-K",
        "filed": "2025-02-26",
        "unit": "USD",
        "type": "annual"
      },
      "date_range": {
        "earliest": "2014-12-31",
        "latest": "2024-12-31"
      }
    },
    "EmployeeServiceShareBasedCompensationTaxBenefitFromExerciseOfStockOptions": {
      "taxonomy": "us-gaap",
      "label": "Share-based Payment Arrangement, Exercise of Option, Tax Benefit",
      "description": "Amount of tax benefit from exercise of option under share-based payment arrangement.",
      "available_units": [
        "USD"
      ],
      "data_points_count": 12,
      "latest_value": {
        "value": 17000000,
        "date": "2024-12-31",
        "fiscal_year": 2024,
        "form": "10-K",
        "filed": "2025-02-26",
        "unit": "USD",
        "type": "annual"
      },
      "date_range": {
        "earliest": "2019-12-31",
        "latest": "2024-12-31"
      }
    }
  }
}