{
  "chunk_metadata": {
    "domain": "public",
    "CIK": "70858",
    "data_type": "SEC",
    "ticker": "BAC",
    "chunk_name": "Risk & Capital Management",
    "chunk_id": "risk_capital",
    "company_name": "Bank of America Corporation",
    "extraction_date": "2025-09-30T11:01:43.511457",
    "metrics_count": 9,
    "total_company_metrics": 0,
    "chunking_strategy": "context_aware_balanced"
  },
  "metrics": {
    "AllocatedShareBasedCompensationExpense": {
      "taxonomy": "us-gaap",
      "label": "Share-based Payment Arrangement, Expense",
      "description": "Amount of expense for award under share-based payment arrangement. Excludes amount capitalized.",
      "available_units": [
        "USD"
      ],
      "data_points_count": 57,
      "latest_value": {
        "value": 3600000000,
        "date": "2024-12-31",
        "fiscal_year": 2024,
        "form": "10-K",
        "filed": "2025-02-25",
        "unit": "USD",
        "type": "annual"
      },
      "date_range": {
        "earliest": "2008-12-31",
        "latest": "2024-12-31"
      }
    },
    "BusinessCombinationIntegrationRelatedCosts": {
      "taxonomy": "us-gaap",
      "label": "Business Combination, Integration Related Costs",
      "description": "Costs incurred to effect a business combination which have been expensed during the period. Such costs could include business integration costs, systems integration and conversion costs, and severance and other employee-related costs.",
      "available_units": [
        "USD"
      ],
      "data_points_count": 16,
      "latest_value": {
        "value": 285000000,
        "date": "2011-12-31",
        "fiscal_year": 2012,
        "form": "10-K",
        "filed": "2013-02-28",
        "unit": "USD",
        "type": "annual"
      },
      "date_range": {
        "earliest": "2009-12-31",
        "latest": "2011-12-31"
      }
    },
    "Capital": {
      "taxonomy": "us-gaap",
      "label": "Banking Regulation, Total Capital, Actual",
      "description": "Amount of total capital as defined by regulatory framework.",
      "available_units": [
        "USD"
      ],
      "data_points_count": 2,
      "latest_value": {
        "value": 125100000000,
        "date": "2010-12-31",
        "fiscal_year": 2010,
        "form": "10-K",
        "filed": "2011-02-25",
        "unit": "USD",
        "type": "annual"
      },
      "date_range": {
        "earliest": "2009-12-31",
        "latest": "2010-12-31"
      }
    },
    "CommonStockCapitalSharesReservedForFutureIssuance": {
      "taxonomy": "us-gaap",
      "label": "Common Stock, Capital Shares Reserved for Future Issuance",
      "description": "Aggregate number of common shares reserved for future issuance.",
      "available_units": [
        "shares"
      ],
      "data_points_count": 33,
      "latest_value": {
        "value": 552000000,
        "date": "2024-12-31",
        "fiscal_year": 2024,
        "form": "10-K",
        "filed": "2025-02-25",
        "unit": "shares",
        "type": "annual"
      },
      "date_range": {
        "earliest": "2014-09-30",
        "latest": "2025-06-30"
      }
    },
    "CommonStocksIncludingAdditionalPaidInCapital": {
      "taxonomy": "us-gaap",
      "label": "Common Stocks, Including Additional Paid in Capital",
      "description": "Amount of par value plus amounts in excess of par value or issuance value for common stock issued.",
      "available_units": [
        "USD"
      ],
      "data_points_count": 94,
      "latest_value": {
        "value": 45336000000,
        "date": "2024-12-31",
        "fiscal_year": 2024,
        "form": "10-K",
        "filed": "2025-02-25",
        "unit": "USD",
        "type": "annual"
      },
      "date_range": {
        "earliest": "2013-12-31",
        "latest": "2025-06-30"
      }
    },
    "PreferredStockIncludingAdditionalPaidInCapital": {
      "taxonomy": "us-gaap",
      "label": "Preferred Stock, Including Additional Paid in Capital",
      "description": "Aggregate issuance value of nonredeemable preferred stock (or preferred stock redeemable solely at the option of the issuer) issued and outstanding.",
      "available_units": [
        "USD"
      ],
      "data_points_count": 12,
      "latest_value": {
        "value": 23159000000,
        "date": "2024-12-31",
        "fiscal_year": 2024,
        "form": "10-K",
        "filed": "2025-02-25",
        "unit": "USD",
        "type": "annual"
      },
      "date_range": {
        "earliest": "2010-12-31",
        "latest": "2024-12-31"
      }
    },
    "PreferredStockIncludingAdditionalPaidInCapitalNetOfDiscount": {
      "taxonomy": "us-gaap",
      "label": "Preferred Stock, Including Additional Paid in Capital, Net of Discount",
      "description": "Aggregate par value plus amounts in excess of par or issuance value (in cases of no-par value stock) for nonredeemable preferred stock (or preferred stock redeemable solely at the option of the issuer) issued and outstanding, net of discount on shares. Aggregate for preferred stock issued and outstanding.",
      "available_units": [
        "USD"
      ],
      "data_points_count": 40,
      "latest_value": {
        "value": 13352000000,
        "date": "2013-12-31",
        "fiscal_year": 2013,
        "form": "10-K",
        "filed": "2014-02-25",
        "unit": "USD",
        "type": "annual"
      },
      "date_range": {
        "earliest": "2008-12-31",
        "latest": "2014-06-30"
      }
    },
    "RegistrationPaymentArrangementMaximumPotentialConsideration": {
      "taxonomy": "us-gaap",
      "label": "Registration Payment Arrangement, Maximum Potential Consideration",
      "description": "Describes the maximum potential amount of consideration, undiscounted, that could be transferred under the registration payment arrangement.",
      "available_units": [
        "USD"
      ],
      "data_points_count": 2,
      "latest_value": {
        "value": 804000000,
        "date": "2010-06-30",
        "fiscal_year": 2010,
        "fiscal_period": "Q2",
        "form": "10-Q",
        "filed": "2010-08-06",
        "unit": "USD",
        "type": "quarterly"
      },
      "date_range": {
        "earliest": "2009-12-31",
        "latest": "2010-06-30"
      }
    },
    "TierOneRiskBasedCapitalRequiredToBeWellCapitalized": {
      "taxonomy": "us-gaap",
      "label": "Banking Regulation, Tier One Risk-Based Capital, Well Capitalized, Minimum",
      "description": "Amount of minimum Tier 1 risk-based capital categorized as well capitalized as defined by regulatory framework for prompt corrective action.",
      "available_units": [
        "USD"
      ],
      "data_points_count": 1,
      "latest_value": {
        "value": 200,
        "date": "2013-12-31",
        "fiscal_year": 2013,
        "form": "10-K",
        "filed": "2014-02-25",
        "unit": "USD",
        "type": "annual"
      },
      "date_range": {
        "earliest": "2013-12-31",
        "latest": "2013-12-31"
      }
    }
  }
}