{
  "chunk_metadata": {
    "domain": "public",
    "CIK": "713676",
    "data_type": "SEC",
    "ticker": "PNC",
    "chunk_name": "Risk & Capital Management",
    "chunk_id": "risk_capital",
    "company_name": "PNC Financial Services Group, Inc.",
    "extraction_date": "2025-09-30T11:01:44.058521",
    "metrics_count": 12,
    "total_company_metrics": 0,
    "chunking_strategy": "context_aware_balanced"
  },
  "metrics": {
    "AdditionalPaidInCapitalCommonStock": {
      "taxonomy": "us-gaap",
      "label": "Additional Paid in Capital, Common Stock",
      "description": "Value received from shareholders in common stock-related transactions that are in excess of par value or stated value and amounts received from other stock-related transactions. Includes only common stock transactions (excludes preferred stock transactions). May be called contributed capital, capital in excess of par, capital surplus, or paid-in capital.",
      "available_units": [
        "USD"
      ],
      "data_points_count": 60,
      "latest_value": {
        "value": 12745000000,
        "date": "2015-12-31",
        "fiscal_year": 2015,
        "form": "10-K",
        "filed": "2016-02-29",
        "unit": "USD",
        "type": "annual"
      },
      "date_range": {
        "earliest": "2008-12-31",
        "latest": "2016-09-30"
      }
    },
    "AdditionalPaidInCapitalPreferredStock": {
      "taxonomy": "us-gaap",
      "label": "Additional Paid in Capital, Preferred Stock",
      "description": "Value received from shareholder in nonredeemable preferred stock-related transaction in excess of par value, value contributed to entity and value received from other stock-related transaction. Includes, but is not limited to, preferred stock redeemable solely at option of issuer. Excludes common stock.",
      "available_units": [
        "USD"
      ],
      "data_points_count": 60,
      "latest_value": {
        "value": 3452000000,
        "date": "2015-12-31",
        "fiscal_year": 2015,
        "form": "10-K",
        "filed": "2016-02-29",
        "unit": "USD",
        "type": "annual"
      },
      "date_range": {
        "earliest": "2008-12-31",
        "latest": "2016-09-30"
      }
    },
    "BusinessCombinationIntegrationRelatedCosts": {
      "taxonomy": "us-gaap",
      "label": "Business Combination, Integration Related Costs",
      "description": "Costs incurred to effect a business combination which have been expensed during the period. Such costs could include business integration costs, systems integration and conversion costs, and severance and other employee-related costs.",
      "available_units": [
        "USD"
      ],
      "data_points_count": 2,
      "latest_value": {
        "value": 14000000,
        "date": "2011-09-30",
        "fiscal_year": 2012,
        "fiscal_period": "Q3",
        "form": "10-Q",
        "filed": "2012-11-08",
        "unit": "USD",
        "type": "quarterly"
      },
      "date_range": {
        "earliest": "2011-06-30",
        "latest": "2011-09-30"
      }
    },
    "Capital": {
      "taxonomy": "us-gaap",
      "label": "Banking Regulation, Total Capital, Actual",
      "description": "Amount of total capital as defined by regulatory framework.",
      "available_units": [
        "USD"
      ],
      "data_points_count": 4,
      "latest_value": {
        "value": 38234000000,
        "date": "2012-12-31",
        "fiscal_year": 2012,
        "form": "10-K",
        "filed": "2013-03-01",
        "unit": "USD",
        "type": "annual"
      },
      "date_range": {
        "earliest": "2010-12-31",
        "latest": "2012-12-31"
      }
    },
    "CommonStockCapitalSharesReservedForFutureIssuance": {
      "taxonomy": "us-gaap",
      "label": "Common Stock, Capital Shares Reserved for Future Issuance",
      "description": "Aggregate number of common shares reserved for future issuance.",
      "available_units": [
        "shares"
      ],
      "data_points_count": 13,
      "latest_value": {
        "value": 78000000,
        "date": "2024-12-31",
        "fiscal_year": 2024,
        "form": "10-K",
        "filed": "2025-02-21",
        "unit": "shares",
        "type": "annual"
      },
      "date_range": {
        "earliest": "2010-12-31",
        "latest": "2024-12-31"
      }
    },
    "ShareBasedCompensationArrangementByShareBasedPaymentAwardOptionsExercisableWeightedAverageRemainingContractualTerm": {
      "taxonomy": "us-gaap",
      "label": "Share-based Compensation Arrangement by Share-based Payment Award, Options, Exercisable, Weighted Average Remaining Contractual Term (Deprecated 2012-01-31)",
      "description": "The weighted average period between the balance sheet date and expiration for all vested portions of options outstanding and currently exercisable (or convertible) under the plan, which may be expressed in a decimal value for number of years.",
      "available_units": [
        "pure"
      ],
      "data_points_count": 1,
      "latest_value": {
        "value": 3.6,
        "date": "2010-12-31",
        "fiscal_year": 2010,
        "form": "10-K",
        "filed": "2011-03-01",
        "unit": "pure",
        "type": "annual"
      },
      "date_range": {
        "earliest": "2010-12-31",
        "latest": "2010-12-31"
      }
    },
    "ShareBasedCompensationArrangementByShareBasedPaymentAwardOptionsOutstandingWeightedAverageRemainingContractualTerm": {
      "taxonomy": "us-gaap",
      "label": "Share-based Compensation Arrangement by Share-based Payment Award, Options, Outstanding, Weighted Average Remaining Contractual Term (Deprecated 2011-01-31)",
      "description": "The weighted average period between the balance sheet date and expiration for all awards outstanding under the plan, which may be expressed in a decimal value for number of years.",
      "available_units": [
        "pure"
      ],
      "data_points_count": 1,
      "latest_value": {
        "value": 5.3,
        "date": "2010-12-31",
        "fiscal_year": 2010,
        "form": "10-K",
        "filed": "2011-03-01",
        "unit": "pure",
        "type": "annual"
      },
      "date_range": {
        "earliest": "2010-12-31",
        "latest": "2010-12-31"
      }
    },
    "ShareBasedCompensationArrangementByShareBasedPaymentAwardOptionsVestedAndExpectedToVestExercisableWeightedAverageRemainingContractualTerm": {
      "taxonomy": "us-gaap",
      "label": "Share-based Compensation Arrangement by Share-based Payment Award, Options, Vested and Expected to Vest, Exercisable, Weighted Average Remaining Contractual Term (Deprecated 2012-01-31)",
      "description": "The weighted-average period between the balance sheet date and expiration date for fully vested and expected to vest options that are exercisable (or convertible) under the plan, which may be expressed in a decimal value for number of years.",
      "available_units": [
        "yr"
      ],
      "data_points_count": 1,
      "latest_value": {
        "value": 4.2,
        "date": "2011-12-31",
        "fiscal_year": 2011,
        "form": "10-K",
        "filed": "2012-02-29",
        "unit": "yr",
        "type": "annual"
      },
      "date_range": {
        "earliest": "2011-12-31",
        "latest": "2011-12-31"
      }
    },
    "ShareBasedCompensationArrangementByShareBasedPaymentAwardOptionsVestedAndExpectedToVestOutstandingWeightedAverageRemainingContractualTerm": {
      "taxonomy": "us-gaap",
      "label": "Share-based Compensation Arrangement by Share-based Payment Award, Options, Vested and Expected to Vest, Outstanding, Weighted Average Remaining Contractual Term (Deprecated 2012-01-31)",
      "description": "The weighted-average period between the balance sheet date and expiration date for fully vested and expected to vest options outstanding, which may be expressed in a decimal value for number of years.",
      "available_units": [
        "yr"
      ],
      "data_points_count": 1,
      "latest_value": {
        "value": 5.3,
        "date": "2011-12-31",
        "fiscal_year": 2011,
        "form": "10-K",
        "filed": "2012-02-29",
        "unit": "yr",
        "type": "annual"
      },
      "date_range": {
        "earliest": "2011-12-31",
        "latest": "2011-12-31"
      }
    },
    "SharebasedCompensationArrangementBySharebasedPaymentAwardOptionsOutstandingWeightedAverageRemainingContractualTerm1": {
      "taxonomy": "us-gaap",
      "label": "Share-based Compensation Arrangement by Share-based Payment Award, Options, Outstanding, Weighted Average Remaining Contractual Term (Deprecated 2012-01-31)",
      "description": "The weighted average period between the balance sheet date and expiration for all awards outstanding under the plan, which may be expressed in a decimal value for number of years.",
      "available_units": [
        "yr"
      ],
      "data_points_count": 1,
      "latest_value": {
        "value": 5.3,
        "date": "2011-12-31",
        "fiscal_year": 2011,
        "form": "10-K",
        "filed": "2012-02-29",
        "unit": "yr",
        "type": "annual"
      },
      "date_range": {
        "earliest": "2011-12-31",
        "latest": "2011-12-31"
      }
    },
    "TierOneLeverageCapital": {
      "taxonomy": "us-gaap",
      "label": "Banking Regulation, Tier One Leverage Capital, Actual",
      "description": "Amount of Tier 1 leverage capital as defined by regulatory framework.",
      "available_units": [
        "USD"
      ],
      "data_points_count": 4,
      "latest_value": {
        "value": 30226000000,
        "date": "2012-12-31",
        "fiscal_year": 2012,
        "form": "10-K",
        "filed": "2013-03-01",
        "unit": "USD",
        "type": "annual"
      },
      "date_range": {
        "earliest": "2010-12-31",
        "latest": "2012-12-31"
      }
    },
    "TierOneRiskBasedCapital": {
      "taxonomy": "us-gaap",
      "label": "Banking Regulation, Tier One Risk-Based Capital, Actual",
      "description": "Amount of Tier 1 risk-based capital as defined by regulatory framework.",
      "available_units": [
        "USD"
      ],
      "data_points_count": 4,
      "latest_value": {
        "value": 30226000000,
        "date": "2012-12-31",
        "fiscal_year": 2012,
        "form": "10-K",
        "filed": "2013-03-01",
        "unit": "USD",
        "type": "annual"
      },
      "date_range": {
        "earliest": "2010-12-31",
        "latest": "2012-12-31"
      }
    }
  }
}