{
  "chunk_metadata": {
    "domain": "public",
    "CIK": "49196",
    "data_type": "SEC",
    "ticker": "HBAN",
    "chunk_name": "Cash & Cash Equivalents",
    "chunk_id": "cash_equivalents",
    "company_name": "Huntington Bancshares Incorporated",
    "extraction_date": "2025-09-30T11:01:43.808067",
    "metrics_count": 115,
    "total_company_metrics": 0,
    "chunking_strategy": "context_aware_balanced"
  },
  "metrics": {
    "AdjustmentsNoncashItemsToReconcileNetIncomeLossToCashProvidedByUsedInOperatingActivitiesOther": {
      "taxonomy": "us-gaap",
      "label": "Adjustments, Noncash Items, to Reconcile Net Income (Loss) to Cash Provided by (Used in) Operating Activities, Other (Deprecated 2011-01-31)",
      "description": "Transactions that do not result in cash inflows or outflows in the period in which they occur, but affect net income and thus are removed when calculating net cash flow from operating activities using the indirect cash flow method. This element is used when there is not a more specific and appropriate element.",
      "available_units": [
        "USD"
      ],
      "data_points_count": 9,
      "latest_value": {
        "value": -123428000,
        "date": "2010-12-31",
        "fiscal_year": 2010,
        "form": "10-K",
        "filed": "2011-02-18",
        "unit": "USD",
        "type": "annual"
      },
      "date_range": {
        "earliest": "2008-12-31",
        "latest": "2011-03-31"
      }
    },
    "AmortizationOfIntangibleAssets": {
      "taxonomy": "us-gaap",
      "label": "Amortization of Intangible Assets",
      "description": "The aggregate expense charged against earnings to allocate the cost of intangible assets (nonphysical assets not used in production) in a systematic and rational manner to the periods expected to benefit from such assets. As a noncash expense, this element is added back to net income when calculating cash provided by or used in operations using the indirect method.",
      "available_units": [
        "USD"
      ],
      "data_points_count": 206,
      "latest_value": {
        "value": 47000000,
        "date": "2024-12-31",
        "fiscal_year": 2024,
        "form": "10-K",
        "filed": "2025-02-14",
        "unit": "USD",
        "type": "annual"
      },
      "date_range": {
        "earliest": "2008-12-31",
        "latest": "2025-06-30"
      }
    },
    "BankOwnedLifeInsuranceIncome": {
      "taxonomy": "us-gaap",
      "label": "Bank Owned Life Insurance Income",
      "description": "Earnings on or other increases in the value of the cash surrender value of bank owned life insurance policies.",
      "available_units": [
        "USD"
      ],
      "data_points_count": 197,
      "latest_value": {
        "value": 66000000,
        "date": "2023-12-31",
        "fiscal_year": 2023,
        "form": "10-K",
        "filed": "2024-02-16",
        "unit": "USD",
        "type": "annual"
      },
      "date_range": {
        "earliest": "2008-12-31",
        "latest": "2024-09-30"
      }
    },
    "CashAcquiredFromAcquisition": {
      "taxonomy": "us-gaap",
      "label": "Cash Acquired from Acquisition",
      "description": "The cash inflow associated with the acquisition of business during the period (for example, cash that was held by the acquired business).",
      "available_units": [
        "USD"
      ],
      "data_points_count": 51,
      "latest_value": {
        "value": 0,
        "date": "2023-12-31",
        "fiscal_year": 2023,
        "form": "10-K",
        "filed": "2024-02-16",
        "unit": "USD",
        "type": "annual"
      },
      "date_range": {
        "earliest": "2010-12-31",
        "latest": "2023-12-31"
      }
    },
    "CashAndCashEquivalentsAtCarryingValue": {
      "taxonomy": "us-gaap",
      "label": "Cash and Cash Equivalents, at Carrying Value",
      "description": "Amount of currency on hand as well as demand deposits with banks or financial institutions. Includes other kinds of accounts that have the general characteristics of demand deposits. Also includes short-term, highly liquid investments that are both readily convertible to known amounts of cash and so near their maturity that they present insignificant risk of changes in value because of changes in interest rates. Excludes cash and cash equivalents within disposal group and discontinued operation.",
      "available_units": [
        "USD"
      ],
      "data_points_count": 148,
      "latest_value": {
        "value": 2672000000,
        "date": "2018-12-31",
        "fiscal_year": 2018,
        "form": "10-K",
        "filed": "2019-02-15",
        "unit": "USD",
        "type": "annual"
      },
      "date_range": {
        "earliest": "2007-12-31",
        "latest": "2019-09-30"
      }
    },
    "CashAndCashEquivalentsPeriodIncreaseDecrease": {
      "taxonomy": "us-gaap",
      "label": "Cash and Cash Equivalents, Period Increase (Decrease)",
      "description": "Amount of increase (decrease) in cash and cash equivalents. Cash and cash equivalents are the amount of currency on hand as well as demand deposits with banks or financial institutions. Includes other kinds of accounts that have the general characteristics of demand deposits. Also includes short-term, highly liquid investments that are both readily convertible to known amounts of cash and so near their maturity that they present insignificant risk of changes in value because of changes in interest rates. Includes effect from exchange rate changes.",
      "available_units": [
        "USD"
      ],
      "data_points_count": 90,
      "latest_value": {
        "value": 1152000000,
        "date": "2018-12-31",
        "fiscal_year": 2018,
        "form": "10-K",
        "filed": "2019-02-15",
        "unit": "USD",
        "type": "annual"
      },
      "date_range": {
        "earliest": "2008-12-31",
        "latest": "2019-09-30"
      }
    },
    "CashCashEquivalentsRestrictedCashAndRestrictedCashEquivalents": {
      "taxonomy": "us-gaap",
      "label": "Cash, Cash Equivalents, Restricted Cash and Restricted Cash Equivalents",
      "description": "Amount of cash and cash equivalents, and cash and cash equivalents restricted to withdrawal or usage. Excludes amount for disposal group and discontinued operations. Cash includes, but is not limited to, currency on hand, demand deposits with banks or financial institutions, and other accounts with general characteristics of demand deposits. Cash equivalents include, but are not limited to, short-term, highly liquid investments that are both readily convertible to known amounts of cash and so near their maturity that they present insignificant risk of changes in value because of changes in interest rates.",
      "available_units": [
        "USD"
      ],
      "data_points_count": 92,
      "latest_value": {
        "value": 12847000000,
        "date": "2024-12-31",
        "fiscal_year": 2024,
        "form": "10-K",
        "filed": "2025-02-14",
        "unit": "USD",
        "type": "annual"
      },
      "date_range": {
        "earliest": "2016-12-31",
        "latest": "2025-06-30"
      }
    },
    "CashCashEquivalentsRestrictedCashAndRestrictedCashEquivalentsPeriodIncreaseDecreaseIncludingExchangeRateEffect": {
      "taxonomy": "us-gaap",
      "label": "Cash, Cash Equivalents, Restricted Cash and Restricted Cash Equivalents, Period Increase (Decrease), Including Exchange Rate Effect",
      "description": "Amount of increase (decrease) in cash, cash equivalents, and cash and cash equivalents restricted to withdrawal or usage; including effect from exchange rate change. Cash includes, but is not limited to, currency on hand, demand deposits with banks or financial institutions, and other accounts with general characteristics of demand deposits. Cash equivalents include, but are not limited to, short-term, highly liquid investments that are both readily convertible to known amounts of cash and so near their maturity that they present insignificant risk of changes in value because of changes in interest rates.",
      "available_units": [
        "USD"
      ],
      "data_points_count": 52,
      "latest_value": {
        "value": 2718000000,
        "date": "2024-12-31",
        "fiscal_year": 2024,
        "form": "10-K",
        "filed": "2025-02-14",
        "unit": "USD",
        "type": "annual"
      },
      "date_range": {
        "earliest": "2017-12-31",
        "latest": "2025-06-30"
      }
    },
    "CashDividendsPaidToParentCompany": {
      "taxonomy": "us-gaap",
      "label": "SEC Schedule, 12-04, Cash Dividends Paid to Registrant, Subsidiaries and Equity Method Investees",
      "description": "This element represents disclosure of the total aggregate cash dividends paid to the entity by consolidated subsidiaries, by unconsolidated subsidiaries, and by 50% or less owned persons accounted for using the equity method.",
      "available_units": [
        "USD"
      ],
      "data_points_count": 7,
      "latest_value": {
        "value": 1400000000,
        "date": "2021-12-31",
        "fiscal_year": 2021,
        "form": "10-K",
        "filed": "2022-02-18",
        "unit": "USD",
        "type": "annual"
      },
      "date_range": {
        "earliest": "2015-12-31",
        "latest": "2021-12-31"
      }
    },
    "CashFlowHedgeGainLossToBeReclassifiedWithinTwelveMonths": {
      "taxonomy": "us-gaap",
      "label": "Cash Flow Hedge Gain (Loss) to be Reclassified within Twelve Months",
      "description": "The estimated net amount of existing gains or losses on cash flow hedges at the reporting date expected to be reclassified to earnings within the next 12 months.",
      "available_units": [
        "USD"
      ],
      "data_points_count": 13,
      "latest_value": {
        "value": -43000000,
        "date": "2024-12-31",
        "fiscal_year": 2024,
        "form": "10-K",
        "filed": "2025-02-14",
        "unit": "USD",
        "type": "annual"
      },
      "date_range": {
        "earliest": "2020-12-31",
        "latest": "2025-06-30"
      }
    },
    "CommonStockSharesIssued": {
      "taxonomy": "us-gaap",
      "label": "Common Stock, Shares, Issued",
      "description": "Total number of common shares of an entity that have been sold or granted to shareholders (includes common shares that were issued, repurchased and remain in the treasury). These shares represent capital invested by the firm's shareholders and owners, and may be all or only a portion of the number of shares authorized. Shares issued include shares outstanding and shares held in the treasury.",
      "available_units": [
        "shares"
      ],
      "data_points_count": 78,
      "latest_value": {
        "value": 1075294946,
        "date": "2017-12-31",
        "fiscal_year": 2017,
        "form": "10-K",
        "filed": "2018-02-16",
        "unit": "shares",
        "type": "annual"
      },
      "date_range": {
        "earliest": "2009-06-30",
        "latest": "2018-09-30"
      }
    },
    "CommonStockValue": {
      "taxonomy": "us-gaap",
      "label": "Common Stock, Value, Issued",
      "description": "Aggregate par or stated value of issued nonredeemable common stock (or common stock redeemable solely at the option of the issuer). This item includes treasury stock repurchased by the entity. Note: elements for number of nonredeemable common shares, par value and other disclosure concepts are in another section within stockholders' equity.",
      "available_units": [
        "USD"
      ],
      "data_points_count": 132,
      "latest_value": {
        "value": 15000000,
        "date": "2024-12-31",
        "fiscal_year": 2024,
        "form": "10-K",
        "filed": "2025-02-14",
        "unit": "USD",
        "type": "annual"
      },
      "date_range": {
        "earliest": "2009-06-30",
        "latest": "2025-06-30"
      }
    },
    "ConversionOfStockAmountConverted1": {
      "taxonomy": "us-gaap",
      "label": "Conversion of Stock, Amount Converted",
      "description": "\"The value of the stock converted in a noncash (or part noncash) transaction. Noncash is defined as transactions during a period that do not result in cash receipts or cash payments in the period. \"\"Part noncash\"\" refers to that portion of the transaction not resulting in cash receipts or cash payments in the period.\"",
      "available_units": [
        "USD"
      ],
      "data_points_count": 7,
      "latest_value": {
        "value": 0,
        "date": "2018-12-31",
        "fiscal_year": 2018,
        "form": "10-K",
        "filed": "2019-02-15",
        "unit": "USD",
        "type": "annual"
      },
      "date_range": {
        "earliest": "2018-03-31",
        "latest": "2018-12-31"
      }
    },
    "CurrentFederalTaxExpenseBenefit": {
      "taxonomy": "us-gaap",
      "label": "Current Federal Tax Expense (Benefit)",
      "description": "Amount of current federal tax expense (benefit) pertaining to income (loss) from continuing operations.",
      "available_units": [
        "USD"
      ],
      "data_points_count": 45,
      "latest_value": {
        "value": 411000000,
        "date": "2024-12-31",
        "fiscal_year": 2024,
        "form": "10-K",
        "filed": "2025-02-14",
        "unit": "USD",
        "type": "annual"
      },
      "date_range": {
        "earliest": "2009-12-31",
        "latest": "2024-12-31"
      }
    },
    "DeferredFederalIncomeTaxExpenseBenefit": {
      "taxonomy": "us-gaap",
      "label": "Deferred Federal Income Tax Expense (Benefit)",
      "description": "Amount of deferred federal income tax expense (benefit) pertaining to income (loss) from continuing operations.",
      "available_units": [
        "USD"
      ],
      "data_points_count": 45,
      "latest_value": {
        "value": -24000000,
        "date": "2024-12-31",
        "fiscal_year": 2024,
        "form": "10-K",
        "filed": "2025-02-14",
        "unit": "USD",
        "type": "annual"
      },
      "date_range": {
        "earliest": "2009-12-31",
        "latest": "2024-12-31"
      }
    },
    "Deposits": {
      "taxonomy": "us-gaap",
      "label": "Deposits",
      "description": "The aggregate of all deposit liabilities held by the entity, including foreign and domestic, interest and noninterest bearing; may include demand deposits, saving deposits, Negotiable Order of Withdrawal (NOW) and time deposits among others.",
      "available_units": [
        "USD"
      ],
      "data_points_count": 132,
      "latest_value": {
        "value": 162448000000,
        "date": "2024-12-31",
        "fiscal_year": 2024,
        "form": "10-K",
        "filed": "2025-02-14",
        "unit": "USD",
        "type": "annual"
      },
      "date_range": {
        "earliest": "2009-06-30",
        "latest": "2025-06-30"
      }
    },
    "DepositsForeign": {
      "taxonomy": "us-gaap",
      "label": "Deposits, Foreign",
      "description": "The aggregate of all foreign interest-bearing and noninterest-bearing deposit liabilities.",
      "available_units": [
        "USD"
      ],
      "data_points_count": 16,
      "latest_value": {
        "value": 0,
        "date": "2016-12-31",
        "fiscal_year": 2016,
        "form": "10-K",
        "filed": "2017-02-22",
        "unit": "USD",
        "type": "annual"
      },
      "date_range": {
        "earliest": "2009-12-31",
        "latest": "2016-12-31"
      }
    },
    "DerivativeAssetCollateralObligationToReturnCashOffset": {
      "taxonomy": "us-gaap",
      "label": "Derivative Asset, Collateral, Obligation to Return Cash, Offset",
      "description": "Amount of obligation to return cash collateral under master netting arrangements offset against derivative assets.",
      "available_units": [
        "USD"
      ],
      "data_points_count": 2,
      "latest_value": {
        "value": -111458000,
        "date": "2013-12-31",
        "fiscal_year": 2013,
        "form": "10-K",
        "filed": "2014-02-14",
        "unit": "USD",
        "type": "annual"
      },
      "date_range": {
        "earliest": "2013-12-31",
        "latest": "2013-12-31"
      }
    },
    "DerivativeAssetFairValueGrossLiabilityAndObligationToReturnCashOffset": {
      "taxonomy": "us-gaap",
      "label": "Derivative Asset, Fair Value, Gross Liability and Obligation to Return Cash, Offset",
      "description": "Fair value of liability associated with financial asset or other contract with one or more underlyings, notional amount or payment provision or both, and the contract can be net settled by means outside the contract or delivery of an asset, and obligation to return cash collateral under master netting arrangements.",
      "available_units": [
        "USD"
      ],
      "data_points_count": 66,
      "latest_value": {
        "value": 344000000,
        "date": "2024-12-31",
        "fiscal_year": 2024,
        "form": "10-K",
        "filed": "2025-02-14",
        "unit": "USD",
        "type": "annual"
      },
      "date_range": {
        "earliest": "2014-12-31",
        "latest": "2025-06-30"
      }
    },
    "DerivativeCollateralObligationToReturnCash": {
      "taxonomy": "us-gaap",
      "label": "Derivative, Collateral, Obligation to Return Cash",
      "description": "Amount of obligation to return cash collateral under master netting arrangements that have not been offset against derivative assets.",
      "available_units": [
        "USD"
      ],
      "data_points_count": 66,
      "latest_value": {
        "value": 35000000,
        "date": "2024-12-31",
        "fiscal_year": 2024,
        "form": "10-K",
        "filed": "2025-02-14",
        "unit": "USD",
        "type": "annual"
      },
      "date_range": {
        "earliest": "2012-12-31",
        "latest": "2025-06-30"
      }
    },
    "DerivativeCollateralRightToReclaimCash": {
      "taxonomy": "us-gaap",
      "label": "Derivative, Collateral, Right to Reclaim Cash",
      "description": "Amount of right to receive cash collateral under master netting arrangements that have not been offset against derivative liabilities.",
      "available_units": [
        "USD"
      ],
      "data_points_count": 64,
      "latest_value": {
        "value": 316000000,
        "date": "2024-12-31",
        "fiscal_year": 2024,
        "form": "10-K",
        "filed": "2025-02-14",
        "unit": "USD",
        "type": "annual"
      },
      "date_range": {
        "earliest": "2016-12-31",
        "latest": "2025-06-30"
      }
    },
    "DerivativeLiabilityFairValueGrossAssetAndRightToReclaimCashOffset": {
      "taxonomy": "us-gaap",
      "label": "Derivative Liability, Fair Value, Gross Asset and Right to Reclaim Cash, Offset",
      "description": "Fair value of asset associated with financial liability or contract with one or more underlyings, notional amount or payment provision or both, and the contract can be net settled by means outside the contract or delivery of an asset, and right to receive cash collateral under master netting arrangements.",
      "available_units": [
        "USD"
      ],
      "data_points_count": 66,
      "latest_value": {
        "value": 90000000,
        "date": "2024-12-31",
        "fiscal_year": 2024,
        "form": "10-K",
        "filed": "2025-02-14",
        "unit": "USD",
        "type": "annual"
      },
      "date_range": {
        "earliest": "2014-12-31",
        "latest": "2025-06-30"
      }
    },
    "DividendsCommonStockCash": {
      "taxonomy": "us-gaap",
      "label": "Dividends, Common Stock, Cash",
      "description": "Amount of paid and unpaid common stock dividends declared with the form of settlement in cash.",
      "available_units": [
        "USD"
      ],
      "data_points_count": 168,
      "latest_value": {
        "value": 916000000,
        "date": "2024-12-31",
        "fiscal_year": 2024,
        "form": "10-K",
        "filed": "2025-02-14",
        "unit": "USD",
        "type": "annual"
      },
      "date_range": {
        "earliest": "2008-12-31",
        "latest": "2025-06-30"
      }
    },
    "DividendsPreferredStock": {
      "taxonomy": "us-gaap",
      "label": "Dividends, Preferred Stock",
      "description": "Amount of paid and unpaid preferred stock dividends declared with the form of settlement in cash, stock and payment-in-kind (PIK).",
      "available_units": [
        "USD"
      ],
      "data_points_count": 273,
      "latest_value": {
        "value": 134000000,
        "date": "2024-12-31",
        "fiscal_year": 2024,
        "form": "10-K",
        "filed": "2025-02-14",
        "unit": "USD",
        "type": "annual"
      },
      "date_range": {
        "earliest": "2009-12-31",
        "latest": "2025-06-30"
      }
    },
    "DividendsPreferredStockCash": {
      "taxonomy": "us-gaap",
      "label": "Dividends, Preferred Stock, Cash",
      "description": "Amount of paid and unpaid preferred stock dividends declared with the form of settlement in cash.",
      "available_units": [
        "USD"
      ],
      "data_points_count": 68,
      "latest_value": {
        "value": 134000000,
        "date": "2024-12-31",
        "fiscal_year": 2024,
        "form": "10-K",
        "filed": "2025-02-14",
        "unit": "USD",
        "type": "annual"
      },
      "date_range": {
        "earliest": "2014-09-30",
        "latest": "2025-06-30"
      }
    },
    "EffectiveIncomeTaxRateReconciliationAtFederalStatutoryIncomeTaxRate": {
      "taxonomy": "us-gaap",
      "label": "Effective Income Tax Rate Reconciliation, at Federal Statutory Income Tax Rate, Percent",
      "description": "Percentage of domestic federal statutory tax rate applicable to pretax income (loss).",
      "available_units": [
        "pure"
      ],
      "data_points_count": 1,
      "latest_value": {
        "value": 0.35,
        "date": "2017-12-31",
        "fiscal_year": 2017,
        "form": "10-K",
        "filed": "2018-02-16",
        "unit": "pure",
        "type": "annual"
      },
      "date_range": {
        "earliest": "2017-12-31",
        "latest": "2017-12-31"
      }
    },
    "EffectiveIncomeTaxRateReconciliationTaxCutsAndJobsActOf2017Amount": {
      "taxonomy": "us-gaap",
      "label": "Effective Income Tax Rate Reconciliation, Tax Cuts and Jobs Act, Amount",
      "description": "Amount of reported income tax expense (benefit) in excess of (less than) expected income tax expense (benefit) computed by applying domestic federal statutory income tax rate to pretax income (loss) from continuing operations, attributable to Tax Cuts and Jobs Act.",
      "available_units": [
        "USD"
      ],
      "data_points_count": 6,
      "latest_value": {
        "value": 0,
        "date": "2020-12-31",
        "fiscal_year": 2020,
        "form": "10-K",
        "filed": "2021-02-26",
        "unit": "USD",
        "type": "annual"
      },
      "date_range": {
        "earliest": "2017-12-31",
        "latest": "2020-12-31"
      }
    },
    "EmployeeServiceShareBasedCompensationCashReceivedFromExerciseOfStockOptions": {
      "taxonomy": "us-gaap",
      "label": "Employee Service Share-based Compensation, Cash Received from Exercise of Stock Options (Deprecated 2017-01-31)",
      "description": "Aggregate proceeds received by the entity during the annual period from exercises of stock or unit options and conversion of similar instruments granted under equity-based payment arrangements.",
      "available_units": [
        "USD"
      ],
      "data_points_count": 39,
      "latest_value": {
        "value": 14000000,
        "date": "2016-12-31",
        "fiscal_year": 2016,
        "form": "10-K",
        "filed": "2017-02-22",
        "unit": "USD",
        "type": "annual"
      },
      "date_range": {
        "earliest": "2010-09-30",
        "latest": "2016-12-31"
      }
    },
    "FederalDepositInsuranceCorporationPremiumExpense": {
      "taxonomy": "us-gaap",
      "label": "Federal Deposit Insurance Corporation Premium Expense",
      "description": "Amount of expense for Federal Deposit Insurance Corporation (FDIC) insurance.",
      "available_units": [
        "USD"
      ],
      "data_points_count": 206,
      "latest_value": {
        "value": 114000000,
        "date": "2024-12-31",
        "fiscal_year": 2024,
        "form": "10-K",
        "filed": "2025-02-14",
        "unit": "USD",
        "type": "annual"
      },
      "date_range": {
        "earliest": "2008-12-31",
        "latest": "2025-06-30"
      }
    },
    "FederalReserveBankStock": {
      "taxonomy": "us-gaap",
      "label": "Federal Reserve Bank Stock",
      "description": "Federal Reserve Bank stock represents an equity interest in the Federal Reserve Bank. It does not have a readily determinable fair value because its ownership is restricted and it lacks a market (liquidity).",
      "available_units": [
        "USD"
      ],
      "data_points_count": 37,
      "latest_value": {
        "value": 174500000,
        "date": "2014-12-31",
        "fiscal_year": 2014,
        "form": "10-K",
        "filed": "2015-02-13",
        "unit": "USD",
        "type": "annual"
      },
      "date_range": {
        "earliest": "2010-09-30",
        "latest": "2015-09-30"
      }
    },
    "FeesAndCommissionsDepositorAccounts": {
      "taxonomy": "us-gaap",
      "label": "Fees and Commissions, Depositor Accounts (Deprecated 2018-01-31)",
      "description": "Includes amounts charged depositors for: (1) maintenance of their accounts (maintenance charges); (2) failure to maintain specified minimum balances on account; (3) exceeding the number of checks or transactions allowed to be processed in a given period; (4) checks drawn on no minimum balance deposit accounts; (5) withdrawals from nontransaction deposit accounts; (6) closing savings accounts before a specified minimum period of time has elapsed; (7) accounts which have remained inactive for extended periods of time or which have become dormant; (8) use of automated teller machines or remote service units; (9) checks drawn against insufficient funds that the bank assesses regardless of whether it decides to pay, return or hold the check; (10) issuing stop payment orders; (11) certifying checks; and (12) accumulating or disbursing funds deposited in IRAs or Keogh Plan accounts when not handled by the bank's trust department. This item does not include penalties assessed on the early withdrawal of time deposits.",
      "available_units": [
        "USD"
      ],
      "data_points_count": 115,
      "latest_value": {
        "value": 353000000,
        "date": "2017-12-31",
        "fiscal_year": 2017,
        "form": "10-K",
        "filed": "2018-02-16",
        "unit": "USD",
        "type": "annual"
      },
      "date_range": {
        "earliest": "2008-12-31",
        "latest": "2018-06-30"
      }
    },
    "FinanceLeasePrincipalPayments": {
      "taxonomy": "us-gaap",
      "label": "Finance Lease, Principal Payments",
      "description": "Amount of cash outflow for principal payment on finance lease.",
      "available_units": [
        "USD"
      ],
      "data_points_count": 2,
      "latest_value": {
        "value": -172000000,
        "date": "2019-03-31",
        "fiscal_year": 2019,
        "fiscal_period": "Q1",
        "form": "10-Q",
        "filed": "2019-04-29",
        "unit": "USD",
        "type": "quarterly"
      },
      "date_range": {
        "earliest": "2018-03-31",
        "latest": "2019-03-31"
      }
    },
    "GainLossOnInterestRateCashFlowHedgeIneffectiveness": {
      "taxonomy": "us-gaap",
      "label": "Gain (Loss) on Interest Rate Cash Flow Hedge Ineffectiveness",
      "description": "The net gain (loss) during the reporting period due to ineffectiveness in interest rate cash flow hedges. Recognized in earnings.",
      "available_units": [
        "USD"
      ],
      "data_points_count": 22,
      "latest_value": {
        "value": 234000000,
        "date": "2020-12-31",
        "fiscal_year": 2020,
        "form": "10-K",
        "filed": "2021-02-26",
        "unit": "USD",
        "type": "annual"
      },
      "date_range": {
        "earliest": "2019-03-31",
        "latest": "2021-09-30"
      }
    },
    "IncomeTaxesPaidNet": {
      "taxonomy": "us-gaap",
      "label": "Income Taxes Paid, Net",
      "description": "The amount of cash paid during the current period to foreign, federal, state, and local authorities as taxes on income, net of any cash received during the current period as refunds for the overpayment of taxes.",
      "available_units": [
        "USD"
      ],
      "data_points_count": 141,
      "latest_value": {
        "value": 123000000,
        "date": "2024-12-31",
        "fiscal_year": 2024,
        "form": "10-K",
        "filed": "2025-02-14",
        "unit": "USD",
        "type": "annual"
      },
      "date_range": {
        "earliest": "2008-12-31",
        "latest": "2025-06-30"
      }
    },
    "IncomeTaxReconciliationChangeInDeferredTaxAssetsValuationAllowance": {
      "taxonomy": "us-gaap",
      "label": "Effective Income Tax Rate Reconciliation, Change in Deferred Tax Assets Valuation Allowance, Amount",
      "description": "Amount of the difference between reported income tax expense (benefit) and expected income tax expense (benefit) computed by applying the domestic federal statutory income tax rates to pretax income (loss) from continuing operations attributable to increase (decrease) in the valuation allowance for deferred tax assets.",
      "available_units": [
        "USD"
      ],
      "data_points_count": 21,
      "latest_value": {
        "value": 0,
        "date": "2016-12-31",
        "fiscal_year": 2016,
        "form": "10-K",
        "filed": "2017-02-22",
        "unit": "USD",
        "type": "annual"
      },
      "date_range": {
        "earliest": "2009-12-31",
        "latest": "2016-12-31"
      }
    },
    "IncomeTaxReconciliationDeductionsDividends": {
      "taxonomy": "us-gaap",
      "label": "Effective Income Tax Rate Reconciliation, Deduction, Dividends, Amount",
      "description": "Amount of the difference between reported income tax expense (benefit) and expected income tax expense (benefit) computed by applying the domestic federal statutory income tax rates to pretax income (loss) from continuing operations attributable to deduction for dividend.",
      "available_units": [
        "USD"
      ],
      "data_points_count": 15,
      "latest_value": {
        "value": 0,
        "date": "2014-12-31",
        "fiscal_year": 2014,
        "form": "10-K",
        "filed": "2015-02-13",
        "unit": "USD",
        "type": "annual"
      },
      "date_range": {
        "earliest": "2009-12-31",
        "latest": "2014-12-31"
      }
    },
    "IncomeTaxReconciliationDispositionOfAssets": {
      "taxonomy": "us-gaap",
      "label": "Effective Income Tax Rate Reconciliation, Disposition of Asset, Amount",
      "description": "Amount of difference between reported income tax expense (benefit) and expected income tax expense (benefit) computed by applying domestic federal statutory income tax rates to pretax income (loss) from continuing operations, attributable to disposition of asset. Includes, but is not limited to, intra-entity transfer of asset other than inventory.",
      "available_units": [
        "USD"
      ],
      "data_points_count": 45,
      "latest_value": {
        "value": 0,
        "date": "2024-12-31",
        "fiscal_year": 2024,
        "form": "10-K",
        "filed": "2025-02-14",
        "unit": "USD",
        "type": "annual"
      },
      "date_range": {
        "earliest": "2009-12-31",
        "latest": "2024-12-31"
      }
    },
    "IncomeTaxReconciliationIncomeTaxExpenseBenefitAtFederalStatutoryIncomeTaxRate": {
      "taxonomy": "us-gaap",
      "label": "Effective Income Tax Rate Reconciliation at Federal Statutory Income Tax Rate, Amount",
      "description": "The amount of income tax expense or benefit for the period computed by applying the domestic federal statutory tax rates to pretax income from continuing operations.",
      "available_units": [
        "USD"
      ],
      "data_points_count": 45,
      "latest_value": {
        "value": 505000000,
        "date": "2024-12-31",
        "fiscal_year": 2024,
        "form": "10-K",
        "filed": "2025-02-14",
        "unit": "USD",
        "type": "annual"
      },
      "date_range": {
        "earliest": "2009-12-31",
        "latest": "2024-12-31"
      }
    },
    "IncomeTaxReconciliationNondeductibleExpenseAmortization": {
      "taxonomy": "us-gaap",
      "label": "Effective Income Tax Rate Reconciliation, Nondeductible Expense, Amortization, Amount",
      "description": "Amount of the difference between reported income tax expense (benefit) and expected income tax expense (benefit) computed by applying the domestic federal statutory income tax rates to pretax income (loss) from continuing operations attributable to nondeductible amortization.",
      "available_units": [
        "USD"
      ],
      "data_points_count": 42,
      "latest_value": {
        "value": 193000000,
        "date": "2024-12-31",
        "fiscal_year": 2024,
        "form": "10-K",
        "filed": "2025-02-14",
        "unit": "USD",
        "type": "annual"
      },
      "date_range": {
        "earliest": "2010-12-31",
        "latest": "2024-12-31"
      }
    },
    "IncomeTaxReconciliationNondeductibleExpenseImpairmentLosses": {
      "taxonomy": "us-gaap",
      "label": "Effective Income Tax Rate Reconciliation, Nondeductible Expense, Impairment Losses, Amount",
      "description": "Amount of the difference between reported income tax expense (benefit) and expected income tax expense (benefit) computed by applying the domestic federal statutory income tax rates to pretax income (loss) from continuing operations attributable to nondeductible impairment loss.",
      "available_units": [
        "USD"
      ],
      "data_points_count": 3,
      "latest_value": {
        "value": 0,
        "date": "2011-12-31",
        "fiscal_year": 2011,
        "form": "10-K",
        "filed": "2012-02-17",
        "unit": "USD",
        "type": "annual"
      },
      "date_range": {
        "earliest": "2009-12-31",
        "latest": "2011-12-31"
      }
    },
    "IncomeTaxReconciliationNondeductibleExpenseShareBasedCompensationCost": {
      "taxonomy": "us-gaap",
      "label": "Effective Income Tax Rate Reconciliation, Nondeductible Expense, Share-based Payment Arrangement, Amount",
      "description": "Amount of reported income tax expense (benefit) in excess of (less than) expected income tax expense (benefit) computed by applying domestic federal statutory income tax rate to pretax income (loss) from continuing operation, attributable to nondeductible expense for award under share-based payment arrangement. Includes, but is not limited to, expense determined to be nondeductible upon grant or after for award under share-based payment arrangement.",
      "available_units": [
        "USD"
      ],
      "data_points_count": 12,
      "latest_value": {
        "value": 1000000,
        "date": "2020-12-31",
        "fiscal_year": 2020,
        "form": "10-K",
        "filed": "2021-02-26",
        "unit": "USD",
        "type": "annual"
      },
      "date_range": {
        "earliest": "2015-12-31",
        "latest": "2020-12-31"
      }
    },
    "IncomeTaxReconciliationOtherAdjustments": {
      "taxonomy": "us-gaap",
      "label": "Effective Income Tax Rate Reconciliation, Other Adjustments, Amount",
      "description": "Amount of the difference between reported income tax expense (benefit) and expected income tax expense (benefit) computed by applying the domestic federal statutory income tax rates to pretax income (loss) from continuing operations attributable to other adjustments.",
      "available_units": [
        "USD"
      ],
      "data_points_count": 45,
      "latest_value": {
        "value": 13000000,
        "date": "2024-12-31",
        "fiscal_year": 2024,
        "form": "10-K",
        "filed": "2025-02-14",
        "unit": "USD",
        "type": "annual"
      },
      "date_range": {
        "earliest": "2009-12-31",
        "latest": "2024-12-31"
      }
    },
    "IncomeTaxReconciliationPriorYearIncomeTaxes": {
      "taxonomy": "us-gaap",
      "label": "Effective Income Tax Rate Reconciliation, Prior Year Income Taxes, Amount",
      "description": "Amount of the difference between reported income tax expense (benefit) and expected income tax expense (benefit) computed by applying the domestic federal statutory income tax rates to pretax income (loss) from continuing operations attributable to revisions of previously reported income tax expense (benefit).",
      "available_units": [
        "USD"
      ],
      "data_points_count": 3,
      "latest_value": {
        "value": 0,
        "date": "2011-12-31",
        "fiscal_year": 2011,
        "form": "10-K",
        "filed": "2012-02-17",
        "unit": "USD",
        "type": "annual"
      },
      "date_range": {
        "earliest": "2009-12-31",
        "latest": "2011-12-31"
      }
    },
    "IncomeTaxReconciliationStateAndLocalIncomeTaxes": {
      "taxonomy": "us-gaap",
      "label": "Effective Income Tax Rate Reconciliation, State and Local Income Taxes, Amount",
      "description": "Amount of the difference between reported income tax expense (benefit) and expected income tax expense (benefit) computed by applying the domestic federal statutory income tax rates to pretax income (loss) from continuing operations attributable to state and local income tax expense (benefit).",
      "available_units": [
        "USD"
      ],
      "data_points_count": 45,
      "latest_value": {
        "value": 32000000,
        "date": "2024-12-31",
        "fiscal_year": 2024,
        "form": "10-K",
        "filed": "2025-02-14",
        "unit": "USD",
        "type": "annual"
      },
      "date_range": {
        "earliest": "2009-12-31",
        "latest": "2024-12-31"
      }
    },
    "IncomeTaxReconciliationTaxExemptIncome": {
      "taxonomy": "us-gaap",
      "label": "Effective Income Tax Rate Reconciliation, Tax Exempt Income, Amount",
      "description": "Amount of the difference between reported income tax expense (benefit) and expected income tax expense (benefit) computed by applying the domestic federal statutory income tax rates to pretax income (loss) from continuing operations attributable to income (loss) exempt from income taxes.",
      "available_units": [
        "USD"
      ],
      "data_points_count": 45,
      "latest_value": {
        "value": 29000000,
        "date": "2024-12-31",
        "fiscal_year": 2024,
        "form": "10-K",
        "filed": "2025-02-14",
        "unit": "USD",
        "type": "annual"
      },
      "date_range": {
        "earliest": "2009-12-31",
        "latest": "2024-12-31"
      }
    },
    "IncreaseDecreaseInDeposits": {
      "taxonomy": "us-gaap",
      "label": "Increase (Decrease) in Deposits",
      "description": "The net cash inflow or outflow for the increase (decrease) in the beginning and end of period deposits balances.",
      "available_units": [
        "USD"
      ],
      "data_points_count": 142,
      "latest_value": {
        "value": 11218000000,
        "date": "2024-12-31",
        "fiscal_year": 2024,
        "form": "10-K",
        "filed": "2025-02-14",
        "unit": "USD",
        "type": "annual"
      },
      "date_range": {
        "earliest": "2008-12-31",
        "latest": "2025-06-30"
      }
    },
    "IncrementalCommonSharesAttributableToContingentlyIssuableShares": {
      "taxonomy": "us-gaap",
      "label": "Incremental Common Shares Attributable to Dilutive Effect of Contingently Issuable Shares",
      "description": "Additional shares included in the calculation of diluted EPS as a result of the potentially dilutive effect of contingently issuable shares. Contingently issuable shares are those shares that are issuable for little or no cash contingent on certain conditions being met.",
      "available_units": [
        "shares"
      ],
      "data_points_count": 193,
      "latest_value": {
        "value": 7352000,
        "date": "2024-12-31",
        "fiscal_year": 2024,
        "form": "10-K",
        "filed": "2025-02-14",
        "unit": "shares",
        "type": "annual"
      },
      "date_range": {
        "earliest": "2009-12-31",
        "latest": "2025-06-30"
      }
    },
    "IncrementalCommonSharesAttributableToShareBasedPaymentArrangements": {
      "taxonomy": "us-gaap",
      "label": "Incremental Common Shares Attributable to Dilutive Effect of Share-based Payment Arrangements",
      "description": "Additional shares included in the calculation of diluted EPS as a result of the potentially dilutive effect of share based payment arrangements using the treasury stock method.",
      "available_units": [
        "shares"
      ],
      "data_points_count": 193,
      "latest_value": {
        "value": 17669000,
        "date": "2024-12-31",
        "fiscal_year": 2024,
        "form": "10-K",
        "filed": "2025-02-14",
        "unit": "shares",
        "type": "annual"
      },
      "date_range": {
        "earliest": "2009-12-31",
        "latest": "2025-06-30"
      }
    },
    "InterestBearingDepositLiabilitiesDomestic": {
      "taxonomy": "us-gaap",
      "label": "Interest-bearing Deposit Liabilities, Domestic",
      "description": "Total amount of interest-bearing domestic deposit liabilities, which may include brokered, retail, demand, checking, notice of withdrawal, money market and other interest-bearing deposits.",
      "available_units": [
        "USD"
      ],
      "data_points_count": 58,
      "latest_value": {
        "value": 133103000000,
        "date": "2024-12-31",
        "fiscal_year": 2024,
        "form": "10-K",
        "filed": "2025-02-14",
        "unit": "USD",
        "type": "annual"
      },
      "date_range": {
        "earliest": "2009-12-31",
        "latest": "2025-06-30"
      }
    },
    "InterestBearingDepositsInBanks": {
      "taxonomy": "us-gaap",
      "label": "Interest-bearing Deposits in Banks and Other Financial Institutions",
      "description": "For banks and other depository institutions (including Federal Reserve Banks, if applicable): Interest-bearing deposits in other financial institutions for relatively short periods of time including, for example, certificates of deposits, which are presented separately from cash on the balance sheet.",
      "available_units": [
        "USD"
      ],
      "data_points_count": 132,
      "latest_value": {
        "value": 11647000000,
        "date": "2024-12-31",
        "fiscal_year": 2024,
        "form": "10-K",
        "filed": "2025-02-14",
        "unit": "USD",
        "type": "annual"
      },
      "date_range": {
        "earliest": "2009-06-30",
        "latest": "2025-06-30"
      }
    },
    "InterestExpenseDeposits": {
      "taxonomy": "us-gaap",
      "label": "Interest Expense, Deposits",
      "description": "Aggregate amount of interest expense on all deposits.",
      "available_units": [
        "USD"
      ],
      "data_points_count": 206,
      "latest_value": {
        "value": 3572000000,
        "date": "2024-12-31",
        "fiscal_year": 2024,
        "form": "10-K",
        "filed": "2025-02-14",
        "unit": "USD",
        "type": "annual"
      },
      "date_range": {
        "earliest": "2008-12-31",
        "latest": "2025-06-30"
      }
    },
    "InterestPaid": {
      "taxonomy": "us-gaap",
      "label": "Interest Paid, Including Capitalized Interest, Operating and Investing Activities",
      "description": "Amount of cash paid for interest, including, but not limited to, capitalized interest and payment to settle zero-coupon bond attributable to accreted interest of debt discount and debt instrument with insignificant coupon interest rate in relation to effective interest rate of borrowing attributable to accreted interest of debt discount; classified as operating and investing activities.",
      "available_units": [
        "USD"
      ],
      "data_points_count": 87,
      "latest_value": {
        "value": 742000000,
        "date": "2018-12-31",
        "fiscal_year": 2018,
        "form": "10-K",
        "filed": "2019-02-15",
        "unit": "USD",
        "type": "annual"
      },
      "date_range": {
        "earliest": "2008-12-31",
        "latest": "2019-06-30"
      }
    },
    "InterestPaidNet": {
      "taxonomy": "us-gaap",
      "label": "Interest Paid, Excluding Capitalized Interest, Operating Activities",
      "description": "Amount of cash paid for interest, excluding capitalized interest, classified as operating activity. Includes, but is not limited to, payment to settle zero-coupon bond for accreted interest of debt discount and debt instrument with insignificant coupon interest rate in relation to effective interest rate of borrowing attributable to accreted interest of debt discount.",
      "available_units": [
        "USD"
      ],
      "data_points_count": 54,
      "latest_value": {
        "value": 4547000000,
        "date": "2024-12-31",
        "fiscal_year": 2024,
        "form": "10-K",
        "filed": "2025-02-14",
        "unit": "USD",
        "type": "annual"
      },
      "date_range": {
        "earliest": "2017-12-31",
        "latest": "2025-06-30"
      }
    },
    "InterestRateCashFlowHedgeGainLossToBeReclassifiedDuringNext12MonthsNet": {
      "taxonomy": "us-gaap",
      "label": "Interest Rate Cash Flow Hedge Gain (Loss) to be Reclassified During Next 12 Months, Net",
      "description": "The estimated net amount of unrealized gains or losses on interest rate cash flow hedges as of the balance sheet date expected to be reclassified to earnings within the next twelve months.",
      "available_units": [
        "USD"
      ],
      "data_points_count": 25,
      "latest_value": {
        "value": -2000000,
        "date": "2016-12-31",
        "fiscal_year": 2016,
        "form": "10-K",
        "filed": "2017-02-22",
        "unit": "USD",
        "type": "annual"
      },
      "date_range": {
        "earliest": "2011-06-30",
        "latest": "2017-09-30"
      }
    },
    "MaturitiesOfSubordinatedDebt": {
      "taxonomy": "us-gaap",
      "label": "Maturities of Subordinated Debt",
      "description": "The cash outflow for a long-term borrowing where lender is placed in a lien position behind debt having a higher priority of repayment (senior) in case of liquidation of the entity's assets as it matures.",
      "available_units": [
        "USD"
      ],
      "data_points_count": 42,
      "latest_value": {
        "value": 0,
        "date": "2014-12-31",
        "fiscal_year": 2014,
        "form": "10-K",
        "filed": "2015-02-13",
        "unit": "USD",
        "type": "annual"
      },
      "date_range": {
        "earliest": "2008-12-31",
        "latest": "2014-12-31"
      }
    },
    "NoninterestBearingDepositLiabilitiesDomestic": {
      "taxonomy": "us-gaap",
      "label": "Noninterest-bearing Deposit Liabilities, Domestic",
      "description": "Amount of domestic noninterest-bearing deposits held by the entity, which may include demand deposits, checking, brokered and retail deposits.",
      "available_units": [
        "USD"
      ],
      "data_points_count": 58,
      "latest_value": {
        "value": 29345000000,
        "date": "2024-12-31",
        "fiscal_year": 2024,
        "form": "10-K",
        "filed": "2025-02-14",
        "unit": "USD",
        "type": "annual"
      },
      "date_range": {
        "earliest": "2009-12-31",
        "latest": "2025-06-30"
      }
    },
    "NotionalAmountOfCashFlowHedgeInstruments": {
      "taxonomy": "us-gaap",
      "label": "Notional Amount of Cash Flow Hedge Instruments (Deprecated 2013-01-31)",
      "description": "Aggregate notional amount of all derivatives designated as cash flow hedging instruments. The notional amount relates to a number of currency units, shares, bushels, pounds, or other units specified in a derivative instrument.",
      "available_units": [
        "USD"
      ],
      "data_points_count": 9,
      "latest_value": {
        "value": 9188000000,
        "date": "2012-12-31",
        "fiscal_year": 2012,
        "form": "10-K",
        "filed": "2013-02-15",
        "unit": "USD",
        "type": "annual"
      },
      "date_range": {
        "earliest": "2011-06-30",
        "latest": "2013-06-30"
      }
    },
    "OperatingLeasePayments": {
      "taxonomy": "us-gaap",
      "label": "Operating Lease, Payments",
      "description": "Amount of cash outflow from operating lease, excluding payments to bring another asset to condition and location necessary for its intended use.",
      "available_units": [
        "USD"
      ],
      "data_points_count": 14,
      "latest_value": {
        "value": 76000000,
        "date": "2024-12-31",
        "fiscal_year": 2024,
        "form": "10-K",
        "filed": "2025-02-14",
        "unit": "USD",
        "type": "annual"
      },
      "date_range": {
        "earliest": "2019-03-31",
        "latest": "2024-12-31"
      }
    },
    "OtherComprehensiveIncomeLossCashFlowHedgeGainLossAfterReclassificationAndTaxParent": {
      "taxonomy": "us-gaap",
      "label": "Other Comprehensive Income (Loss), Cash Flow Hedge, Gain (Loss), after Reclassification and Tax, Parent",
      "description": "Amount, after tax and reclassification, of gain (loss) from derivative instrument designated and qualifying as cash flow hedge included in assessment of hedge effectiveness, attributable to parent.",
      "available_units": [
        "USD"
      ],
      "data_points_count": 53,
      "latest_value": {
        "value": 96000000,
        "date": "2024-12-31",
        "fiscal_year": 2024,
        "form": "10-K",
        "filed": "2025-02-14",
        "unit": "USD",
        "type": "annual"
      },
      "date_range": {
        "earliest": "2020-06-30",
        "latest": "2025-06-30"
      }
    },
    "OtherComprehensiveIncomeLossDerivativesQualifyingAsHedgesBeforeTax": {
      "taxonomy": "us-gaap",
      "label": "Other Comprehensive Income (Loss), Derivatives Qualifying as Hedges, before Tax",
      "description": "Amount before tax, after reclassification adjustments, of increase (decrease) in accumulated gain (loss) from derivative instruments designated and qualifying as the effective portion of cash flow hedges and an entity's share of an equity investee's increase (decrease) in deferred hedging gain (loss).",
      "available_units": [
        "USD"
      ],
      "data_points_count": 21,
      "latest_value": {
        "value": 302000000,
        "date": "2020-12-31",
        "fiscal_year": 2020,
        "form": "10-K",
        "filed": "2021-02-26",
        "unit": "USD",
        "type": "annual"
      },
      "date_range": {
        "earliest": "2013-12-31",
        "latest": "2020-12-31"
      }
    },
    "OtherComprehensiveIncomeLossDerivativesQualifyingAsHedgesNetOfTax": {
      "taxonomy": "us-gaap",
      "label": "Other Comprehensive Income (Loss), Derivatives Qualifying as Hedges, Net of Tax",
      "description": "Amount after tax and reclassification adjustments, of increase (decrease) in accumulated gain (loss) from derivative instruments designated and qualifying as the effective portion of cash flow hedges and an entity's share of an equity investee's increase (decrease) in deferred hedging gain (loss).",
      "available_units": [
        "USD"
      ],
      "data_points_count": 102,
      "latest_value": {
        "value": 234000000,
        "date": "2020-12-31",
        "fiscal_year": 2020,
        "form": "10-K",
        "filed": "2021-02-26",
        "unit": "USD",
        "type": "annual"
      },
      "date_range": {
        "earliest": "2010-12-31",
        "latest": "2020-12-31"
      }
    },
    "OtherComprehensiveIncomeLossDerivativesQualifyingAsHedgesTax": {
      "taxonomy": "us-gaap",
      "label": "Other Comprehensive Income (Loss), Derivatives Qualifying as Hedges, Tax",
      "description": "Amount of tax expense (benefit), after reclassification adjustments, of increase (decrease) in accumulated gain (loss) from derivative instruments designated and qualifying as the effective portion of cash flow hedges and an entity's share of an equity investee's increase (decrease) in deferred hedging gain (loss).",
      "available_units": [
        "USD"
      ],
      "data_points_count": 21,
      "latest_value": {
        "value": 68000000,
        "date": "2020-12-31",
        "fiscal_year": 2020,
        "form": "10-K",
        "filed": "2021-02-26",
        "unit": "USD",
        "type": "annual"
      },
      "date_range": {
        "earliest": "2013-12-31",
        "latest": "2020-12-31"
      }
    },
    "OtherComprehensiveIncomeLossReclassificationAdjustmentFromAOCIOnDerivativesBeforeTax": {
      "taxonomy": "us-gaap",
      "label": "Other Comprehensive Income (Loss), Reclassification Adjustment from AOCI on Derivatives, before Tax",
      "description": "Amount before tax of reclassification adjustment from accumulated other comprehensive income of accumulated gain (loss) realized from derivative instruments designated and qualifying as the effective portion of cash flow hedges and an entity's share of an equity investee's deferred hedging gain (loss).",
      "available_units": [
        "USD"
      ],
      "data_points_count": 26,
      "latest_value": {
        "value": -1000000,
        "date": "2017-12-31",
        "fiscal_year": 2017,
        "form": "10-K",
        "filed": "2018-02-16",
        "unit": "USD",
        "type": "annual"
      },
      "date_range": {
        "earliest": "2011-12-31",
        "latest": "2017-12-31"
      }
    },
    "OtherComprehensiveIncomeLossReclassificationAdjustmentFromAOCIOnDerivativesNetOfTax": {
      "taxonomy": "us-gaap",
      "label": "Other Comprehensive Income (Loss), Reclassification Adjustment from AOCI on Derivatives, Net of Tax",
      "description": "Amount after tax of reclassification adjustment from accumulated other comprehensive income of accumulated gain (loss) realized from derivative instruments designated and qualifying as the effective portion of cash flow hedges and an entity's share of an equity investee's deferred hedging gain (loss).",
      "available_units": [
        "USD"
      ],
      "data_points_count": 26,
      "latest_value": {
        "value": -1000000,
        "date": "2017-12-31",
        "fiscal_year": 2017,
        "form": "10-K",
        "filed": "2018-02-16",
        "unit": "USD",
        "type": "annual"
      },
      "date_range": {
        "earliest": "2011-12-31",
        "latest": "2017-12-31"
      }
    },
    "OtherComprehensiveIncomeLossReclassificationAdjustmentFromAOCIOnDerivativesTax": {
      "taxonomy": "us-gaap",
      "label": "Other Comprehensive Income (Loss), Reclassification Adjustment from AOCI on Derivatives, Tax",
      "description": "Amount of tax expense (benefit) of reclassification adjustment from accumulated other comprehensive income of accumulated gain (loss) realized from derivative instruments designated and qualifying as the effective portion of cash flow hedges and an entity's share of an equity investee's deferred hedging gain (loss).",
      "available_units": [
        "USD"
      ],
      "data_points_count": 26,
      "latest_value": {
        "value": 0,
        "date": "2017-12-31",
        "fiscal_year": 2017,
        "form": "10-K",
        "filed": "2018-02-16",
        "unit": "USD",
        "type": "annual"
      },
      "date_range": {
        "earliest": "2011-12-31",
        "latest": "2017-12-31"
      }
    },
    "OtherComprehensiveIncomeUnrealizedGainLossOnDerivativesArisingDuringPeriodBeforeTax": {
      "taxonomy": "us-gaap",
      "label": "Other Comprehensive Income (Loss), Unrealized Gain (Loss) on Derivatives Arising During Period, before Tax",
      "description": "Amount before tax of increase (decrease) in accumulated gain (loss) from derivative instruments designated and qualifying as the effective portion of cash flow hedges and an entity's share of an equity investee's increase (decrease) in deferred hedging gain (loss).",
      "available_units": [
        "USD"
      ],
      "data_points_count": 29,
      "latest_value": {
        "value": 3000000,
        "date": "2017-12-31",
        "fiscal_year": 2017,
        "form": "10-K",
        "filed": "2018-02-16",
        "unit": "USD",
        "type": "annual"
      },
      "date_range": {
        "earliest": "2009-12-31",
        "latest": "2017-12-31"
      }
    },
    "OtherComprehensiveIncomeUnrealizedGainLossOnDerivativesArisingDuringPeriodNetOfTax": {
      "taxonomy": "us-gaap",
      "label": "Other Comprehensive Income (Loss), Unrealized Gain (Loss) on Derivatives Arising During Period, Net of Tax",
      "description": "Amount after tax of increase (decrease) in accumulated gain (loss) from derivative instruments designated and qualifying as the effective portion of cash flow hedges and an entity's share of an equity investee's increase (decrease) in deferred hedging gain (loss).",
      "available_units": [
        "USD"
      ],
      "data_points_count": 29,
      "latest_value": {
        "value": 2000000,
        "date": "2017-12-31",
        "fiscal_year": 2017,
        "form": "10-K",
        "filed": "2018-02-16",
        "unit": "USD",
        "type": "annual"
      },
      "date_range": {
        "earliest": "2009-12-31",
        "latest": "2017-12-31"
      }
    },
    "OtherComprehensiveIncomeUnrealizedGainLossOnDerivativesArisingDuringPeriodTax": {
      "taxonomy": "us-gaap",
      "label": "Other Comprehensive Income (Loss), Unrealized Gain (Loss) on Derivatives Arising During Period, Tax",
      "description": "Amount of tax expense (benefit), before reclassification adjustments, related to increase (decrease) in accumulated gain (loss) from derivative instruments designated and qualifying as the effective portion of cash flow hedges and an entity's share of an equity investee's increase (decrease) in deferred hedging gain (loss).",
      "available_units": [
        "USD"
      ],
      "data_points_count": 29,
      "latest_value": {
        "value": 1000000,
        "date": "2017-12-31",
        "fiscal_year": 2017,
        "form": "10-K",
        "filed": "2018-02-16",
        "unit": "USD",
        "type": "annual"
      },
      "date_range": {
        "earliest": "2009-12-31",
        "latest": "2017-12-31"
      }
    },
    "OtherNoncashIncomeExpense": {
      "taxonomy": "us-gaap",
      "label": "Other Noncash Income (Expense)",
      "description": "Amount of income (expense) included in net income that results in no cash inflow (outflow), classified as other.",
      "available_units": [
        "USD"
      ],
      "data_points_count": 34,
      "latest_value": {
        "value": 93361000,
        "date": "2012-12-31",
        "fiscal_year": 2012,
        "form": "10-K",
        "filed": "2013-02-15",
        "unit": "USD",
        "type": "annual"
      },
      "date_range": {
        "earliest": "2009-12-31",
        "latest": "2025-06-30"
      }
    },
    "PaymentsForProceedsFromOtherInvestingActivities": {
      "taxonomy": "us-gaap",
      "label": "Payments for (Proceeds from) Other Investing Activities",
      "description": "Amount of cash (inflow) outflow from investing activities classified as other.",
      "available_units": [
        "USD"
      ],
      "data_points_count": 142,
      "latest_value": {
        "value": -87000000,
        "date": "2024-12-31",
        "fiscal_year": 2024,
        "form": "10-K",
        "filed": "2025-02-14",
        "unit": "USD",
        "type": "annual"
      },
      "date_range": {
        "earliest": "2008-12-31",
        "latest": "2025-06-30"
      }
    },
    "PaymentsForRepurchaseOfCommonStock": {
      "taxonomy": "us-gaap",
      "label": "Payments for Repurchase of Common Stock",
      "description": "The cash outflow to reacquire common stock during the period.",
      "available_units": [
        "USD"
      ],
      "data_points_count": 65,
      "latest_value": {
        "value": 0,
        "date": "2023-12-31",
        "fiscal_year": 2023,
        "form": "10-K",
        "filed": "2024-02-16",
        "unit": "USD",
        "type": "annual"
      },
      "date_range": {
        "earliest": "2013-12-31",
        "latest": "2023-12-31"
      }
    },
    "PaymentsForRepurchaseOfPreferredStockAndPreferenceStock": {
      "taxonomy": "us-gaap",
      "label": "Payments for Repurchase of Preferred Stock and Preference Stock",
      "description": "The cash outflow to reacquire preferred stock during the period.",
      "available_units": [
        "USD"
      ],
      "data_points_count": 31,
      "latest_value": {
        "value": 410000000,
        "date": "2024-12-31",
        "fiscal_year": 2024,
        "form": "10-K",
        "filed": "2025-02-14",
        "unit": "USD",
        "type": "annual"
      },
      "date_range": {
        "earliest": "2008-12-31",
        "latest": "2024-12-31"
      }
    },
    "PaymentsOfDividends": {
      "taxonomy": "us-gaap",
      "label": "Payments of Dividends",
      "description": "Cash outflow in the form of capital distributions and dividends to common shareholders, preferred shareholders and noncontrolling interests.",
      "available_units": [
        "USD"
      ],
      "data_points_count": 5,
      "latest_value": {
        "value": 169335000,
        "date": "2012-12-31",
        "fiscal_year": 2014,
        "form": "10-K",
        "filed": "2015-02-13",
        "unit": "USD",
        "type": "annual"
      },
      "date_range": {
        "earliest": "2009-12-31",
        "latest": "2012-12-31"
      }
    },
    "PaymentsOfDividendsCommonStock": {
      "taxonomy": "us-gaap",
      "label": "Payments of Ordinary Dividends, Common Stock",
      "description": "Amount of cash outflow in the form of ordinary dividends to common shareholders of the parent entity.",
      "available_units": [
        "USD"
      ],
      "data_points_count": 142,
      "latest_value": {
        "value": 903000000,
        "date": "2024-12-31",
        "fiscal_year": 2024,
        "form": "10-K",
        "filed": "2025-02-14",
        "unit": "USD",
        "type": "annual"
      },
      "date_range": {
        "earliest": "2008-12-31",
        "latest": "2025-06-30"
      }
    },
    "PaymentsOfDividendsPreferredStockAndPreferenceStock": {
      "taxonomy": "us-gaap",
      "label": "Payments of Ordinary Dividends, Preferred Stock and Preference Stock",
      "description": "Amount of cash outflow in the form of ordinary dividends to preferred shareholders of the parent entity.",
      "available_units": [
        "USD"
      ],
      "data_points_count": 142,
      "latest_value": {
        "value": 143000000,
        "date": "2024-12-31",
        "fiscal_year": 2024,
        "form": "10-K",
        "filed": "2025-02-14",
        "unit": "USD",
        "type": "annual"
      },
      "date_range": {
        "earliest": "2008-12-31",
        "latest": "2025-06-30"
      }
    },
    "PaymentsRelatedToTaxWithholdingForShareBasedCompensation": {
      "taxonomy": "us-gaap",
      "label": "Payment, Tax Withholding, Share-based Payment Arrangement",
      "description": "Amount of cash outflow to satisfy grantee's tax withholding obligation for award under share-based payment arrangement.",
      "available_units": [
        "USD"
      ],
      "data_points_count": 36,
      "latest_value": {
        "value": 20000000,
        "date": "2020-12-31",
        "fiscal_year": 2020,
        "form": "10-K",
        "filed": "2021-02-26",
        "unit": "USD",
        "type": "annual"
      },
      "date_range": {
        "earliest": "2015-12-31",
        "latest": "2021-03-31"
      }
    },
    "PaymentsToAcquireBusinessesNetOfCashAcquired": {
      "taxonomy": "us-gaap",
      "label": "Payments to Acquire Businesses, Net of Cash Acquired",
      "description": "The cash outflow associated with the acquisition of a business, net of the cash acquired from the purchase.",
      "available_units": [
        "USD"
      ],
      "data_points_count": 37,
      "latest_value": {
        "value": 0,
        "date": "2024-12-31",
        "fiscal_year": 2024,
        "form": "10-K",
        "filed": "2025-02-14",
        "unit": "USD",
        "type": "annual"
      },
      "date_range": {
        "earliest": "2013-12-31",
        "latest": "2024-12-31"
      }
    },
    "PaymentsToAcquireIntangibleAssets": {
      "taxonomy": "us-gaap",
      "label": "Payments to Acquire Intangible Assets",
      "description": "The cash outflow to acquire asset without physical form usually arising from contractual or other legal rights, excluding goodwill.",
      "available_units": [
        "USD"
      ],
      "data_points_count": 25,
      "latest_value": {
        "value": 0,
        "date": "2018-12-31",
        "fiscal_year": 2018,
        "form": "10-K",
        "filed": "2019-02-15",
        "unit": "USD",
        "type": "annual"
      },
      "date_range": {
        "earliest": "2012-12-31",
        "latest": "2018-12-31"
      }
    },
    "PaymentsToAcquireLeasesHeldForInvestment": {
      "taxonomy": "us-gaap",
      "label": "Payments to Acquire Leases Held-for-investment",
      "description": "The cash outflow associated with purchasing leases held for investment purposes during an accounting period.",
      "available_units": [
        "USD"
      ],
      "data_points_count": 3,
      "latest_value": {
        "value": 0,
        "date": "2010-12-31",
        "fiscal_year": 2010,
        "form": "10-K",
        "filed": "2011-02-18",
        "unit": "USD",
        "type": "annual"
      },
      "date_range": {
        "earliest": "2008-12-31",
        "latest": "2010-12-31"
      }
    },
    "PaymentsToAcquirePropertyPlantAndEquipment": {
      "taxonomy": "us-gaap",
      "label": "Payments to Acquire Property, Plant, and Equipment",
      "description": "The cash outflow associated with the acquisition of long-lived, physical assets that are used in the normal conduct of business to produce goods and services and not intended for resale; includes cash outflows to pay for construction of self-constructed assets.",
      "available_units": [
        "USD"
      ],
      "data_points_count": 142,
      "latest_value": {
        "value": 143000000,
        "date": "2024-12-31",
        "fiscal_year": 2024,
        "form": "10-K",
        "filed": "2025-02-14",
        "unit": "USD",
        "type": "annual"
      },
      "date_range": {
        "earliest": "2008-12-31",
        "latest": "2025-06-30"
      }
    },
    "PreferredStockSharesIssued": {
      "taxonomy": "us-gaap",
      "label": "Preferred Stock, Shares Issued",
      "description": "Total number of nonredeemable preferred shares (or preferred stock redeemable solely at the option of the issuer) issued to shareholders (includes related preferred shares that were issued, repurchased, and remain in the treasury). May be all or portion of the number of preferred shares authorized. Excludes preferred shares that are classified as debt.",
      "available_units": [
        "shares"
      ],
      "data_points_count": 78,
      "latest_value": {
        "value": 2702571,
        "date": "2017-12-31",
        "fiscal_year": 2017,
        "form": "10-K",
        "filed": "2018-02-16",
        "unit": "shares",
        "type": "annual"
      },
      "date_range": {
        "earliest": "2009-06-30",
        "latest": "2018-09-30"
      }
    },
    "PreferredStockValue": {
      "taxonomy": "us-gaap",
      "label": "Preferred Stock, Value, Issued",
      "description": "Aggregate par or stated value of issued nonredeemable preferred stock (or preferred stock redeemable solely at the option of the issuer). This item includes treasury stock repurchased by the entity. Note: elements for number of nonredeemable preferred shares, par value and other disclosure concepts are in another section within stockholders' equity.",
      "available_units": [
        "USD"
      ],
      "data_points_count": 62,
      "latest_value": {
        "value": 1989000000,
        "date": "2024-12-31",
        "fiscal_year": 2024,
        "form": "10-K",
        "filed": "2025-02-14",
        "unit": "USD",
        "type": "annual"
      },
      "date_range": {
        "earliest": "2016-12-31",
        "latest": "2025-06-30"
      }
    },
    "PreferredStockValueOutstanding": {
      "taxonomy": "us-gaap",
      "label": "Preferred Stock, Value, Outstanding",
      "description": "Value of all nonredeemable preferred stock (or preferred stock redeemable solely at the option of the issuer) held by shareholders, which is net of related treasury stock. May be all or a portion of the number of preferred shares authorized. These shares represent the ownership interest of the preferred shareholders.",
      "available_units": [
        "USD"
      ],
      "data_points_count": 43,
      "latest_value": {
        "value": 1989000000,
        "date": "2024-12-31",
        "fiscal_year": 2024,
        "form": "10-K",
        "filed": "2025-02-14",
        "unit": "USD",
        "type": "annual"
      },
      "date_range": {
        "earliest": "2016-12-31",
        "latest": "2025-06-30"
      }
    },
    "ProceedsFromIssuanceOfCommonStock": {
      "taxonomy": "us-gaap",
      "label": "Proceeds from Issuance of Common Stock",
      "description": "The cash inflow from the additional capital contribution to the entity.",
      "available_units": [
        "USD"
      ],
      "data_points_count": 42,
      "latest_value": {
        "value": 0,
        "date": "2016-12-31",
        "fiscal_year": 2016,
        "form": "10-K",
        "filed": "2017-02-22",
        "unit": "USD",
        "type": "annual"
      },
      "date_range": {
        "earliest": "2008-12-31",
        "latest": "2016-12-31"
      }
    },
    "ProceedsFromIssuanceOfLongTermDebt": {
      "taxonomy": "us-gaap",
      "label": "Proceeds from Issuance of Long-term Debt",
      "description": "The cash inflow from a debt initially having maturity due after one year or beyond the operating cycle, if longer.",
      "available_units": [
        "USD"
      ],
      "data_points_count": 88,
      "latest_value": {
        "value": 7661000000,
        "date": "2024-12-31",
        "fiscal_year": 2024,
        "form": "10-K",
        "filed": "2025-02-14",
        "unit": "USD",
        "type": "annual"
      },
      "date_range": {
        "earliest": "2013-12-31",
        "latest": "2025-06-30"
      }
    },
    "ProceedsFromIssuanceOfOtherLongTermDebt": {
      "taxonomy": "us-gaap",
      "label": "Proceeds from Issuance of Other Long-term Debt",
      "description": "Amount of cash inflow from issuance of long-term debt classified as other.",
      "available_units": [
        "USD"
      ],
      "data_points_count": 42,
      "latest_value": {
        "value": 2000000000,
        "date": "2014-12-31",
        "fiscal_year": 2014,
        "form": "10-K",
        "filed": "2015-02-13",
        "unit": "USD",
        "type": "annual"
      },
      "date_range": {
        "earliest": "2008-12-31",
        "latest": "2015-09-30"
      }
    },
    "ProceedsFromIssuanceOfSubordinatedLongTermDebt": {
      "taxonomy": "us-gaap",
      "label": "Proceeds from Issuance of Subordinated Long-term Debt",
      "description": "The cash inflow from a borrowing where a lender is placed in a lien position behind debt having a higher priority of repayment (senior) in liquidation of the entity's assets or underlying collateral.",
      "available_units": [
        "USD"
      ],
      "data_points_count": 18,
      "latest_value": {
        "value": 0,
        "date": "2014-12-31",
        "fiscal_year": 2014,
        "form": "10-K",
        "filed": "2015-02-13",
        "unit": "USD",
        "type": "annual"
      },
      "date_range": {
        "earliest": "2008-12-31",
        "latest": "2014-12-31"
      }
    },
    "ProceedsFromLeasesHeldForInvestment": {
      "taxonomy": "us-gaap",
      "label": "Proceeds from Leases Held-for-investment",
      "description": "The cash inflow from the sale of a lease held for investment, which may be a lease of real estate, equipment or other fixed assets for a specified time in exchange for payment, usually in the form of rent.",
      "available_units": [
        "USD"
      ],
      "data_points_count": 3,
      "latest_value": {
        "value": 34930000,
        "date": "2010-12-31",
        "fiscal_year": 2010,
        "form": "10-K",
        "filed": "2011-02-18",
        "unit": "USD",
        "type": "annual"
      },
      "date_range": {
        "earliest": "2008-12-31",
        "latest": "2010-12-31"
      }
    },
    "ProceedsFromMaturitiesPrepaymentsAndCallsOfOtherInvestments": {
      "taxonomy": "us-gaap",
      "label": "Proceeds from Maturities, Prepayments and Calls of Other Investments",
      "description": "The cash inflow associated with the maturity (principal being due), prepayment and call (request of early payment) of other investments not otherwise defined in the taxonomy.",
      "available_units": [
        "USD"
      ],
      "data_points_count": 45,
      "latest_value": {
        "value": 57000000,
        "date": "2024-12-31",
        "fiscal_year": 2024,
        "form": "10-K",
        "filed": "2025-02-14",
        "unit": "USD",
        "type": "annual"
      },
      "date_range": {
        "earliest": "2017-06-30",
        "latest": "2025-06-30"
      }
    },
    "ProceedsFromPaymentsForInInterestBearingDepositsInBanks": {
      "taxonomy": "us-gaap",
      "label": "Proceeds from (Payments for) in Interest-bearing Deposits in Banks",
      "description": "The net cash inflow or outflow in Interest-bearing Deposits by banks in other financial institutions for relatively short periods of time including, for example, certificates of deposits.",
      "available_units": [
        "USD"
      ],
      "data_points_count": 142,
      "latest_value": {
        "value": -254000000,
        "date": "2024-12-31",
        "fiscal_year": 2024,
        "form": "10-K",
        "filed": "2025-02-14",
        "unit": "USD",
        "type": "annual"
      },
      "date_range": {
        "earliest": "2008-12-31",
        "latest": "2025-06-30"
      }
    },
    "ProceedsFromRepaymentsOfShortTermDebt": {
      "taxonomy": "us-gaap",
      "label": "Proceeds from (Repayments of) Short-term Debt",
      "description": "The net cash inflow or outflow for borrowing having initial term of repayment within one year or the normal operating cycle, if longer.",
      "available_units": [
        "USD"
      ],
      "data_points_count": 142,
      "latest_value": {
        "value": -782000000,
        "date": "2024-12-31",
        "fiscal_year": 2024,
        "form": "10-K",
        "filed": "2025-02-14",
        "unit": "USD",
        "type": "annual"
      },
      "date_range": {
        "earliest": "2008-12-31",
        "latest": "2025-06-30"
      }
    },
    "ProceedsFromStockOptionsExercised": {
      "taxonomy": "us-gaap",
      "label": "Proceeds from Stock Options Exercised",
      "description": "Amount of cash inflow from exercise of option under share-based payment arrangement.",
      "available_units": [
        "USD"
      ],
      "data_points_count": 36,
      "latest_value": {
        "value": 11000000,
        "date": "2017-12-31",
        "fiscal_year": 2017,
        "form": "10-K",
        "filed": "2018-02-16",
        "unit": "USD",
        "type": "annual"
      },
      "date_range": {
        "earliest": "2012-12-31",
        "latest": "2018-06-30"
      }
    },
    "RepaymentsOfLongTermDebt": {
      "taxonomy": "us-gaap",
      "label": "Repayments of Long-term Debt",
      "description": "The cash outflow for debt initially having maturity due after one year or beyond the normal operating cycle, if longer.",
      "available_units": [
        "USD"
      ],
      "data_points_count": 88,
      "latest_value": {
        "value": 3563000000,
        "date": "2024-12-31",
        "fiscal_year": 2024,
        "form": "10-K",
        "filed": "2025-02-14",
        "unit": "USD",
        "type": "annual"
      },
      "date_range": {
        "earliest": "2013-12-31",
        "latest": "2025-06-30"
      }
    },
    "RepaymentsOfOtherLongTermDebt": {
      "taxonomy": "us-gaap",
      "label": "Repayments of Other Long-term Debt",
      "description": "Amount of cash outflow for the payment of debt classified as other, maturing after one year or the operating cycle, if longer.",
      "available_units": [
        "USD"
      ],
      "data_points_count": 54,
      "latest_value": {
        "value": 198922000,
        "date": "2014-12-31",
        "fiscal_year": 2014,
        "form": "10-K",
        "filed": "2015-02-13",
        "unit": "USD",
        "type": "annual"
      },
      "date_range": {
        "earliest": "2008-12-31",
        "latest": "2015-09-30"
      }
    },
    "RestrictedCashAndCashEquivalents": {
      "taxonomy": "us-gaap",
      "label": "Restricted Cash and Cash Equivalents",
      "description": "Amount of cash and cash equivalents restricted as to withdrawal or usage. Cash includes, but is not limited to, currency on hand, demand deposits with banks or financial institutions, and other accounts with general characteristics of demand deposits. Cash equivalents include, but are not limited to, short-term, highly liquid investments that are both readily convertible to known amounts of cash and so near their maturity that they present insignificant risk of changes in value because of changes in interest rates.",
      "available_units": [
        "USD"
      ],
      "data_points_count": 6,
      "latest_value": {
        "value": 125000000,
        "date": "2012-03-31",
        "fiscal_year": 2012,
        "fiscal_period": "Q1",
        "form": "10-Q",
        "filed": "2012-04-30",
        "unit": "USD",
        "type": "quarterly"
      },
      "date_range": {
        "earliest": "2010-09-30",
        "latest": "2012-03-31"
      }
    },
    "ShareBasedCompensation": {
      "taxonomy": "us-gaap",
      "label": "Share-based Payment Arrangement, Noncash Expense",
      "description": "Amount of noncash expense for share-based payment arrangement.",
      "available_units": [
        "USD"
      ],
      "data_points_count": 117,
      "latest_value": {
        "value": 106000000,
        "date": "2024-12-31",
        "fiscal_year": 2024,
        "form": "10-K",
        "filed": "2025-02-14",
        "unit": "USD",
        "type": "annual"
      },
      "date_range": {
        "earliest": "2011-12-31",
        "latest": "2025-06-30"
      }
    },
    "ShareBasedCompensationArrangementByShareBasedPaymentAwardEquityInstrumentsOtherThanOptionsVestedInPeriodTotalFairValue": {
      "taxonomy": "us-gaap",
      "label": "Share-based Compensation Arrangement by Share-based Payment Award, Equity Instruments Other than Options, Vested in Period, Fair Value",
      "description": "Fair value of share-based awards for which the grantee gained the right by satisfying service and performance requirements, to receive or retain shares or units, other instruments, or cash.",
      "available_units": [
        "USD"
      ],
      "data_points_count": 63,
      "latest_value": {
        "value": 96000000,
        "date": "2024-12-31",
        "fiscal_year": 2024,
        "form": "10-K",
        "filed": "2025-02-14",
        "unit": "USD",
        "type": "annual"
      },
      "date_range": {
        "earliest": "2009-12-31",
        "latest": "2024-12-31"
      }
    },
    "SharesOutstanding": {
      "taxonomy": "us-gaap",
      "label": "Shares, Outstanding",
      "description": "Number of shares issued which are neither cancelled nor held in the treasury.",
      "available_units": [
        "shares"
      ],
      "data_points_count": 1,
      "latest_value": {
        "value": -980000,
        "date": "2009-12-31",
        "fiscal_year": 2011,
        "form": "10-K",
        "filed": "2012-02-17",
        "unit": "shares",
        "type": "annual"
      },
      "date_range": {
        "earliest": "2009-12-31",
        "latest": "2009-12-31"
      }
    },
    "ShortTermBorrowings": {
      "taxonomy": "us-gaap",
      "label": "Short-term Debt",
      "description": "Reflects the total carrying amount as of the balance sheet date of debt having initial terms less than one year or the normal operating cycle, if longer.",
      "available_units": [
        "USD"
      ],
      "data_points_count": 132,
      "latest_value": {
        "value": 199000000,
        "date": "2024-12-31",
        "fiscal_year": 2024,
        "form": "10-K",
        "filed": "2025-02-14",
        "unit": "USD",
        "type": "annual"
      },
      "date_range": {
        "earliest": "2009-06-30",
        "latest": "2025-06-30"
      }
    },
    "ShortTermLeaseCost": {
      "taxonomy": "us-gaap",
      "label": "Short-term Lease, Cost",
      "description": "Amount of short-term lease cost, excluding expense for lease with term of one month or less.",
      "available_units": [
        "USD"
      ],
      "data_points_count": 13,
      "latest_value": {
        "value": 2000000,
        "date": "2024-12-31",
        "fiscal_year": 2024,
        "form": "10-K",
        "filed": "2025-02-14",
        "unit": "USD",
        "type": "annual"
      },
      "date_range": {
        "earliest": "2019-09-30",
        "latest": "2024-12-31"
      }
    },
    "TransferOfInvestments": {
      "taxonomy": "us-gaap",
      "label": "Transfer from Investments",
      "description": "Value of investments transferred from the entity's investments in noncash transactions.",
      "available_units": [
        "USD"
      ],
      "data_points_count": 34,
      "latest_value": {
        "value": 993000000,
        "date": "2017-12-31",
        "fiscal_year": 2017,
        "form": "10-K",
        "filed": "2018-02-16",
        "unit": "USD",
        "type": "annual"
      },
      "date_range": {
        "earliest": "2010-12-31",
        "latest": "2017-12-31"
      }
    },
    "TransferOfOtherRealEstate": {
      "taxonomy": "us-gaap",
      "label": "Real Estate Owned, Transfer from Real Estate Owned",
      "description": "Value transferred out of real estate owned (REO) in noncash transactions.",
      "available_units": [
        "USD"
      ],
      "data_points_count": 56,
      "latest_value": {
        "value": 19000000,
        "date": "2019-12-31",
        "fiscal_year": 2019,
        "form": "10-K",
        "filed": "2020-02-14",
        "unit": "USD",
        "type": "annual"
      },
      "date_range": {
        "earliest": "2012-12-31",
        "latest": "2020-09-30"
      }
    },
    "TreasuryStockAcquiredAverageCostPerShare": {
      "taxonomy": "us-gaap",
      "label": "Treasury Stock Acquired, Average Cost Per Share",
      "description": "Total cost of shares repurchased divided by the total number of shares repurchased.",
      "available_units": [
        "USD/shares"
      ],
      "data_points_count": 2,
      "latest_value": {
        "value": 15.07,
        "date": "2021-12-31",
        "fiscal_year": 2021,
        "form": "10-K",
        "filed": "2022-02-18",
        "unit": "USD/shares",
        "type": "annual"
      },
      "date_range": {
        "earliest": "2021-09-30",
        "latest": "2021-12-31"
      }
    },
    "TreasuryStockShares": {
      "taxonomy": "us-gaap",
      "label": "Treasury Stock, Shares",
      "description": "Number of common and preferred shares that were previously issued and that were repurchased by the issuing entity and held in treasury on the financial statement date. This stock has no voting rights and receives no dividends.",
      "available_units": [
        "shares"
      ],
      "data_points_count": 108,
      "latest_value": {
        "value": 6298288,
        "date": "2021-12-31",
        "fiscal_year": 2021,
        "form": "10-K",
        "filed": "2022-02-18",
        "unit": "shares",
        "type": "annual"
      },
      "date_range": {
        "earliest": "2009-06-30",
        "latest": "2022-06-30"
      }
    },
    "TreasuryStockValue": {
      "taxonomy": "us-gaap",
      "label": "Treasury Stock, Value",
      "description": "The amount allocated to treasury stock. Treasury stock is common and preferred shares of an entity that were issued, repurchased by the entity, and are held in its treasury.",
      "available_units": [
        "USD"
      ],
      "data_points_count": 108,
      "latest_value": {
        "value": 79000000,
        "date": "2021-12-31",
        "fiscal_year": 2021,
        "form": "10-K",
        "filed": "2022-02-18",
        "unit": "USD",
        "type": "annual"
      },
      "date_range": {
        "earliest": "2009-06-30",
        "latest": "2022-06-30"
      }
    },
    "PaymentsToAcquireFinanceReceivables": {
      "taxonomy": "us-gaap",
      "label": "Payments to Acquire Finance Receivables",
      "description": "The cash outflow for the purchase of amounts due from customers, clients, lessees, borrowers, or others under the terms of its agreements therewith.",
      "available_units": [
        "USD"
      ],
      "data_points_count": 22,
      "latest_value": {
        "value": 317000000,
        "date": "2025-06-30",
        "fiscal_year": 2025,
        "fiscal_period": "Q2",
        "form": "10-Q",
        "filed": "2025-07-29",
        "unit": "USD",
        "type": "quarterly"
      },
      "date_range": {
        "earliest": "2021-03-31",
        "latest": "2025-06-30"
      }
    },
    "PaymentsToAcquireBusinessTwoNetOfCashAcquired": {
      "taxonomy": "us-gaap",
      "label": "Payments to Acquire Business Two, Net of Cash Acquired",
      "description": "The cash outflow associated with a second acquisition of a business, net of the cash acquired from the purchase.",
      "available_units": [
        "USD"
      ],
      "data_points_count": 2,
      "latest_value": {
        "value": 0,
        "date": "2022-09-30",
        "fiscal_year": 2022,
        "fiscal_period": "Q3",
        "form": "10-Q",
        "filed": "2022-10-28",
        "unit": "USD",
        "type": "quarterly"
      },
      "date_range": {
        "earliest": "2021-09-30",
        "latest": "2022-09-30"
      }
    },
    "TreasuryStockCommonShares": {
      "taxonomy": "us-gaap",
      "label": "Treasury Stock, Common, Shares",
      "description": "Number of previously issued common shares repurchased by the issuing entity and held in treasury.",
      "available_units": [
        "shares"
      ],
      "data_points_count": 24,
      "latest_value": {
        "value": 6984102,
        "date": "2024-12-31",
        "fiscal_year": 2024,
        "form": "10-K",
        "filed": "2025-02-14",
        "unit": "shares",
        "type": "annual"
      },
      "date_range": {
        "earliest": "2021-12-31",
        "latest": "2025-06-30"
      }
    },
    "TreasuryStockCommonValue": {
      "taxonomy": "us-gaap",
      "label": "Treasury Stock, Common, Value",
      "description": "Amount allocated to previously issued common shares repurchased by the issuing entity and held in treasury.",
      "available_units": [
        "USD"
      ],
      "data_points_count": 24,
      "latest_value": {
        "value": 86000000,
        "date": "2024-12-31",
        "fiscal_year": 2024,
        "form": "10-K",
        "filed": "2025-02-14",
        "unit": "USD",
        "type": "annual"
      },
      "date_range": {
        "earliest": "2021-12-31",
        "latest": "2025-06-30"
      }
    },
    "ProceedsFromSaleOfOtherInvestments": {
      "taxonomy": "us-gaap",
      "label": "Proceeds from Sale of Other Investments",
      "description": "The cash inflow associated with the sale of other investments not otherwise defined in the taxonomy.",
      "available_units": [
        "USD"
      ],
      "data_points_count": 6,
      "latest_value": {
        "value": 0,
        "date": "2024-12-31",
        "fiscal_year": 2024,
        "form": "10-K",
        "filed": "2025-02-14",
        "unit": "USD",
        "type": "annual"
      },
      "date_range": {
        "earliest": "2021-12-31",
        "latest": "2024-12-31"
      }
    },
    "DefinedBenefitPlanAssumptionsUsedCalculatingBenefitObligationDiscountRate": {
      "taxonomy": "us-gaap",
      "label": "Defined Benefit Plan, Assumptions Used Calculating Benefit Obligation, Discount Rate",
      "description": "Weighted average rate for present value of future retirement benefits cash flows, used to determine benefit obligation of defined benefit plan.",
      "available_units": [
        "pure"
      ],
      "data_points_count": 2,
      "latest_value": {
        "value": 0.0567,
        "date": "2024-12-31",
        "fiscal_year": 2024,
        "form": "10-K",
        "filed": "2025-02-14",
        "unit": "pure",
        "type": "annual"
      },
      "date_range": {
        "earliest": "2023-12-31",
        "latest": "2024-12-31"
      }
    },
    "DefinedBenefitPlanAssumptionsUsedCalculatingNetPeriodicBenefitCostDiscountRate": {
      "taxonomy": "us-gaap",
      "label": "Defined Benefit Plan, Assumptions Used Calculating Net Periodic Benefit Cost, Discount Rate",
      "description": "Weighted average rate for present value of future retirement benefits cash flows, used to determine net periodic benefit cost of defined benefit plan.",
      "available_units": [
        "pure"
      ],
      "data_points_count": 2,
      "latest_value": {
        "value": 0.0515,
        "date": "2024-12-31",
        "fiscal_year": 2024,
        "form": "10-K",
        "filed": "2025-02-14",
        "unit": "pure",
        "type": "annual"
      },
      "date_range": {
        "earliest": "2023-12-31",
        "latest": "2024-12-31"
      }
    },
    "DefinedBenefitPlanSettlementsBenefitObligation": {
      "taxonomy": "us-gaap",
      "label": "Defined Benefit Plan, Benefit Obligation, (Increase) Decrease for Settlement",
      "description": "Amount of (increase) decrease to benefit obligation of defined benefit plan from irrevocable action relieving primary responsibility for benefit obligation and eliminating risk for obligation and assets used to effect settlement. Includes, but is not limited to, lump-sum cash payment to participant in exchange for right to receive specified benefits, purchase of nonparticipating annuity contract and change from remeasurement.",
      "available_units": [
        "USD"
      ],
      "data_points_count": 2,
      "latest_value": {
        "value": 9000000,
        "date": "2024-12-31",
        "fiscal_year": 2024,
        "form": "10-K",
        "filed": "2025-02-14",
        "unit": "USD",
        "type": "annual"
      },
      "date_range": {
        "earliest": "2023-12-31",
        "latest": "2024-12-31"
      }
    },
    "DefinedBenefitPlanSettlementsPlanAssets": {
      "taxonomy": "us-gaap",
      "label": "Defined Benefit Plan, Plan Assets, Payment for Settlement",
      "description": "Amount of payment, which decreases plan assets of defined benefit plan, for irrevocable action relieving primary responsibility for benefit obligation and eliminating risk for obligation and assets used to effect settlement. Transaction constituting settlement includes, but is not limited to, making lump-sum cash payment to participant in exchange for their rights to receive specified benefits and purchasing nonparticipating annuity contract.",
      "available_units": [
        "USD"
      ],
      "data_points_count": 2,
      "latest_value": {
        "value": 9000000,
        "date": "2024-12-31",
        "fiscal_year": 2024,
        "form": "10-K",
        "filed": "2025-02-14",
        "unit": "USD",
        "type": "annual"
      },
      "date_range": {
        "earliest": "2023-12-31",
        "latest": "2024-12-31"
      }
    },
    "DepreciationAmortizationAndAccretionNet": {
      "taxonomy": "us-gaap",
      "label": "Depreciation, Amortization and Accretion, Net",
      "description": "The aggregate net amount of depreciation, amortization, and accretion recognized during an accounting period. As a noncash item, the net amount is added back to net income when calculating cash provided by or used in operations using the indirect method.",
      "available_units": [
        "USD"
      ],
      "data_points_count": 4,
      "latest_value": {
        "value": 397000000,
        "date": "2025-06-30",
        "fiscal_year": 2025,
        "fiscal_period": "Q2",
        "form": "10-Q",
        "filed": "2025-07-29",
        "unit": "USD",
        "type": "quarterly"
      },
      "date_range": {
        "earliest": "2024-03-31",
        "latest": "2025-06-30"
      }
    }
  }
}