{
  "chunk_metadata": {
    "domain": "public",
    "CIK": "947263",
    "data_type": "SEC",
    "ticker": "TD",
    "chunk_name": "Securities & Investments",
    "chunk_id": "securities_investments",
    "company_name": "TORONTO DOMINION BANK",
    "extraction_date": "2025-09-30T11:01:44.245886",
    "metrics_count": 34,
    "total_company_metrics": 0,
    "chunking_strategy": "context_aware_balanced"
  },
  "metrics": {
    "AdjustmentsForDecreaseIncreaseInReverseRepurchaseAgreementsAndCashCollateralOnSecuritiesBorrowed": {
      "taxonomy": "ifrs-full",
      "label": null,
      "description": null,
      "available_units": [
        "CAD"
      ],
      "data_points_count": 88,
      "latest_value": {
        "value": -20063000000,
        "date": "2025-07-31",
        "fiscal_year": 2025,
        "fiscal_period": "Q3",
        "form": "6-K",
        "filed": "2025-08-28",
        "unit": "CAD",
        "type": "other"
      },
      "date_range": {
        "earliest": "2016-10-31",
        "latest": "2025-07-31"
      }
    },
    "AdjustmentsForIncreaseDecreaseInRepurchaseAgreementsAndCashCollateralOnSecuritiesLent": {
      "taxonomy": "ifrs-full",
      "label": null,
      "description": null,
      "available_units": [
        "CAD"
      ],
      "data_points_count": 88,
      "latest_value": {
        "value": 5958000000,
        "date": "2025-07-31",
        "fiscal_year": 2025,
        "fiscal_period": "Q3",
        "form": "6-K",
        "filed": "2025-08-28",
        "unit": "CAD",
        "type": "other"
      },
      "date_range": {
        "earliest": "2016-10-31",
        "latest": "2025-07-31"
      }
    },
    "DividendsRecognisedForInvestmentsInEquityInstrumentsDesignatedAsMeasuredAtFairValueThroughOtherComprehensiveIncomeHeldAtEndOfReportingPeriod": {
      "taxonomy": "ifrs-full",
      "label": null,
      "description": null,
      "available_units": [
        "CAD"
      ],
      "data_points_count": 83,
      "latest_value": {
        "value": 275000000,
        "date": "2025-07-31",
        "fiscal_year": 2025,
        "fiscal_period": "Q3",
        "form": "6-K",
        "filed": "2025-08-28",
        "unit": "CAD",
        "type": "other"
      },
      "date_range": {
        "earliest": "2018-01-31",
        "latest": "2025-07-31"
      }
    },
    "Equity": {
      "taxonomy": "ifrs-full",
      "label": null,
      "description": null,
      "available_units": [
        "CAD"
      ],
      "data_points_count": 67,
      "latest_value": {
        "value": 125394000000,
        "date": "2025-07-31",
        "fiscal_year": 2025,
        "fiscal_period": "Q3",
        "form": "6-K",
        "filed": "2025-08-28",
        "unit": "CAD",
        "type": "other"
      },
      "date_range": {
        "earliest": "2016-10-31",
        "latest": "2025-07-31"
      }
    },
    "EquityAndLiabilities": {
      "taxonomy": "ifrs-full",
      "label": null,
      "description": null,
      "available_units": [
        "CAD"
      ],
      "data_points_count": 66,
      "latest_value": {
        "value": 2035162000000,
        "date": "2025-07-31",
        "fiscal_year": 2025,
        "fiscal_period": "Q3",
        "form": "6-K",
        "filed": "2025-08-28",
        "unit": "CAD",
        "type": "other"
      },
      "date_range": {
        "earliest": "2017-10-31",
        "latest": "2025-07-31"
      }
    },
    "EquityAttributableToOwnersOfParent": {
      "taxonomy": "ifrs-full",
      "label": null,
      "description": null,
      "available_units": [
        "CAD"
      ],
      "data_points_count": 10,
      "latest_value": {
        "value": 87701000000,
        "date": "2019-10-31",
        "fiscal_year": 2019,
        "fiscal_period": "FY",
        "form": "40-F",
        "filed": "2019-12-05",
        "unit": "CAD",
        "type": "other"
      },
      "date_range": {
        "earliest": "2017-10-31",
        "latest": "2019-10-31"
      }
    },
    "FairValueOfInvestmentsInEquityInstrumentsDesignatedAsMeasuredAtFairValueThroughOtherComprehensiveIncome": {
      "taxonomy": "ifrs-full",
      "label": null,
      "description": null,
      "available_units": [
        "CAD"
      ],
      "data_points_count": 55,
      "latest_value": {
        "value": 3294000000,
        "date": "2025-07-31",
        "fiscal_year": 2025,
        "fiscal_period": "Q3",
        "form": "6-K",
        "filed": "2025-08-28",
        "unit": "CAD",
        "type": "other"
      },
      "date_range": {
        "earliest": "2018-01-31",
        "latest": "2025-07-31"
      }
    },
    "FinancialAssetsAvailableforsale": {
      "taxonomy": "ifrs-full",
      "label": null,
      "description": null,
      "available_units": [
        "CAD"
      ],
      "data_points_count": 1,
      "latest_value": {
        "value": 146411000000,
        "date": "2017-10-31",
        "fiscal_year": 2018,
        "fiscal_period": "FY",
        "form": "40-F",
        "filed": "2018-11-29",
        "unit": "CAD",
        "type": "other"
      },
      "date_range": {
        "earliest": "2017-10-31",
        "latest": "2017-10-31"
      }
    },
    "GainsLossesOnAvailableforsaleFinancialAssets": {
      "taxonomy": "ifrs-full",
      "label": null,
      "description": null,
      "available_units": [
        "CAD"
      ],
      "data_points_count": 1,
      "latest_value": {
        "value": 147000000,
        "date": "2017-10-31",
        "fiscal_year": 2018,
        "fiscal_period": "FY",
        "form": "40-F",
        "filed": "2018-11-29",
        "unit": "CAD",
        "type": "other"
      },
      "date_range": {
        "earliest": "2017-10-31",
        "latest": "2017-10-31"
      }
    },
    "GainsLossesOnHedgesOfNetInvestmentsInForeignOperationsNetOfTax": {
      "taxonomy": "ifrs-full",
      "label": null,
      "description": null,
      "available_units": [
        "CAD"
      ],
      "data_points_count": 84,
      "latest_value": {
        "value": 514000000,
        "date": "2025-04-30",
        "fiscal_year": 2025,
        "fiscal_period": "Q2",
        "form": "6-K",
        "filed": "2025-05-22",
        "unit": "CAD",
        "type": "other"
      },
      "date_range": {
        "earliest": "2016-10-31",
        "latest": "2025-04-30"
      }
    },
    "GainsLossesOnHeldtomaturityInvestments": {
      "taxonomy": "ifrs-full",
      "label": null,
      "description": null,
      "available_units": [
        "CAD"
      ],
      "data_points_count": 1,
      "latest_value": {
        "value": -8000000,
        "date": "2017-10-31",
        "fiscal_year": 2018,
        "fiscal_period": "FY",
        "form": "40-F",
        "filed": "2018-11-29",
        "unit": "CAD",
        "type": "other"
      },
      "date_range": {
        "earliest": "2017-10-31",
        "latest": "2017-10-31"
      }
    },
    "GainsLossesOnRemeasuringAvailableforsaleFinancialAssetsNetOfTax": {
      "taxonomy": "ifrs-full",
      "label": null,
      "description": null,
      "available_units": [
        "CAD"
      ],
      "data_points_count": 3,
      "latest_value": {
        "value": 467000000,
        "date": "2017-10-31",
        "fiscal_year": 2018,
        "fiscal_period": "FY",
        "form": "40-F",
        "filed": "2018-11-29",
        "unit": "CAD",
        "type": "other"
      },
      "date_range": {
        "earliest": "2016-10-31",
        "latest": "2017-10-31"
      }
    },
    "HeldtomaturityInvestments": {
      "taxonomy": "ifrs-full",
      "label": null,
      "description": null,
      "available_units": [
        "CAD"
      ],
      "data_points_count": 1,
      "latest_value": {
        "value": 71363000000,
        "date": "2017-10-31",
        "fiscal_year": 2018,
        "fiscal_period": "FY",
        "form": "40-F",
        "filed": "2018-11-29",
        "unit": "CAD",
        "type": "other"
      },
      "date_range": {
        "earliest": "2017-10-31",
        "latest": "2017-10-31"
      }
    },
    "IncomeTaxRelatingToAvailableforsaleFinancialAssetsOfOtherComprehensiveIncome": {
      "taxonomy": "ifrs-full",
      "label": null,
      "description": null,
      "available_units": [
        "CAD"
      ],
      "data_points_count": 3,
      "latest_value": {
        "value": 150000000,
        "date": "2017-10-31",
        "fiscal_year": 2018,
        "fiscal_period": "FY",
        "form": "40-F",
        "filed": "2018-11-29",
        "unit": "CAD",
        "type": "other"
      },
      "date_range": {
        "earliest": "2016-10-31",
        "latest": "2017-10-31"
      }
    },
    "IncomeTaxRelatingToHedgesOfNetInvestmentsInForeignOperationsOfOtherComprehensiveIncome": {
      "taxonomy": "ifrs-full",
      "label": null,
      "description": null,
      "available_units": [
        "CAD"
      ],
      "data_points_count": 88,
      "latest_value": {
        "value": 17000000,
        "date": "2025-07-31",
        "fiscal_year": 2025,
        "fiscal_period": "Q3",
        "form": "6-K",
        "filed": "2025-08-28",
        "unit": "CAD",
        "type": "other"
      },
      "date_range": {
        "earliest": "2016-10-31",
        "latest": "2025-07-31"
      }
    },
    "OtherComprehensiveIncomeNetOfTaxAvailableforsaleFinancialAssets": {
      "taxonomy": "ifrs-full",
      "label": null,
      "description": null,
      "available_units": [
        "CAD"
      ],
      "data_points_count": 2,
      "latest_value": {
        "value": 324000000,
        "date": "2017-10-31",
        "fiscal_year": 2018,
        "fiscal_period": "FY",
        "form": "40-F",
        "filed": "2018-11-29",
        "unit": "CAD",
        "type": "other"
      },
      "date_range": {
        "earliest": "2016-10-31",
        "latest": "2017-10-31"
      }
    },
    "ProfitLossAttributableToOrdinaryEquityHoldersOfParentEntity": {
      "taxonomy": "ifrs-full",
      "label": null,
      "description": null,
      "available_units": [
        "CAD"
      ],
      "data_points_count": 88,
      "latest_value": {
        "value": 16884000000,
        "date": "2025-07-31",
        "fiscal_year": 2025,
        "fiscal_period": "Q3",
        "form": "6-K",
        "filed": "2025-08-28",
        "unit": "CAD",
        "type": "other"
      },
      "date_range": {
        "earliest": "2016-10-31",
        "latest": "2025-07-31"
      }
    },
    "ProfitLossAttributableToOrdinaryEquityHoldersOfParentEntityIncludingDilutiveEffects": {
      "taxonomy": "ifrs-full",
      "label": null,
      "description": null,
      "available_units": [
        "CAD"
      ],
      "data_points_count": 88,
      "latest_value": {
        "value": 16884000000,
        "date": "2025-07-31",
        "fiscal_year": 2025,
        "fiscal_period": "Q3",
        "form": "6-K",
        "filed": "2025-08-28",
        "unit": "CAD",
        "type": "other"
      },
      "date_range": {
        "earliest": "2016-10-31",
        "latest": "2025-07-31"
      }
    },
    "ReclassificationAdjustmentsOnAvailableforsaleFinancialAssetsNetOfTax": {
      "taxonomy": "ifrs-full",
      "label": null,
      "description": null,
      "available_units": [
        "CAD"
      ],
      "data_points_count": 3,
      "latest_value": {
        "value": 143000000,
        "date": "2017-10-31",
        "fiscal_year": 2018,
        "fiscal_period": "FY",
        "form": "40-F",
        "filed": "2018-11-29",
        "unit": "CAD",
        "type": "other"
      },
      "date_range": {
        "earliest": "2016-10-31",
        "latest": "2017-10-31"
      }
    },
    "ReclassificationAdjustmentsOnHedgesOfNetInvestmentsInForeignOperationsNetOfTax": {
      "taxonomy": "ifrs-full",
      "label": null,
      "description": null,
      "available_units": [
        "CAD"
      ],
      "data_points_count": 10,
      "latest_value": {
        "value": -799000000,
        "date": "2025-04-30",
        "fiscal_year": 2025,
        "fiscal_period": "Q2",
        "form": "6-K",
        "filed": "2025-05-22",
        "unit": "CAD",
        "type": "other"
      },
      "date_range": {
        "earliest": "2017-10-31",
        "latest": "2025-04-30"
      }
    },
    "ReverseRepurchaseAgreementsAndCashCollateralOnSecuritiesBorrowed": {
      "taxonomy": "ifrs-full",
      "label": null,
      "description": null,
      "available_units": [
        "CAD"
      ],
      "data_points_count": 56,
      "latest_value": {
        "value": 228280000000,
        "date": "2025-07-31",
        "fiscal_year": 2025,
        "fiscal_period": "Q3",
        "form": "6-K",
        "filed": "2025-08-28",
        "unit": "CAD",
        "type": "other"
      },
      "date_range": {
        "earliest": "2017-10-31",
        "latest": "2025-07-31"
      }
    },
    "TemporaryDifferencesAssociatedWithInvestmentsInSubsidiariesBranchesAndAssociatesAndInterestsInJointVentures": {
      "taxonomy": "ifrs-full",
      "label": null,
      "description": null,
      "available_units": [
        "CAD"
      ],
      "data_points_count": 14,
      "latest_value": {
        "value": 72000000000,
        "date": "2024-10-31",
        "fiscal_year": 2024,
        "fiscal_period": "FY",
        "form": "40-F",
        "filed": "2024-12-06",
        "unit": "CAD",
        "type": "other"
      },
      "date_range": {
        "earliest": "2017-10-31",
        "latest": "2024-10-31"
      }
    },
    "TradingIncomeExpense": {
      "taxonomy": "ifrs-full",
      "label": null,
      "description": null,
      "available_units": [
        "CAD"
      ],
      "data_points_count": 88,
      "latest_value": {
        "value": 3284000000,
        "date": "2025-07-31",
        "fiscal_year": 2025,
        "fiscal_period": "Q3",
        "form": "6-K",
        "filed": "2025-08-28",
        "unit": "CAD",
        "type": "other"
      },
      "date_range": {
        "earliest": "2016-10-31",
        "latest": "2025-07-31"
      }
    },
    "InvestmentAccountedForUsingEquityMethod": {
      "taxonomy": "ifrs-full",
      "label": null,
      "description": null,
      "available_units": [
        "CAD"
      ],
      "data_points_count": 30,
      "latest_value": {
        "value": 0,
        "date": "2025-07-31",
        "fiscal_year": 2025,
        "fiscal_period": "Q3",
        "form": "6-K",
        "filed": "2025-08-28",
        "unit": "CAD",
        "type": "other"
      },
      "date_range": {
        "earliest": "2021-10-31",
        "latest": "2025-07-31"
      }
    },
    "ReclassificationAdjustmentsOnHedgesOfNetInvestmentsInForeignOperationsBeforeTax": {
      "taxonomy": "ifrs-full",
      "label": null,
      "description": null,
      "available_units": [
        "CAD"
      ],
      "data_points_count": 23,
      "latest_value": {
        "value": -799000000,
        "date": "2025-07-31",
        "fiscal_year": 2025,
        "fiscal_period": "Q3",
        "form": "6-K",
        "filed": "2025-08-28",
        "unit": "CAD",
        "type": "other"
      },
      "date_range": {
        "earliest": "2022-10-31",
        "latest": "2025-07-31"
      }
    },
    "WeightedAverageExercisePriceOfOtherEquityInstrumentsGrantedInSharebasedPaymentArrangement2019": {
      "taxonomy": "ifrs-full",
      "label": null,
      "description": null,
      "available_units": [
        "CAD/shares"
      ],
      "data_points_count": 6,
      "latest_value": {
        "value": 81.54,
        "date": "2024-10-31",
        "fiscal_year": 2024,
        "fiscal_period": "FY",
        "form": "40-F",
        "filed": "2024-12-06",
        "unit": "CAD/shares",
        "type": "other"
      },
      "date_range": {
        "earliest": "2021-10-31",
        "latest": "2024-10-31"
      }
    },
    "InterestExpenseOnRepurchaseAgreementsAndCashCollateralOnSecuritiesLent": {
      "taxonomy": "ifrs-full",
      "label": null,
      "description": null,
      "available_units": [
        "CAD"
      ],
      "data_points_count": 24,
      "latest_value": {
        "value": 8600000000,
        "date": "2025-07-31",
        "fiscal_year": 2025,
        "fiscal_period": "Q3",
        "form": "6-K",
        "filed": "2025-08-28",
        "unit": "CAD",
        "type": "other"
      },
      "date_range": {
        "earliest": "2022-10-31",
        "latest": "2025-07-31"
      }
    },
    "InterestIncomeOnReverseRepurchaseAgreementsAndCashCollateralOnSecuritiesBorrowed": {
      "taxonomy": "ifrs-full",
      "label": null,
      "description": null,
      "available_units": [
        "CAD"
      ],
      "data_points_count": 24,
      "latest_value": {
        "value": 7440000000,
        "date": "2025-07-31",
        "fiscal_year": 2025,
        "fiscal_period": "Q3",
        "form": "6-K",
        "filed": "2025-08-28",
        "unit": "CAD",
        "type": "other"
      },
      "date_range": {
        "earliest": "2022-10-31",
        "latest": "2025-07-31"
      }
    },
    "IncomeExpensesFromReinsuranceContractsHeldOtherThanFinanceIncomeExpenses": {
      "taxonomy": "ifrs-full",
      "label": null,
      "description": null,
      "available_units": [
        "CAD"
      ],
      "data_points_count": 12,
      "latest_value": {
        "value": 524000000,
        "date": "2024-10-31",
        "fiscal_year": 2024,
        "fiscal_period": "FY",
        "form": "40-F",
        "filed": "2024-12-06",
        "unit": "CAD",
        "type": "other"
      },
      "date_range": {
        "earliest": "2023-01-31",
        "latest": "2024-10-31"
      }
    },
    "ReinsuranceContractsHeldThatAreAssets": {
      "taxonomy": "ifrs-full",
      "label": null,
      "description": null,
      "available_units": [
        "CAD"
      ],
      "data_points_count": 12,
      "latest_value": {
        "value": 1054000000,
        "date": "2025-07-31",
        "fiscal_year": 2025,
        "fiscal_period": "Q3",
        "form": "6-K",
        "filed": "2025-08-28",
        "unit": "CAD",
        "type": "other"
      },
      "date_range": {
        "earliest": "2023-10-31",
        "latest": "2025-07-31"
      }
    },
    "ShareOfProfitLossOfAssociatesAndJointVenturesAccountedForUsingEquityMethod": {
      "taxonomy": "ifrs-full",
      "label": null,
      "description": null,
      "available_units": [
        "CAD"
      ],
      "data_points_count": 22,
      "latest_value": {
        "value": 305000000,
        "date": "2025-07-31",
        "fiscal_year": 2025,
        "fiscal_period": "Q3",
        "form": "6-K",
        "filed": "2025-08-28",
        "unit": "CAD",
        "type": "other"
      },
      "date_range": {
        "earliest": "2023-01-31",
        "latest": "2025-07-31"
      }
    },
    "AdjustmentsForUndistributedProfitsOfInvestmentsAccountedForUsingEquityMethod": {
      "taxonomy": "ifrs-full",
      "label": null,
      "description": null,
      "available_units": [
        "CAD"
      ],
      "data_points_count": 16,
      "latest_value": {
        "value": 305000000,
        "date": "2025-07-31",
        "fiscal_year": 2025,
        "fiscal_period": "Q3",
        "form": "6-K",
        "filed": "2025-08-28",
        "unit": "CAD",
        "type": "other"
      },
      "date_range": {
        "earliest": "2023-07-31",
        "latest": "2025-07-31"
      }
    },
    "AdjustmentsForGainLossOnDisposalOfInvestmentsInSubsidiariesJointVenturesAndAssociates": {
      "taxonomy": "ifrs-full",
      "label": null,
      "description": null,
      "available_units": [
        "CAD"
      ],
      "data_points_count": 10,
      "latest_value": {
        "value": 9159000000,
        "date": "2025-07-31",
        "fiscal_year": 2025,
        "fiscal_period": "Q3",
        "form": "6-K",
        "filed": "2025-08-28",
        "unit": "CAD",
        "type": "other"
      },
      "date_range": {
        "earliest": "2023-10-31",
        "latest": "2025-07-31"
      }
    },
    "GainsLossesOnHedgesOfNetInvestmentsInForeignOperationsBeforeTax": {
      "taxonomy": "ifrs-full",
      "label": null,
      "description": null,
      "available_units": [
        "CAD"
      ],
      "data_points_count": 4,
      "latest_value": {
        "value": 49000000,
        "date": "2025-07-31",
        "fiscal_year": 2025,
        "fiscal_period": "Q3",
        "form": "6-K",
        "filed": "2025-08-28",
        "unit": "CAD",
        "type": "other"
      },
      "date_range": {
        "earliest": "2024-07-31",
        "latest": "2025-07-31"
      }
    }
  }
}