{
  "chunk_metadata": {
    "domain": "public",
    "CIK": "1045520",
    "data_type": "SEC",
    "ticker": "CM",
    "chunk_name": "Securities & Investments",
    "chunk_id": "securities_investments",
    "company_name": "CANADIAN IMPERIAL BANK OF COMMERCE",
    "extraction_date": "2025-09-30T11:01:43.520418",
    "metrics_count": 34,
    "total_company_metrics": 0,
    "chunking_strategy": "context_aware_balanced"
  },
  "metrics": {
    "AdjustmentsForDecreaseIncreaseInFinancialAssetsHeldForTrading": {
      "taxonomy": "ifrs-full",
      "label": null,
      "description": null,
      "available_units": [
        "CAD"
      ],
      "data_points_count": 3,
      "latest_value": {
        "value": -657000000,
        "date": "2017-10-31",
        "fiscal_year": 2018,
        "fiscal_period": "FY",
        "form": "40-F",
        "filed": "2018-11-29",
        "unit": "CAD",
        "type": "other"
      },
      "date_range": {
        "earliest": "2016-10-31",
        "latest": "2017-10-31"
      }
    },
    "CumulativeGainLossOnDisposalOfInvestmentsInEquityInstrumentsDesignatedAsMeasuredAtFairValueThroughOtherComprehensiveIncome": {
      "taxonomy": "ifrs-full",
      "label": null,
      "description": null,
      "available_units": [
        "CAD"
      ],
      "data_points_count": 99,
      "latest_value": {
        "value": 2000000,
        "date": "2025-07-31",
        "fiscal_year": 2025,
        "fiscal_period": "Q3",
        "form": "6-K",
        "filed": "2025-08-28",
        "unit": "CAD",
        "type": "other"
      },
      "date_range": {
        "earliest": "2018-01-31",
        "latest": "2025-07-31"
      }
    },
    "DerivativeFinancialAssetsHeldForHedging": {
      "taxonomy": "ifrs-full",
      "label": null,
      "description": null,
      "available_units": [
        "CAD"
      ],
      "data_points_count": 14,
      "latest_value": {
        "value": 2950000000,
        "date": "2024-10-31",
        "fiscal_year": 2024,
        "fiscal_period": "FY",
        "form": "40-F",
        "filed": "2024-12-05",
        "unit": "CAD",
        "type": "other"
      },
      "date_range": {
        "earliest": "2017-10-31",
        "latest": "2024-10-31"
      }
    },
    "DerivativeFinancialLiabilitiesHeldForHedging": {
      "taxonomy": "ifrs-full",
      "label": null,
      "description": null,
      "available_units": [
        "CAD"
      ],
      "data_points_count": 14,
      "latest_value": {
        "value": 807000000,
        "date": "2024-10-31",
        "fiscal_year": 2024,
        "fiscal_period": "FY",
        "form": "40-F",
        "filed": "2024-12-05",
        "unit": "CAD",
        "type": "other"
      },
      "date_range": {
        "earliest": "2017-10-31",
        "latest": "2024-10-31"
      }
    },
    "DividendsRecognisedForInvestmentsInEquityInstrumentsDesignatedAsMeasuredAtFairValueThroughOtherComprehensiveIncomeDerecognisedDuringPeriod": {
      "taxonomy": "ifrs-full",
      "label": null,
      "description": null,
      "available_units": [
        "CAD"
      ],
      "data_points_count": 85,
      "latest_value": {
        "value": 0,
        "date": "2025-07-31",
        "fiscal_year": 2025,
        "fiscal_period": "Q3",
        "form": "6-K",
        "filed": "2025-08-28",
        "unit": "CAD",
        "type": "other"
      },
      "date_range": {
        "earliest": "2018-01-31",
        "latest": "2025-07-31"
      }
    },
    "DividendsRecognisedForInvestmentsInEquityInstrumentsDesignatedAsMeasuredAtFairValueThroughOtherComprehensiveIncomeHeldAtEndOfReportingPeriod": {
      "taxonomy": "ifrs-full",
      "label": null,
      "description": null,
      "available_units": [
        "CAD"
      ],
      "data_points_count": 101,
      "latest_value": {
        "value": 3000000,
        "date": "2025-07-31",
        "fiscal_year": 2025,
        "fiscal_period": "Q3",
        "form": "6-K",
        "filed": "2025-08-28",
        "unit": "CAD",
        "type": "other"
      },
      "date_range": {
        "earliest": "2018-01-31",
        "latest": "2025-07-31"
      }
    },
    "Equity": {
      "taxonomy": "ifrs-full",
      "label": null,
      "description": null,
      "available_units": [
        "CAD"
      ],
      "data_points_count": 91,
      "latest_value": {
        "value": 62876000000,
        "date": "2025-07-31",
        "fiscal_year": 2025,
        "fiscal_period": "Q3",
        "form": "6-K",
        "filed": "2025-08-28",
        "unit": "CAD",
        "type": "other"
      },
      "date_range": {
        "earliest": "2016-10-31",
        "latest": "2025-07-31"
      }
    },
    "EquityAndLiabilities": {
      "taxonomy": "ifrs-full",
      "label": null,
      "description": null,
      "available_units": [
        "CAD"
      ],
      "data_points_count": 56,
      "latest_value": {
        "value": 1102255000000,
        "date": "2025-07-31",
        "fiscal_year": 2025,
        "fiscal_period": "Q3",
        "form": "6-K",
        "filed": "2025-08-28",
        "unit": "CAD",
        "type": "other"
      },
      "date_range": {
        "earliest": "2017-10-31",
        "latest": "2025-07-31"
      }
    },
    "EquityAttributableToOwnersOfParent": {
      "taxonomy": "ifrs-full",
      "label": null,
      "description": null,
      "available_units": [
        "CAD"
      ],
      "data_points_count": 56,
      "latest_value": {
        "value": 62599000000,
        "date": "2025-07-31",
        "fiscal_year": 2025,
        "fiscal_period": "Q3",
        "form": "6-K",
        "filed": "2025-08-28",
        "unit": "CAD",
        "type": "other"
      },
      "date_range": {
        "earliest": "2017-10-31",
        "latest": "2025-07-31"
      }
    },
    "ExpenseRecognisedDuringPeriodForBadAndDoubtfulDebtsForRelatedPartyTransaction": {
      "taxonomy": "ifrs-full",
      "label": null,
      "description": null,
      "available_units": [
        "CAD"
      ],
      "data_points_count": 14,
      "latest_value": {
        "value": 0,
        "date": "2024-10-31",
        "fiscal_year": 2024,
        "fiscal_period": "FY",
        "form": "40-F",
        "filed": "2024-12-05",
        "unit": "CAD",
        "type": "other"
      },
      "date_range": {
        "earliest": "2017-10-31",
        "latest": "2024-10-31"
      }
    },
    "FairValueOfInvestmentsInEquityInstrumentsMeasuredAtFairValueThroughOtherComprehensiveIncomeAtDateOfDerecognition": {
      "taxonomy": "ifrs-full",
      "label": null,
      "description": null,
      "available_units": [
        "CAD"
      ],
      "data_points_count": 11,
      "latest_value": {
        "value": 20000000,
        "date": "2019-10-31",
        "fiscal_year": 2019,
        "fiscal_period": "FY",
        "form": "40-F",
        "filed": "2019-12-05",
        "unit": "CAD",
        "type": "other"
      },
      "date_range": {
        "earliest": "2018-01-31",
        "latest": "2019-10-31"
      }
    },
    "GainsLossesOnAvailableforsaleFinancialAssets": {
      "taxonomy": "ifrs-full",
      "label": null,
      "description": null,
      "available_units": [
        "CAD"
      ],
      "data_points_count": 3,
      "latest_value": {
        "value": 143000000,
        "date": "2017-10-31",
        "fiscal_year": 2018,
        "fiscal_period": "FY",
        "form": "40-F",
        "filed": "2018-11-29",
        "unit": "CAD",
        "type": "other"
      },
      "date_range": {
        "earliest": "2016-10-31",
        "latest": "2017-10-31"
      }
    },
    "GainsLossesOnHedgesOfNetInvestmentsInForeignOperationsNetOfTax": {
      "taxonomy": "ifrs-full",
      "label": null,
      "description": null,
      "available_units": [
        "CAD"
      ],
      "data_points_count": 109,
      "latest_value": {
        "value": 111000000,
        "date": "2025-07-31",
        "fiscal_year": 2025,
        "fiscal_period": "Q3",
        "form": "6-K",
        "filed": "2025-08-28",
        "unit": "CAD",
        "type": "other"
      },
      "date_range": {
        "earliest": "2016-10-31",
        "latest": "2025-07-31"
      }
    },
    "GainsLossesOnRemeasuringAvailableforsaleFinancialAssetsNetOfTax": {
      "taxonomy": "ifrs-full",
      "label": null,
      "description": null,
      "available_units": [
        "CAD"
      ],
      "data_points_count": 3,
      "latest_value": {
        "value": 6000000,
        "date": "2017-10-31",
        "fiscal_year": 2018,
        "fiscal_period": "FY",
        "form": "40-F",
        "filed": "2018-11-29",
        "unit": "CAD",
        "type": "other"
      },
      "date_range": {
        "earliest": "2016-10-31",
        "latest": "2017-10-31"
      }
    },
    "IncomeTaxRelatingToAvailableforsaleFinancialAssetsOfOtherComprehensiveIncome": {
      "taxonomy": "ifrs-full",
      "label": null,
      "description": null,
      "available_units": [
        "CAD"
      ],
      "data_points_count": 3,
      "latest_value": {
        "value": 13000000,
        "date": "2017-10-31",
        "fiscal_year": 2018,
        "fiscal_period": "FY",
        "form": "40-F",
        "filed": "2018-11-29",
        "unit": "CAD",
        "type": "other"
      },
      "date_range": {
        "earliest": "2016-10-31",
        "latest": "2017-10-31"
      }
    },
    "InterestExpenseOnRepurchaseAgreementsAndCashCollateralOnSecuritiesLent": {
      "taxonomy": "ifrs-full",
      "label": null,
      "description": null,
      "available_units": [
        "CAD"
      ],
      "data_points_count": 109,
      "latest_value": {
        "value": 4897000000,
        "date": "2025-07-31",
        "fiscal_year": 2025,
        "fiscal_period": "Q3",
        "form": "6-K",
        "filed": "2025-08-28",
        "unit": "CAD",
        "type": "other"
      },
      "date_range": {
        "earliest": "2016-10-31",
        "latest": "2025-07-31"
      }
    },
    "InterestIncomeOnReverseRepurchaseAgreementsAndCashCollateralOnSecuritiesBorrowed": {
      "taxonomy": "ifrs-full",
      "label": null,
      "description": null,
      "available_units": [
        "CAD"
      ],
      "data_points_count": 109,
      "latest_value": {
        "value": 4038000000,
        "date": "2025-07-31",
        "fiscal_year": 2025,
        "fiscal_period": "Q3",
        "form": "6-K",
        "filed": "2025-08-28",
        "unit": "CAD",
        "type": "other"
      },
      "date_range": {
        "earliest": "2016-10-31",
        "latest": "2025-07-31"
      }
    },
    "InvestmentAccountedForUsingEquityMethod": {
      "taxonomy": "ifrs-full",
      "label": null,
      "description": null,
      "available_units": [
        "CAD"
      ],
      "data_points_count": 56,
      "latest_value": {
        "value": 772000000,
        "date": "2025-07-31",
        "fiscal_year": 2025,
        "fiscal_period": "Q3",
        "form": "6-K",
        "filed": "2025-08-28",
        "unit": "CAD",
        "type": "other"
      },
      "date_range": {
        "earliest": "2017-10-31",
        "latest": "2025-07-31"
      }
    },
    "InvestmentsInAssociatesAccountedForUsingEquityMethod": {
      "taxonomy": "ifrs-full",
      "label": null,
      "description": null,
      "available_units": [
        "CAD"
      ],
      "data_points_count": 14,
      "latest_value": {
        "value": 145000000,
        "date": "2024-10-31",
        "fiscal_year": 2024,
        "fiscal_period": "FY",
        "form": "40-F",
        "filed": "2024-12-05",
        "unit": "CAD",
        "type": "other"
      },
      "date_range": {
        "earliest": "2017-10-31",
        "latest": "2024-10-31"
      }
    },
    "NetInvestmentInFinanceLease": {
      "taxonomy": "ifrs-full",
      "label": null,
      "description": null,
      "available_units": [
        "CAD"
      ],
      "data_points_count": 9,
      "latest_value": {
        "value": 625000000,
        "date": "2024-10-31",
        "fiscal_year": 2024,
        "fiscal_period": "FY",
        "form": "40-F",
        "filed": "2024-12-05",
        "unit": "CAD",
        "type": "other"
      },
      "date_range": {
        "earliest": "2020-10-31",
        "latest": "2024-10-31"
      }
    },
    "OtherComprehensiveIncomeNetOfTaxAvailableforsaleFinancialAssets": {
      "taxonomy": "ifrs-full",
      "label": null,
      "description": null,
      "available_units": [
        "CAD"
      ],
      "data_points_count": 3,
      "latest_value": {
        "value": -101000000,
        "date": "2017-10-31",
        "fiscal_year": 2018,
        "fiscal_period": "FY",
        "form": "40-F",
        "filed": "2018-11-29",
        "unit": "CAD",
        "type": "other"
      },
      "date_range": {
        "earliest": "2016-10-31",
        "latest": "2017-10-31"
      }
    },
    "PortfolioAndOtherManagementFeeIncome": {
      "taxonomy": "ifrs-full",
      "label": null,
      "description": null,
      "available_units": [
        "CAD"
      ],
      "data_points_count": 109,
      "latest_value": {
        "value": 1646000000,
        "date": "2025-07-31",
        "fiscal_year": 2025,
        "fiscal_period": "Q3",
        "form": "6-K",
        "filed": "2025-08-28",
        "unit": "CAD",
        "type": "other"
      },
      "date_range": {
        "earliest": "2016-10-31",
        "latest": "2025-07-31"
      }
    },
    "ProceedsFromSalesOfInvestmentsAccountedForUsingEquityMethod": {
      "taxonomy": "ifrs-full",
      "label": null,
      "description": null,
      "available_units": [
        "CAD"
      ],
      "data_points_count": 13,
      "latest_value": {
        "value": 0,
        "date": "2019-01-31",
        "fiscal_year": 2019,
        "fiscal_period": "Q1",
        "form": "6-K",
        "filed": "2019-02-28",
        "unit": "CAD",
        "type": "other"
      },
      "date_range": {
        "earliest": "2016-10-31",
        "latest": "2019-01-31"
      }
    },
    "ProfitLossAttributableToOrdinaryEquityHoldersOfParentEntity": {
      "taxonomy": "ifrs-full",
      "label": null,
      "description": null,
      "available_units": [
        "CAD"
      ],
      "data_points_count": 109,
      "latest_value": {
        "value": 6007000000,
        "date": "2025-07-31",
        "fiscal_year": 2025,
        "fiscal_period": "Q3",
        "form": "6-K",
        "filed": "2025-08-28",
        "unit": "CAD",
        "type": "other"
      },
      "date_range": {
        "earliest": "2016-10-31",
        "latest": "2025-07-31"
      }
    },
    "ProportionOfVotingPowerHeldInSubsidiary": {
      "taxonomy": "ifrs-full",
      "label": null,
      "description": null,
      "available_units": [
        "pure"
      ],
      "data_points_count": 6,
      "latest_value": {
        "value": 1,
        "date": "2023-10-31",
        "fiscal_year": 2023,
        "fiscal_period": "FY",
        "form": "40-F",
        "filed": "2023-11-30",
        "unit": "pure",
        "type": "other"
      },
      "date_range": {
        "earliest": "2017-10-31",
        "latest": "2023-10-31"
      }
    },
    "PurchaseOfAvailableforsaleFinancialAssets": {
      "taxonomy": "ifrs-full",
      "label": null,
      "description": null,
      "available_units": [
        "CAD"
      ],
      "data_points_count": 3,
      "latest_value": {
        "value": 37864000000,
        "date": "2017-10-31",
        "fiscal_year": 2018,
        "fiscal_period": "FY",
        "form": "40-F",
        "filed": "2018-11-29",
        "unit": "CAD",
        "type": "other"
      },
      "date_range": {
        "earliest": "2016-10-31",
        "latest": "2017-10-31"
      }
    },
    "ReclassificationAdjustmentsOnAvailableforsaleFinancialAssetsNetOfTax": {
      "taxonomy": "ifrs-full",
      "label": null,
      "description": null,
      "available_units": [
        "CAD"
      ],
      "data_points_count": 3,
      "latest_value": {
        "value": 107000000,
        "date": "2017-10-31",
        "fiscal_year": 2018,
        "fiscal_period": "FY",
        "form": "40-F",
        "filed": "2018-11-29",
        "unit": "CAD",
        "type": "other"
      },
      "date_range": {
        "earliest": "2016-10-31",
        "latest": "2017-10-31"
      }
    },
    "ReclassificationAdjustmentsOnHedgesOfNetInvestmentsInForeignOperationsNetOfTax": {
      "taxonomy": "ifrs-full",
      "label": null,
      "description": null,
      "available_units": [
        "CAD"
      ],
      "data_points_count": 3,
      "latest_value": {
        "value": 0,
        "date": "2018-10-31",
        "fiscal_year": 2018,
        "fiscal_period": "FY",
        "form": "40-F",
        "filed": "2018-11-29",
        "unit": "CAD",
        "type": "other"
      },
      "date_range": {
        "earliest": "2016-10-31",
        "latest": "2018-10-31"
      }
    },
    "RentalIncomeFromInvestmentProperty": {
      "taxonomy": "ifrs-full",
      "label": null,
      "description": null,
      "available_units": [
        "CAD"
      ],
      "data_points_count": 6,
      "latest_value": {
        "value": 98000000,
        "date": "2019-10-31",
        "fiscal_year": 2019,
        "fiscal_period": "FY",
        "form": "40-F",
        "filed": "2019-12-05",
        "unit": "CAD",
        "type": "other"
      },
      "date_range": {
        "earliest": "2016-10-31",
        "latest": "2019-10-31"
      }
    },
    "ShareOfOtherComprehensiveIncomeOfAssociatesAndJointVenturesAccountedForUsingEquityMethodThatWillBeReclassifiedToProfitOrLossNetOfTax": {
      "taxonomy": "ifrs-full",
      "label": null,
      "description": null,
      "available_units": [
        "CAD"
      ],
      "data_points_count": 109,
      "latest_value": {
        "value": 27000000,
        "date": "2025-07-31",
        "fiscal_year": 2025,
        "fiscal_period": "Q3",
        "form": "6-K",
        "filed": "2025-08-28",
        "unit": "CAD",
        "type": "other"
      },
      "date_range": {
        "earliest": "2016-10-31",
        "latest": "2025-07-31"
      }
    },
    "ShareOfProfitLossOfAssociatesAndJointVenturesAccountedForUsingEquityMethod": {
      "taxonomy": "ifrs-full",
      "label": null,
      "description": null,
      "available_units": [
        "CAD"
      ],
      "data_points_count": 109,
      "latest_value": {
        "value": 91000000,
        "date": "2025-07-31",
        "fiscal_year": 2025,
        "fiscal_period": "Q3",
        "form": "6-K",
        "filed": "2025-08-28",
        "unit": "CAD",
        "type": "other"
      },
      "date_range": {
        "earliest": "2016-10-31",
        "latest": "2025-07-31"
      }
    },
    "TradingIncomeExpense": {
      "taxonomy": "ifrs-full",
      "label": null,
      "description": null,
      "available_units": [
        "CAD"
      ],
      "data_points_count": 3,
      "latest_value": {
        "value": 227000000,
        "date": "2017-10-31",
        "fiscal_year": 2018,
        "fiscal_period": "FY",
        "form": "40-F",
        "filed": "2018-11-29",
        "unit": "CAD",
        "type": "other"
      },
      "date_range": {
        "earliest": "2016-10-31",
        "latest": "2017-10-31"
      }
    },
    "DerivativeFinancialAssetsHeldForTrading": {
      "taxonomy": "ifrs-full",
      "label": null,
      "description": null,
      "available_units": [
        "CAD"
      ],
      "data_points_count": 6,
      "latest_value": {
        "value": 33485000000,
        "date": "2024-10-31",
        "fiscal_year": 2024,
        "fiscal_period": "FY",
        "form": "40-F",
        "filed": "2024-12-05",
        "unit": "CAD",
        "type": "other"
      },
      "date_range": {
        "earliest": "2021-10-31",
        "latest": "2024-10-31"
      }
    },
    "DerivativeFinancialLiabilitiesHeldForTrading": {
      "taxonomy": "ifrs-full",
      "label": null,
      "description": null,
      "available_units": [
        "CAD"
      ],
      "data_points_count": 6,
      "latest_value": {
        "value": 39847000000,
        "date": "2024-10-31",
        "fiscal_year": 2024,
        "fiscal_period": "FY",
        "form": "40-F",
        "filed": "2024-12-05",
        "unit": "CAD",
        "type": "other"
      },
      "date_range": {
        "earliest": "2021-10-31",
        "latest": "2024-10-31"
      }
    }
  }
}