{
  "chunk_metadata": {
    "domain": "public",
    "CIK": "28412",
    "data_type": "SEC",
    "ticker": "CMA",
    "chunk_name": "Revenue & Profitability",
    "chunk_id": "revenue_profit",
    "company_name": "Comerica Incorporated",
    "extraction_date": "2025-09-30T11:01:43.656037",
    "metrics_count": 80,
    "total_company_metrics": 0,
    "chunking_strategy": "context_aware_balanced"
  },
  "metrics": {
    "EntityCommonStockSharesOutstanding": {
      "taxonomy": "dei",
      "label": "Entity Common Stock, Shares Outstanding",
      "description": "Indicate number of shares or other units outstanding of each of registrant's classes of capital or common stock or other ownership interests, if and as stated on cover of related periodic report. Where multiple classes or units exist define each class/interest by adding class of stock items such as Common Class A [Member], Common Class B [Member] or Partnership Interest [Member] onto the Instrument [Domain] of the Entity Listings, Instrument.",
      "available_units": [
        "shares"
      ],
      "data_points_count": 61,
      "latest_value": {
        "value": 131350607,
        "date": "2025-02-20",
        "fiscal_year": 2024,
        "form": "10-K",
        "filed": "2025-02-24",
        "unit": "shares",
        "type": "annual"
      },
      "date_range": {
        "earliest": "2010-07-26",
        "latest": "2025-07-28"
      }
    },
    "AdvertisingExpense": {
      "taxonomy": "us-gaap",
      "label": "Advertising Expense",
      "description": "Amount charged to advertising expense for the period, which are expenses incurred with the objective of increasing revenue for a specified brand, product or product line.",
      "available_units": [
        "USD"
      ],
      "data_points_count": 191,
      "latest_value": {
        "value": 41000000,
        "date": "2024-12-31",
        "fiscal_year": 2024,
        "form": "10-K",
        "filed": "2025-02-24",
        "unit": "USD",
        "type": "annual"
      },
      "date_range": {
        "earliest": "2008-12-31",
        "latest": "2025-06-30"
      }
    },
    "ChangeInUnrealizedGainLossOnFairValueHedgingInstruments": {
      "taxonomy": "us-gaap",
      "label": "Change in Unrealized Gain (Loss) on Fair Value Hedging Instruments (Deprecated 2013-01-31)",
      "description": "The amount recognized in earnings related to the change in fair value during the period of derivative or nonderivative instruments designated as fair value hedging instruments.",
      "available_units": [
        "USD"
      ],
      "data_points_count": 32,
      "latest_value": {
        "value": -69000000,
        "date": "2012-12-31",
        "fiscal_year": 2012,
        "form": "10-K",
        "filed": "2013-02-19",
        "unit": "USD",
        "type": "annual"
      },
      "date_range": {
        "earliest": "2009-12-31",
        "latest": "2013-06-30"
      }
    },
    "ChangeInUnrealizedGainLossOnFairValueHedgingInstruments1": {
      "taxonomy": "us-gaap",
      "label": "Change in Unrealized Gain (Loss) on Fair Value Hedging Instruments",
      "description": "Amount of gain (loss) from the increase (decrease) in fair value of derivative and nonderivative instruments designated as fair value hedging instruments recognized in the income statement.",
      "available_units": [
        "USD"
      ],
      "data_points_count": 54,
      "latest_value": {
        "value": 32000000,
        "date": "2017-12-31",
        "fiscal_year": 2017,
        "form": "10-K",
        "filed": "2018-02-15",
        "unit": "USD",
        "type": "annual"
      },
      "date_range": {
        "earliest": "2012-09-30",
        "latest": "2017-12-31"
      }
    },
    "CommonStockDividendsPerShareDeclared": {
      "taxonomy": "us-gaap",
      "label": "Common Stock, Dividends, Per Share, Declared",
      "description": "Aggregate dividends declared during the period for each share of common stock outstanding.",
      "available_units": [
        "USD/shares"
      ],
      "data_points_count": 205,
      "latest_value": {
        "value": 2.84,
        "date": "2024-12-31",
        "fiscal_year": 2024,
        "form": "10-K",
        "filed": "2025-02-24",
        "unit": "USD/shares",
        "type": "annual"
      },
      "date_range": {
        "earliest": "2008-12-31",
        "latest": "2025-06-30"
      }
    },
    "CurrentForeignTaxExpenseBenefit": {
      "taxonomy": "us-gaap",
      "label": "Current Foreign Tax Expense (Benefit)",
      "description": "Amount of current foreign income tax expense (benefit) pertaining to income (loss) from continuing operations.",
      "available_units": [
        "USD"
      ],
      "data_points_count": 45,
      "latest_value": {
        "value": 11000000,
        "date": "2024-12-31",
        "fiscal_year": 2024,
        "form": "10-K",
        "filed": "2025-02-24",
        "unit": "USD",
        "type": "annual"
      },
      "date_range": {
        "earliest": "2008-12-31",
        "latest": "2024-12-31"
      }
    },
    "CurrentIncomeTaxExpenseBenefit": {
      "taxonomy": "us-gaap",
      "label": "Current Income Tax Expense (Benefit)",
      "description": "Amount of current income tax expense (benefit) pertaining to taxable income (loss) from continuing operations.",
      "available_units": [
        "USD"
      ],
      "data_points_count": 45,
      "latest_value": {
        "value": 191000000,
        "date": "2024-12-31",
        "fiscal_year": 2024,
        "form": "10-K",
        "filed": "2025-02-24",
        "unit": "USD",
        "type": "annual"
      },
      "date_range": {
        "earliest": "2008-12-31",
        "latest": "2024-12-31"
      }
    },
    "CurrentStateAndLocalTaxExpenseBenefit": {
      "taxonomy": "us-gaap",
      "label": "Current State and Local Tax Expense (Benefit)",
      "description": "Amount of current state and local tax expense (benefit) pertaining to income (loss) from continuing operations.",
      "available_units": [
        "USD"
      ],
      "data_points_count": 45,
      "latest_value": {
        "value": 37000000,
        "date": "2024-12-31",
        "fiscal_year": 2024,
        "form": "10-K",
        "filed": "2025-02-24",
        "unit": "USD",
        "type": "annual"
      },
      "date_range": {
        "earliest": "2008-12-31",
        "latest": "2024-12-31"
      }
    },
    "DeferredIncomeTaxExpenseBenefit": {
      "taxonomy": "us-gaap",
      "label": "Deferred Income Tax Expense (Benefit)",
      "description": "Amount of deferred income tax expense (benefit) pertaining to income (loss) from continuing operations.",
      "available_units": [
        "USD"
      ],
      "data_points_count": 137,
      "latest_value": {
        "value": -1000000,
        "date": "2024-12-31",
        "fiscal_year": 2024,
        "form": "10-K",
        "filed": "2025-02-24",
        "unit": "USD",
        "type": "annual"
      },
      "date_range": {
        "earliest": "2008-12-31",
        "latest": "2025-06-30"
      }
    },
    "DeferredStateAndLocalIncomeTaxExpenseBenefit": {
      "taxonomy": "us-gaap",
      "label": "Deferred State and Local Income Tax Expense (Benefit)",
      "description": "Amount of deferred state and local tax expense (benefit) pertaining to income (loss) from continuing operations.",
      "available_units": [
        "USD"
      ],
      "data_points_count": 44,
      "latest_value": {
        "value": -24000000,
        "date": "2024-12-31",
        "fiscal_year": 2024,
        "form": "10-K",
        "filed": "2025-02-24",
        "unit": "USD",
        "type": "annual"
      },
      "date_range": {
        "earliest": "2008-12-31",
        "latest": "2024-12-31"
      }
    },
    "DefinedBenefitPlanAmortizationOfNetGainsLosses": {
      "taxonomy": "us-gaap",
      "label": "Defined Benefit Plan, Amortization of Net Gains (Losses) (Deprecated 2013-01-31)",
      "description": "The amounts in accumulated other comprehensive income related to gains and losses that are not recognized immediately and are expected to be recognized as components of net periodic benefit cost over the next fiscal year that follows the most recent annual statement of financial position presented.",
      "available_units": [
        "USD"
      ],
      "data_points_count": 3,
      "latest_value": {
        "value": 87000000,
        "date": "2013-12-31",
        "fiscal_year": 2012,
        "form": "10-K",
        "filed": "2013-02-19",
        "unit": "USD",
        "type": "annual"
      },
      "date_range": {
        "earliest": "2011-12-31",
        "latest": "2013-12-31"
      }
    },
    "DefinedBenefitPlanEffectOfOnePercentagePointDecreaseOnServiceAndInterestCostComponents": {
      "taxonomy": "us-gaap",
      "label": "Defined Benefit Plan, Effect of One Percentage Point Decrease on Service and Interest Cost Components (Deprecated 2012-01-31)",
      "description": "The effect of a one-percentage- point decrease in the assumed health care cost trend rates on the aggregate of the service and interest cost components of net periodic postretirement health care benefit costs.",
      "available_units": [
        "USD"
      ],
      "data_points_count": 1,
      "latest_value": {
        "value": 0,
        "date": "2011-12-31",
        "fiscal_year": 2011,
        "form": "10-K",
        "filed": "2012-02-21",
        "unit": "USD",
        "type": "annual"
      },
      "date_range": {
        "earliest": "2011-12-31",
        "latest": "2011-12-31"
      }
    },
    "DefinedBenefitPlanEffectOfOnePercentagePointDecreaseOnServiceAndInterestCostComponents1": {
      "taxonomy": "us-gaap",
      "label": "Defined Benefit Plan, Effect of One Percentage Point Decrease on Service and Interest Cost Components",
      "description": "Amount of decrease in service and interest cost components of net periodic postretirement benefit cost from one-percentage-point decrease in assumed health care cost trend rate.",
      "available_units": [
        "USD"
      ],
      "data_points_count": 6,
      "latest_value": {
        "value": 0,
        "date": "2017-12-31",
        "fiscal_year": 2017,
        "form": "10-K",
        "filed": "2018-02-15",
        "unit": "USD",
        "type": "annual"
      },
      "date_range": {
        "earliest": "2012-12-31",
        "latest": "2017-12-31"
      }
    },
    "DefinedBenefitPlanEffectOfOnePercentagePointIncreaseOnServiceAndInterestCostComponents": {
      "taxonomy": "us-gaap",
      "label": "Defined Benefit Plan, Effect of One Percentage Point Increase on Service and Interest Cost Components",
      "description": "Amount of increase in service and interest cost components of net periodic postretirement benefit cost from one-percentage-point increase in assumed health care cost trend rate.",
      "available_units": [
        "USD"
      ],
      "data_points_count": 7,
      "latest_value": {
        "value": 0,
        "date": "2017-12-31",
        "fiscal_year": 2017,
        "form": "10-K",
        "filed": "2018-02-15",
        "unit": "USD",
        "type": "annual"
      },
      "date_range": {
        "earliest": "2011-12-31",
        "latest": "2017-12-31"
      }
    },
    "DefinedBenefitPlanFutureAmortizationOfGainLoss": {
      "taxonomy": "us-gaap",
      "label": "Defined Benefit Plan, Future Amortization of Gain (Loss) (Deprecated 2017-01-31)",
      "description": "Amount included in accumulated other comprehensive income (AOCI) related to gain (loss) expected to be recognized as components of net periodic benefit cost for the fiscal year that follows the most recent annual statement of financial position.",
      "available_units": [
        "USD"
      ],
      "data_points_count": 4,
      "latest_value": {
        "value": 52000000,
        "date": "2016-12-31",
        "fiscal_year": 2016,
        "form": "10-K",
        "filed": "2017-02-15",
        "unit": "USD",
        "type": "annual"
      },
      "date_range": {
        "earliest": "2014-12-31",
        "latest": "2016-12-31"
      }
    },
    "DerivativeGainLossOnDerivativeNet": {
      "taxonomy": "us-gaap",
      "label": "Derivative, Gain (Loss) on Derivative, Net",
      "description": "Amount of increase (decrease) in the fair value of derivatives recognized in the income statement.",
      "available_units": [
        "USD"
      ],
      "data_points_count": 20,
      "latest_value": {
        "value": 86000000,
        "date": "2022-09-30",
        "fiscal_year": 2022,
        "fiscal_period": "Q3",
        "form": "10-Q",
        "filed": "2022-10-28",
        "unit": "USD",
        "type": "quarterly"
      },
      "date_range": {
        "earliest": "2020-03-31",
        "latest": "2022-09-30"
      }
    },
    "DerivativeNetHedgeIneffectivenessGainLoss": {
      "taxonomy": "us-gaap",
      "label": "Derivative, Net Hedge Ineffectiveness Gain (Loss)",
      "description": "Amount of gain (loss) from the ineffectiveness of the hedge.",
      "available_units": [
        "USD"
      ],
      "data_points_count": 14,
      "latest_value": {
        "value": 1000000,
        "date": "2011-12-31",
        "fiscal_year": 2011,
        "form": "10-K",
        "filed": "2012-02-21",
        "unit": "USD",
        "type": "annual"
      },
      "date_range": {
        "earliest": "2009-12-31",
        "latest": "2012-03-31"
      }
    },
    "DiscontinuedOperationGainLossFromDisposalOfDiscontinuedOperationBeforeIncomeTax": {
      "taxonomy": "us-gaap",
      "label": "Discontinued Operation, Gain (Loss) from Disposal of Discontinued Operation, before Income Tax",
      "description": "Amount before tax of gain (loss) not previously recognized resulting from the disposal of a discontinued operation.",
      "available_units": [
        "USD"
      ],
      "data_points_count": 6,
      "latest_value": {
        "value": 27000000,
        "date": "2010-03-31",
        "fiscal_year": 2010,
        "form": "10-K",
        "filed": "2011-02-28",
        "unit": "USD",
        "type": "annual"
      },
      "date_range": {
        "earliest": "2010-03-31",
        "latest": "2010-03-31"
      }
    },
    "DiscontinuedOperationGainLossOnDisposalOfDiscontinuedOperationNetOfTax": {
      "taxonomy": "us-gaap",
      "label": "Discontinued Operation, Gain (Loss) on Disposal of Discontinued Operation, Net of Tax",
      "description": "Amount after tax of gain (loss) not previously recognized resulting from the disposal of a discontinued operation.",
      "available_units": [
        "USD"
      ],
      "data_points_count": 6,
      "latest_value": {
        "value": 17000000,
        "date": "2010-03-31",
        "fiscal_year": 2010,
        "form": "10-K",
        "filed": "2011-02-28",
        "unit": "USD",
        "type": "annual"
      },
      "date_range": {
        "earliest": "2010-03-31",
        "latest": "2010-03-31"
      }
    },
    "DiscontinuedOperationIncomeLossFromDiscontinuedOperationBeforeIncomeTax": {
      "taxonomy": "us-gaap",
      "label": "Discontinued Operation, Income (Loss) from Discontinued Operation, before Income Tax",
      "description": "Amount before tax of income (loss) from a discontinued operation. Includes, but is not limited to, the income (loss) from operations during the phase-out period, gain (loss) on disposal, gain (loss) for reversal of write-down (write-down) to fair value, less cost to sell, and adjustments to a prior period gain (loss) on disposal.",
      "available_units": [
        "USD"
      ],
      "data_points_count": 19,
      "latest_value": {
        "value": 0,
        "date": "2012-12-31",
        "fiscal_year": 2012,
        "form": "10-K",
        "filed": "2013-02-19",
        "unit": "USD",
        "type": "annual"
      },
      "date_range": {
        "earliest": "2008-12-31",
        "latest": "2012-12-31"
      }
    },
    "DiscontinuedOperationTaxEffectOfDiscontinuedOperation": {
      "taxonomy": "us-gaap",
      "label": "Discontinued Operation, Tax Effect of Discontinued Operation",
      "description": "Amount of tax expense (benefit) related to a discontinued operation. Includes, but is not limited to, tax expense (benefit) related to income (loss) from operations during the phase-out period, tax expense (benefit) related to gain (loss) on disposal, tax expense (benefit) related to gain (loss) for reversal of write-down (write-down) to fair value, less cost to sell, and tax expense (benefit) related to adjustments of a prior period gain (loss) on disposal.",
      "available_units": [
        "USD"
      ],
      "data_points_count": 9,
      "latest_value": {
        "value": 10000000,
        "date": "2010-12-31",
        "fiscal_year": 2010,
        "form": "10-K",
        "filed": "2011-02-28",
        "unit": "USD",
        "type": "annual"
      },
      "date_range": {
        "earliest": "2008-12-31",
        "latest": "2010-12-31"
      }
    },
    "DisposalGroupNotDiscontinuedOperationGainLossOnDisposal": {
      "taxonomy": "us-gaap",
      "label": "Disposal Group, Not Discontinued Operation, Gain (Loss) on Disposal",
      "description": "Amount before tax of gain (loss) recognized on the sale or disposal of a disposal group. Excludes discontinued operations.",
      "available_units": [
        "USD"
      ],
      "data_points_count": 6,
      "latest_value": {
        "value": 0,
        "date": "2011-12-31",
        "fiscal_year": 2011,
        "form": "10-K",
        "filed": "2012-02-21",
        "unit": "USD",
        "type": "annual"
      },
      "date_range": {
        "earliest": "2009-06-30",
        "latest": "2011-12-31"
      }
    },
    "DividendsPreferredStockStock": {
      "taxonomy": "us-gaap",
      "label": "Dividends, Preferred Stock, Stock",
      "description": "Amount of paid and unpaid preferred stock dividends declared with the form of settlement in stock.",
      "available_units": [
        "USD"
      ],
      "data_points_count": 41,
      "latest_value": {
        "value": 23000000,
        "date": "2024-12-31",
        "fiscal_year": 2024,
        "form": "10-K",
        "filed": "2025-02-24",
        "unit": "USD",
        "type": "annual"
      },
      "date_range": {
        "earliest": "2018-12-31",
        "latest": "2024-12-31"
      }
    },
    "EarningsPerShareBasic": {
      "taxonomy": "us-gaap",
      "label": "Earnings Per Share, Basic",
      "description": "The amount of net income (loss) for the period per each share of common stock or unit outstanding during the reporting period.",
      "available_units": [
        "USD/shares"
      ],
      "data_points_count": 295,
      "latest_value": {
        "value": 5.06,
        "date": "2024-12-31",
        "fiscal_year": 2024,
        "form": "10-K",
        "filed": "2025-02-24",
        "unit": "USD/shares",
        "type": "annual"
      },
      "date_range": {
        "earliest": "2008-12-31",
        "latest": "2025-06-30"
      }
    },
    "EffectiveIncomeTaxRateContinuingOperations": {
      "taxonomy": "us-gaap",
      "label": "Effective Income Tax Rate Reconciliation, Percent",
      "description": "Percentage of current income tax expense (benefit) and deferred income tax expense (benefit) pertaining to continuing operations.",
      "available_units": [
        "pure"
      ],
      "data_points_count": 45,
      "latest_value": {
        "value": 0.216,
        "date": "2024-12-31",
        "fiscal_year": 2024,
        "form": "10-K",
        "filed": "2025-02-24",
        "unit": "pure",
        "type": "annual"
      },
      "date_range": {
        "earliest": "2008-12-31",
        "latest": "2024-12-31"
      }
    },
    "ForeignCurrencyTransactionGainBeforeTax": {
      "taxonomy": "us-gaap",
      "label": "Foreign Currency Transaction Gain, before Tax",
      "description": "Amount before tax of foreign currency transaction realized and unrealized gain recognized in the income statement.",
      "available_units": [
        "USD"
      ],
      "data_points_count": 12,
      "latest_value": {
        "value": 142000000,
        "date": "2024-12-31",
        "fiscal_year": 2024,
        "form": "10-K",
        "filed": "2025-02-24",
        "unit": "USD",
        "type": "annual"
      },
      "date_range": {
        "earliest": "2018-12-31",
        "latest": "2024-12-31"
      }
    },
    "ForeignCurrencyTransactionGainLossBeforeTax": {
      "taxonomy": "us-gaap",
      "label": "Foreign Currency Transaction Gain (Loss), before Tax",
      "description": "Amount before tax of foreign currency transaction realized and unrealized gain (loss) recognized in the income statement.",
      "available_units": [
        "USD"
      ],
      "data_points_count": 73,
      "latest_value": {
        "value": 44000000,
        "date": "2019-12-31",
        "fiscal_year": 2019,
        "form": "10-K",
        "filed": "2020-02-11",
        "unit": "USD",
        "type": "annual"
      },
      "date_range": {
        "earliest": "2013-12-31",
        "latest": "2020-09-30"
      }
    },
    "GainLossOnForeignCurrencyDerivativeInstrumentsNotDesignatedAsHedgingInstruments": {
      "taxonomy": "us-gaap",
      "label": "Gain (Loss) on Foreign Currency Derivative Instruments Not Designated as Hedging Instruments",
      "description": "Amount of gain (loss) recognized in earnings in the period from the increase (decrease) in fair value of foreign currency derivatives not designated as hedging instruments.",
      "available_units": [
        "USD"
      ],
      "data_points_count": 111,
      "latest_value": {
        "value": 0,
        "date": "2023-12-31",
        "fiscal_year": 2023,
        "form": "10-K",
        "filed": "2024-02-28",
        "unit": "USD",
        "type": "annual"
      },
      "date_range": {
        "earliest": "2008-12-31",
        "latest": "2023-12-31"
      }
    },
    "GainLossOnForeignCurrencyFairValueHedgeDerivatives": {
      "taxonomy": "us-gaap",
      "label": "Gain (Loss) on Foreign Currency Fair Value Hedge Derivatives",
      "description": "Amount of gain (loss) from the increase (decrease) in fair value of foreign currency derivatives and nonderivative instruments designated as fair value hedging instruments which were recognized in earnings, net of offsets by the gain (loss) on the hedged item to the extent that the fair value hedge was determined to be effective.",
      "available_units": [
        "USD"
      ],
      "data_points_count": 30,
      "latest_value": {
        "value": 0,
        "date": "2018-12-31",
        "fiscal_year": 2018,
        "form": "10-K",
        "filed": "2019-02-12",
        "unit": "USD",
        "type": "annual"
      },
      "date_range": {
        "earliest": "2014-12-31",
        "latest": "2018-12-31"
      }
    },
    "GainLossRelatedToLitigationSettlement": {
      "taxonomy": "us-gaap",
      "label": "Gain (Loss) Related to Litigation Settlement",
      "description": "Amount of gain (loss) recognized in settlement of litigation and insurance claims. Excludes claims within an insurance entity's normal claims settlement process.",
      "available_units": [
        "USD"
      ],
      "data_points_count": 10,
      "latest_value": {
        "value": -10000000,
        "date": "2011-12-31",
        "fiscal_year": 2011,
        "form": "10-K",
        "filed": "2012-02-21",
        "unit": "USD",
        "type": "annual"
      },
      "date_range": {
        "earliest": "2010-09-30",
        "latest": "2012-09-30"
      }
    },
    "IncomeLossFromContinuingOperationsBeforeIncomeTaxesForeign": {
      "taxonomy": "us-gaap",
      "label": "Income (Loss) from Continuing Operations before Income Taxes, Foreign",
      "description": "The portion of earnings or loss from continuing operations before income taxes that is attributable to foreign operations, which is defined as Income or Loss generated from operations located outside the entity's country of domicile.",
      "available_units": [
        "USD"
      ],
      "data_points_count": 15,
      "latest_value": {
        "value": -57000000,
        "date": "2024-12-31",
        "fiscal_year": 2024,
        "form": "10-K",
        "filed": "2025-02-24",
        "unit": "USD",
        "type": "annual"
      },
      "date_range": {
        "earliest": "2010-12-31",
        "latest": "2024-12-31"
      }
    },
    "IncomeLossFromContinuingOperationsIncludingPortionAttributableToNoncontrollingInterest": {
      "taxonomy": "us-gaap",
      "label": "Income (Loss) from Continuing Operations, Net of Tax, Including Portion Attributable to Noncontrolling Interest",
      "description": "Amount after tax of income (loss) from continuing operations including portion attributable to the noncontrolling interest.",
      "available_units": [
        "USD"
      ],
      "data_points_count": 39,
      "latest_value": {
        "value": 521000000,
        "date": "2012-12-31",
        "fiscal_year": 2012,
        "form": "10-K",
        "filed": "2013-02-19",
        "unit": "USD",
        "type": "annual"
      },
      "date_range": {
        "earliest": "2008-12-31",
        "latest": "2012-12-31"
      }
    },
    "IncomeLossFromContinuingOperationsPerBasicShare": {
      "taxonomy": "us-gaap",
      "label": "Income (Loss) from Continuing Operations, Per Basic Share",
      "description": "The amount of net income (loss) from continuing operations per each share of common stock or unit outstanding during the reporting period.",
      "available_units": [
        "USD/shares"
      ],
      "data_points_count": 39,
      "latest_value": {
        "value": 2.68,
        "date": "2012-12-31",
        "fiscal_year": 2012,
        "form": "10-K",
        "filed": "2013-02-19",
        "unit": "USD/shares",
        "type": "annual"
      },
      "date_range": {
        "earliest": "2008-12-31",
        "latest": "2012-12-31"
      }
    },
    "IncomeLossFromDiscontinuedOperationsNetOfTax": {
      "taxonomy": "us-gaap",
      "label": "Income (Loss) from Discontinued Operations, Net of Tax, Including Portion Attributable to Noncontrolling Interest",
      "description": "Amount after tax of income (loss) from a discontinued operation including the portion attributable to the noncontrolling interest. Includes, but is not limited to, the income (loss) from operations during the phase-out period, gain (loss) on disposal, gain (loss) for reversal of write-down (write-down) to fair value, less cost to sell, and adjustments to a prior period gain (loss) on disposal.",
      "available_units": [
        "USD"
      ],
      "data_points_count": 22,
      "latest_value": {
        "value": 0,
        "date": "2012-12-31",
        "fiscal_year": 2012,
        "form": "10-K",
        "filed": "2013-02-19",
        "unit": "USD",
        "type": "annual"
      },
      "date_range": {
        "earliest": "2008-12-31",
        "latest": "2012-12-31"
      }
    },
    "IncomeLossFromDiscontinuedOperationsNetOfTaxPerBasicShare": {
      "taxonomy": "us-gaap",
      "label": "Income (Loss) from Discontinued Operations and Disposal of Discontinued Operations, Net of Tax, Per Basic Share",
      "description": "Per basic share amount, after tax, of income (loss) from the day-to-day business activities of the discontinued operation and gain (loss) from the disposal of the discontinued operation.",
      "available_units": [
        "USD/shares"
      ],
      "data_points_count": 9,
      "latest_value": {
        "value": 0.11,
        "date": "2010-12-31",
        "fiscal_year": 2010,
        "form": "10-K",
        "filed": "2011-02-28",
        "unit": "USD/shares",
        "type": "annual"
      },
      "date_range": {
        "earliest": "2008-12-31",
        "latest": "2010-12-31"
      }
    },
    "IncomeLossFromDiscontinuedOperationsNetOfTaxPerDilutedShare": {
      "taxonomy": "us-gaap",
      "label": "Income (Loss) from Discontinued Operations and Disposal of Discontinued Operations, Net of Tax, Per Diluted Share",
      "description": "Per diluted share amount, after tax, of income (loss) from the day-to-day business activities of the discontinued operation and gain (loss) from the disposal of the discontinued operation.",
      "available_units": [
        "USD/shares"
      ],
      "data_points_count": 8,
      "latest_value": {
        "value": 0.1,
        "date": "2010-12-31",
        "fiscal_year": 2010,
        "form": "10-K",
        "filed": "2011-02-28",
        "unit": "USD/shares",
        "type": "annual"
      },
      "date_range": {
        "earliest": "2009-12-31",
        "latest": "2010-12-31"
      }
    },
    "IncomeTaxExpenseBenefit": {
      "taxonomy": "us-gaap",
      "label": "Income Tax Expense (Benefit)",
      "description": "Amount of current income tax expense (benefit) and deferred income tax expense (benefit) pertaining to continuing operations.",
      "available_units": [
        "USD"
      ],
      "data_points_count": 295,
      "latest_value": {
        "value": 190000000,
        "date": "2024-12-31",
        "fiscal_year": 2024,
        "form": "10-K",
        "filed": "2025-02-24",
        "unit": "USD",
        "type": "annual"
      },
      "date_range": {
        "earliest": "2008-12-31",
        "latest": "2025-06-30"
      }
    },
    "IncomeTaxExpenseBenefitContinuingOperations": {
      "taxonomy": "us-gaap",
      "label": "Income Tax Expense (Benefit), Continuing Operations (Deprecated 2013-01-31)",
      "description": "The sum of the current income tax expense or benefit and the deferred income tax expense or benefit pertaining to pretax Income or Loss from continuing operations; income tax expense or benefit may include interest and penalties on tax uncertainties based on the entity's accounting policy.",
      "available_units": [
        "USD"
      ],
      "data_points_count": 9,
      "latest_value": {
        "value": 189000000,
        "date": "2012-12-31",
        "fiscal_year": 2012,
        "form": "10-K",
        "filed": "2013-02-19",
        "unit": "USD",
        "type": "annual"
      },
      "date_range": {
        "earliest": "2008-12-31",
        "latest": "2012-12-31"
      }
    },
    "IncreaseDecreaseInDeferredIncomeTaxes": {
      "taxonomy": "us-gaap",
      "label": "Increase (Decrease) in Deferred Income Taxes",
      "description": "The increase (decrease) during the reporting period in the account that represents the temporary difference that results from Income or Loss that is recognized for accounting purposes but not for tax purposes and vice versa.",
      "available_units": [
        "USD"
      ],
      "data_points_count": 17,
      "latest_value": {
        "value": 74000000,
        "date": "2019-09-30",
        "fiscal_year": 2019,
        "fiscal_period": "Q3",
        "form": "10-Q",
        "filed": "2019-10-30",
        "unit": "USD",
        "type": "quarterly"
      },
      "date_range": {
        "earliest": "2013-06-30",
        "latest": "2019-09-30"
      }
    },
    "InterestExpense": {
      "taxonomy": "us-gaap",
      "label": "Interest Expense",
      "description": "Amount of the cost of borrowed funds accounted for as interest expense.",
      "available_units": [
        "USD"
      ],
      "data_points_count": 282,
      "latest_value": {
        "value": 1661000000,
        "date": "2023-12-31",
        "fiscal_year": 2023,
        "form": "10-K",
        "filed": "2024-02-28",
        "unit": "USD",
        "type": "annual"
      },
      "date_range": {
        "earliest": "2008-12-31",
        "latest": "2024-06-30"
      }
    },
    "InterestIncomeExpenseNet": {
      "taxonomy": "us-gaap",
      "label": "Interest Income (Expense), Net",
      "description": "The net amount of operating interest income (expense).",
      "available_units": [
        "USD"
      ],
      "data_points_count": 295,
      "latest_value": {
        "value": 2190000000,
        "date": "2024-12-31",
        "fiscal_year": 2024,
        "form": "10-K",
        "filed": "2025-02-24",
        "unit": "USD",
        "type": "annual"
      },
      "date_range": {
        "earliest": "2008-12-31",
        "latest": "2025-06-30"
      }
    },
    "LegalFees": {
      "taxonomy": "us-gaap",
      "label": "Legal Fees",
      "description": "The amount of expense provided in the period for legal costs incurred on or before the balance sheet date pertaining to resolved, pending or threatened litigation, including arbitration and mediation proceedings.",
      "available_units": [
        "USD"
      ],
      "data_points_count": 149,
      "latest_value": {
        "value": 21000000,
        "date": "2024-12-31",
        "fiscal_year": 2024,
        "form": "10-K",
        "filed": "2025-02-24",
        "unit": "USD",
        "type": "annual"
      },
      "date_range": {
        "earliest": "2008-12-31",
        "latest": "2024-12-31"
      }
    },
    "LossContingencyLossInPeriod": {
      "taxonomy": "us-gaap",
      "label": "Loss Contingency, Loss in Period",
      "description": "The amount of loss pertaining to the specified contingency that was charged against earnings in the period, including the effects of revisions in previously reported estimates.",
      "available_units": [
        "USD"
      ],
      "data_points_count": 76,
      "latest_value": {
        "value": -2000000,
        "date": "2017-12-31",
        "fiscal_year": 2017,
        "form": "10-K",
        "filed": "2018-02-15",
        "unit": "USD",
        "type": "annual"
      },
      "date_range": {
        "earliest": "2010-12-31",
        "latest": "2018-09-30"
      }
    },
    "LossOnContractTermination": {
      "taxonomy": "us-gaap",
      "label": "Loss on Contract Termination",
      "description": "The loss recognized on termination of a contract.",
      "available_units": [
        "USD"
      ],
      "data_points_count": 5,
      "latest_value": {
        "value": 2000000,
        "date": "2016-12-31",
        "fiscal_year": 2016,
        "form": "10-K",
        "filed": "2017-02-15",
        "unit": "USD",
        "type": "annual"
      },
      "date_range": {
        "earliest": "2014-12-31",
        "latest": "2016-12-31"
      }
    },
    "NoninterestExpense": {
      "taxonomy": "us-gaap",
      "label": "Noninterest Expense",
      "description": "Total aggregate amount of all noninterest expense.",
      "available_units": [
        "USD"
      ],
      "data_points_count": 295,
      "latest_value": {
        "value": 2307000000,
        "date": "2024-12-31",
        "fiscal_year": 2024,
        "form": "10-K",
        "filed": "2025-02-24",
        "unit": "USD",
        "type": "annual"
      },
      "date_range": {
        "earliest": "2008-12-31",
        "latest": "2025-06-30"
      }
    },
    "NoninterestIncomeOtherOperatingIncome": {
      "taxonomy": "us-gaap",
      "label": "Noninterest Income, Other Operating Income",
      "description": "Amount of revenue earned, classified as other, excluding interest income.",
      "available_units": [
        "USD"
      ],
      "data_points_count": 199,
      "latest_value": {
        "value": 60000000,
        "date": "2024-12-31",
        "fiscal_year": 2024,
        "form": "10-K",
        "filed": "2025-02-24",
        "unit": "USD",
        "type": "annual"
      },
      "date_range": {
        "earliest": "2008-12-31",
        "latest": "2025-06-30"
      }
    },
    "OtherComprehensiveIncomeLossAmortizationPensionAndOtherPostretirementBenefitPlansNetPriorServiceCostRecognizedInNetPeriodicBenefitCostBeforeTax": {
      "taxonomy": "us-gaap",
      "label": "Other Comprehensive Income (Loss), Amortization, Pension and Other Postretirement Benefit Plans, Net Prior Service Cost Recognized in Net Periodic Benefit Cost, before Tax (Deprecated 2013-01-31)",
      "description": "Before tax amount of the income statement impact of the reclassification adjustment for prior service costs recognized as a component of net period benefit cost.",
      "available_units": [
        "USD"
      ],
      "data_points_count": 7,
      "latest_value": {
        "value": -3000000,
        "date": "2012-12-31",
        "fiscal_year": 2012,
        "form": "10-K",
        "filed": "2013-02-19",
        "unit": "USD",
        "type": "annual"
      },
      "date_range": {
        "earliest": "2010-12-31",
        "latest": "2013-06-30"
      }
    },
    "OtherComprehensiveIncomeLossBeforeReclassificationsBeforeTax": {
      "taxonomy": "us-gaap",
      "label": "Other Comprehensive Income (Loss), before Reclassifications, before Tax",
      "description": "Amount before tax and reclassification adjustments of other comprehensive income (loss).",
      "available_units": [
        "USD"
      ],
      "data_points_count": 51,
      "latest_value": {
        "value": -602000000,
        "date": "2023-12-31",
        "fiscal_year": 2023,
        "form": "10-K",
        "filed": "2024-02-28",
        "unit": "USD",
        "type": "annual"
      },
      "date_range": {
        "earliest": "2019-12-31",
        "latest": "2025-06-30"
      }
    },
    "OtherComprehensiveIncomeLossBeforeTax": {
      "taxonomy": "us-gaap",
      "label": "Other Comprehensive Income (Loss), before Tax",
      "description": "Amount before tax, after reclassification adjustments of other comprehensive income (loss).",
      "available_units": [
        "USD"
      ],
      "data_points_count": 39,
      "latest_value": {
        "value": -148000000,
        "date": "2024-12-31",
        "fiscal_year": 2024,
        "form": "10-K",
        "filed": "2025-02-24",
        "unit": "USD",
        "type": "annual"
      },
      "date_range": {
        "earliest": "2010-12-31",
        "latest": "2024-12-31"
      }
    },
    "OtherComprehensiveIncomeLossNetOfTax": {
      "taxonomy": "us-gaap",
      "label": "Other Comprehensive Income (Loss), Net of Tax",
      "description": "Amount after tax and reclassification adjustments of other comprehensive income (loss).",
      "available_units": [
        "USD"
      ],
      "data_points_count": 143,
      "latest_value": {
        "value": -113000000,
        "date": "2024-12-31",
        "fiscal_year": 2024,
        "form": "10-K",
        "filed": "2025-02-24",
        "unit": "USD",
        "type": "annual"
      },
      "date_range": {
        "earliest": "2010-12-31",
        "latest": "2025-06-30"
      }
    },
    "OtherComprehensiveIncomeLossPensionAndOtherPostretirementBenefitPlansAdjustmentBeforeTax": {
      "taxonomy": "us-gaap",
      "label": "Other Comprehensive (Income) Loss, Defined Benefit Plan, after Reclassification Adjustment, before Tax",
      "description": "Amount, before tax, after reclassification adjustment, of (increase) decrease in accumulated other comprehensive income for defined benefit plan.",
      "available_units": [
        "USD"
      ],
      "data_points_count": 39,
      "latest_value": {
        "value": -40000000,
        "date": "2024-12-31",
        "fiscal_year": 2024,
        "form": "10-K",
        "filed": "2025-02-24",
        "unit": "USD",
        "type": "annual"
      },
      "date_range": {
        "earliest": "2010-12-31",
        "latest": "2024-12-31"
      }
    },
    "OtherComprehensiveIncomeLossPensionAndOtherPostretirementBenefitPlansAdjustmentNetOfTax": {
      "taxonomy": "us-gaap",
      "label": "Other Comprehensive (Income) Loss, Defined Benefit Plan, after Reclassification Adjustment, after Tax",
      "description": "Amount, after tax and reclassification adjustment, of (increase) decrease in accumulated other comprehensive income for defined benefit plan.",
      "available_units": [
        "USD"
      ],
      "data_points_count": 115,
      "latest_value": {
        "value": -32000000,
        "date": "2024-12-31",
        "fiscal_year": 2024,
        "form": "10-K",
        "filed": "2025-02-24",
        "unit": "USD",
        "type": "annual"
      },
      "date_range": {
        "earliest": "2010-12-31",
        "latest": "2025-06-30"
      }
    },
    "OtherComprehensiveIncomeLossReclassificationAdjustmentFromAOCIPensionAndOtherPostretirementBenefitPlansForNetGainLossBeforeTax": {
      "taxonomy": "us-gaap",
      "label": "Other Comprehensive Income (Loss), Defined Benefit Plan, Gain (Loss), Reclassification Adjustment from AOCI, before Tax",
      "description": "Amount, before tax, of reclassification adjustment from accumulated other comprehensive income (loss) for gain (loss) of defined benefit plan.",
      "available_units": [
        "USD"
      ],
      "data_points_count": 108,
      "latest_value": {
        "value": 27000000,
        "date": "2024-12-31",
        "fiscal_year": 2024,
        "form": "10-K",
        "filed": "2025-02-24",
        "unit": "USD",
        "type": "annual"
      },
      "date_range": {
        "earliest": "2011-12-31",
        "latest": "2025-06-30"
      }
    },
    "OtherComprehensiveIncomeLossReclassificationAdjustmentFromAOCIPensionAndOtherPostretirementBenefitPlansTax": {
      "taxonomy": "us-gaap",
      "label": "Other Comprehensive (Income) Loss, Defined Benefit Plan, Reclassification Adjustment from AOCI, Tax",
      "description": "Amount of tax (expense) benefit for reclassification adjustment from accumulated other comprehensive (income) loss of defined benefit plan.",
      "available_units": [
        "USD"
      ],
      "data_points_count": 14,
      "latest_value": {
        "value": 8000000,
        "date": "2024-12-31",
        "fiscal_year": 2024,
        "form": "10-K",
        "filed": "2025-02-24",
        "unit": "USD",
        "type": "annual"
      },
      "date_range": {
        "earliest": "2019-12-31",
        "latest": "2024-12-31"
      }
    },
    "OtherComprehensiveIncomeLossTax": {
      "taxonomy": "us-gaap",
      "label": "Other Comprehensive Income (Loss), Tax",
      "description": "Amount of tax expense (benefit) allocated to other comprehensive income (loss).",
      "available_units": [
        "USD"
      ],
      "data_points_count": 39,
      "latest_value": {
        "value": -35000000,
        "date": "2024-12-31",
        "fiscal_year": 2024,
        "form": "10-K",
        "filed": "2025-02-24",
        "unit": "USD",
        "type": "annual"
      },
      "date_range": {
        "earliest": "2010-12-31",
        "latest": "2024-12-31"
      }
    },
    "OtherComprehensiveIncomeReclassificationOfDefinedBenefitPlansNetGainLossRecognizedInNetPeriodicBenefitCostBeforeTax": {
      "taxonomy": "us-gaap",
      "label": "Other Comprehensive Income (Loss), Reclassification, Pension and Other Postretirement Benefit Plans, Net Gain (Loss) Recognized in Net Periodic Benefit Cost, before Tax (Deprecated 2013-01-31)",
      "description": "Before tax amount of the income statement impact of the reclassification adjustment for actuarial gain (loss) recognized as a component of net periodic benefit cost.",
      "available_units": [
        "USD"
      ],
      "data_points_count": 9,
      "latest_value": {
        "value": 62000000,
        "date": "2012-12-31",
        "fiscal_year": 2012,
        "form": "10-K",
        "filed": "2013-02-19",
        "unit": "USD",
        "type": "annual"
      },
      "date_range": {
        "earliest": "2010-12-31",
        "latest": "2013-06-30"
      }
    },
    "OtherInterestAndDividendIncome": {
      "taxonomy": "us-gaap",
      "label": "Other Interest and Dividend Income",
      "description": "Amount, after discount, accretion and premium amortization, of interest income and dividend income classified as other.",
      "available_units": [
        "USD"
      ],
      "data_points_count": 199,
      "latest_value": {
        "value": 333000000,
        "date": "2024-12-31",
        "fiscal_year": 2024,
        "form": "10-K",
        "filed": "2025-02-24",
        "unit": "USD",
        "type": "annual"
      },
      "date_range": {
        "earliest": "2008-12-31",
        "latest": "2025-06-30"
      }
    },
    "OtherNoninterestExpense": {
      "taxonomy": "us-gaap",
      "label": "Other Noninterest Expense",
      "description": "Amount of noninterest expense classified as other.",
      "available_units": [
        "USD"
      ],
      "data_points_count": 199,
      "latest_value": {
        "value": 151000000,
        "date": "2024-12-31",
        "fiscal_year": 2024,
        "form": "10-K",
        "filed": "2025-02-24",
        "unit": "USD",
        "type": "annual"
      },
      "date_range": {
        "earliest": "2008-12-31",
        "latest": "2025-06-30"
      }
    },
    "PreferredStockDividendRatePercentage": {
      "taxonomy": "us-gaap",
      "label": "Preferred Stock, Dividend Rate, Percentage",
      "description": "The percentage rate used to calculate dividend payments on preferred stock.",
      "available_units": [
        "pure"
      ],
      "data_points_count": 8,
      "latest_value": {
        "value": 0.0563,
        "date": "2020-12-31",
        "fiscal_year": 2020,
        "form": "10-K",
        "filed": "2021-02-09",
        "unit": "pure",
        "type": "annual"
      },
      "date_range": {
        "earliest": "2020-06-30",
        "latest": "2020-12-31"
      }
    },
    "PreferredStockDividendsIncomeStatementImpact": {
      "taxonomy": "us-gaap",
      "label": "Preferred Stock Dividends, Income Statement Impact",
      "description": "The amount of preferred stock dividends that is an adjustment to net income apportioned to common stockholders.",
      "available_units": [
        "USD"
      ],
      "data_points_count": 7,
      "latest_value": {
        "value": 0,
        "date": "2012-12-31",
        "fiscal_year": 2012,
        "form": "10-K",
        "filed": "2013-02-19",
        "unit": "USD",
        "type": "annual"
      },
      "date_range": {
        "earliest": "2009-12-31",
        "latest": "2012-12-31"
      }
    },
    "ProceedsFromIssuanceOfPreferredStockPreferenceStockAndWarrants": {
      "taxonomy": "us-gaap",
      "label": "Proceeds from Issuance of Preferred Stock, Preference Stock, and Warrants",
      "description": "Proceeds from issuance of capital stock which provides for a specific dividend that is paid to the shareholders before any dividends to common stockholder, which takes precedence over common stockholders in the event of liquidation and from issuance of rights to purchase common shares at a predetermined price.",
      "available_units": [
        "USD"
      ],
      "data_points_count": 8,
      "latest_value": {
        "value": 400000000,
        "date": "2020-12-31",
        "fiscal_year": 2020,
        "form": "10-K",
        "filed": "2021-02-09",
        "unit": "USD",
        "type": "annual"
      },
      "date_range": {
        "earliest": "2020-06-30",
        "latest": "2020-12-31"
      }
    },
    "ProfitLoss": {
      "taxonomy": "us-gaap",
      "label": "Net Income (Loss), Including Portion Attributable to Noncontrolling Interest",
      "description": "The consolidated profit or loss for the period, net of income taxes, including the portion attributable to the noncontrolling interest.",
      "available_units": [
        "USD"
      ],
      "data_points_count": 295,
      "latest_value": {
        "value": 698000000,
        "date": "2024-12-31",
        "fiscal_year": 2024,
        "form": "10-K",
        "filed": "2025-02-24",
        "unit": "USD",
        "type": "annual"
      },
      "date_range": {
        "earliest": "2008-12-31",
        "latest": "2025-06-30"
      }
    },
    "ReclassificationFromAccumulatedOtherComprehensiveIncomeCurrentPeriodNetOfTax": {
      "taxonomy": "us-gaap",
      "label": "Reclassification from Accumulated Other Comprehensive Income, Current Period, Net of Tax",
      "description": "Amount after tax of reclassification adjustments of other comprehensive income (loss).",
      "available_units": [
        "USD"
      ],
      "data_points_count": 33,
      "latest_value": {
        "value": -629000000,
        "date": "2024-12-31",
        "fiscal_year": 2024,
        "form": "10-K",
        "filed": "2025-02-24",
        "unit": "USD",
        "type": "annual"
      },
      "date_range": {
        "earliest": "2020-09-30",
        "latest": "2025-06-30"
      }
    },
    "RestructuringAndRelatedCostExpectedCost": {
      "taxonomy": "us-gaap",
      "label": "Restructuring and Related Cost, Expected Cost (Deprecated 2014-01-31)",
      "description": "Amount expected to be recognized in earnings for the specified restructuring cost.",
      "available_units": [
        "USD"
      ],
      "data_points_count": 6,
      "latest_value": {
        "value": 110000000,
        "date": "2012-12-31",
        "fiscal_year": 2012,
        "form": "10-K",
        "filed": "2013-02-19",
        "unit": "USD",
        "type": "annual"
      },
      "date_range": {
        "earliest": "2011-09-30",
        "latest": "2012-12-31"
      }
    },
    "RestructuringReservePeriodExpense": {
      "taxonomy": "us-gaap",
      "label": "Restructuring Reserve, Period Expense (Deprecated 2012-01-31)",
      "description": "Reserve increase representing the amount charged against earnings in the period for a specified incurred and estimated type of cost associated with exit from or disposal of business activities or restructuring pursuant to a duly authorized plan.",
      "available_units": [
        "USD"
      ],
      "data_points_count": 6,
      "latest_value": {
        "value": 75000000,
        "date": "2011-12-31",
        "fiscal_year": 2011,
        "form": "10-K",
        "filed": "2012-02-21",
        "unit": "USD",
        "type": "annual"
      },
      "date_range": {
        "earliest": "2011-09-30",
        "latest": "2012-06-30"
      }
    },
    "RetainedEarningsAccumulatedDeficit": {
      "taxonomy": "us-gaap",
      "label": "Retained Earnings (Accumulated Deficit)",
      "description": "The cumulative amount of the reporting entity's undistributed earnings or deficit.",
      "available_units": [
        "USD"
      ],
      "data_points_count": 129,
      "latest_value": {
        "value": 12017000000,
        "date": "2024-12-31",
        "fiscal_year": 2024,
        "form": "10-K",
        "filed": "2025-02-24",
        "unit": "USD",
        "type": "annual"
      },
      "date_range": {
        "earliest": "2009-06-30",
        "latest": "2025-06-30"
      }
    },
    "ShareBasedCompensationArrangementByShareBasedPaymentAwardFairValueAssumptionsExpectedDividendRate": {
      "taxonomy": "us-gaap",
      "label": "Share-based Compensation Arrangement by Share-based Payment Award, Fair Value Assumptions, Expected Dividend Rate",
      "description": "The estimated dividend rate (a percentage of the share price) to be paid (expected dividends) to holders of the underlying shares over the option's term.",
      "available_units": [
        "pure"
      ],
      "data_points_count": 45,
      "latest_value": {
        "value": 0.04,
        "date": "2024-12-31",
        "fiscal_year": 2024,
        "form": "10-K",
        "filed": "2025-02-24",
        "unit": "pure",
        "type": "annual"
      },
      "date_range": {
        "earliest": "2008-12-31",
        "latest": "2024-12-31"
      }
    },
    "ShareBasedCompensationArrangementByShareBasedPaymentAwardFairValueAssumptionsExpectedVolatilityRate": {
      "taxonomy": "us-gaap",
      "label": "Share-based Compensation Arrangement by Share-based Payment Award, Fair Value Assumptions, Expected Volatility Rate",
      "description": "The estimated measure of the percentage by which a share price is expected to fluctuate during a period. Volatility also may be defined as a probability-weighted measure of the dispersion of returns about the mean. The volatility of a share price is the standard deviation of the continuously compounded rates of return on the share over a specified period. That is the same as the standard deviation of the differences in the natural logarithms of the stock prices plus dividends, if any, over the period.",
      "available_units": [
        "pure"
      ],
      "data_points_count": 45,
      "latest_value": {
        "value": 0.37,
        "date": "2024-12-31",
        "fiscal_year": 2024,
        "form": "10-K",
        "filed": "2025-02-24",
        "unit": "pure",
        "type": "annual"
      },
      "date_range": {
        "earliest": "2008-12-31",
        "latest": "2024-12-31"
      }
    },
    "ShareBasedCompensationArrangementByShareBasedPaymentAwardFairValueAssumptionsRiskFreeInterestRate": {
      "taxonomy": "us-gaap",
      "label": "Share-based Compensation Arrangement by Share-based Payment Award, Fair Value Assumptions, Risk Free Interest Rate",
      "description": "The risk-free interest rate assumption that is used in valuing an option on its own shares.",
      "available_units": [
        "pure"
      ],
      "data_points_count": 45,
      "latest_value": {
        "value": 0.0413,
        "date": "2024-12-31",
        "fiscal_year": 2024,
        "form": "10-K",
        "filed": "2025-02-24",
        "unit": "pure",
        "type": "annual"
      },
      "date_range": {
        "earliest": "2008-12-31",
        "latest": "2024-12-31"
      }
    },
    "VariableInterestCarryingAmountLiabilities": {
      "taxonomy": "us-gaap",
      "label": "Variable Interest, Carrying Amount, Liabilities (Deprecated 2011-01-31)",
      "description": "Quantifies the net carrying amount of the entity's liabilities.",
      "available_units": [
        "USD"
      ],
      "data_points_count": 3,
      "latest_value": {
        "value": 71000000,
        "date": "2010-12-31",
        "fiscal_year": 2010,
        "form": "10-K",
        "filed": "2011-02-28",
        "unit": "USD",
        "type": "annual"
      },
      "date_range": {
        "earliest": "2010-12-31",
        "latest": "2011-06-30"
      }
    },
    "VariableInterestEntityActivityBetweenVIEAndEntityExpense": {
      "taxonomy": "us-gaap",
      "label": "Variable Interest Entity, Measure of Activity, Expense",
      "description": "The amount of expense between the reporting entity and the Variable Interest Entity (VIE).",
      "available_units": [
        "USD"
      ],
      "data_points_count": 21,
      "latest_value": {
        "value": 238000000,
        "date": "2024-12-31",
        "fiscal_year": 2024,
        "form": "10-K",
        "filed": "2025-02-24",
        "unit": "USD",
        "type": "annual"
      },
      "date_range": {
        "earliest": "2020-06-30",
        "latest": "2025-06-30"
      }
    },
    "VariableInterestEntityEntityMaximumLossExposureAmount": {
      "taxonomy": "us-gaap",
      "label": "Variable Interest Entity, Reporting Entity Involvement, Maximum Loss Exposure, Amount",
      "description": "The reporting entity's maximum amount of exposure to loss as a result of its involvement with the Variable Interest Entity (VIE).",
      "available_units": [
        "USD"
      ],
      "data_points_count": 10,
      "latest_value": {
        "value": 395000000,
        "date": "2013-12-31",
        "fiscal_year": 2013,
        "form": "10-K",
        "filed": "2014-02-14",
        "unit": "USD",
        "type": "annual"
      },
      "date_range": {
        "earliest": "2011-09-30",
        "latest": "2013-12-31"
      }
    },
    "VariableInterestEntityFinancialOrOtherSupportAmount": {
      "taxonomy": "us-gaap",
      "label": "Variable Interest Entity, Financial or Other Support, Amount",
      "description": "The amount of financial or other support the reporting entity has provided (explicitly or implicitly) to the Variable Interest Entity (VIE) that it was not previously contractually required to provide or that the reporting entity intends to provide, including, for example, situations in which the reporting entity assisted the VIE in obtaining another type of support.",
      "available_units": [
        "USD"
      ],
      "data_points_count": 121,
      "latest_value": {
        "value": 0,
        "date": "2024-12-31",
        "fiscal_year": 2024,
        "form": "10-K",
        "filed": "2025-02-24",
        "unit": "USD",
        "type": "annual"
      },
      "date_range": {
        "earliest": "2010-09-30",
        "latest": "2025-06-30"
      }
    },
    "VariableInterestEntityNonconsolidatedCarryingAmountLiabilities": {
      "taxonomy": "us-gaap",
      "label": "Variable Interest Entity, Nonconsolidated, Carrying Amount, Liabilities (Deprecated 2020-01-31)",
      "description": "Carrying amount of the liabilities in the reporting entity's statement of financial position that relate to the reporting entity's variable interest in the Variable Interest Entity (VIE), where the reporting entity is not the VIE's primary beneficiary.",
      "available_units": [
        "USD"
      ],
      "data_points_count": 35,
      "latest_value": {
        "value": 160000000,
        "date": "2019-12-31",
        "fiscal_year": 2019,
        "form": "10-K",
        "filed": "2020-02-11",
        "unit": "USD",
        "type": "annual"
      },
      "date_range": {
        "earliest": "2011-09-30",
        "latest": "2020-03-31"
      }
    },
    "WeightedAverageNumberOfDilutedSharesOutstanding": {
      "taxonomy": "us-gaap",
      "label": "Weighted Average Number of Shares Outstanding, Diluted",
      "description": "The average number of shares or units issued and outstanding that are used in calculating diluted EPS or earnings per unit (EPU), determined based on the timing of issuance of shares or units in the period.",
      "available_units": [
        "shares"
      ],
      "data_points_count": 165,
      "latest_value": {
        "value": 134000000,
        "date": "2024-12-31",
        "fiscal_year": 2024,
        "form": "10-K",
        "filed": "2025-02-24",
        "unit": "shares",
        "type": "annual"
      },
      "date_range": {
        "earliest": "2010-12-31",
        "latest": "2025-06-30"
      }
    },
    "IncomeLossFromContinuingOperationsBeforeIncomeTaxesDomestic": {
      "taxonomy": "us-gaap",
      "label": "Income (Loss) from Continuing Operations before Income Taxes, Domestic",
      "description": "The portion of earnings or loss from continuing operations before income taxes that is attributable to domestic operations.",
      "available_units": [
        "USD"
      ],
      "data_points_count": 3,
      "latest_value": {
        "value": -1490000000,
        "date": "2021-12-31",
        "fiscal_year": 2021,
        "form": "10-K",
        "filed": "2022-02-16",
        "unit": "USD",
        "type": "annual"
      },
      "date_range": {
        "earliest": "2019-12-31",
        "latest": "2021-12-31"
      }
    },
    "IncomeTaxExaminationPenaltiesAndInterestExpense": {
      "taxonomy": "us-gaap",
      "label": "Income Tax Examination, Penalties and Interest Expense",
      "description": "The sum of the amounts of estimated penalties and interest recognized in the period arising from income tax examinations.",
      "available_units": [
        "USD"
      ],
      "data_points_count": 1,
      "latest_value": {
        "value": 4000000,
        "date": "2022-09-30",
        "fiscal_year": 2022,
        "fiscal_period": "Q3",
        "form": "10-Q",
        "filed": "2022-10-28",
        "unit": "USD",
        "type": "quarterly"
      },
      "date_range": {
        "earliest": "2022-09-30",
        "latest": "2022-09-30"
      }
    },
    "OtherComprehensiveIncomeLossBeforeReclassificationsTax": {
      "taxonomy": "us-gaap",
      "label": "Other Comprehensive Income (Loss) before Reclassifications, Tax",
      "description": "Amount of tax expense (benefit) allocated to other comprehensive income (loss) before reclassification adjustment from accumulated other comprehensive income (loss).",
      "available_units": [
        "USD"
      ],
      "data_points_count": 3,
      "latest_value": {
        "value": -25000000,
        "date": "2022-12-31",
        "fiscal_year": 2022,
        "form": "10-K",
        "filed": "2023-02-14",
        "unit": "USD",
        "type": "annual"
      },
      "date_range": {
        "earliest": "2020-12-31",
        "latest": "2022-12-31"
      }
    },
    "UnrecognizedTaxBenefitsIncomeTaxPenaltiesAndInterestExpense": {
      "taxonomy": "us-gaap",
      "label": "Unrecognized Tax Benefits, Income Tax Penalties and Interest Expense",
      "description": "Amount of expense for interest on an underpayment of income taxes and penalties related to a tax position claimed or expected to be claimed in the tax return.",
      "available_units": [
        "USD"
      ],
      "data_points_count": 1,
      "latest_value": {
        "value": 3000000,
        "date": "2022-12-31",
        "fiscal_year": 2022,
        "form": "10-K",
        "filed": "2023-02-14",
        "unit": "USD",
        "type": "annual"
      },
      "date_range": {
        "earliest": "2022-12-31",
        "latest": "2022-12-31"
      }
    },
    "InterestExpenseOperating": {
      "taxonomy": "us-gaap",
      "label": null,
      "description": null,
      "available_units": [
        "USD"
      ],
      "data_points_count": 13,
      "latest_value": {
        "value": 1749000000,
        "date": "2024-12-31",
        "fiscal_year": 2024,
        "form": "10-K",
        "filed": "2025-02-24",
        "unit": "USD",
        "type": "annual"
      },
      "date_range": {
        "earliest": "2022-12-31",
        "latest": "2025-06-30"
      }
    }
  }
}