{
  "chunk_metadata": {
    "domain": "public",
    "CIK": "713676",
    "data_type": "SEC",
    "ticker": "PNC",
    "chunk_name": "Revenue & Profitability",
    "chunk_id": "revenue_profit",
    "company_name": "PNC Financial Services Group, Inc.",
    "extraction_date": "2025-09-30T11:01:44.030223",
    "metrics_count": 75,
    "total_company_metrics": 0,
    "chunking_strategy": "context_aware_balanced"
  },
  "metrics": {
    "EntityCommonStockSharesOutstanding": {
      "taxonomy": "dei",
      "label": "Entity Common Stock, Shares Outstanding",
      "description": "Indicate number of shares or other units outstanding of each of registrant's classes of capital or common stock or other ownership interests, if and as stated on cover of related periodic report. Where multiple classes or units exist define each class/interest by adding class of stock items such as Common Class A [Member], Common Class B [Member] or Partnership Interest [Member] onto the Instrument [Domain] of the Entity Listings, Instrument.",
      "available_units": [
        "shares"
      ],
      "data_points_count": 66,
      "latest_value": {
        "value": 395749583,
        "date": "2025-02-03",
        "fiscal_year": 2024,
        "form": "10-K",
        "filed": "2025-02-21",
        "unit": "shares",
        "type": "annual"
      },
      "date_range": {
        "earliest": "2009-07-31",
        "latest": "2025-07-15"
      }
    },
    "AdjustmentsToAdditionalPaidInCapitalTaxEffectFromShareBasedCompensation": {
      "taxonomy": "us-gaap",
      "label": "Adjustments to Additional Paid in Capital, Income Tax Benefit from Share-based Compensation",
      "description": "Amount of increase in additional paid in capital (APIC) resulting from a tax benefit associated with share-based compensation plan other than an employee stock ownership plan (ESOP). Includes, but is not limited to, excess tax benefit.",
      "available_units": [
        "USD"
      ],
      "data_points_count": 3,
      "latest_value": {
        "value": 17000000,
        "date": "2008-12-31",
        "fiscal_year": 2010,
        "form": "10-K",
        "filed": "2011-03-01",
        "unit": "USD",
        "type": "annual"
      },
      "date_range": {
        "earliest": "2007-12-31",
        "latest": "2008-12-31"
      }
    },
    "ChangeInUnrealizedGainLossOnHedgedItemInFairValueHedge1": {
      "taxonomy": "us-gaap",
      "label": "Change in Unrealized Gain (Loss) on Hedged Item in Fair Value Hedge",
      "description": "Amount of the increase (decrease) in fair value of the hedged item in a fair value hedge recognized in the income statement.",
      "available_units": [
        "USD"
      ],
      "data_points_count": 4,
      "latest_value": {
        "value": -118000000,
        "date": "2015-03-31",
        "fiscal_year": 2015,
        "fiscal_period": "Q1",
        "form": "10-Q",
        "filed": "2015-05-07",
        "unit": "USD",
        "type": "quarterly"
      },
      "date_range": {
        "earliest": "2013-03-31",
        "latest": "2015-03-31"
      }
    },
    "CommonStockDividendsPerShareDeclared": {
      "taxonomy": "us-gaap",
      "label": "Common Stock, Dividends, Per Share, Declared",
      "description": "Aggregate dividends declared during the period for each share of common stock outstanding.",
      "available_units": [
        "USD/shares"
      ],
      "data_points_count": 56,
      "latest_value": {
        "value": 6.3,
        "date": "2024-12-31",
        "fiscal_year": 2024,
        "form": "10-K",
        "filed": "2025-02-21",
        "unit": "USD/shares",
        "type": "annual"
      },
      "date_range": {
        "earliest": "2011-03-31",
        "latest": "2025-06-30"
      }
    },
    "CommonStockSharesOutstanding": {
      "taxonomy": "us-gaap",
      "label": "Common Stock, Shares, Outstanding",
      "description": "Number of shares of common stock outstanding. Common stock represent the ownership interest in a corporation.",
      "available_units": [
        "shares"
      ],
      "data_points_count": 1,
      "latest_value": {
        "value": 523000000,
        "date": "2014-12-31",
        "fiscal_year": 2014,
        "form": "10-K",
        "filed": "2015-03-02",
        "unit": "shares",
        "type": "annual"
      },
      "date_range": {
        "earliest": "2014-12-31",
        "latest": "2014-12-31"
      }
    },
    "CumulativeEffectOfInitialAdoptionOfNewAccountingPrinciple": {
      "taxonomy": "us-gaap",
      "label": "Cumulative Effect of Initial Adoption of New Accounting Principle (Deprecated 2011-01-31)",
      "description": "Cumulative effect of initial adoption of new accounting principle on beginning retained earnings, net of tax. This element can be used, generally, for the adjustment to retained earnings of a new accounting principle.",
      "available_units": [
        "USD"
      ],
      "data_points_count": 4,
      "latest_value": {
        "value": -105000000,
        "date": "2010-12-31",
        "fiscal_year": 2010,
        "form": "10-K",
        "filed": "2011-03-01",
        "unit": "USD",
        "type": "annual"
      },
      "date_range": {
        "earliest": "2007-12-31",
        "latest": "2010-12-31"
      }
    },
    "CumulativeEffectOfInitialAdoptionOfSFAS158": {
      "taxonomy": "us-gaap",
      "label": "Cumulative Effect of Initial Adoption of FAS 158 (Deprecated 2011-01-31)",
      "description": "Cumulative effect of initial adoption of Statement of Financial Accounting Standard 158 (FAS No. 158), Employers' Accounting for Defined Benefit Pension and Other Postretirement Plans on beginning retained earnings, net of tax.",
      "available_units": [
        "USD"
      ],
      "data_points_count": 2,
      "latest_value": {
        "value": -12000000,
        "date": "2008-12-31",
        "fiscal_year": 2010,
        "form": "10-K",
        "filed": "2011-03-01",
        "unit": "USD",
        "type": "annual"
      },
      "date_range": {
        "earliest": "2008-12-31",
        "latest": "2008-12-31"
      }
    },
    "CurrentIncomeTaxExpenseBenefit": {
      "taxonomy": "us-gaap",
      "label": "Current Income Tax Expense (Benefit)",
      "description": "Amount of current income tax expense (benefit) pertaining to taxable income (loss) from continuing operations.",
      "available_units": [
        "USD"
      ],
      "data_points_count": 51,
      "latest_value": {
        "value": 1319000000,
        "date": "2024-12-31",
        "fiscal_year": 2024,
        "form": "10-K",
        "filed": "2025-02-21",
        "unit": "USD",
        "type": "annual"
      },
      "date_range": {
        "earliest": "2008-12-31",
        "latest": "2024-12-31"
      }
    },
    "CurrentStateAndLocalTaxExpenseBenefit": {
      "taxonomy": "us-gaap",
      "label": "Current State and Local Tax Expense (Benefit)",
      "description": "Amount of current state and local tax expense (benefit) pertaining to income (loss) from continuing operations.",
      "available_units": [
        "USD"
      ],
      "data_points_count": 51,
      "latest_value": {
        "value": 221000000,
        "date": "2024-12-31",
        "fiscal_year": 2024,
        "form": "10-K",
        "filed": "2025-02-21",
        "unit": "USD",
        "type": "annual"
      },
      "date_range": {
        "earliest": "2008-12-31",
        "latest": "2024-12-31"
      }
    },
    "DeferredIncomeTaxExpenseBenefit": {
      "taxonomy": "us-gaap",
      "label": "Deferred Income Tax Expense (Benefit)",
      "description": "Amount of deferred income tax expense (benefit) pertaining to income (loss) from continuing operations.",
      "available_units": [
        "USD"
      ],
      "data_points_count": 134,
      "latest_value": {
        "value": -30000000,
        "date": "2024-12-31",
        "fiscal_year": 2024,
        "form": "10-K",
        "filed": "2025-02-21",
        "unit": "USD",
        "type": "annual"
      },
      "date_range": {
        "earliest": "2007-12-31",
        "latest": "2025-06-30"
      }
    },
    "DeferredStateAndLocalIncomeTaxExpenseBenefit": {
      "taxonomy": "us-gaap",
      "label": "Deferred State and Local Income Tax Expense (Benefit)",
      "description": "Amount of deferred state and local tax expense (benefit) pertaining to income (loss) from continuing operations.",
      "available_units": [
        "USD"
      ],
      "data_points_count": 51,
      "latest_value": {
        "value": -29000000,
        "date": "2024-12-31",
        "fiscal_year": 2024,
        "form": "10-K",
        "filed": "2025-02-21",
        "unit": "USD",
        "type": "annual"
      },
      "date_range": {
        "earliest": "2008-12-31",
        "latest": "2024-12-31"
      }
    },
    "DefinedBenefitPlanEffectOfOnePercentagePointDecreaseOnServiceAndInterestCostComponents": {
      "taxonomy": "us-gaap",
      "label": "Defined Benefit Plan, Effect of One Percentage Point Decrease on Service and Interest Cost Components (Deprecated 2012-01-31)",
      "description": "The effect of a one-percentage- point decrease in the assumed health care cost trend rates on the aggregate of the service and interest cost components of net periodic postretirement health care benefit costs.",
      "available_units": [
        "USD"
      ],
      "data_points_count": 2,
      "latest_value": {
        "value": -1000000,
        "date": "2011-12-31",
        "fiscal_year": 2011,
        "form": "10-K",
        "filed": "2012-02-29",
        "unit": "USD",
        "type": "annual"
      },
      "date_range": {
        "earliest": "2010-12-31",
        "latest": "2011-12-31"
      }
    },
    "DefinedBenefitPlanEffectOfOnePercentagePointDecreaseOnServiceAndInterestCostComponents1": {
      "taxonomy": "us-gaap",
      "label": "Defined Benefit Plan, Effect of One Percentage Point Decrease on Service and Interest Cost Components",
      "description": "Amount of decrease in service and interest cost components of net periodic postretirement benefit cost from one-percentage-point decrease in assumed health care cost trend rate.",
      "available_units": [
        "USD"
      ],
      "data_points_count": 1,
      "latest_value": {
        "value": -1000000,
        "date": "2012-12-31",
        "fiscal_year": 2012,
        "form": "10-K",
        "filed": "2013-03-01",
        "unit": "USD",
        "type": "annual"
      },
      "date_range": {
        "earliest": "2012-12-31",
        "latest": "2012-12-31"
      }
    },
    "DefinedBenefitPlanEffectOfOnePercentagePointIncreaseOnServiceAndInterestCostComponents": {
      "taxonomy": "us-gaap",
      "label": "Defined Benefit Plan, Effect of One Percentage Point Increase on Service and Interest Cost Components",
      "description": "Amount of increase in service and interest cost components of net periodic postretirement benefit cost from one-percentage-point increase in assumed health care cost trend rate.",
      "available_units": [
        "USD"
      ],
      "data_points_count": 3,
      "latest_value": {
        "value": 1000000,
        "date": "2012-12-31",
        "fiscal_year": 2012,
        "form": "10-K",
        "filed": "2013-03-01",
        "unit": "USD",
        "type": "annual"
      },
      "date_range": {
        "earliest": "2010-12-31",
        "latest": "2012-12-31"
      }
    },
    "DerivativeGainLossOnDerivativeNet": {
      "taxonomy": "us-gaap",
      "label": "Derivative, Gain (Loss) on Derivative, Net",
      "description": "Amount of increase (decrease) in the fair value of derivatives recognized in the income statement.",
      "available_units": [
        "USD"
      ],
      "data_points_count": 4,
      "latest_value": {
        "value": 105000000,
        "date": "2015-03-31",
        "fiscal_year": 2015,
        "fiscal_period": "Q1",
        "form": "10-Q",
        "filed": "2015-05-07",
        "unit": "USD",
        "type": "quarterly"
      },
      "date_range": {
        "earliest": "2013-03-31",
        "latest": "2015-03-31"
      }
    },
    "DerivativeInstrumentsNotDesignatedAsHedgingInstrumentsGainLossNet": {
      "taxonomy": "us-gaap",
      "label": "Derivative Instruments Not Designated as Hedging Instruments, Gain (Loss), Net",
      "description": "Amount of realized and unrealized gain (loss) of derivative instruments not designated or qualifying as hedging instruments.",
      "available_units": [
        "USD"
      ],
      "data_points_count": 67,
      "latest_value": {
        "value": 651000000,
        "date": "2015-12-31",
        "fiscal_year": 2015,
        "form": "10-K",
        "filed": "2016-02-29",
        "unit": "USD",
        "type": "annual"
      },
      "date_range": {
        "earliest": "2010-09-30",
        "latest": "2016-09-30"
      }
    },
    "DiscontinuedOperationGainLossFromDisposalOfDiscontinuedOperationBeforeIncomeTax": {
      "taxonomy": "us-gaap",
      "label": "Discontinued Operation, Gain (Loss) from Disposal of Discontinued Operation, before Income Tax",
      "description": "Amount before tax of gain (loss) not previously recognized resulting from the disposal of a discontinued operation.",
      "available_units": [
        "USD"
      ],
      "data_points_count": 8,
      "latest_value": {
        "value": 0,
        "date": "2012-12-31",
        "fiscal_year": 2012,
        "form": "10-K",
        "filed": "2013-03-01",
        "unit": "USD",
        "type": "annual"
      },
      "date_range": {
        "earliest": "2009-12-31",
        "latest": "2012-12-31"
      }
    },
    "DiscontinuedOperationIncomeLossFromDiscontinuedOperationBeforeIncomeTax": {
      "taxonomy": "us-gaap",
      "label": "Discontinued Operation, Income (Loss) from Discontinued Operation, before Income Tax",
      "description": "Amount before tax of income (loss) from a discontinued operation. Includes, but is not limited to, the income (loss) from operations during the phase-out period, gain (loss) on disposal, gain (loss) for reversal of write-down (write-down) to fair value, less cost to sell, and adjustments to a prior period gain (loss) on disposal.",
      "available_units": [
        "USD"
      ],
      "data_points_count": 20,
      "latest_value": {
        "value": 5777000000,
        "date": "2020-12-31",
        "fiscal_year": 2020,
        "form": "10-K",
        "filed": "2021-02-26",
        "unit": "USD",
        "type": "annual"
      },
      "date_range": {
        "earliest": "2017-12-31",
        "latest": "2020-12-31"
      }
    },
    "DiscontinuedOperationTaxEffectOfDiscontinuedOperation": {
      "taxonomy": "us-gaap",
      "label": "Discontinued Operation, Tax Effect of Discontinued Operation",
      "description": "Amount of tax expense (benefit) related to a discontinued operation. Includes, but is not limited to, tax expense (benefit) related to income (loss) from operations during the phase-out period, tax expense (benefit) related to gain (loss) on disposal, tax expense (benefit) related to gain (loss) for reversal of write-down (write-down) to fair value, less cost to sell, and tax expense (benefit) related to adjustments of a prior period gain (loss) on disposal.",
      "available_units": [
        "USD"
      ],
      "data_points_count": 52,
      "latest_value": {
        "value": 1222000000,
        "date": "2020-12-31",
        "fiscal_year": 2020,
        "form": "10-K",
        "filed": "2021-02-26",
        "unit": "USD",
        "type": "annual"
      },
      "date_range": {
        "earliest": "2007-12-31",
        "latest": "2020-12-31"
      }
    },
    "EarningsPerShareBasic": {
      "taxonomy": "us-gaap",
      "label": "Earnings Per Share, Basic",
      "description": "The amount of net income (loss) for the period per each share of common stock or unit outstanding during the reporting period.",
      "available_units": [
        "USD/shares"
      ],
      "data_points_count": 218,
      "latest_value": {
        "value": 13.76,
        "date": "2024-12-31",
        "fiscal_year": 2024,
        "form": "10-K",
        "filed": "2025-02-21",
        "unit": "USD/shares",
        "type": "annual"
      },
      "date_range": {
        "earliest": "2007-12-31",
        "latest": "2025-06-30"
      }
    },
    "EffectiveIncomeTaxRateContinuingOperations": {
      "taxonomy": "us-gaap",
      "label": "Effective Income Tax Rate Reconciliation, Percent",
      "description": "Percentage of current income tax expense (benefit) and deferred income tax expense (benefit) pertaining to continuing operations.",
      "available_units": [
        "pure"
      ],
      "data_points_count": 51,
      "latest_value": {
        "value": 0.178,
        "date": "2024-12-31",
        "fiscal_year": 2024,
        "form": "10-K",
        "filed": "2025-02-21",
        "unit": "pure",
        "type": "annual"
      },
      "date_range": {
        "earliest": "2008-12-31",
        "latest": "2024-12-31"
      }
    },
    "GainLossRelatedToLitigationSettlement": {
      "taxonomy": "us-gaap",
      "label": "Gain (Loss) Related to Litigation Settlement",
      "description": "Amount of gain (loss) recognized in settlement of litigation and insurance claims. Excludes claims within an insurance entity's normal claims settlement process.",
      "available_units": [
        "USD"
      ],
      "data_points_count": 2,
      "latest_value": {
        "value": 0,
        "date": "2009-09-30",
        "fiscal_year": 2009,
        "fiscal_period": "Q3",
        "form": "10-Q",
        "filed": "2009-11-06",
        "unit": "USD",
        "type": "quarterly"
      },
      "date_range": {
        "earliest": "2008-09-30",
        "latest": "2009-09-30"
      }
    },
    "IncomeLossFromContinuingOperations": {
      "taxonomy": "us-gaap",
      "label": "Income (Loss) from Continuing Operations, Net of Tax, Attributable to Parent",
      "description": "Amount after tax of income (loss) from continuing operations attributable to the parent.",
      "available_units": [
        "USD"
      ],
      "data_points_count": 74,
      "latest_value": {
        "value": 5578000000,
        "date": "2023-12-31",
        "fiscal_year": 2023,
        "form": "10-K",
        "filed": "2024-02-21",
        "unit": "USD",
        "type": "annual"
      },
      "date_range": {
        "earliest": "2007-12-31",
        "latest": "2024-09-30"
      }
    },
    "IncomeLossFromContinuingOperationsAttributableToNoncontrollingEntity": {
      "taxonomy": "us-gaap",
      "label": "Income (Loss) from Continuing Operations, Net of Tax, Attributable to Noncontrolling Interest",
      "description": "Amount after tax of income (loss) from continuing operations attributable to the noncontrolling interest.",
      "available_units": [
        "USD"
      ],
      "data_points_count": 104,
      "latest_value": {
        "value": 69000000,
        "date": "2023-12-31",
        "fiscal_year": 2023,
        "form": "10-K",
        "filed": "2024-02-21",
        "unit": "USD",
        "type": "annual"
      },
      "date_range": {
        "earliest": "2008-12-31",
        "latest": "2024-09-30"
      }
    },
    "IncomeLossFromContinuingOperationsIncludingPortionAttributableToNoncontrollingInterest": {
      "taxonomy": "us-gaap",
      "label": "Income (Loss) from Continuing Operations, Net of Tax, Including Portion Attributable to Noncontrolling Interest",
      "description": "Amount after tax of income (loss) from continuing operations including portion attributable to the noncontrolling interest.",
      "available_units": [
        "USD"
      ],
      "data_points_count": 92,
      "latest_value": {
        "value": 5647000000,
        "date": "2023-12-31",
        "fiscal_year": 2023,
        "form": "10-K",
        "filed": "2024-02-21",
        "unit": "USD",
        "type": "annual"
      },
      "date_range": {
        "earliest": "2008-12-31",
        "latest": "2024-09-30"
      }
    },
    "IncomeLossFromContinuingOperationsPerBasicShare": {
      "taxonomy": "us-gaap",
      "label": "Income (Loss) from Continuing Operations, Per Basic Share",
      "description": "The amount of net income (loss) from continuing operations per each share of common stock or unit outstanding during the reporting period.",
      "available_units": [
        "USD/shares"
      ],
      "data_points_count": 62,
      "latest_value": {
        "value": 13.86,
        "date": "2022-12-31",
        "fiscal_year": 2022,
        "form": "10-K",
        "filed": "2023-02-22",
        "unit": "USD/shares",
        "type": "annual"
      },
      "date_range": {
        "earliest": "2007-12-31",
        "latest": "2022-12-31"
      }
    },
    "IncomeLossFromDiscontinuedOperationsNetOfTax": {
      "taxonomy": "us-gaap",
      "label": "Income (Loss) from Discontinued Operations, Net of Tax, Including Portion Attributable to Noncontrolling Interest",
      "description": "Amount after tax of income (loss) from a discontinued operation including the portion attributable to the noncontrolling interest. Includes, but is not limited to, the income (loss) from operations during the phase-out period, gain (loss) on disposal, gain (loss) for reversal of write-down (write-down) to fair value, less cost to sell, and adjustments to a prior period gain (loss) on disposal.",
      "available_units": [
        "USD"
      ],
      "data_points_count": 19,
      "latest_value": {
        "value": 373000000,
        "date": "2010-12-31",
        "fiscal_year": 2010,
        "form": "10-K",
        "filed": "2011-03-01",
        "unit": "USD",
        "type": "annual"
      },
      "date_range": {
        "earliest": "2007-12-31",
        "latest": "2010-12-31"
      }
    },
    "IncomeLossFromDiscontinuedOperationsNetOfTaxAttributableToReportingEntity": {
      "taxonomy": "us-gaap",
      "label": "Income (Loss) from Discontinued Operations, Net of Tax, Attributable to Parent",
      "description": "Amount after tax of income (loss) from a discontinued operation attributable to the parent. Includes, but is not limited to, the income (loss) from operations during the phase-out period, gain (loss) on disposal, gain (loss) for reversal of write-down (write-down) to fair value, less cost to sell, and adjustments to a prior period gain (loss) on disposal.",
      "available_units": [
        "USD"
      ],
      "data_points_count": 40,
      "latest_value": {
        "value": 4555000000,
        "date": "2020-12-31",
        "fiscal_year": 2020,
        "form": "10-K",
        "filed": "2021-02-26",
        "unit": "USD",
        "type": "annual"
      },
      "date_range": {
        "earliest": "2008-12-31",
        "latest": "2020-12-31"
      }
    },
    "IncomeLossFromDiscontinuedOperationsNetOfTaxPerBasicShare": {
      "taxonomy": "us-gaap",
      "label": "Income (Loss) from Discontinued Operations and Disposal of Discontinued Operations, Net of Tax, Per Basic Share",
      "description": "Per basic share amount, after tax, of income (loss) from the day-to-day business activities of the discontinued operation and gain (loss) from the disposal of the discontinued operation.",
      "available_units": [
        "USD/shares"
      ],
      "data_points_count": 41,
      "latest_value": {
        "value": 10.62,
        "date": "2020-12-31",
        "fiscal_year": 2020,
        "form": "10-K",
        "filed": "2021-02-26",
        "unit": "USD/shares",
        "type": "annual"
      },
      "date_range": {
        "earliest": "2008-12-31",
        "latest": "2020-12-31"
      }
    },
    "IncomeLossFromDiscontinuedOperationsNetOfTaxPerDilutedShare": {
      "taxonomy": "us-gaap",
      "label": "Income (Loss) from Discontinued Operations and Disposal of Discontinued Operations, Net of Tax, Per Diluted Share",
      "description": "Per diluted share amount, after tax, of income (loss) from the day-to-day business activities of the discontinued operation and gain (loss) from the disposal of the discontinued operation.",
      "available_units": [
        "USD/shares"
      ],
      "data_points_count": 41,
      "latest_value": {
        "value": 10.6,
        "date": "2020-12-31",
        "fiscal_year": 2020,
        "form": "10-K",
        "filed": "2021-02-26",
        "unit": "USD/shares",
        "type": "annual"
      },
      "date_range": {
        "earliest": "2008-12-31",
        "latest": "2020-12-31"
      }
    },
    "IncomeTaxExpenseBenefit": {
      "taxonomy": "us-gaap",
      "label": "Income Tax Expense (Benefit)",
      "description": "Amount of current income tax expense (benefit) and deferred income tax expense (benefit) pertaining to continuing operations.",
      "available_units": [
        "USD"
      ],
      "data_points_count": 218,
      "latest_value": {
        "value": 1289000000,
        "date": "2024-12-31",
        "fiscal_year": 2024,
        "form": "10-K",
        "filed": "2025-02-21",
        "unit": "USD",
        "type": "annual"
      },
      "date_range": {
        "earliest": "2007-12-31",
        "latest": "2025-06-30"
      }
    },
    "InterestExpense": {
      "taxonomy": "us-gaap",
      "label": "Interest Expense",
      "description": "Amount of the cost of borrowed funds accounted for as interest expense.",
      "available_units": [
        "USD"
      ],
      "data_points_count": 201,
      "latest_value": {
        "value": 10392000000,
        "date": "2023-12-31",
        "fiscal_year": 2023,
        "form": "10-K",
        "filed": "2024-02-21",
        "unit": "USD",
        "type": "annual"
      },
      "date_range": {
        "earliest": "2007-12-31",
        "latest": "2024-03-31"
      }
    },
    "InterestIncomeExpenseNet": {
      "taxonomy": "us-gaap",
      "label": "Interest Income (Expense), Net",
      "description": "The net amount of operating interest income (expense).",
      "available_units": [
        "USD"
      ],
      "data_points_count": 210,
      "latest_value": {
        "value": 13499000000,
        "date": "2024-12-31",
        "fiscal_year": 2024,
        "form": "10-K",
        "filed": "2025-02-21",
        "unit": "USD",
        "type": "annual"
      },
      "date_range": {
        "earliest": "2007-12-31",
        "latest": "2025-06-30"
      }
    },
    "LossContingencyRangeOfPossibleLossMaximum": {
      "taxonomy": "us-gaap",
      "label": "Loss Contingency, Range of Possible Loss, Maximum (Deprecated 2016-01-31)",
      "description": "The estimated maximum amount of possible loss from the contingency.",
      "available_units": [
        "USD"
      ],
      "data_points_count": 9,
      "latest_value": {
        "value": 450000000,
        "date": "2012-12-31",
        "fiscal_year": 2012,
        "form": "10-K",
        "filed": "2013-03-01",
        "unit": "USD",
        "type": "annual"
      },
      "date_range": {
        "earliest": "2010-12-31",
        "latest": "2012-12-31"
      }
    },
    "NetIncomeLoss": {
      "taxonomy": "us-gaap",
      "label": "Net Income (Loss) Attributable to Parent",
      "description": "The portion of profit or loss for the period, net of income taxes, which is attributable to the parent.",
      "available_units": [
        "USD"
      ],
      "data_points_count": 10,
      "latest_value": {
        "value": 992000000,
        "date": "2014-03-31",
        "fiscal_year": 2014,
        "fiscal_period": "Q1",
        "form": "10-Q",
        "filed": "2014-05-08",
        "unit": "USD",
        "type": "quarterly"
      },
      "date_range": {
        "earliest": "2008-06-30",
        "latest": "2014-03-31"
      }
    },
    "NetIncomeLossAttributableToNoncontrollingInterest": {
      "taxonomy": "us-gaap",
      "label": "Net Income (Loss) Attributable to Noncontrolling Interest",
      "description": "Amount of Net Income (Loss) attributable to noncontrolling interest.",
      "available_units": [
        "USD"
      ],
      "data_points_count": 154,
      "latest_value": {
        "value": 64000000,
        "date": "2024-12-31",
        "fiscal_year": 2024,
        "form": "10-K",
        "filed": "2025-02-21",
        "unit": "USD",
        "type": "annual"
      },
      "date_range": {
        "earliest": "2007-12-31",
        "latest": "2025-06-30"
      }
    },
    "NoncontrollingInterestDecreaseFromDeconsolidation": {
      "taxonomy": "us-gaap",
      "label": "Noncontrolling Interest, Decrease from Deconsolidation",
      "description": "The amount of the reduction or elimination during the period of a noncontrolling interest resulting from the parent's loss of control and deconsolidation of the entity in which one or more outside parties had a noncontrolling interest.",
      "available_units": [
        "USD"
      ],
      "data_points_count": 3,
      "latest_value": {
        "value": 675000000,
        "date": "2013-12-31",
        "fiscal_year": 2013,
        "form": "10-K",
        "filed": "2014-03-03",
        "unit": "USD",
        "type": "annual"
      },
      "date_range": {
        "earliest": "2013-12-31",
        "latest": "2013-12-31"
      }
    },
    "NoninterestExpense": {
      "taxonomy": "us-gaap",
      "label": "Noninterest Expense",
      "description": "Total aggregate amount of all noninterest expense.",
      "available_units": [
        "USD"
      ],
      "data_points_count": 218,
      "latest_value": {
        "value": 13524000000,
        "date": "2024-12-31",
        "fiscal_year": 2024,
        "form": "10-K",
        "filed": "2025-02-21",
        "unit": "USD",
        "type": "annual"
      },
      "date_range": {
        "earliest": "2007-12-31",
        "latest": "2025-06-30"
      }
    },
    "NoninterestIncomeOtherOperatingIncome": {
      "taxonomy": "us-gaap",
      "label": "Noninterest Income, Other Operating Income",
      "description": "Amount of revenue earned, classified as other, excluding interest income.",
      "available_units": [
        "USD"
      ],
      "data_points_count": 157,
      "latest_value": {
        "value": 1473000000,
        "date": "2019-12-31",
        "fiscal_year": 2019,
        "form": "10-K",
        "filed": "2020-03-02",
        "unit": "USD",
        "type": "annual"
      },
      "date_range": {
        "earliest": "2007-12-31",
        "latest": "2020-09-30"
      }
    },
    "OtherComprehensiveIncomeAmortizationOfDefinedBenefitPlanNetPriorServiceCostRecognizedInNetPeriodicPensionCostTax": {
      "taxonomy": "us-gaap",
      "label": "Other Comprehensive Income (Loss), Amortization, Pension and Other Postretirement Benefit Plans, Net Prior Service Cost Recognized in Net Periodic Pension Cost, Tax (Deprecated 2013-01-31)",
      "description": "Tax effect of the income statement impact of the reclassification adjustment for prior service costs recognized as a component of net period benefit cost.",
      "available_units": [
        "USD"
      ],
      "data_points_count": 10,
      "latest_value": {
        "value": 3000000,
        "date": "2013-09-30",
        "fiscal_year": 2013,
        "fiscal_period": "Q3",
        "form": "10-Q",
        "filed": "2013-11-06",
        "unit": "USD",
        "type": "quarterly"
      },
      "date_range": {
        "earliest": "2012-03-31",
        "latest": "2013-09-30"
      }
    },
    "OtherComprehensiveIncomeDefinedBenefitPlansAdjustmentBeforeTaxPortionAttributableToParent": {
      "taxonomy": "us-gaap",
      "label": "Other Comprehensive (Income) Loss, Defined Benefit Plan, before Tax, after Reclassification Adjustment, Attributable to Parent",
      "description": "Amount, before tax, after reclassification adjustment, of (increase) decrease in accumulated other comprehensive (income) loss for defined benefit plan, attributable to parent entity.",
      "available_units": [
        "USD"
      ],
      "data_points_count": 20,
      "latest_value": {
        "value": 4000000,
        "date": "2023-06-30",
        "fiscal_year": 2023,
        "fiscal_period": "Q2",
        "form": "10-Q",
        "filed": "2023-08-02",
        "unit": "USD",
        "type": "quarterly"
      },
      "date_range": {
        "earliest": "2019-09-30",
        "latest": "2023-06-30"
      }
    },
    "OtherComprehensiveIncomeLossAmortizationPensionAndOtherPostretirementBenefitPlansNetPriorServiceCostRecognizedInNetPeriodicBenefitCostBeforeTax": {
      "taxonomy": "us-gaap",
      "label": "Other Comprehensive Income (Loss), Amortization, Pension and Other Postretirement Benefit Plans, Net Prior Service Cost Recognized in Net Periodic Benefit Cost, before Tax (Deprecated 2013-01-31)",
      "description": "Before tax amount of the income statement impact of the reclassification adjustment for prior service costs recognized as a component of net period benefit cost.",
      "available_units": [
        "USD"
      ],
      "data_points_count": 10,
      "latest_value": {
        "value": 8000000,
        "date": "2013-09-30",
        "fiscal_year": 2013,
        "fiscal_period": "Q3",
        "form": "10-Q",
        "filed": "2013-11-06",
        "unit": "USD",
        "type": "quarterly"
      },
      "date_range": {
        "earliest": "2012-03-31",
        "latest": "2013-09-30"
      }
    },
    "OtherComprehensiveIncomeLossAmortizationPensionAndOtherPostretirementBenefitPlansNetPriorServiceCostRecognizedInNetPeriodicPensionCostNetOfTax": {
      "taxonomy": "us-gaap",
      "label": "Other Comprehensive Income (Loss), Amortization, Pension and Other Postretirement Benefit Plans, Net Prior Service Cost Recognized in Net Periodic Pension Cost, Net of Tax (Deprecated 2013-01-31)",
      "description": "Net of tax amount of the income statement impact of the reclassification adjustment for prior service costs recognized as a component of net period benefit cost.",
      "available_units": [
        "USD"
      ],
      "data_points_count": 10,
      "latest_value": {
        "value": 5000000,
        "date": "2013-09-30",
        "fiscal_year": 2013,
        "fiscal_period": "Q3",
        "form": "10-Q",
        "filed": "2013-11-06",
        "unit": "USD",
        "type": "quarterly"
      },
      "date_range": {
        "earliest": "2012-03-31",
        "latest": "2013-09-30"
      }
    },
    "OtherComprehensiveIncomeLossBeforeTax": {
      "taxonomy": "us-gaap",
      "label": "Other Comprehensive Income (Loss), before Tax",
      "description": "Amount before tax, after reclassification adjustments of other comprehensive income (loss).",
      "available_units": [
        "USD"
      ],
      "data_points_count": 169,
      "latest_value": {
        "value": 1514000000,
        "date": "2024-12-31",
        "fiscal_year": 2024,
        "form": "10-K",
        "filed": "2025-02-21",
        "unit": "USD",
        "type": "annual"
      },
      "date_range": {
        "earliest": "2010-12-31",
        "latest": "2025-06-30"
      }
    },
    "OtherComprehensiveIncomeLossNetOfTax": {
      "taxonomy": "us-gaap",
      "label": "Other Comprehensive Income (Loss), Net of Tax",
      "description": "Amount after tax and reclassification adjustments of other comprehensive income (loss).",
      "available_units": [
        "USD"
      ],
      "data_points_count": 175,
      "latest_value": {
        "value": 1147000000,
        "date": "2024-12-31",
        "fiscal_year": 2024,
        "form": "10-K",
        "filed": "2025-02-21",
        "unit": "USD",
        "type": "annual"
      },
      "date_range": {
        "earliest": "2010-12-31",
        "latest": "2025-06-30"
      }
    },
    "OtherComprehensiveIncomeLossPensionAndOtherPostretirementBenefitPlansAdjustmentBeforeTax": {
      "taxonomy": "us-gaap",
      "label": "Other Comprehensive (Income) Loss, Defined Benefit Plan, after Reclassification Adjustment, before Tax",
      "description": "Amount, before tax, after reclassification adjustment, of (increase) decrease in accumulated other comprehensive income for defined benefit plan.",
      "available_units": [
        "USD"
      ],
      "data_points_count": 171,
      "latest_value": {
        "value": -21000000,
        "date": "2024-12-31",
        "fiscal_year": 2024,
        "form": "10-K",
        "filed": "2025-02-21",
        "unit": "USD",
        "type": "annual"
      },
      "date_range": {
        "earliest": "2010-12-31",
        "latest": "2025-06-30"
      }
    },
    "OtherComprehensiveIncomeLossPensionAndOtherPostretirementBenefitPlansAdjustmentNetOfTax": {
      "taxonomy": "us-gaap",
      "label": "Other Comprehensive (Income) Loss, Defined Benefit Plan, after Reclassification Adjustment, after Tax",
      "description": "Amount, after tax and reclassification adjustment, of (increase) decrease in accumulated other comprehensive income for defined benefit plan.",
      "available_units": [
        "USD"
      ],
      "data_points_count": 149,
      "latest_value": {
        "value": 278000000,
        "date": "2022-12-31",
        "fiscal_year": 2022,
        "form": "10-K",
        "filed": "2023-02-22",
        "unit": "USD",
        "type": "annual"
      },
      "date_range": {
        "earliest": "2010-12-31",
        "latest": "2023-06-30"
      }
    },
    "OtherComprehensiveIncomeLossPensionAndOtherPostretirementBenefitPlansBeforeReclassificationAdjustmentsTax": {
      "taxonomy": "us-gaap",
      "label": "Other Comprehensive (Income) Loss, Defined Benefit Plan, before Reclassification Adjustment, Tax",
      "description": "Amount, before reclassification adjustment, of tax (expense) benefit for (increase) decrease in accumulated other comprehensive income for defined benefit plan.",
      "available_units": [
        "USD"
      ],
      "data_points_count": 61,
      "latest_value": {
        "value": 85000000,
        "date": "2022-12-31",
        "fiscal_year": 2022,
        "form": "10-K",
        "filed": "2023-02-22",
        "unit": "USD",
        "type": "annual"
      },
      "date_range": {
        "earliest": "2011-12-31",
        "latest": "2023-06-30"
      }
    },
    "OtherComprehensiveIncomeLossPensionAndOtherPostretirementBenefitPlansTax": {
      "taxonomy": "us-gaap",
      "label": "Other Comprehensive (Income) Loss, Defined Benefit Plan, after Reclassification Adjustment, Tax",
      "description": "Amount, after reclassification adjustment, of tax (expense) benefit for (increase) decrease in accumulated other comprehensive income of defined benefit plan.",
      "available_units": [
        "USD"
      ],
      "data_points_count": 136,
      "latest_value": {
        "value": 85000000,
        "date": "2022-12-31",
        "fiscal_year": 2022,
        "form": "10-K",
        "filed": "2023-02-22",
        "unit": "USD",
        "type": "annual"
      },
      "date_range": {
        "earliest": "2010-12-31",
        "latest": "2023-06-30"
      }
    },
    "OtherComprehensiveIncomeLossReclassificationAdjustmentFromAOCIPensionAndOtherPostretirementBenefitPlansForNetGainLossBeforeTax": {
      "taxonomy": "us-gaap",
      "label": "Other Comprehensive Income (Loss), Defined Benefit Plan, Gain (Loss), Reclassification Adjustment from AOCI, before Tax",
      "description": "Amount, before tax, of reclassification adjustment from accumulated other comprehensive income (loss) for gain (loss) of defined benefit plan.",
      "available_units": [
        "USD"
      ],
      "data_points_count": 93,
      "latest_value": {
        "value": -8000000,
        "date": "2019-12-31",
        "fiscal_year": 2019,
        "form": "10-K",
        "filed": "2020-03-02",
        "unit": "USD",
        "type": "annual"
      },
      "date_range": {
        "earliest": "2011-12-31",
        "latest": "2020-06-30"
      }
    },
    "OtherComprehensiveIncomeLossReclassificationAdjustmentFromAOCIPensionAndOtherPostretirementBenefitPlansForNetGainLossNetOfTax": {
      "taxonomy": "us-gaap",
      "label": "Other Comprehensive Income (Loss), Defined Benefit Plan, Gain (Loss), Reclassification Adjustment from AOCI, after Tax",
      "description": "Amount, after tax, of reclassification adjustment from accumulated other comprehensive income (loss) for gain (loss) of defined benefit plan.",
      "available_units": [
        "USD"
      ],
      "data_points_count": 24,
      "latest_value": {
        "value": -3000000,
        "date": "2014-12-31",
        "fiscal_year": 2014,
        "form": "10-K",
        "filed": "2015-03-02",
        "unit": "USD",
        "type": "annual"
      },
      "date_range": {
        "earliest": "2011-12-31",
        "latest": "2015-09-30"
      }
    },
    "OtherComprehensiveIncomeLossReclassificationAdjustmentFromAOCIPensionAndOtherPostretirementBenefitPlansForNetGainLossTax": {
      "taxonomy": "us-gaap",
      "label": "Other Comprehensive Income (Loss), Defined Benefit Plan, Gain (Loss), Reclassification Adjustment from AOCI, Tax",
      "description": "Amount of tax expense (benefit) of reclassification adjustment from accumulated other comprehensive income (loss) for gain (loss) of defined benefit plan.",
      "available_units": [
        "USD"
      ],
      "data_points_count": 22,
      "latest_value": {
        "value": -1000000,
        "date": "2014-12-31",
        "fiscal_year": 2014,
        "form": "10-K",
        "filed": "2015-03-02",
        "unit": "USD",
        "type": "annual"
      },
      "date_range": {
        "earliest": "2011-12-31",
        "latest": "2015-09-30"
      }
    },
    "OtherComprehensiveIncomeLossReclassificationPensionAndOtherPostretirementBenefitPlansNetGainLossRecognizedInNetPeriodicBenefitCostTax": {
      "taxonomy": "us-gaap",
      "label": "Other Comprehensive Income (Loss), Reclassification, Pension and Other Postretirement Benefit Plans, Net Gain (Loss) Recognized in Net Periodic Benefit Cost, Tax (Deprecated 2013-01-31)",
      "description": "Tax effect of the income statement impact of the reclassification adjustment for actuarial gain (loss) recognized as a component of net periodic benefit cost.",
      "available_units": [
        "USD"
      ],
      "data_points_count": 10,
      "latest_value": {
        "value": 26000000,
        "date": "2013-09-30",
        "fiscal_year": 2013,
        "fiscal_period": "Q3",
        "form": "10-Q",
        "filed": "2013-11-06",
        "unit": "USD",
        "type": "quarterly"
      },
      "date_range": {
        "earliest": "2012-03-31",
        "latest": "2013-09-30"
      }
    },
    "OtherComprehensiveIncomeLossTax": {
      "taxonomy": "us-gaap",
      "label": "Other Comprehensive Income (Loss), Tax",
      "description": "Amount of tax expense (benefit) allocated to other comprehensive income (loss).",
      "available_units": [
        "USD"
      ],
      "data_points_count": 181,
      "latest_value": {
        "value": 367000000,
        "date": "2024-12-31",
        "fiscal_year": 2024,
        "form": "10-K",
        "filed": "2025-02-21",
        "unit": "USD",
        "type": "annual"
      },
      "date_range": {
        "earliest": "2010-12-31",
        "latest": "2025-06-30"
      }
    },
    "OtherComprehensiveIncomeOtherNetOfTax": {
      "taxonomy": "us-gaap",
      "label": "Other Comprehensive Income, Other, Net of Tax",
      "description": "Amount of increase (decrease) in other comprehensive income, after tax, from changes classified as other.",
      "available_units": [
        "USD"
      ],
      "data_points_count": 26,
      "latest_value": {
        "value": 1000000,
        "date": "2024-12-31",
        "fiscal_year": 2024,
        "form": "10-K",
        "filed": "2025-02-21",
        "unit": "USD",
        "type": "annual"
      },
      "date_range": {
        "earliest": "2009-12-31",
        "latest": "2025-06-30"
      }
    },
    "OtherComprehensiveIncomeReclassificationOfDefinedBenefitPlansNetGainLossRecognizedInNetPeriodicBenefitCostBeforeTax": {
      "taxonomy": "us-gaap",
      "label": "Other Comprehensive Income (Loss), Reclassification, Pension and Other Postretirement Benefit Plans, Net Gain (Loss) Recognized in Net Periodic Benefit Cost, before Tax (Deprecated 2013-01-31)",
      "description": "Before tax amount of the income statement impact of the reclassification adjustment for actuarial gain (loss) recognized as a component of net periodic benefit cost.",
      "available_units": [
        "USD"
      ],
      "data_points_count": 10,
      "latest_value": {
        "value": 71000000,
        "date": "2013-09-30",
        "fiscal_year": 2013,
        "fiscal_period": "Q3",
        "form": "10-Q",
        "filed": "2013-11-06",
        "unit": "USD",
        "type": "quarterly"
      },
      "date_range": {
        "earliest": "2012-03-31",
        "latest": "2013-09-30"
      }
    },
    "OtherComprehensiveIncomeReclassificationOfDefinedBenefitPlansNetGainLossRecognizedInNetPeriodicBenefitCostNetOfTax": {
      "taxonomy": "us-gaap",
      "label": "Other Comprehensive Income (Loss), Reclassification, Pension and Other Postretirement Benefit Plans, Net Gain (Loss) Recognized in Net Periodic Benefit Cost, Net of Tax (Deprecated 2013-01-31)",
      "description": "Net of tax amount of the income statement impact of the reclassification adjustment for actuarial (gains) losses recognized as a component of net periodic benefit cost.",
      "available_units": [
        "USD"
      ],
      "data_points_count": 10,
      "latest_value": {
        "value": 45000000,
        "date": "2013-09-30",
        "fiscal_year": 2013,
        "fiscal_period": "Q3",
        "form": "10-Q",
        "filed": "2013-11-06",
        "unit": "USD",
        "type": "quarterly"
      },
      "date_range": {
        "earliest": "2012-03-31",
        "latest": "2013-09-30"
      }
    },
    "OtherInterestAndDividendIncome": {
      "taxonomy": "us-gaap",
      "label": "Other Interest and Dividend Income",
      "description": "Amount, after discount, accretion and premium amortization, of interest income and dividend income classified as other.",
      "available_units": [
        "USD"
      ],
      "data_points_count": 218,
      "latest_value": {
        "value": 2915000000,
        "date": "2024-12-31",
        "fiscal_year": 2024,
        "form": "10-K",
        "filed": "2025-02-21",
        "unit": "USD",
        "type": "annual"
      },
      "date_range": {
        "earliest": "2007-12-31",
        "latest": "2025-06-30"
      }
    },
    "OtherNoninterestExpense": {
      "taxonomy": "us-gaap",
      "label": "Other Noninterest Expense",
      "description": "Amount of noninterest expense classified as other.",
      "available_units": [
        "USD"
      ],
      "data_points_count": 218,
      "latest_value": {
        "value": 3379000000,
        "date": "2024-12-31",
        "fiscal_year": 2024,
        "form": "10-K",
        "filed": "2025-02-21",
        "unit": "USD",
        "type": "annual"
      },
      "date_range": {
        "earliest": "2007-12-31",
        "latest": "2025-06-30"
      }
    },
    "OtherPreferredStockDividendsAndAdjustments": {
      "taxonomy": "us-gaap",
      "label": "Other Preferred Stock Dividends and Adjustments",
      "description": "Amount of preferred stock dividends and adjustments classified as other.",
      "available_units": [
        "USD"
      ],
      "data_points_count": 3,
      "latest_value": {
        "value": 5000000,
        "date": "2014-12-31",
        "fiscal_year": 2014,
        "form": "10-K",
        "filed": "2015-03-02",
        "unit": "USD",
        "type": "annual"
      },
      "date_range": {
        "earliest": "2012-12-31",
        "latest": "2014-12-31"
      }
    },
    "PreferredStockDividendsAndOtherAdjustments": {
      "taxonomy": "us-gaap",
      "label": "Preferred Stock Dividends and Other Adjustments",
      "description": "The aggregate value of preferred stock dividends and other adjustments necessary to derive net income apportioned to common stockholders.",
      "available_units": [
        "USD"
      ],
      "data_points_count": 172,
      "latest_value": {
        "value": 8000000,
        "date": "2023-12-31",
        "fiscal_year": 2023,
        "form": "10-K",
        "filed": "2024-02-21",
        "unit": "USD",
        "type": "annual"
      },
      "date_range": {
        "earliest": "2010-12-31",
        "latest": "2024-09-30"
      }
    },
    "PreferredStockDividendsIncomeStatementImpact": {
      "taxonomy": "us-gaap",
      "label": "Preferred Stock Dividends, Income Statement Impact",
      "description": "The amount of preferred stock dividends that is an adjustment to net income apportioned to common stockholders.",
      "available_units": [
        "USD"
      ],
      "data_points_count": 15,
      "latest_value": {
        "value": 352000000,
        "date": "2024-12-31",
        "fiscal_year": 2024,
        "form": "10-K",
        "filed": "2025-02-21",
        "unit": "USD",
        "type": "annual"
      },
      "date_range": {
        "earliest": "2011-12-31",
        "latest": "2025-06-30"
      }
    },
    "ProceedsFromIssuanceOfPreferredStockAndPreferenceStock": {
      "taxonomy": "us-gaap",
      "label": "Proceeds from Issuance of Preferred Stock and Preference Stock",
      "description": "Proceeds from issuance of capital stock which provides for a specific dividend that is paid to the shareholders before any dividends to common stockholders and which takes precedence over common stockholders in the event of liquidation.",
      "available_units": [
        "USD"
      ],
      "data_points_count": 51,
      "latest_value": {
        "value": 1484000000,
        "date": "2023-12-31",
        "fiscal_year": 2023,
        "form": "10-K",
        "filed": "2024-02-21",
        "unit": "USD",
        "type": "annual"
      },
      "date_range": {
        "earliest": "2007-12-31",
        "latest": "2023-12-31"
      }
    },
    "ProfitLoss": {
      "taxonomy": "us-gaap",
      "label": "Net Income (Loss), Including Portion Attributable to Noncontrolling Interest",
      "description": "The consolidated profit or loss for the period, net of income taxes, including the portion attributable to the noncontrolling interest.",
      "available_units": [
        "USD"
      ],
      "data_points_count": 214,
      "latest_value": {
        "value": 5953000000,
        "date": "2024-12-31",
        "fiscal_year": 2024,
        "form": "10-K",
        "filed": "2025-02-21",
        "unit": "USD",
        "type": "annual"
      },
      "date_range": {
        "earliest": "2007-12-31",
        "latest": "2025-06-30"
      }
    },
    "RetainedEarningsAccumulatedDeficit": {
      "taxonomy": "us-gaap",
      "label": "Retained Earnings (Accumulated Deficit)",
      "description": "The cumulative amount of the reporting entity's undistributed earnings or deficit.",
      "available_units": [
        "USD"
      ],
      "data_points_count": 134,
      "latest_value": {
        "value": 59282000000,
        "date": "2024-12-31",
        "fiscal_year": 2024,
        "form": "10-K",
        "filed": "2025-02-21",
        "unit": "USD",
        "type": "annual"
      },
      "date_range": {
        "earliest": "2008-12-31",
        "latest": "2025-06-30"
      }
    },
    "ShareBasedCompensationArrangementByShareBasedPaymentAwardFairValueAssumptionsExpectedDividendRate": {
      "taxonomy": "us-gaap",
      "label": "Share-based Compensation Arrangement by Share-based Payment Award, Fair Value Assumptions, Expected Dividend Rate",
      "description": "The estimated dividend rate (a percentage of the share price) to be paid (expected dividends) to holders of the underlying shares over the option's term.",
      "available_units": [
        "pure"
      ],
      "data_points_count": 40,
      "latest_value": {
        "value": 0.025,
        "date": "2013-12-31",
        "fiscal_year": 2013,
        "form": "10-K",
        "filed": "2014-03-03",
        "unit": "pure",
        "type": "annual"
      },
      "date_range": {
        "earliest": "2008-12-31",
        "latest": "2013-12-31"
      }
    },
    "ShareBasedCompensationArrangementByShareBasedPaymentAwardFairValueAssumptionsRiskFreeInterestRate": {
      "taxonomy": "us-gaap",
      "label": "Share-based Compensation Arrangement by Share-based Payment Award, Fair Value Assumptions, Risk Free Interest Rate",
      "description": "The risk-free interest rate assumption that is used in valuing an option on its own shares.",
      "available_units": [
        "pure"
      ],
      "data_points_count": 40,
      "latest_value": {
        "value": 0.009,
        "date": "2013-12-31",
        "fiscal_year": 2013,
        "form": "10-K",
        "filed": "2014-03-03",
        "unit": "pure",
        "type": "annual"
      },
      "date_range": {
        "earliest": "2008-12-31",
        "latest": "2013-12-31"
      }
    },
    "UndistributedEarningsOfForeignSubsidiaries": {
      "taxonomy": "us-gaap",
      "label": "Undistributed Earnings of Foreign Subsidiaries",
      "description": "Amount of undistributed earnings of foreign subsidiaries intended to be permanently reinvested outside the country of domicile.",
      "available_units": [
        "USD"
      ],
      "data_points_count": 7,
      "latest_value": {
        "value": 100000000,
        "date": "2016-12-31",
        "fiscal_year": 2016,
        "form": "10-K",
        "filed": "2017-02-28",
        "unit": "USD",
        "type": "annual"
      },
      "date_range": {
        "earliest": "2011-12-31",
        "latest": "2016-12-31"
      }
    },
    "VariableInterestCarryingAmountLiabilities": {
      "taxonomy": "us-gaap",
      "label": "Variable Interest, Carrying Amount, Liabilities (Deprecated 2011-01-31)",
      "description": "Quantifies the net carrying amount of the entity's liabilities.",
      "available_units": [
        "USD"
      ],
      "data_points_count": 2,
      "latest_value": {
        "value": 123323000000,
        "date": "2011-03-31",
        "fiscal_year": 2011,
        "fiscal_period": "Q1",
        "form": "10-Q",
        "filed": "2011-05-09",
        "unit": "USD",
        "type": "quarterly"
      },
      "date_range": {
        "earliest": "2010-12-31",
        "latest": "2011-03-31"
      }
    },
    "VariableInterestEntityEntityMaximumLossExposureAmount": {
      "taxonomy": "us-gaap",
      "label": "Variable Interest Entity, Reporting Entity Involvement, Maximum Loss Exposure, Amount",
      "description": "The reporting entity's maximum amount of exposure to loss as a result of its involvement with the Variable Interest Entity (VIE).",
      "available_units": [
        "USD"
      ],
      "data_points_count": 62,
      "latest_value": {
        "value": 24700000000,
        "date": "2024-12-31",
        "fiscal_year": 2024,
        "form": "10-K",
        "filed": "2025-02-21",
        "unit": "USD",
        "type": "annual"
      },
      "date_range": {
        "earliest": "2011-12-31",
        "latest": "2024-12-31"
      }
    },
    "VariableInterestEntityNonconsolidatedCarryingAmountLiabilities": {
      "taxonomy": "us-gaap",
      "label": "Variable Interest Entity, Nonconsolidated, Carrying Amount, Liabilities (Deprecated 2020-01-31)",
      "description": "Carrying amount of the liabilities in the reporting entity's statement of financial position that relate to the reporting entity's variable interest in the Variable Interest Entity (VIE), where the reporting entity is not the VIE's primary beneficiary.",
      "available_units": [
        "USD"
      ],
      "data_points_count": 30,
      "latest_value": {
        "value": 838000000,
        "date": "2015-12-31",
        "fiscal_year": 2015,
        "form": "10-K",
        "filed": "2016-02-29",
        "unit": "USD",
        "type": "annual"
      },
      "date_range": {
        "earliest": "2011-12-31",
        "latest": "2015-12-31"
      }
    },
    "VariableInterestMaximumExposureToLoss": {
      "taxonomy": "us-gaap",
      "label": "Variable Interest, Maximum Exposure to Loss (Deprecated 2009-01-31)",
      "description": "Quantifies the entity's maximum exposure to loss.",
      "available_units": [
        "USD"
      ],
      "data_points_count": 2,
      "latest_value": {
        "value": 5129000000,
        "date": "2011-03-31",
        "fiscal_year": 2011,
        "fiscal_period": "Q1",
        "form": "10-Q",
        "filed": "2011-05-09",
        "unit": "USD",
        "type": "quarterly"
      },
      "date_range": {
        "earliest": "2010-12-31",
        "latest": "2011-03-31"
      }
    },
    "WeightedAverageNumberOfDilutedSharesOutstanding": {
      "taxonomy": "us-gaap",
      "label": "Weighted Average Number of Shares Outstanding, Diluted",
      "description": "The average number of shares or units issued and outstanding that are used in calculating diluted EPS or earnings per unit (EPU), determined based on the timing of issuance of shares or units in the period.",
      "available_units": [
        "shares"
      ],
      "data_points_count": 218,
      "latest_value": {
        "value": 400000000,
        "date": "2024-12-31",
        "fiscal_year": 2024,
        "form": "10-K",
        "filed": "2025-02-21",
        "unit": "shares",
        "type": "annual"
      },
      "date_range": {
        "earliest": "2007-12-31",
        "latest": "2025-06-30"
      }
    },
    "InterestExpenseOperating": {
      "taxonomy": "us-gaap",
      "label": null,
      "description": null,
      "available_units": [
        "USD"
      ],
      "data_points_count": 17,
      "latest_value": {
        "value": 12885000000,
        "date": "2024-12-31",
        "fiscal_year": 2024,
        "form": "10-K",
        "filed": "2025-02-21",
        "unit": "USD",
        "type": "annual"
      },
      "date_range": {
        "earliest": "2022-12-31",
        "latest": "2025-06-30"
      }
    },
    "FairValueOptionChangesInFairValueGainLoss1": {
      "taxonomy": "us-gaap",
      "label": "Fair Value, Option, Changes in Fair Value, Gain (Loss)",
      "description": "For each line item in the statement of financial position, the amounts of gains and losses from fair value changes included in earnings.",
      "available_units": [
        "USD"
      ],
      "data_points_count": 1,
      "latest_value": {
        "value": 2000000,
        "date": "2025-06-30",
        "fiscal_year": 2025,
        "fiscal_period": "Q2",
        "form": "10-Q",
        "filed": "2025-08-01",
        "unit": "USD",
        "type": "quarterly"
      },
      "date_range": {
        "earliest": "2025-06-30",
        "latest": "2025-06-30"
      }
    }
  }
}