{
  "chunk_metadata": {
    "domain": "public",
    "CIK": "72971",
    "data_type": "SEC",
    "ticker": "WFC",
    "chunk_name": "Risk & Capital Management",
    "chunk_id": "risk_capital",
    "company_name": "WELLS FARGO & COMPANY/MN",
    "extraction_date": "2025-09-30T11:01:44.402938",
    "metrics_count": 3,
    "total_company_metrics": 0,
    "chunking_strategy": "context_aware_balanced"
  },
  "metrics": {
    "AdditionalPaidInCapitalPreferredStock": {
      "taxonomy": "us-gaap",
      "label": "Additional Paid in Capital, Preferred Stock",
      "description": "Value received from shareholder in nonredeemable preferred stock-related transaction in excess of par value, value contributed to entity and value received from other stock-related transaction. Includes, but is not limited to, preferred stock redeemable solely at option of issuer. Excludes common stock.",
      "available_units": [
        "USD"
      ],
      "data_points_count": 101,
      "latest_value": {
        "value": 37000000,
        "date": "2021-12-31",
        "fiscal_year": 2021,
        "form": "10-K",
        "filed": "2022-02-22",
        "unit": "USD",
        "type": "annual"
      },
      "date_range": {
        "earliest": "2009-12-31",
        "latest": "2022-09-30"
      }
    },
    "AdjustmentsToAdditionalPaidInCapitalSharebasedCompensationRequisiteServicePeriodRecognitionValue": {
      "taxonomy": "us-gaap",
      "label": "APIC, Share-based Payment Arrangement, Increase for Cost Recognition",
      "description": "Amount of increase to additional paid-in capital (APIC) for recognition of cost for award under share-based payment arrangement.",
      "available_units": [
        "USD"
      ],
      "data_points_count": 119,
      "latest_value": {
        "value": 1122000000,
        "date": "2023-12-31",
        "fiscal_year": 2023,
        "form": "10-K",
        "filed": "2024-02-20",
        "unit": "USD",
        "type": "annual"
      },
      "date_range": {
        "earliest": "2012-12-31",
        "latest": "2024-09-30"
      }
    },
    "CommonStockCapitalSharesReservedForFutureIssuance": {
      "taxonomy": "us-gaap",
      "label": "Common Stock, Capital Shares Reserved for Future Issuance",
      "description": "Aggregate number of common shares reserved for future issuance.",
      "available_units": [
        "shares"
      ],
      "data_points_count": 16,
      "latest_value": {
        "value": 233154695,
        "date": "2024-12-31",
        "fiscal_year": 2024,
        "form": "10-K",
        "filed": "2025-02-25",
        "unit": "shares",
        "type": "annual"
      },
      "date_range": {
        "earliest": "2010-12-31",
        "latest": "2024-12-31"
      }
    }
  }
}