{
  "chunk_metadata": {
    "domain": "public",
    "CIK": "886982",
    "data_type": "SEC",
    "ticker": "GS",
    "chunk_name": "Liabilities & Deposits",
    "chunk_id": "liabilities_deposits",
    "company_name": "The Goldman Sachs Group, Inc.",
    "extraction_date": "2025-09-30T11:01:44.307194",
    "metrics_count": 108,
    "total_company_metrics": 0,
    "chunking_strategy": "context_aware_balanced"
  },
  "metrics": {
    "PayablesToBrokerDealersAndClearingOrganizations": {
      "taxonomy": "us-gaap",
      "label": "Payables to Broker-Dealers and Clearing Organizations",
      "description": "Amount payable to broker-dealers and clearing organizations, including, but not limited to, securities failed-to-receive, certain deposits received for securities loaned, open transactions, and floor-brokerage payables.",
      "available_units": [
        "USD"
      ],
      "data_points_count": 50,
      "latest_value": {
        "value": 6240000000,
        "date": "2018-12-31",
        "fiscal_year": 2018,
        "form": "10-K",
        "filed": "2019-02-26",
        "unit": "USD",
        "type": "annual"
      },
      "date_range": {
        "earliest": "2012-12-31",
        "latest": "2019-06-30"
      }
    },
    "AccumulatedOtherComprehensiveIncomeLossNetOfTax": {
      "taxonomy": "us-gaap",
      "label": "Accumulated Other Comprehensive Income (Loss), Net of Tax",
      "description": "Accumulated change in equity from transactions and other events and circumstances from non-owner sources, net of tax effect, at period end. Excludes Net Income (Loss), and accumulated changes in equity from transactions resulting from investments by owners and distributions to owners. Includes foreign currency translation items, certain pension adjustments, unrealized gains and losses on certain investments in debt and equity securities, other than temporary impairment (OTTI) losses related to factors other than credit losses on available-for-sale and held-to-maturity debt securities that an entity does not intend to sell and it is not more likely than not that the entity will be required to sell before recovery of the amortized cost basis, as well as changes in the fair value of derivatives related to the effective portion of a designated cash flow hedge.",
      "available_units": [
        "USD"
      ],
      "data_points_count": 150,
      "latest_value": {
        "value": -2702000000,
        "date": "2024-12-31",
        "fiscal_year": 2024,
        "form": "10-K",
        "filed": "2025-02-27",
        "unit": "USD",
        "type": "annual"
      },
      "date_range": {
        "earliest": "2008-11-28",
        "latest": "2025-06-30"
      }
    },
    "AvailableForSaleSecuritiesFairValueDisclosure": {
      "taxonomy": "us-gaap",
      "label": "Available-for-sale Securities, Fair Value Disclosure (Deprecated 2013-01-31)",
      "description": "This element represents the portion of the balance sheet assertion valued at fair value by the entity whether such amount is presented as a separate caption or as a parenthetical disclosure. Additionally, this element may be used in connection with the fair value disclosures required in the footnote disclosures to the financial statements. The element may be used in both the balance sheet and disclosure in the same submission. This item represents Available-for-sale Securities which consist of all investments in certain debt and equity securities neither classified as trading or held-to-maturity securities. A debt security represents a creditor relationship with an enterprise. Debt securities include, among other items, US Treasury securities, US government securities, municipal securities, corporate bonds, convertible debt, commercial paper, and all securitized debt instruments. An equity security represents an ownership interest in an enterprise or the right to acquire or dispose of an ownership interest in an enterprise at fixed or determinable prices. Equity securities include, among other things, common stock, certain preferred stock, warrant rights, call options, and put options, but do not include convertible debt. An entity may opt to provide the reader with additional narrative text to better understand the nature of investments in debt and equity securities which are categorized as Available-for-sale.",
      "available_units": [
        "USD"
      ],
      "data_points_count": 13,
      "latest_value": {
        "value": 4860000000,
        "date": "2011-12-31",
        "fiscal_year": 2012,
        "form": "10-K",
        "filed": "2013-03-01",
        "unit": "USD",
        "type": "annual"
      },
      "date_range": {
        "earliest": "2010-12-31",
        "latest": "2012-09-30"
      }
    },
    "BusinessDevelopment": {
      "taxonomy": "us-gaap",
      "label": "Business Development",
      "description": "Business development involves the development of products and services, their delivery, design and their implementation. Business development includes a number of techniques designed to grow an economic enterprise. Such techniques include, but are not limited to, assessments of marketing opportunities and target markets, intelligence gathering on customers and competitors, generating leads for possible sales, follow-up sales activity, formal proposal writing and business model design. Business development involves evaluating a business and then realizing its full potential, using such tools as marketing, sales, information management and customer service.",
      "available_units": [
        "USD"
      ],
      "data_points_count": 217,
      "latest_value": {
        "value": 646000000,
        "date": "2024-12-31",
        "fiscal_year": 2024,
        "form": "10-K",
        "filed": "2025-02-27",
        "unit": "USD",
        "type": "annual"
      },
      "date_range": {
        "earliest": "2007-11-30",
        "latest": "2025-06-30"
      }
    },
    "CashAndDueFromBanks": {
      "taxonomy": "us-gaap",
      "label": "Cash and Due from Banks",
      "description": "For banks and other depository institutions: Includes cash on hand (currency and coin), cash items in process of collection, noninterest bearing deposits due from other financial institutions (including corporate credit unions), and noninterest bearing balances with the Federal Reserve Banks, Federal Home Loan Banks and central banks.",
      "available_units": [
        "USD"
      ],
      "data_points_count": 124,
      "latest_value": {
        "value": 5360000000,
        "date": "2024-12-31",
        "fiscal_year": 2024,
        "form": "10-K",
        "filed": "2025-02-27",
        "unit": "USD",
        "type": "annual"
      },
      "date_range": {
        "earliest": "2009-12-31",
        "latest": "2025-06-30"
      }
    },
    "CertainLoansAcquiredInTransferNotAccountedForAsDebtSecuritiesAllowanceForLoanLosses": {
      "taxonomy": "us-gaap",
      "label": "Certain Loans Acquired in Transfer Not Accounted for as Debt Securities, Allowance for Loan Losses",
      "description": "Reserve for loans impairments recorded after acquisition as a result of current information and events which result in it being probable that estimated cash flows will be less than previously expected or because actual cash flows are less than cash flows previously expected. This relates to loans not accounted for as debt securities, with evidence of deterioration of credit quality since origination that was acquired by completion of a transfer for which it is probable, at acquisition, that the investor will be unable to collect all contractually required payments receivable.",
      "available_units": [
        "USD"
      ],
      "data_points_count": 22,
      "latest_value": {
        "value": 169000000,
        "date": "2019-12-31",
        "fiscal_year": 2019,
        "form": "10-K",
        "filed": "2020-02-21",
        "unit": "USD",
        "type": "annual"
      },
      "date_range": {
        "earliest": "2016-12-31",
        "latest": "2019-12-31"
      }
    },
    "DebtSecuritiesAvailableForSaleContinuousUnrealizedLossPosition12MonthsOrLongerAccumulatedLoss": {
      "taxonomy": "us-gaap",
      "label": "Debt Securities, Available-for-sale, Continuous Unrealized Loss Position, 12 Months or Longer, Accumulated Loss",
      "description": "Amount of accumulated unrealized loss on investment in debt security measured at fair value with change in fair value recognized in other comprehensive income (available-for-sale), in continuous unrealized loss position for 12 months or longer, without allowance for credit loss. Includes beneficial interest in securitized financial asset.",
      "available_units": [
        "USD"
      ],
      "data_points_count": 8,
      "latest_value": {
        "value": 153000000,
        "date": "2018-12-31",
        "fiscal_year": 2019,
        "form": "10-K",
        "filed": "2020-02-21",
        "unit": "USD",
        "type": "annual"
      },
      "date_range": {
        "earliest": "2018-12-31",
        "latest": "2025-06-30"
      }
    },
    "DeferredIncomeTaxLiabilities": {
      "taxonomy": "us-gaap",
      "label": "Deferred Tax Liabilities, Gross",
      "description": "Amount of deferred tax liability attributable to taxable temporary differences.",
      "available_units": [
        "USD"
      ],
      "data_points_count": 22,
      "latest_value": {
        "value": 1494000000,
        "date": "2024-12-31",
        "fiscal_year": 2024,
        "form": "10-K",
        "filed": "2025-02-27",
        "unit": "USD",
        "type": "annual"
      },
      "date_range": {
        "earliest": "2014-12-31",
        "latest": "2024-12-31"
      }
    },
    "DeferredTaxLiabilities": {
      "taxonomy": "us-gaap",
      "label": "Deferred Tax Liabilities, Net",
      "description": "Amount, after deferred tax asset, of deferred tax liability attributable to taxable differences without jurisdictional netting.",
      "available_units": [
        "USD"
      ],
      "data_points_count": 10,
      "latest_value": {
        "value": 1582000000,
        "date": "2014-12-31",
        "fiscal_year": 2014,
        "form": "10-K",
        "filed": "2015-02-23",
        "unit": "USD",
        "type": "annual"
      },
      "date_range": {
        "earliest": "2009-12-31",
        "latest": "2014-12-31"
      }
    },
    "DeferredTaxLiabilitiesOtherComprehensiveIncome": {
      "taxonomy": "us-gaap",
      "label": "Deferred Tax Liabilities, Other Comprehensive Income",
      "description": "Amount of deferred tax liability attributable to taxable temporary differences from unrealized gains in other comprehensive income.",
      "available_units": [
        "USD"
      ],
      "data_points_count": 9,
      "latest_value": {
        "value": 84000000,
        "date": "2018-12-31",
        "fiscal_year": 2018,
        "form": "10-K",
        "filed": "2019-02-26",
        "unit": "USD",
        "type": "annual"
      },
      "date_range": {
        "earliest": "2010-12-31",
        "latest": "2018-12-31"
      }
    },
    "DeferredTaxLiabilitiesPropertyPlantAndEquipment": {
      "taxonomy": "us-gaap",
      "label": "Deferred Tax Liabilities, Property, Plant and Equipment",
      "description": "Amount of deferred tax liability attributable to taxable temporary differences from property, plant, and equipment.",
      "available_units": [
        "USD"
      ],
      "data_points_count": 30,
      "latest_value": {
        "value": 982000000,
        "date": "2024-12-31",
        "fiscal_year": 2024,
        "form": "10-K",
        "filed": "2025-02-27",
        "unit": "USD",
        "type": "annual"
      },
      "date_range": {
        "earliest": "2010-12-31",
        "latest": "2024-12-31"
      }
    },
    "DeferredTaxLiabilitiesUnrealizedCurrencyTransactionGains": {
      "taxonomy": "us-gaap",
      "label": "Deferred Tax Liabilities, Unrealized Currency Transaction Gains",
      "description": "Amount of deferred tax liability attributable to taxable temporary differences from unrealized gains on foreign currency transactions.",
      "available_units": [
        "USD"
      ],
      "data_points_count": 2,
      "latest_value": {
        "value": 180000000,
        "date": "2017-12-31",
        "fiscal_year": 2017,
        "form": "10-K",
        "filed": "2018-02-26",
        "unit": "USD",
        "type": "annual"
      },
      "date_range": {
        "earliest": "2017-12-31",
        "latest": "2017-12-31"
      }
    },
    "DerivativeAssetFairValueGrossLiability": {
      "taxonomy": "us-gaap",
      "label": "Derivative Asset, Fair Value, Gross Liability",
      "description": "Fair value of liability associated with financial asset or other contract with one or more underlyings, notional amount or payment provision or both, and the contract can be net settled by means outside the contract or delivery of an asset.",
      "available_units": [
        "USD"
      ],
      "data_points_count": 50,
      "latest_value": {
        "value": 329013000000,
        "date": "2024-12-31",
        "fiscal_year": 2024,
        "form": "10-K",
        "filed": "2025-02-27",
        "unit": "USD",
        "type": "annual"
      },
      "date_range": {
        "earliest": "2013-12-31",
        "latest": "2025-06-30"
      }
    },
    "DerivativeFairValueOfDerivativeLiability": {
      "taxonomy": "us-gaap",
      "label": "Derivative Liability, Fair Value, Gross Liability",
      "description": "Fair value, before effects of master netting arrangements, of a financial liability or contract with one or more underlyings, notional amount or payment provision or both, and the contract can be net settled by means outside the contract or delivery of an asset. Includes liabilities elected not to be offset. Excludes liabilities not subject to a master netting arrangement.",
      "available_units": [
        "USD"
      ],
      "data_points_count": 124,
      "latest_value": {
        "value": 392695000000,
        "date": "2024-12-31",
        "fiscal_year": 2024,
        "form": "10-K",
        "filed": "2025-02-27",
        "unit": "USD",
        "type": "annual"
      },
      "date_range": {
        "earliest": "2009-12-31",
        "latest": "2025-06-30"
      }
    },
    "DerivativeLiabilities": {
      "taxonomy": "us-gaap",
      "label": "Derivative Liability",
      "description": "Fair value, after the effects of master netting arrangements, of a financial liability or contract with one or more underlyings, notional amount or payment provision or both, and the contract can be net settled by means outside the contract or delivery of an asset. Includes liabilities not subject to a master netting arrangement and not elected to be offset.",
      "available_units": [
        "USD"
      ],
      "data_points_count": 78,
      "latest_value": {
        "value": 74980000000,
        "date": "2024-12-31",
        "fiscal_year": 2024,
        "form": "10-K",
        "filed": "2025-02-27",
        "unit": "USD",
        "type": "annual"
      },
      "date_range": {
        "earliest": "2014-12-31",
        "latest": "2025-06-30"
      }
    },
    "DerivativeLiabilityDesignatedAsHedgingInstrumentFairValue": {
      "taxonomy": "us-gaap",
      "label": "Derivative Liability Designated as Hedging Instrument, Fair Value (Deprecated 2011-01-31)",
      "description": "Fair value of a derivative liability (or nonderivative instrument) that is designated and qualifies as a hedging instrument, presented on a gross basis even when the derivative instrument is subject to master netting arrangements and qualifies for net presentation in the statement of financial position.",
      "available_units": [
        "USD"
      ],
      "data_points_count": 10,
      "latest_value": {
        "value": 195000000,
        "date": "2010-12-31",
        "fiscal_year": 2010,
        "form": "10-K",
        "filed": "2011-03-01",
        "unit": "USD",
        "type": "annual"
      },
      "date_range": {
        "earliest": "2009-12-31",
        "latest": "2011-06-30"
      }
    },
    "DerivativeLiabilityFairValueGrossAsset": {
      "taxonomy": "us-gaap",
      "label": "Derivative Liability, Fair Value, Gross Asset",
      "description": "Fair value of asset associated with financial liability or contract with one or more underlyings, notional amount or payment provision or both, and the contract can be net settled by means outside the contract or delivery of an asset.",
      "available_units": [
        "USD"
      ],
      "data_points_count": 50,
      "latest_value": {
        "value": 317715000000,
        "date": "2024-12-31",
        "fiscal_year": 2024,
        "form": "10-K",
        "filed": "2025-02-27",
        "unit": "USD",
        "type": "annual"
      },
      "date_range": {
        "earliest": "2013-12-31",
        "latest": "2025-06-30"
      }
    },
    "DerivativeLiabilityFairValueOffsetAgainstCollateralNetOfNotSubjectToMasterNettingArrangementPolicyElection": {
      "taxonomy": "us-gaap",
      "label": "Derivative Liability, Fair Value, Offset Against Collateral, Net of Not Subject to Master Netting Arrangement, Policy Election",
      "description": "Fair value, after effects of master netting arrangements, deduction of liabilities not subject to a master netting arrangement and elected not to be offset, of financial liability or contract with one or more underlyings, notional amount or payment provision or both, and the contract can be net settled by means outside the contract or delivery of an asset, offset against the right to receive collateral.",
      "available_units": [
        "USD"
      ],
      "data_points_count": 84,
      "latest_value": {
        "value": 64978000000,
        "date": "2024-12-31",
        "fiscal_year": 2024,
        "form": "10-K",
        "filed": "2025-02-27",
        "unit": "USD",
        "type": "annual"
      },
      "date_range": {
        "earliest": "2014-12-31",
        "latest": "2025-03-31"
      }
    },
    "DerivativeLiabilityNotDesignatedAsHedgingInstrumentFairValue": {
      "taxonomy": "us-gaap",
      "label": "Derivative Liability Not Designated as Hedging Instrument, Fair Value (Deprecated 2011-01-31)",
      "description": "Fair value of a derivative liability that is not designated or qualifying as a hedging instrument, presented on a gross basis even when the derivative instrument is subject to master netting arrangements and qualifies for net presentation in the statement of financial position.",
      "available_units": [
        "USD"
      ],
      "data_points_count": 10,
      "latest_value": {
        "value": 690808000000,
        "date": "2010-12-31",
        "fiscal_year": 2010,
        "form": "10-K",
        "filed": "2011-03-01",
        "unit": "USD",
        "type": "annual"
      },
      "date_range": {
        "earliest": "2009-12-31",
        "latest": "2011-06-30"
      }
    },
    "DerivativeLiabilityNotSubjectToMasterNettingArrangement": {
      "taxonomy": "us-gaap",
      "label": "Derivative Liability, Not Subject to Master Netting Arrangement",
      "description": "Fair value of financial liability or contract with one or more underlyings, notional amount or payment provision or both, and the contract can be net settled by means outside the contract or delivery of an asset, not subject to a master netting arrangement.",
      "available_units": [
        "USD"
      ],
      "data_points_count": 98,
      "latest_value": {
        "value": 10840000000,
        "date": "2024-12-31",
        "fiscal_year": 2024,
        "form": "10-K",
        "filed": "2025-02-27",
        "unit": "USD",
        "type": "annual"
      },
      "date_range": {
        "earliest": "2012-12-31",
        "latest": "2025-06-30"
      }
    },
    "DerivativeNetLiabilityPositionAggregateFairValue": {
      "taxonomy": "us-gaap",
      "label": "Derivative, Net Liability Position, Aggregate Fair Value",
      "description": "The aggregate fair value amounts of derivative instruments that contain credit-risk-related contingent features that are in a net liability position at the end of the reporting period. For nonderivative instruments that are designated and qualify as hedging instruments, the fair value amounts are the carrying value of the nonderivative hedging instrument, including the adjustment for the foreign currency transaction gain (loss) on that instrument.",
      "available_units": [
        "USD"
      ],
      "data_points_count": 124,
      "latest_value": {
        "value": 31575000000,
        "date": "2024-12-31",
        "fiscal_year": 2024,
        "form": "10-K",
        "filed": "2025-02-27",
        "unit": "USD",
        "type": "annual"
      },
      "date_range": {
        "earliest": "2009-12-31",
        "latest": "2025-06-30"
      }
    },
    "EmbeddedDerivativeFairValueOfEmbeddedDerivativeLiability": {
      "taxonomy": "us-gaap",
      "label": "Embedded Derivative, Fair Value of Embedded Derivative Liability",
      "description": "Fair value as of the balance sheet date of the embedded derivative or group of embedded derivatives classified as a liability.",
      "available_units": [
        "USD"
      ],
      "data_points_count": 124,
      "latest_value": {
        "value": 175000000,
        "date": "2024-12-31",
        "fiscal_year": 2024,
        "form": "10-K",
        "filed": "2025-02-27",
        "unit": "USD",
        "type": "annual"
      },
      "date_range": {
        "earliest": "2009-12-31",
        "latest": "2025-06-30"
      }
    },
    "FairValueMeasurementWithUnobservableInputsReconciliationRecurringBasisLiabilityGainLossIncludedInEarnings": {
      "taxonomy": "us-gaap",
      "label": "Fair Value, Measurement with Unobservable Inputs Reconciliation, Recurring Basis, Liability, Gain (Loss) Included in Earnings",
      "description": "Amount of gain (loss) recognized in income from liability measured at fair value on recurring basis using unobservable input (level 3).",
      "available_units": [
        "USD"
      ],
      "data_points_count": 10,
      "latest_value": {
        "value": 858000000,
        "date": "2015-12-31",
        "fiscal_year": 2015,
        "form": "10-K",
        "filed": "2016-02-22",
        "unit": "USD",
        "type": "annual"
      },
      "date_range": {
        "earliest": "2014-12-31",
        "latest": "2016-06-30"
      }
    },
    "FairValueNetDerivativeAssetLiabilityMeasuredOnRecurringBasisUnobservableInputsReconciliationGainLossIncludedInEarnings": {
      "taxonomy": "us-gaap",
      "label": "Fair Value, Net Derivative Asset (Liability) Measured on Recurring Basis, Unobservable Inputs Reconciliation, Gain (Loss) Included in Earnings",
      "description": "Amount of gain (loss) recognized in income from derivative asset (liability) after deduction of derivative liability (asset), measured at fair value on recurring basis using unobservable input (level 3).",
      "available_units": [
        "USD"
      ],
      "data_points_count": 107,
      "latest_value": {
        "value": -104000000,
        "date": "2024-12-31",
        "fiscal_year": 2024,
        "form": "10-K",
        "filed": "2025-02-27",
        "unit": "USD",
        "type": "annual"
      },
      "date_range": {
        "earliest": "2015-09-30",
        "latest": "2025-06-30"
      }
    },
    "FairValueNetDerivativeAssetLiabilityMeasuredOnRecurringBasisUnobservableInputsReconciliationPurchases": {
      "taxonomy": "us-gaap",
      "label": "Fair Value, Net Derivative Asset (Liability) Measured on Recurring Basis, Unobservable Inputs Reconciliation, Purchases",
      "description": "Amount of purchases of financial instrument classified as a derivative asset (liability) after deduction of derivative liability (asset), measured using unobservable inputs that reflect the entity's own assumption about the assumptions market participants would use in pricing.",
      "available_units": [
        "USD"
      ],
      "data_points_count": 134,
      "latest_value": {
        "value": 480000000,
        "date": "2024-12-31",
        "fiscal_year": 2024,
        "form": "10-K",
        "filed": "2025-02-27",
        "unit": "USD",
        "type": "annual"
      },
      "date_range": {
        "earliest": "2013-09-30",
        "latest": "2025-06-30"
      }
    },
    "FairValueNetDerivativeAssetLiabilityMeasuredOnRecurringBasisUnobservableInputsReconciliationSales": {
      "taxonomy": "us-gaap",
      "label": "Fair Value, Net Derivative Asset (Liability) Measured on Recurring Basis, Unobservable Inputs Reconciliation, Sales",
      "description": "Amount of sales of financial instrument classified as a derivative asset (liability) after deduction of derivative liability (asset), measured using unobservable inputs that reflect the entity's own assumption about the assumptions market participants would use in pricing.",
      "available_units": [
        "USD"
      ],
      "data_points_count": 134,
      "latest_value": {
        "value": 885000000,
        "date": "2024-12-31",
        "fiscal_year": 2024,
        "form": "10-K",
        "filed": "2025-02-27",
        "unit": "USD",
        "type": "annual"
      },
      "date_range": {
        "earliest": "2013-09-30",
        "latest": "2025-06-30"
      }
    },
    "FairValueNetDerivativeAssetLiabilityMeasuredOnRecurringBasisUnobservableInputsReconciliationSettlements": {
      "taxonomy": "us-gaap",
      "label": "Fair Value, Net Derivative Asset (Liability) Measured on Recurring Basis, Unobservable Inputs Reconciliation, Settlements",
      "description": "Amount of settlements of financial instrument classified as a derivative asset (liability) after deduction of derivative liability, measured using unobservable inputs that reflect the entity's own assumption about the assumptions market participants would use in pricing.",
      "available_units": [
        "USD"
      ],
      "data_points_count": 134,
      "latest_value": {
        "value": 573000000,
        "date": "2024-12-31",
        "fiscal_year": 2024,
        "form": "10-K",
        "filed": "2025-02-27",
        "unit": "USD",
        "type": "annual"
      },
      "date_range": {
        "earliest": "2013-09-30",
        "latest": "2025-06-30"
      }
    },
    "FairValueNetDerivativeAssetLiabilityMeasuredOnRecurringBasisUnobservableInputsReconciliationTransfersIntoLevel3": {
      "taxonomy": "us-gaap",
      "label": "Fair Value, Net Derivative Asset (Liability) Measured on Recurring Basis, Unobservable Inputs Reconciliation, Transfers into Level 3",
      "description": "Amount of transfers of financial instrument classified as a derivative asset (liability) after deduction of derivative liability (asset) into level 3 of the fair value hierarchy.",
      "available_units": [
        "USD"
      ],
      "data_points_count": 133,
      "latest_value": {
        "value": -25000000,
        "date": "2024-12-31",
        "fiscal_year": 2024,
        "form": "10-K",
        "filed": "2025-02-27",
        "unit": "USD",
        "type": "annual"
      },
      "date_range": {
        "earliest": "2013-09-30",
        "latest": "2025-06-30"
      }
    },
    "FairValueNetDerivativeAssetLiabilityMeasuredOnRecurringBasisUnobservableInputsReconciliationTransfersOutOfLevel3": {
      "taxonomy": "us-gaap",
      "label": "Fair Value, Net Derivative Asset (Liability) Measured on Recurring Basis, Unobservable Inputs Reconciliation, Transfers out of Level 3",
      "description": "Amount of transfers of financial instrument classified as derivative asset (liability) after deduction of derivative liability (asset) out of level 3 of the fair value hierarchy.",
      "available_units": [
        "USD"
      ],
      "data_points_count": 134,
      "latest_value": {
        "value": -24000000,
        "date": "2024-12-31",
        "fiscal_year": 2024,
        "form": "10-K",
        "filed": "2025-02-27",
        "unit": "USD",
        "type": "annual"
      },
      "date_range": {
        "earliest": "2013-09-30",
        "latest": "2025-06-30"
      }
    },
    "FairValueNetDerivativeAssetLiabilityMeasuredOnRecurringBasisWithUnobservableInputs": {
      "taxonomy": "us-gaap",
      "label": "Fair Value, Net Derivative Asset (Liability) Measured on Recurring Basis with Unobservable Inputs",
      "description": "Fair value of financial instrument classified as derivative asset (liability) after deduction of derivative liability (asset), measured using unobservable inputs that reflect the entity's own assumption about the assumptions market participants would use in pricing.",
      "available_units": [
        "USD"
      ],
      "data_points_count": 212,
      "latest_value": {
        "value": 825000000,
        "date": "2024-12-31",
        "fiscal_year": 2024,
        "form": "10-K",
        "filed": "2025-02-27",
        "unit": "USD",
        "type": "annual"
      },
      "date_range": {
        "earliest": "2012-12-31",
        "latest": "2025-06-30"
      }
    },
    "FairValueOptionLoansHeldAsAssetsAggregateDifference": {
      "taxonomy": "us-gaap",
      "label": "Fair Value, Option, Loans Held as Assets, Aggregate Difference",
      "description": "For loans held as assets for which the fair value option has been elected, this item represents the difference between the aggregate fair value and the aggregate unpaid principal balance of those loans that are 90 days or more past due, in nonaccrual status, or both.",
      "available_units": [
        "USD"
      ],
      "data_points_count": 124,
      "latest_value": {
        "value": 2402000000,
        "date": "2024-12-31",
        "fiscal_year": 2024,
        "form": "10-K",
        "filed": "2025-02-27",
        "unit": "USD",
        "type": "annual"
      },
      "date_range": {
        "earliest": "2009-12-31",
        "latest": "2025-06-30"
      }
    },
    "FinancialInstrumentsSoldNotYetPurchasedAtFairValue": {
      "taxonomy": "us-gaap",
      "label": "Financial Instruments Sold, Not yet Purchased, at Fair Value",
      "description": "Fair value of obligations incurred from short sales.",
      "available_units": [
        "USD"
      ],
      "data_points_count": 74,
      "latest_value": {
        "value": 108897000000,
        "date": "2018-12-31",
        "fiscal_year": 2018,
        "form": "10-K",
        "filed": "2019-02-26",
        "unit": "USD",
        "type": "annual"
      },
      "date_range": {
        "earliest": "2009-12-31",
        "latest": "2019-09-30"
      }
    },
    "FinancialLiabilitiesFairValueDisclosure": {
      "taxonomy": "us-gaap",
      "label": "Financial Liabilities Fair Value Disclosure",
      "description": "Fair value of financial obligations, including, but not limited to, debt instruments, derivative liabilities, federal funds purchased and sold under agreements to repurchase, securities loaned or sold under agreements to repurchase, financial instruments sold not yet purchased, guarantees, line of credit, loans and notes payable, servicing liability, and trading liabilities.",
      "available_units": [
        "USD"
      ],
      "data_points_count": 72,
      "latest_value": {
        "value": 497106000000,
        "date": "2024-12-31",
        "fiscal_year": 2024,
        "form": "10-K",
        "filed": "2025-02-27",
        "unit": "USD",
        "type": "annual"
      },
      "date_range": {
        "earliest": "2015-12-31",
        "latest": "2025-06-30"
      }
    },
    "FinancingReceivablePercentPastDue1": {
      "taxonomy": "us-gaap",
      "label": "Financing Receivable, Percent Past Due",
      "description": "Percentage of financing receivable balance that is past due.",
      "available_units": [
        "pure"
      ],
      "data_points_count": 44,
      "latest_value": {
        "value": 0.007,
        "date": "2024-12-31",
        "fiscal_year": 2024,
        "form": "10-K",
        "filed": "2025-02-27",
        "unit": "pure",
        "type": "annual"
      },
      "date_range": {
        "earliest": "2019-12-31",
        "latest": "2025-06-30"
      }
    },
    "FinancingReceivableRecordedInvestmentPastDue": {
      "taxonomy": "us-gaap",
      "label": "Financing Receivable, Past Due",
      "description": "Amount of financing receivable past due.",
      "available_units": [
        "USD"
      ],
      "data_points_count": 12,
      "latest_value": {
        "value": 804000000,
        "date": "2020-12-31",
        "fiscal_year": 2020,
        "form": "10-K",
        "filed": "2021-02-22",
        "unit": "USD",
        "type": "annual"
      },
      "date_range": {
        "earliest": "2019-12-31",
        "latest": "2021-06-30"
      }
    },
    "GainLossOnContractTermination": {
      "taxonomy": "us-gaap",
      "label": "Gain (Loss) on Contract Termination",
      "description": "Gain (loss) related to the termination of a contract between the parties. The termination may be due to many causes including early termination of a lease by a lessee, a breach of contract by one party, or a failure to perform.",
      "available_units": [
        "USD"
      ],
      "data_points_count": 7,
      "latest_value": {
        "value": -68000000,
        "date": "2016-12-31",
        "fiscal_year": 2016,
        "form": "10-K",
        "filed": "2017-02-27",
        "unit": "USD",
        "type": "annual"
      },
      "date_range": {
        "earliest": "2016-09-30",
        "latest": "2018-03-31"
      }
    },
    "InterestAndDividendIncomeOperating": {
      "taxonomy": "us-gaap",
      "label": "Interest and Dividend Income, Operating",
      "description": "Represents the total of interest and dividend income, including any amortization and accretion (as applicable) of discounts and premiums, earned from (1) loans and leases whether held-for-sale or held-in-portfolio; (2) investment securities; (3) federal funds sold; (4) securities purchased under agreements to resell; (5) investments in banker's acceptances, commercial paper, or certificates of deposit; (6) dividend income; or (7) other investments not otherwise specified herein.",
      "available_units": [
        "USD"
      ],
      "data_points_count": 159,
      "latest_value": {
        "value": 81397000000,
        "date": "2024-12-31",
        "fiscal_year": 2024,
        "form": "10-K",
        "filed": "2025-02-27",
        "unit": "USD",
        "type": "annual"
      },
      "date_range": {
        "earliest": "2011-12-31",
        "latest": "2025-06-30"
      }
    },
    "InterestExpenseShortTermBorrowingsExcludingFederalFundsAndSecuritiesSoldUnderAgreementsToRepurchase": {
      "taxonomy": "us-gaap",
      "label": "Interest Expense, Short-term Borrowings Excluding Federal Funds and Securities Sold under Agreements to Repurchase",
      "description": "The aggregate interest expense incurred on short-term borrowings including commercial paper, Federal Home Loan Bank and Federal Reserve Bank advances and other short term borrowings.",
      "available_units": [
        "USD"
      ],
      "data_points_count": 146,
      "latest_value": {
        "value": 2112000000,
        "date": "2024-12-31",
        "fiscal_year": 2024,
        "form": "10-K",
        "filed": "2025-02-27",
        "unit": "USD",
        "type": "annual"
      },
      "date_range": {
        "earliest": "2012-12-31",
        "latest": "2025-06-30"
      }
    },
    "LesseeOperatingLeaseLiabilityPaymentsDue": {
      "taxonomy": "us-gaap",
      "label": "Lessee, Operating Lease, Liability, to be Paid",
      "description": "Amount of lessee's undiscounted obligation for lease payment for operating lease.",
      "available_units": [
        "USD"
      ],
      "data_points_count": 48,
      "latest_value": {
        "value": 2663000000,
        "date": "2024-12-31",
        "fiscal_year": 2024,
        "form": "10-K",
        "filed": "2025-02-27",
        "unit": "USD",
        "type": "annual"
      },
      "date_range": {
        "earliest": "2019-03-31",
        "latest": "2025-06-30"
      }
    },
    "LesseeOperatingLeaseLiabilityPaymentsDueAfterYearFive": {
      "taxonomy": "us-gaap",
      "label": "Lessee, Operating Lease, Liability, to be Paid, after Year Five",
      "description": "Amount of lessee's undiscounted obligation for lease payment for operating lease due after fifth fiscal year following current fiscal year. Excludes interim and annual periods when interim periods are reported from current statement of financial position date (rolling approach).",
      "available_units": [
        "USD"
      ],
      "data_points_count": 27,
      "latest_value": {
        "value": 1298000000,
        "date": "2024-12-31",
        "fiscal_year": 2024,
        "form": "10-K",
        "filed": "2025-02-27",
        "unit": "USD",
        "type": "annual"
      },
      "date_range": {
        "earliest": "2019-12-31",
        "latest": "2024-12-31"
      }
    },
    "LesseeOperatingLeaseLiabilityPaymentsDueNextTwelveMonths": {
      "taxonomy": "us-gaap",
      "label": "Lessee, Operating Lease, Liability, to be Paid, Year One",
      "description": "Amount of lessee's undiscounted obligation for lease payment for operating lease to be paid in next fiscal year following current fiscal year. Excludes interim and annual periods when interim periods are reported from current statement of financial position date (rolling approach).",
      "available_units": [
        "USD"
      ],
      "data_points_count": 43,
      "latest_value": {
        "value": 295000000,
        "date": "2024-12-31",
        "fiscal_year": 2024,
        "form": "10-K",
        "filed": "2025-02-27",
        "unit": "USD",
        "type": "annual"
      },
      "date_range": {
        "earliest": "2019-12-31",
        "latest": "2025-06-30"
      }
    },
    "LesseeOperatingLeaseLiabilityPaymentsDueYearFive": {
      "taxonomy": "us-gaap",
      "label": "Lessee, Operating Lease, Liability, to be Paid, Year Five",
      "description": "Amount of lessee's undiscounted obligation for lease payment for operating lease to be paid in fifth fiscal year following current fiscal year. Excludes interim and annual periods when interim periods are reported from current statement of financial position date (rolling approach).",
      "available_units": [
        "USD"
      ],
      "data_points_count": 32,
      "latest_value": {
        "value": 225000000,
        "date": "2024-12-31",
        "fiscal_year": 2024,
        "form": "10-K",
        "filed": "2025-02-27",
        "unit": "USD",
        "type": "annual"
      },
      "date_range": {
        "earliest": "2019-03-31",
        "latest": "2024-12-31"
      }
    },
    "LesseeOperatingLeaseLiabilityPaymentsDueYearFour": {
      "taxonomy": "us-gaap",
      "label": "Lessee, Operating Lease, Liability, to be Paid, Year Four",
      "description": "Amount of lessee's undiscounted obligation for lease payment for operating lease to be paid in fourth fiscal year following current fiscal year. Excludes interim and annual periods when interim periods are reported from current statement of financial position date (rolling approach).",
      "available_units": [
        "USD"
      ],
      "data_points_count": 48,
      "latest_value": {
        "value": 252000000,
        "date": "2024-12-31",
        "fiscal_year": 2024,
        "form": "10-K",
        "filed": "2025-02-27",
        "unit": "USD",
        "type": "annual"
      },
      "date_range": {
        "earliest": "2019-03-31",
        "latest": "2025-06-30"
      }
    },
    "LesseeOperatingLeaseLiabilityPaymentsDueYearThree": {
      "taxonomy": "us-gaap",
      "label": "Lessee, Operating Lease, Liability, to be Paid, Year Three",
      "description": "Amount of lessee's undiscounted obligation for lease payment for operating lease to be paid in third fiscal year following current fiscal year. Excludes interim and annual periods when interim periods are reported from current statement of financial position date (rolling approach).",
      "available_units": [
        "USD"
      ],
      "data_points_count": 48,
      "latest_value": {
        "value": 278000000,
        "date": "2024-12-31",
        "fiscal_year": 2024,
        "form": "10-K",
        "filed": "2025-02-27",
        "unit": "USD",
        "type": "annual"
      },
      "date_range": {
        "earliest": "2019-03-31",
        "latest": "2025-06-30"
      }
    },
    "LesseeOperatingLeaseLiabilityPaymentsDueYearTwo": {
      "taxonomy": "us-gaap",
      "label": "Lessee, Operating Lease, Liability, to be Paid, Year Two",
      "description": "Amount of lessee's undiscounted obligation for lease payment for operating lease to be paid in second fiscal year following current fiscal year. Excludes interim and annual periods when interim periods are reported from current statement of financial position date (rolling approach).",
      "available_units": [
        "USD"
      ],
      "data_points_count": 48,
      "latest_value": {
        "value": 315000000,
        "date": "2024-12-31",
        "fiscal_year": 2024,
        "form": "10-K",
        "filed": "2025-02-27",
        "unit": "USD",
        "type": "annual"
      },
      "date_range": {
        "earliest": "2019-03-31",
        "latest": "2025-06-30"
      }
    },
    "LesseeOperatingLeaseLiabilityPaymentsRemainderOfFiscalYear": {
      "taxonomy": "us-gaap",
      "label": "Lessee, Operating Lease, Liability, to be Paid, Remainder of Fiscal Year",
      "description": "Amount of lessee's undiscounted obligation for lease payment for operating lease having initial or remaining lease term in excess of one year to be paid in remainder of current fiscal year.",
      "available_units": [
        "USD"
      ],
      "data_points_count": 22,
      "latest_value": {
        "value": 152000000,
        "date": "2025-06-30",
        "fiscal_year": 2025,
        "fiscal_period": "Q2",
        "form": "10-Q",
        "filed": "2025-08-01",
        "unit": "USD",
        "type": "quarterly"
      },
      "date_range": {
        "earliest": "2019-03-31",
        "latest": "2025-06-30"
      }
    },
    "LesseeOperatingLeaseLiabilityUndiscountedExcessAmount": {
      "taxonomy": "us-gaap",
      "label": "Lessee, Operating Lease, Liability, Undiscounted Excess Amount",
      "description": "Amount of lessee's undiscounted obligation for lease payments in excess of discounted obligation for lease payments for operating lease.",
      "available_units": [
        "USD"
      ],
      "data_points_count": 48,
      "latest_value": {
        "value": 601000000,
        "date": "2024-12-31",
        "fiscal_year": 2024,
        "form": "10-K",
        "filed": "2025-02-27",
        "unit": "USD",
        "type": "annual"
      },
      "date_range": {
        "earliest": "2019-03-31",
        "latest": "2025-06-30"
      }
    },
    "LiabilitiesFairValueDisclosure": {
      "taxonomy": "us-gaap",
      "label": "Financial and Nonfinancial Liabilities, Fair Value Disclosure",
      "description": "Fair value of financial and nonfinancial obligations.",
      "available_units": [
        "USD"
      ],
      "data_points_count": 141,
      "latest_value": {
        "value": 699661000000,
        "date": "2024-12-31",
        "fiscal_year": 2024,
        "form": "10-K",
        "filed": "2025-02-27",
        "unit": "USD",
        "type": "annual"
      },
      "date_range": {
        "earliest": "2010-12-31",
        "latest": "2025-06-30"
      }
    },
    "LiabilitiesForGuaranteesOnLongDurationContractsGuaranteedBenefitLiabilityGross": {
      "taxonomy": "us-gaap",
      "label": "Liabilities for Guarantees on Long-Duration Contracts, Guaranteed Benefit Liability, Gross",
      "description": "Amount of expected guaranteed benefits in excess of the projected account balances for minimum guaranteed benefit contracts, as of the balance sheet date.",
      "available_units": [
        "USD"
      ],
      "data_points_count": 22,
      "latest_value": {
        "value": 0,
        "date": "2012-12-31",
        "fiscal_year": 2012,
        "form": "10-K",
        "filed": "2013-03-01",
        "unit": "USD",
        "type": "annual"
      },
      "date_range": {
        "earliest": "2009-12-31",
        "latest": "2012-12-31"
      }
    },
    "LiabilityForFuturePolicyBenefitsAndUnpaidClaimsAndClaimsAdjustmentExpense": {
      "taxonomy": "us-gaap",
      "label": "Liability for Future Policy Benefits and Unpaid Claims and Claims Adjustment Expense",
      "description": "The aggregate amount of policy reserves (provided for future obligations including unpaid claims and claims adjustment expenses) and policy benefits (liability for future policy benefits) as of the balance sheet date; grouped amount of all the liabilities associated with the company's insurance policies.",
      "available_units": [
        "USD"
      ],
      "data_points_count": 22,
      "latest_value": {
        "value": 10274000000,
        "date": "2012-12-31",
        "fiscal_year": 2012,
        "form": "10-K",
        "filed": "2013-03-01",
        "unit": "USD",
        "type": "annual"
      },
      "date_range": {
        "earliest": "2009-12-31",
        "latest": "2012-12-31"
      }
    },
    "LoansAndLeasesReceivableRatioOfNonperformingLoansToAllLoans": {
      "taxonomy": "us-gaap",
      "label": "Loans and Leases Receivable, Ratio of Nonperforming Loans to All Loans",
      "description": "Reflects the percentage derived from dividing impaired loans on which interest has ceased to be accrued by total loans.",
      "available_units": [
        "pure"
      ],
      "data_points_count": 44,
      "latest_value": {
        "value": 0.019,
        "date": "2024-12-31",
        "fiscal_year": 2024,
        "form": "10-K",
        "filed": "2025-02-27",
        "unit": "pure",
        "type": "annual"
      },
      "date_range": {
        "earliest": "2019-12-31",
        "latest": "2025-06-30"
      }
    },
    "LongTermDebtNoncurrent": {
      "taxonomy": "us-gaap",
      "label": "Long-term Debt, Excluding Current Maturities",
      "description": "Amount after unamortized (discount) premium and debt issuance costs of long-term debt classified as noncurrent and excluding amounts to be repaid within one year or the normal operating cycle, if longer. Includes, but not limited to, notes payable, bonds payable, debentures, mortgage loans and commercial paper. Excludes capital lease obligations.",
      "available_units": [
        "USD"
      ],
      "data_points_count": 78,
      "latest_value": {
        "value": 236027000000,
        "date": "2018-12-31",
        "fiscal_year": 2018,
        "form": "10-K",
        "filed": "2019-02-26",
        "unit": "USD",
        "type": "annual"
      },
      "date_range": {
        "earliest": "2009-12-31",
        "latest": "2019-09-30"
      }
    },
    "NetCashProvidedByUsedInFinancingActivities": {
      "taxonomy": "us-gaap",
      "label": "Net Cash Provided by (Used in) Financing Activities",
      "description": "Amount of cash inflow (outflow) from financing activities, including discontinued operations. Financing activity cash flows include obtaining resources from owners and providing them with a return on, and a return of, their investment; borrowing money and repaying amounts borrowed, or settling the obligation; and obtaining and paying for other resources obtained from creditors on long-term credit.",
      "available_units": [
        "USD"
      ],
      "data_points_count": 65,
      "latest_value": {
        "value": 7323000000,
        "date": "2024-12-31",
        "fiscal_year": 2024,
        "form": "10-K",
        "filed": "2025-02-27",
        "unit": "USD",
        "type": "annual"
      },
      "date_range": {
        "earliest": "2016-12-31",
        "latest": "2025-06-30"
      }
    },
    "NetCashProvidedByUsedInFinancingActivitiesContinuingOperations": {
      "taxonomy": "us-gaap",
      "label": "Net Cash Provided by (Used in) Financing Activities, Continuing Operations",
      "description": "Amount of cash inflow (outflow) of financing activities, excluding discontinued operations. Financing activity cash flows include obtaining resources from owners and providing them with a return on, and a return of, their investment; borrowing money and repaying amounts borrowed, or settling the obligation; and obtaining and paying for other resources obtained from creditors on long-term credit.",
      "available_units": [
        "USD"
      ],
      "data_points_count": 86,
      "latest_value": {
        "value": 35198000000,
        "date": "2017-12-31",
        "fiscal_year": 2017,
        "form": "10-K",
        "filed": "2018-02-26",
        "unit": "USD",
        "type": "annual"
      },
      "date_range": {
        "earliest": "2007-11-30",
        "latest": "2018-03-31"
      }
    },
    "NetCashProvidedByUsedInInvestingActivities": {
      "taxonomy": "us-gaap",
      "label": "Net Cash Provided by (Used in) Investing Activities",
      "description": "Amount of cash inflow (outflow) from investing activities, including discontinued operations. Investing activity cash flows include making and collecting loans and acquiring and disposing of debt or equity instruments and property, plant, and equipment and other productive assets.",
      "available_units": [
        "USD"
      ],
      "data_points_count": 65,
      "latest_value": {
        "value": -49624000000,
        "date": "2024-12-31",
        "fiscal_year": 2024,
        "form": "10-K",
        "filed": "2025-02-27",
        "unit": "USD",
        "type": "annual"
      },
      "date_range": {
        "earliest": "2016-12-31",
        "latest": "2025-06-30"
      }
    },
    "NetCashProvidedByUsedInInvestingActivitiesContinuingOperations": {
      "taxonomy": "us-gaap",
      "label": "Net Cash Provided by (Used in) Investing Activities, Continuing Operations",
      "description": "Amount of cash inflow (outflow) of investing activities, excluding discontinued operations. Investing activity cash flows include making and collecting loans and acquiring and disposing of debt or equity instruments and property, plant, and equipment and other productive assets.",
      "available_units": [
        "USD"
      ],
      "data_points_count": 77,
      "latest_value": {
        "value": -29116000000,
        "date": "2017-12-31",
        "fiscal_year": 2017,
        "form": "10-K",
        "filed": "2018-02-26",
        "unit": "USD",
        "type": "annual"
      },
      "date_range": {
        "earliest": "2007-11-30",
        "latest": "2018-03-31"
      }
    },
    "NonRecourseDebt": {
      "taxonomy": "us-gaap",
      "label": "Non-Recourse Debt",
      "description": "Amount of debt for which creditor does not have general recourse to the debtor but rather has recourse only to the property used for collateral in the transaction or other specific property.",
      "available_units": [
        "USD"
      ],
      "data_points_count": 64,
      "latest_value": {
        "value": 8640000000,
        "date": "2021-12-31",
        "fiscal_year": 2021,
        "form": "10-K",
        "filed": "2022-02-25",
        "unit": "USD",
        "type": "annual"
      },
      "date_range": {
        "earliest": "2013-12-31",
        "latest": "2022-03-31"
      }
    },
    "OperatingLeaseLiability": {
      "taxonomy": "us-gaap",
      "label": "Operating Lease, Liability",
      "description": "Present value of lessee's discounted obligation for lease payments from operating lease.",
      "available_units": [
        "USD"
      ],
      "data_points_count": 48,
      "latest_value": {
        "value": 2062000000,
        "date": "2024-12-31",
        "fiscal_year": 2024,
        "form": "10-K",
        "filed": "2025-02-27",
        "unit": "USD",
        "type": "annual"
      },
      "date_range": {
        "earliest": "2019-03-31",
        "latest": "2025-06-30"
      }
    },
    "OperatingLeasesFutureMinimumPaymentsDue": {
      "taxonomy": "us-gaap",
      "label": "Operating Leases, Future Minimum Payments Due",
      "description": "Amount of required minimum rental payments for leases having an initial or remaining non-cancelable letter-terms in excess of one year.",
      "available_units": [
        "USD"
      ],
      "data_points_count": 23,
      "latest_value": {
        "value": 2399000000,
        "date": "2018-12-31",
        "fiscal_year": 2018,
        "form": "10-K",
        "filed": "2019-02-26",
        "unit": "USD",
        "type": "annual"
      },
      "date_range": {
        "earliest": "2013-09-30",
        "latest": "2018-12-31"
      }
    },
    "OperatingLeasesFutureMinimumPaymentsDueCurrent": {
      "taxonomy": "us-gaap",
      "label": "Operating Leases, Future Minimum Payments Due, Next Twelve Months",
      "description": "Amount of required minimum rental payments for operating leases having an initial or remaining non-cancelable lease term in excess of one year due in the next fiscal year following the latest fiscal year. Excludes interim and annual periods when interim periods are reported on a rolling approach, from latest balance sheet date.",
      "available_units": [
        "USD"
      ],
      "data_points_count": 11,
      "latest_value": {
        "value": 281000000,
        "date": "2018-12-31",
        "fiscal_year": 2018,
        "form": "10-K",
        "filed": "2019-02-26",
        "unit": "USD",
        "type": "annual"
      },
      "date_range": {
        "earliest": "2013-09-30",
        "latest": "2018-12-31"
      }
    },
    "OperatingLeasesFutureMinimumPaymentsDueInFiveYears": {
      "taxonomy": "us-gaap",
      "label": "Operating Leases, Future Minimum Payments, Due in Five Years",
      "description": "Amount of required minimum rental payments for operating leases having an initial or remaining non-cancelable lease term in excess of one year due in the fifth fiscal year following the latest fiscal year. Excludes interim and annual periods when interim periods are reported on a rolling approach, from latest balance sheet date.",
      "available_units": [
        "USD"
      ],
      "data_points_count": 23,
      "latest_value": {
        "value": 142000000,
        "date": "2018-12-31",
        "fiscal_year": 2018,
        "form": "10-K",
        "filed": "2019-02-26",
        "unit": "USD",
        "type": "annual"
      },
      "date_range": {
        "earliest": "2013-09-30",
        "latest": "2018-12-31"
      }
    },
    "OperatingLeasesFutureMinimumPaymentsDueInFourYears": {
      "taxonomy": "us-gaap",
      "label": "Operating Leases, Future Minimum Payments, Due in Four Years",
      "description": "Amount of required minimum rental payments for operating leases having an initial or remaining non-cancelable lease term in excess of one year due in the fourth fiscal year following the latest fiscal year. Excludes interim and annual periods when interim periods are reported on a rolling approach, from latest balance sheet date.",
      "available_units": [
        "USD"
      ],
      "data_points_count": 23,
      "latest_value": {
        "value": 177000000,
        "date": "2018-12-31",
        "fiscal_year": 2018,
        "form": "10-K",
        "filed": "2019-02-26",
        "unit": "USD",
        "type": "annual"
      },
      "date_range": {
        "earliest": "2013-09-30",
        "latest": "2018-12-31"
      }
    },
    "OperatingLeasesFutureMinimumPaymentsDueInThreeYears": {
      "taxonomy": "us-gaap",
      "label": "Operating Leases, Future Minimum Payments, Due in Three Years",
      "description": "Amount of required minimum rental payments for operating leases having an initial or remaining non-cancelable lease term in excess of one year due in the third fiscal year following the latest fiscal year. Excludes interim and annual periods when interim periods are reported on a rolling approach, from latest balance sheet date.",
      "available_units": [
        "USD"
      ],
      "data_points_count": 23,
      "latest_value": {
        "value": 218000000,
        "date": "2018-12-31",
        "fiscal_year": 2018,
        "form": "10-K",
        "filed": "2019-02-26",
        "unit": "USD",
        "type": "annual"
      },
      "date_range": {
        "earliest": "2013-09-30",
        "latest": "2018-12-31"
      }
    },
    "OperatingLeasesFutureMinimumPaymentsDueInTwoYears": {
      "taxonomy": "us-gaap",
      "label": "Operating Leases, Future Minimum Payments, Due in Two Years",
      "description": "Amount of required minimum rental payments for operating leases having an initial or remaining non-cancelable lease term in excess of one year due in the second fiscal year following the latest fiscal year. Excludes interim and annual periods when interim periods are reported on a rolling approach, from latest balance sheet date.",
      "available_units": [
        "USD"
      ],
      "data_points_count": 23,
      "latest_value": {
        "value": 271000000,
        "date": "2018-12-31",
        "fiscal_year": 2018,
        "form": "10-K",
        "filed": "2019-02-26",
        "unit": "USD",
        "type": "annual"
      },
      "date_range": {
        "earliest": "2013-09-30",
        "latest": "2018-12-31"
      }
    },
    "OperatingLeasesFutureMinimumPaymentsDueThereafter": {
      "taxonomy": "us-gaap",
      "label": "Operating Leases, Future Minimum Payments, Due Thereafter",
      "description": "Amount of required minimum rental payments for operating leases having an initial or remaining non-cancelable lease term in excess of one year due after the fifth fiscal year following the latest fiscal year. Excludes interim and annual periods when interim periods are reported on a rolling approach, from latest balance sheet date.",
      "available_units": [
        "USD"
      ],
      "data_points_count": 14,
      "latest_value": {
        "value": 1310000000,
        "date": "2018-12-31",
        "fiscal_year": 2018,
        "form": "10-K",
        "filed": "2019-02-26",
        "unit": "USD",
        "type": "annual"
      },
      "date_range": {
        "earliest": "2013-09-30",
        "latest": "2018-12-31"
      }
    },
    "OperatingLeasesFutureMinimumPaymentsRemainderOfFiscalYear": {
      "taxonomy": "us-gaap",
      "label": "Operating Leases, Future Minimum Payments, Remainder of Fiscal Year",
      "description": "Amount of required minimum rental payments for operating leases having an initial or remaining non-cancelable lease term in excess of one year due in the remainder of the fiscal year following the latest fiscal year. Excludes interim and annual periods when interim periods are reported on a rolling approach, from latest balance sheet date.",
      "available_units": [
        "USD"
      ],
      "data_points_count": 16,
      "latest_value": {
        "value": 80000000,
        "date": "2018-09-30",
        "fiscal_year": 2018,
        "fiscal_period": "Q3",
        "form": "10-Q",
        "filed": "2018-11-02",
        "unit": "USD",
        "type": "quarterly"
      },
      "date_range": {
        "earliest": "2013-09-30",
        "latest": "2018-09-30"
      }
    },
    "OperatingLeaseWeightedAverageDiscountRatePercent": {
      "taxonomy": "us-gaap",
      "label": "Operating Lease, Weighted Average Discount Rate, Percent",
      "description": "Weighted average discount rate for operating lease calculated at point in time.",
      "available_units": [
        "pure"
      ],
      "data_points_count": 48,
      "latest_value": {
        "value": 0.0425,
        "date": "2024-12-31",
        "fiscal_year": 2024,
        "form": "10-K",
        "filed": "2025-02-27",
        "unit": "pure",
        "type": "annual"
      },
      "date_range": {
        "earliest": "2019-03-31",
        "latest": "2025-06-30"
      }
    },
    "OtherComprehensiveIncomeDerivativesQualifyingAsHedgesNetOfTaxPeriodIncreaseDecrease": {
      "taxonomy": "us-gaap",
      "label": "Other Comprehensive Income (Loss), Derivatives Qualifying as Hedges, Net of Tax (Deprecated 2012-01-31)",
      "description": "Net of tax effect change in accumulated gains and losses from derivative instruments designated and qualifying as the effective portion of cash flow hedges after taxes. A cash flow hedge is a hedge of the exposure to variability in the cash flows of a recognized asset or liability or a forecasted transaction that is attributable to a particular risk. The change includes an entity's share of an equity investee's increase or decrease in deferred hedging gains or losses. While for technical reasons this element has no balance attribute, the default assumption is a credit balance consistent with its label.",
      "available_units": [
        "USD"
      ],
      "data_points_count": 3,
      "latest_value": {
        "value": 0,
        "date": "2009-12-31",
        "fiscal_year": 2009,
        "form": "10-K",
        "filed": "2010-03-01",
        "unit": "USD",
        "type": "annual"
      },
      "date_range": {
        "earliest": "2007-11-30",
        "latest": "2009-12-31"
      }
    },
    "OtherComprehensiveIncomeLossNetOfTaxPeriodIncreaseDecrease": {
      "taxonomy": "us-gaap",
      "label": "Other Comprehensive Income (Loss), Net of Tax (Deprecated 2012-01-31)",
      "description": "This element represents Other Comprehensive Income or Loss, Net of Tax, for the period. Includes deferred gains or losses on qualifying hedges, unrealized holding gains or losses on available-for-sale securities, minimum pension liability, and cumulative translation adjustment. While for technical reasons this element has no balance attribute, the default assumption is a credit balance consistent with its label.",
      "available_units": [
        "USD"
      ],
      "data_points_count": 8,
      "latest_value": {
        "value": 10000000,
        "date": "2012-06-30",
        "fiscal_year": 2012,
        "fiscal_period": "Q2",
        "form": "10-Q",
        "filed": "2012-08-09",
        "unit": "USD",
        "type": "quarterly"
      },
      "date_range": {
        "earliest": "2011-03-31",
        "latest": "2012-06-30"
      }
    },
    "PreferredStockDividends": {
      "taxonomy": "us-gaap",
      "label": "Preferred Stock Dividends (Deprecated 2011-01-31)",
      "description": "The amount of dividends declared or paid in the period to preferred shareholders, or the amount for which the obligation to pay them dividends arose in the period.",
      "available_units": [
        "USD"
      ],
      "data_points_count": 6,
      "latest_value": {
        "value": 641000000,
        "date": "2010-12-31",
        "fiscal_year": 2010,
        "form": "10-K",
        "filed": "2011-03-01",
        "unit": "USD",
        "type": "annual"
      },
      "date_range": {
        "earliest": "2008-11-30",
        "latest": "2011-03-31"
      }
    },
    "ProfessionalFees": {
      "taxonomy": "us-gaap",
      "label": "Professional Fees",
      "description": "A fee charged for services from professionals such as doctors, lawyers and accountants. The term is often expanded to include other professions, for example, pharmacists charging to maintain a medicinal profile of a client or customer.",
      "available_units": [
        "USD"
      ],
      "data_points_count": 159,
      "latest_value": {
        "value": 1652000000,
        "date": "2024-12-31",
        "fiscal_year": 2024,
        "form": "10-K",
        "filed": "2025-02-27",
        "unit": "USD",
        "type": "annual"
      },
      "date_range": {
        "earliest": "2011-12-31",
        "latest": "2025-06-30"
      }
    },
    "SecuredLongTermDebt": {
      "taxonomy": "us-gaap",
      "label": "Secured Long-term Debt, Noncurrent",
      "description": "Carrying amount of collateralized debt obligations with maturities initially due after one year or beyond the operating cycle, if longer, excluding the current portion. Obligations include, but not limited to, mortgage loans, chattel loans, and other borrowings secured by assets.",
      "available_units": [
        "USD"
      ],
      "data_points_count": 101,
      "latest_value": {
        "value": 7235000000,
        "date": "2024-12-31",
        "fiscal_year": 2024,
        "form": "10-K",
        "filed": "2025-02-27",
        "unit": "USD",
        "type": "annual"
      },
      "date_range": {
        "earliest": "2009-12-31",
        "latest": "2025-06-30"
      }
    },
    "SecuritiesPurchasedUnderAgreementsToResellAmountOffsetAgainstCollateral": {
      "taxonomy": "us-gaap",
      "label": "Securities Purchased under Agreements to Resell, Amount Offset Against Collateral",
      "description": "Amount, after effects of master netting arrangements, of funds outstanding loaned in the form of a security resale agreement between the entity and another party for the purchase and resale of identical or substantially the same securities at a date certain for a specified price offset against an obligation to return collateral. Includes assets not subject to a master netting arrangement and not elected to be offset.",
      "available_units": [
        "USD"
      ],
      "data_points_count": 12,
      "latest_value": {
        "value": 5618000000,
        "date": "2014-12-31",
        "fiscal_year": 2014,
        "form": "10-K",
        "filed": "2015-02-23",
        "unit": "USD",
        "type": "annual"
      },
      "date_range": {
        "earliest": "2012-12-31",
        "latest": "2014-12-31"
      }
    },
    "SecuritiesPurchasedUnderAgreementsToResellLiability": {
      "taxonomy": "us-gaap",
      "label": "Securities Purchased under Agreements to Resell, Liability",
      "description": "Amount of liability associated with funds outstanding loaned in the form of a security resale agreement between the entity and another party for the purchase and resale of identical or substantially the same securities at a date certain for a specified price.",
      "available_units": [
        "USD"
      ],
      "data_points_count": 98,
      "latest_value": {
        "value": 133862000000,
        "date": "2024-12-31",
        "fiscal_year": 2024,
        "form": "10-K",
        "filed": "2025-02-27",
        "unit": "USD",
        "type": "annual"
      },
      "date_range": {
        "earliest": "2012-12-31",
        "latest": "2025-06-30"
      }
    },
    "SecuritiesPurchasedUnderAgreementsToResellOffsetAgainstCollateralNetOfNotSubjectToMasterNettingArrangementPolicyElection": {
      "taxonomy": "us-gaap",
      "label": "Securities Purchased under Agreements to Resell, Offset Against Collateral, Net of Not Subject to Master Netting Arrangement, Policy Election",
      "description": "Amount, after effects of master netting arrangements, deduction of assets not subject to a master netting arrangement and elected not to be offset, of funds outstanding loaned in the form of a security resale agreement between the entity and another party for the purchase and resale of identical or substantially the same securities at a date certain for a specified price, offset against an obligation to return collateral.",
      "available_units": [
        "USD"
      ],
      "data_points_count": 84,
      "latest_value": {
        "value": 3672000000,
        "date": "2024-12-31",
        "fiscal_year": 2024,
        "form": "10-K",
        "filed": "2025-02-27",
        "unit": "USD",
        "type": "annual"
      },
      "date_range": {
        "earliest": "2014-12-31",
        "latest": "2025-03-31"
      }
    },
    "ShareBasedCompensationArrangementByShareBasedPaymentAwardOptionsForfeituresInPeriodWeightedAverageExercisePrice": {
      "taxonomy": "us-gaap",
      "label": "Share-based Compensation Arrangement by Share-based Payment Award, Options, Forfeitures in Period, Weighted Average Exercise Price (Deprecated 2012-01-31)",
      "description": "The weighted average price at which grantees could have acquired the underlying shares with respect to stock options that were terminated during the reporting period due to noncompliance with plan terms during the reporting period.",
      "available_units": [
        "USD"
      ],
      "data_points_count": 1,
      "latest_value": {
        "value": 79.73,
        "date": "2011-12-31",
        "fiscal_year": 2011,
        "form": "10-K",
        "filed": "2012-02-28",
        "unit": "USD",
        "type": "annual"
      },
      "date_range": {
        "earliest": "2011-12-31",
        "latest": "2011-12-31"
      }
    },
    "TimeDepositMaturitiesAfterYearFive": {
      "taxonomy": "us-gaap",
      "label": "Time Deposit Maturities, after Year Five",
      "description": "Amount of time deposit maturing after fifth fiscal year following current fiscal year. Time deposit includes, but is not limited to, certificate of deposit. Excludes interim and annual periods when interim periods are reported from current statement of financial position date (rolling approach).",
      "available_units": [
        "USD"
      ],
      "data_points_count": 15,
      "latest_value": {
        "value": 1315000000,
        "date": "2024-12-31",
        "fiscal_year": 2024,
        "form": "10-K",
        "filed": "2025-02-27",
        "unit": "USD",
        "type": "annual"
      },
      "date_range": {
        "earliest": "2013-12-31",
        "latest": "2025-06-30"
      }
    },
    "TimeDepositMaturitiesRemainderOfFiscalYear": {
      "taxonomy": "us-gaap",
      "label": "Time Deposit Maturities, Remainder of Fiscal Year",
      "description": "Amount of time deposit maturing in remainder of current fiscal year. Time deposit includes, but is not limited to, certificate of deposit.",
      "available_units": [
        "USD"
      ],
      "data_points_count": 36,
      "latest_value": {
        "value": 76490000000,
        "date": "2025-06-30",
        "fiscal_year": 2025,
        "fiscal_period": "Q2",
        "form": "10-Q",
        "filed": "2025-08-01",
        "unit": "USD",
        "type": "quarterly"
      },
      "date_range": {
        "earliest": "2013-09-30",
        "latest": "2025-06-30"
      }
    },
    "TimeDepositMaturitiesYearFive": {
      "taxonomy": "us-gaap",
      "label": "Time Deposit Maturities, Year Five",
      "description": "Amount of time deposit maturing in fifth fiscal year following current fiscal year. Time deposit includes, but is not limited to, certificate of deposit. Excludes interim and annual periods when interim periods are reported from current statement of financial position date (rolling approach).",
      "available_units": [
        "USD"
      ],
      "data_points_count": 49,
      "latest_value": {
        "value": 1574000000,
        "date": "2024-12-31",
        "fiscal_year": 2024,
        "form": "10-K",
        "filed": "2025-02-27",
        "unit": "USD",
        "type": "annual"
      },
      "date_range": {
        "earliest": "2013-09-30",
        "latest": "2025-06-30"
      }
    },
    "TimeDepositMaturitiesYearFour": {
      "taxonomy": "us-gaap",
      "label": "Time Deposit Maturities, Year Four",
      "description": "Amount of time deposit maturing in fourth fiscal year following current fiscal year. Time deposit includes, but is not limited to, certificate of deposit. Excludes interim and annual periods when interim periods are reported from current statement of financial position date (rolling approach).",
      "available_units": [
        "USD"
      ],
      "data_points_count": 49,
      "latest_value": {
        "value": 1225000000,
        "date": "2024-12-31",
        "fiscal_year": 2024,
        "form": "10-K",
        "filed": "2025-02-27",
        "unit": "USD",
        "type": "annual"
      },
      "date_range": {
        "earliest": "2013-09-30",
        "latest": "2025-06-30"
      }
    },
    "TimeDepositMaturitiesYearOne": {
      "taxonomy": "us-gaap",
      "label": "Time Deposit Maturities, Year One",
      "description": "Amount of time deposit maturing in next fiscal year following current fiscal year. Time deposit includes, but is not limited to, certificate of deposit. Excludes interim and annual periods when interim periods are reported from current statement of financial position date (rolling approach).",
      "available_units": [
        "USD"
      ],
      "data_points_count": 30,
      "latest_value": {
        "value": 109289000000,
        "date": "2024-12-31",
        "fiscal_year": 2024,
        "form": "10-K",
        "filed": "2025-02-27",
        "unit": "USD",
        "type": "annual"
      },
      "date_range": {
        "earliest": "2013-12-31",
        "latest": "2025-06-30"
      }
    },
    "TimeDepositMaturitiesYearThree": {
      "taxonomy": "us-gaap",
      "label": "Time Deposit Maturities, Year Three",
      "description": "Amount of time deposit maturing in third fiscal year following current fiscal year. Time deposit includes, but is not limited to, certificate of deposit. Excludes interim and annual periods when interim periods are reported from current statement of financial position date (rolling approach).",
      "available_units": [
        "USD"
      ],
      "data_points_count": 49,
      "latest_value": {
        "value": 2407000000,
        "date": "2024-12-31",
        "fiscal_year": 2024,
        "form": "10-K",
        "filed": "2025-02-27",
        "unit": "USD",
        "type": "annual"
      },
      "date_range": {
        "earliest": "2013-09-30",
        "latest": "2025-06-30"
      }
    },
    "TimeDepositMaturitiesYearTwo": {
      "taxonomy": "us-gaap",
      "label": "Time Deposit Maturities, Year Two",
      "description": "Amount of time deposit maturing in second fiscal year following current fiscal year. Time deposit includes, but is not limited to, certificate of deposit. Excludes interim and annual periods when interim periods are reported from current statement of financial position date (rolling approach).",
      "available_units": [
        "USD"
      ],
      "data_points_count": 49,
      "latest_value": {
        "value": 6868000000,
        "date": "2024-12-31",
        "fiscal_year": 2024,
        "form": "10-K",
        "filed": "2025-02-27",
        "unit": "USD",
        "type": "annual"
      },
      "date_range": {
        "earliest": "2013-09-30",
        "latest": "2025-06-30"
      }
    },
    "UnusedCommitmentsToExtendCredit": {
      "taxonomy": "us-gaap",
      "label": "Unused Commitments to Extend Credit",
      "description": "Unused amount of commitments to extend credit to customers.",
      "available_units": [
        "USD"
      ],
      "data_points_count": 40,
      "latest_value": {
        "value": 143746000000,
        "date": "2017-12-31",
        "fiscal_year": 2017,
        "form": "10-K",
        "filed": "2018-02-26",
        "unit": "USD",
        "type": "annual"
      },
      "date_range": {
        "earliest": "2012-12-31",
        "latest": "2018-03-31"
      }
    },
    "WeightedAverageNumberOfSharesOutstandingBasic": {
      "taxonomy": "us-gaap",
      "label": "Weighted Average Number of Shares Outstanding, Basic",
      "description": "Number of [basic] shares or units, after adjustment for contingently issuable shares or units and other shares or units not deemed outstanding, determined by relating the portion of time within a reporting period that common shares or units have been outstanding to the total time in that period.",
      "available_units": [
        "shares"
      ],
      "data_points_count": 217,
      "latest_value": {
        "value": 328100000,
        "date": "2024-12-31",
        "fiscal_year": 2024,
        "form": "10-K",
        "filed": "2025-02-27",
        "unit": "shares",
        "type": "annual"
      },
      "date_range": {
        "earliest": "2007-11-30",
        "latest": "2025-06-30"
      }
    },
    "ContractWithCustomerLiability": {
      "taxonomy": "us-gaap",
      "label": "Contract with Customer, Liability",
      "description": "Amount of obligation to transfer good or service to customer for which consideration has been received or is receivable.",
      "available_units": [
        "USD"
      ],
      "data_points_count": 24,
      "latest_value": {
        "value": 0,
        "date": "2024-12-31",
        "fiscal_year": 2024,
        "form": "10-K",
        "filed": "2025-02-27",
        "unit": "USD",
        "type": "annual"
      },
      "date_range": {
        "earliest": "2021-12-31",
        "latest": "2025-06-30"
      }
    },
    "FinancingReceivableModificationsSubsequentDefaultRecordedInvestment1": {
      "taxonomy": "us-gaap",
      "label": "Financing Receivable, Troubled Debt Restructuring, Subsequent Default",
      "description": "Amount of financing receivable modified as troubled debt restructuring within previous 12 months, with subsequent payment default.",
      "available_units": [
        "USD"
      ],
      "data_points_count": 11,
      "latest_value": {
        "value": 0,
        "date": "2024-12-31",
        "fiscal_year": 2024,
        "form": "10-K",
        "filed": "2025-02-27",
        "unit": "USD",
        "type": "annual"
      },
      "date_range": {
        "earliest": "2023-06-30",
        "latest": "2025-06-30"
      }
    },
    "FinancingReceivableExcludingAccruedInterestCreditLossExpenseReversal": {
      "taxonomy": "us-gaap",
      "label": null,
      "description": null,
      "available_units": [
        "USD"
      ],
      "data_points_count": 24,
      "latest_value": {
        "value": 1248000000,
        "date": "2024-12-31",
        "fiscal_year": 2024,
        "form": "10-K",
        "filed": "2025-02-27",
        "unit": "USD",
        "type": "annual"
      },
      "date_range": {
        "earliest": "2022-09-30",
        "latest": "2025-06-30"
      }
    },
    "OffBalanceSheetCreditLossLiability": {
      "taxonomy": "us-gaap",
      "label": "Off-Balance Sheet, Credit Loss, Liability",
      "description": "Amount of expected credit loss for credit exposure on off-balance-sheet commitment, including but not limited to, loan commitment, standby letter of credit, financial guarantee not accounted for as insurance. Excludes off-balance sheet credit exposure accounted for as insurance and instrument accounted for under derivatives and hedging.",
      "available_units": [
        "USD"
      ],
      "data_points_count": 38,
      "latest_value": {
        "value": 674000000,
        "date": "2024-12-31",
        "fiscal_year": 2024,
        "form": "10-K",
        "filed": "2025-02-27",
        "unit": "USD",
        "type": "annual"
      },
      "date_range": {
        "earliest": "2021-12-31",
        "latest": "2025-06-30"
      }
    },
    "OffBalanceSheetCreditLossLiabilityCreditLossExpenseReversal": {
      "taxonomy": "us-gaap",
      "label": "Off-Balance Sheet, Credit Loss, Liability, Credit Loss Expense (Reversal)",
      "description": "Amount of expense (reversal of expense) for expected credit loss for off-balance sheet credit exposure. Excludes off-balance sheet credit exposure accounted for as insurance and instrument accounted for under derivatives and hedging.",
      "available_units": [
        "USD"
      ],
      "data_points_count": 24,
      "latest_value": {
        "value": 56000000,
        "date": "2024-12-31",
        "fiscal_year": 2024,
        "form": "10-K",
        "filed": "2025-02-27",
        "unit": "USD",
        "type": "annual"
      },
      "date_range": {
        "earliest": "2022-09-30",
        "latest": "2025-06-30"
      }
    },
    "DebtSecuritiesHeldToMaturityAmortizedCostAfterAllowanceForCreditLoss": {
      "taxonomy": "us-gaap",
      "label": null,
      "description": null,
      "available_units": [
        "USD"
      ],
      "data_points_count": 14,
      "latest_value": {
        "value": 78713000000,
        "date": "2024-12-31",
        "fiscal_year": 2024,
        "form": "10-K",
        "filed": "2025-02-27",
        "unit": "USD",
        "type": "annual"
      },
      "date_range": {
        "earliest": "2022-12-31",
        "latest": "2025-06-30"
      }
    },
    "FinancingReceivableExcludingAccruedInterestModifiedPeriod": {
      "taxonomy": "us-gaap",
      "label": null,
      "description": null,
      "available_units": [
        "USD"
      ],
      "data_points_count": 1,
      "latest_value": {
        "value": 846000000,
        "date": "2023-12-31",
        "fiscal_year": 2023,
        "form": "10-K",
        "filed": "2024-02-23",
        "unit": "USD",
        "type": "annual"
      },
      "date_range": {
        "earliest": "2023-12-31",
        "latest": "2023-12-31"
      }
    },
    "FinancingReceivableModificationsRecordedInvestment": {
      "taxonomy": "us-gaap",
      "label": "Financing Receivable, Troubled Debt Restructuring",
      "description": "Amount of financing receivable modified as troubled debt restructuring.",
      "available_units": [
        "USD"
      ],
      "data_points_count": 1,
      "latest_value": {
        "value": 231000000,
        "date": "2022-12-31",
        "fiscal_year": 2023,
        "form": "10-K",
        "filed": "2024-02-23",
        "unit": "USD",
        "type": "annual"
      },
      "date_range": {
        "earliest": "2022-12-31",
        "latest": "2022-12-31"
      }
    },
    "OtherCommitmentDueAfterFifthYear": {
      "taxonomy": "us-gaap",
      "label": "Other Commitment, to be Paid, after Year Five",
      "description": "Amount of commitment classified as other to be paid after fifth fiscal year following current fiscal year. Excludes interim and annual periods when interim periods are reported from current statement of financial position date (rolling approach).",
      "available_units": [
        "USD"
      ],
      "data_points_count": 2,
      "latest_value": {
        "value": 16035000000,
        "date": "2024-12-31",
        "fiscal_year": 2024,
        "form": "10-K",
        "filed": "2025-02-27",
        "unit": "USD",
        "type": "annual"
      },
      "date_range": {
        "earliest": "2023-12-31",
        "latest": "2024-12-31"
      }
    },
    "OtherCommitmentDueInFourthAndFifthYear": {
      "taxonomy": "us-gaap",
      "label": "Other Commitment, to be Paid, Year Four and Five",
      "description": "Amount of commitment classified as other to be paid in fourth and fifth fiscal years following current fiscal year. Excludes interim and annual periods when interim periods are reported from current statement of financial position date (rolling approach).",
      "available_units": [
        "USD"
      ],
      "data_points_count": 2,
      "latest_value": {
        "value": 94283000000,
        "date": "2024-12-31",
        "fiscal_year": 2024,
        "form": "10-K",
        "filed": "2025-02-27",
        "unit": "USD",
        "type": "annual"
      },
      "date_range": {
        "earliest": "2023-12-31",
        "latest": "2024-12-31"
      }
    },
    "OtherCommitmentDueInNextTwelveMonths": {
      "taxonomy": "us-gaap",
      "label": "Other Commitment, to be Paid, Year One",
      "description": "Amount of commitment classified as other to be paid in next fiscal year following current fiscal year. Excludes interim and annual periods when interim periods are reported from current statement of financial position date (rolling approach).",
      "available_units": [
        "USD"
      ],
      "data_points_count": 2,
      "latest_value": {
        "value": 258938000000,
        "date": "2024-12-31",
        "fiscal_year": 2024,
        "form": "10-K",
        "filed": "2025-02-27",
        "unit": "USD",
        "type": "annual"
      },
      "date_range": {
        "earliest": "2023-12-31",
        "latest": "2024-12-31"
      }
    },
    "OtherCommitmentDueInSecondAndThirdYear": {
      "taxonomy": "us-gaap",
      "label": "Other Commitment, to be Paid, Year Two and Three",
      "description": "Amount of commitment classified as other to be paid in second and third fiscal years following current fiscal year. Excludes interim and annual periods when interim periods are reported from current statement of financial position date (rolling approach).",
      "available_units": [
        "USD"
      ],
      "data_points_count": 2,
      "latest_value": {
        "value": 77870000000,
        "date": "2024-12-31",
        "fiscal_year": 2024,
        "form": "10-K",
        "filed": "2025-02-27",
        "unit": "USD",
        "type": "annual"
      },
      "date_range": {
        "earliest": "2023-12-31",
        "latest": "2024-12-31"
      }
    },
    "OtherComprehensiveIncomeLossFinancialLiabilityFairValueOptionAfterTaxAndReclassificationAdjustment": {
      "taxonomy": "us-gaap",
      "label": "Other Comprehensive Income (Loss), Financial Liability, Fair Value Option, after Tax and Reclassification Adjustment",
      "description": "Amount, after tax and reclassification adjustment, of gain (loss) from increase (decrease) in instrument-specific credit risk of financial liability measured under fair value option.",
      "available_units": [
        "USD"
      ],
      "data_points_count": 22,
      "latest_value": {
        "value": -263000000,
        "date": "2024-12-31",
        "fiscal_year": 2024,
        "form": "10-K",
        "filed": "2025-02-27",
        "unit": "USD",
        "type": "annual"
      },
      "date_range": {
        "earliest": "2021-12-31",
        "latest": "2025-06-30"
      }
    },
    "PreferredStockRedemptionAmount": {
      "taxonomy": "us-gaap",
      "label": "Preferred Stock, Redemption Amount",
      "description": "The redemption (or callable) amount of currently redeemable preferred stock. Includes amounts representing dividends not currently declared or paid but which will be payable under the redemption features or for which ultimate payment is solely within the control of the issuer.",
      "available_units": [
        "USD"
      ],
      "data_points_count": 7,
      "latest_value": {
        "value": 13253000000,
        "date": "2024-12-31",
        "fiscal_year": 2024,
        "form": "10-K",
        "filed": "2025-02-27",
        "unit": "USD",
        "type": "annual"
      },
      "date_range": {
        "earliest": "2023-12-31",
        "latest": "2025-06-30"
      }
    },
    "FinancingReceivableModificationsPostModificationRecordedInvestment2": {
      "taxonomy": "us-gaap",
      "label": "Financing Receivable, Troubled Debt Restructuring, Postmodification",
      "description": "Amount, after troubled debt restructuring, of modified financing receivable.",
      "available_units": [
        "USD"
      ],
      "data_points_count": 18,
      "latest_value": {
        "value": 1208000000,
        "date": "2024-12-31",
        "fiscal_year": 2024,
        "form": "10-K",
        "filed": "2025-02-27",
        "unit": "USD",
        "type": "annual"
      },
      "date_range": {
        "earliest": "2023-03-31",
        "latest": "2025-06-30"
      }
    },
    "LoansAndLeasesReceivableImpairedCommitmentToLend": {
      "taxonomy": "us-gaap",
      "label": "Financing Receivable, Troubled Debt Restructuring, Commitment to Lend",
      "description": "Amount of unfunded portion of contractual agreement to lend funds to borrower for financing receivable modified as troubled debt restructuring.",
      "available_units": [
        "USD"
      ],
      "data_points_count": 11,
      "latest_value": {
        "value": 156000000,
        "date": "2024-12-31",
        "fiscal_year": 2024,
        "form": "10-K",
        "filed": "2025-02-27",
        "unit": "USD",
        "type": "annual"
      },
      "date_range": {
        "earliest": "2023-03-31",
        "latest": "2025-06-30"
      }
    },
    "RightOfUseAssetObtainedInExchangeForOperatingLeaseLiability": {
      "taxonomy": "us-gaap",
      "label": "Right-of-Use Asset Obtained in Exchange for Operating Lease Liability",
      "description": "Amount of increase in right-of-use asset obtained in exchange for operating lease liability.",
      "available_units": [
        "USD"
      ],
      "data_points_count": 11,
      "latest_value": {
        "value": 167000000,
        "date": "2024-12-31",
        "fiscal_year": 2024,
        "form": "10-K",
        "filed": "2025-02-27",
        "unit": "USD",
        "type": "annual"
      },
      "date_range": {
        "earliest": "2022-12-31",
        "latest": "2024-12-31"
      }
    },
    "UnrecordedUnconditionalPurchaseObligationBalanceSheetAmount": {
      "taxonomy": "us-gaap",
      "label": "Unrecorded Unconditional Purchase Obligation",
      "description": "Amount of the unrecorded obligation to transfer funds in the future for fixed or minimum amounts or quantities of goods or services at fixed or minimum prices (for example, as in take-or-pay contracts or throughput contracts).",
      "available_units": [
        "USD"
      ],
      "data_points_count": 5,
      "latest_value": {
        "value": 1100000000,
        "date": "2024-12-31",
        "fiscal_year": 2024,
        "form": "10-K",
        "filed": "2025-02-27",
        "unit": "USD",
        "type": "annual"
      },
      "date_range": {
        "earliest": "2024-06-30",
        "latest": "2025-06-30"
      }
    },
    "DebtSecuritiesAvailableForSaleContinuousUnrealizedLossPosition12MonthsOrLonger": {
      "taxonomy": "us-gaap",
      "label": "Debt Securities, Available-for-sale, Continuous Unrealized Loss Position, 12 Months or Longer",
      "description": "Amount of investment in debt security measured at fair value with change in fair value recognized in other comprehensive income (available-for-sale), in continuous unrealized loss position for more than 12 months, without allowance for credit loss. Includes beneficial interest in securitized financial asset.",
      "available_units": [
        "USD"
      ],
      "data_points_count": 4,
      "latest_value": {
        "value": 18890000000,
        "date": "2025-06-30",
        "fiscal_year": 2025,
        "fiscal_period": "Q2",
        "form": "10-Q",
        "filed": "2025-08-01",
        "unit": "USD",
        "type": "quarterly"
      },
      "date_range": {
        "earliest": "2024-12-31",
        "latest": "2025-06-30"
      }
    },
    "DebtSecuritiesAvailableForSaleContinuousUnrealizedLossPositionLessThan12Months": {
      "taxonomy": "us-gaap",
      "label": "Debt Securities, Available-for-sale, Continuous Unrealized Loss Position, Less than 12 Months",
      "description": "Amount of investment in debt security measured at fair value with change in fair value recognized in other comprehensive income (available-for-sale), in continuous unrealized loss position for less than 12 months, without allowance for credit loss. Includes beneficial interest in securitized financial asset.",
      "available_units": [
        "USD"
      ],
      "data_points_count": 4,
      "latest_value": {
        "value": 42895000000,
        "date": "2025-06-30",
        "fiscal_year": 2025,
        "fiscal_period": "Q2",
        "form": "10-Q",
        "filed": "2025-08-01",
        "unit": "USD",
        "type": "quarterly"
      },
      "date_range": {
        "earliest": "2024-12-31",
        "latest": "2025-06-30"
      }
    },
    "DebtSecuritiesAvailableForSaleContinuousUnrealizedLossPositionLessThan12MonthsAccumulatedLoss": {
      "taxonomy": "us-gaap",
      "label": "Debt Securities, Available-for-sale, Continuous Unrealized Loss Position, Less than 12 Months, Accumulated Loss",
      "description": "Amount of accumulated unrealized loss on investment in debt security measured at fair value with change in fair value recognized in other comprehensive income (available-for-sale), in continuous unrealized loss position for less than 12 months, without allowance for credit loss. Includes beneficial interest in securitized financial asset.",
      "available_units": [
        "USD"
      ],
      "data_points_count": 4,
      "latest_value": {
        "value": 147000000,
        "date": "2025-06-30",
        "fiscal_year": 2025,
        "fiscal_period": "Q2",
        "form": "10-Q",
        "filed": "2025-08-01",
        "unit": "USD",
        "type": "quarterly"
      },
      "date_range": {
        "earliest": "2024-12-31",
        "latest": "2025-06-30"
      }
    },
    "DebtSecuritiesAvailableForSaleUnrealizedLossPosition": {
      "taxonomy": "us-gaap",
      "label": "Debt Securities, Available-for-sale, Unrealized Loss Position",
      "description": "Amount of investment in debt security measured at fair value with change in fair value recognized in other comprehensive income (available-for-sale), in unrealized loss position without allowance for credit loss.",
      "available_units": [
        "USD"
      ],
      "data_points_count": 4,
      "latest_value": {
        "value": 61785000000,
        "date": "2025-06-30",
        "fiscal_year": 2025,
        "fiscal_period": "Q2",
        "form": "10-Q",
        "filed": "2025-08-01",
        "unit": "USD",
        "type": "quarterly"
      },
      "date_range": {
        "earliest": "2024-12-31",
        "latest": "2025-06-30"
      }
    },
    "DebtSecuritiesAvailableForSaleUnrealizedLossPositionAccumulatedLoss": {
      "taxonomy": "us-gaap",
      "label": "Debt Securities, Available-for-sale, Unrealized Loss Position, Accumulated Loss",
      "description": "Amount of accumulated unrealized loss on investment in debt security measured at fair value with change in fair value recognized in other comprehensive income (available-for-sale), in unrealized loss position, without allowance for credit loss. Includes beneficial interest in securitized financial asset.",
      "available_units": [
        "USD"
      ],
      "data_points_count": 4,
      "latest_value": {
        "value": 796000000,
        "date": "2025-06-30",
        "fiscal_year": 2025,
        "fiscal_period": "Q2",
        "form": "10-Q",
        "filed": "2025-08-01",
        "unit": "USD",
        "type": "quarterly"
      },
      "date_range": {
        "earliest": "2024-12-31",
        "latest": "2025-06-30"
      }
    }
  }
}