{
  "chunk_metadata": {
    "domain": "public",
    "CIK": "947263",
    "data_type": "SEC",
    "ticker": "TD",
    "chunk_name": "Operations & Metadata",
    "chunk_id": "operations_metadata",
    "company_name": "TORONTO DOMINION BANK",
    "extraction_date": "2025-09-30T11:01:44.242134",
    "metrics_count": 60,
    "total_company_metrics": 0,
    "chunking_strategy": "context_aware_balanced"
  },
  "metrics": {
    "ActuarialAssumptionOfMedicalCostTrendRates": {
      "taxonomy": "ifrs-full",
      "label": null,
      "description": null,
      "available_units": [
        "pure"
      ],
      "data_points_count": 12,
      "latest_value": {
        "value": 0.0259,
        "date": "2024-10-31",
        "fiscal_year": 2024,
        "fiscal_period": "FY",
        "form": "40-F",
        "filed": "2024-12-06",
        "unit": "pure",
        "type": "other"
      },
      "date_range": {
        "earliest": "2016-12-31",
        "latest": "2024-10-31"
      }
    },
    "AdjustedWeightedAverageShares": {
      "taxonomy": "ifrs-full",
      "label": null,
      "description": null,
      "available_units": [
        "shares"
      ],
      "data_points_count": 88,
      "latest_value": {
        "value": 1737000000,
        "date": "2025-07-31",
        "fiscal_year": 2025,
        "fiscal_period": "Q3",
        "form": "6-K",
        "filed": "2025-08-28",
        "unit": "shares",
        "type": "other"
      },
      "date_range": {
        "earliest": "2016-10-31",
        "latest": "2025-07-31"
      }
    },
    "AdjustmentsForCurrentTaxOfPriorPeriod": {
      "taxonomy": "ifrs-full",
      "label": null,
      "description": null,
      "available_units": [
        "CAD"
      ],
      "data_points_count": 18,
      "latest_value": {
        "value": -204000000,
        "date": "2024-10-31",
        "fiscal_year": 2024,
        "fiscal_period": "FY",
        "form": "40-F",
        "filed": "2024-12-06",
        "unit": "CAD",
        "type": "other"
      },
      "date_range": {
        "earliest": "2016-10-31",
        "latest": "2024-10-31"
      }
    },
    "AdjustmentsForDeferredTaxExpense": {
      "taxonomy": "ifrs-full",
      "label": null,
      "description": null,
      "available_units": [
        "CAD"
      ],
      "data_points_count": 88,
      "latest_value": {
        "value": -967000000,
        "date": "2025-07-31",
        "fiscal_year": 2025,
        "fiscal_period": "Q3",
        "form": "6-K",
        "filed": "2025-08-28",
        "unit": "CAD",
        "type": "other"
      },
      "date_range": {
        "earliest": "2016-10-31",
        "latest": "2025-07-31"
      }
    },
    "AdjustmentsForDeferredTaxOfPriorPeriods": {
      "taxonomy": "ifrs-full",
      "label": null,
      "description": null,
      "available_units": [
        "CAD"
      ],
      "data_points_count": 18,
      "latest_value": {
        "value": 206000000,
        "date": "2024-10-31",
        "fiscal_year": 2024,
        "fiscal_period": "FY",
        "form": "40-F",
        "filed": "2024-12-06",
        "unit": "CAD",
        "type": "other"
      },
      "date_range": {
        "earliest": "2016-10-31",
        "latest": "2024-10-31"
      }
    },
    "AdjustmentsForDepreciationExpense": {
      "taxonomy": "ifrs-full",
      "label": null,
      "description": null,
      "available_units": [
        "CAD"
      ],
      "data_points_count": 88,
      "latest_value": {
        "value": 1012000000,
        "date": "2025-07-31",
        "fiscal_year": 2025,
        "fiscal_period": "Q3",
        "form": "6-K",
        "filed": "2025-08-28",
        "unit": "CAD",
        "type": "other"
      },
      "date_range": {
        "earliest": "2016-10-31",
        "latest": "2025-07-31"
      }
    },
    "AggregateDifferenceBetweenFairValueAtInitialRecognitionAndAmountDeterminedUsingValuationTechniqueYetToBeRecognised": {
      "taxonomy": "ifrs-full",
      "label": null,
      "description": null,
      "available_units": [
        "CAD"
      ],
      "data_points_count": 15,
      "latest_value": {
        "value": 9000000,
        "date": "2022-10-31",
        "fiscal_year": 2022,
        "fiscal_period": "FY",
        "form": "40-F",
        "filed": "2022-12-01",
        "unit": "CAD",
        "type": "other"
      },
      "date_range": {
        "earliest": "2016-10-31",
        "latest": "2022-10-31"
      }
    },
    "ApplicableTaxRate": {
      "taxonomy": "ifrs-full",
      "label": null,
      "description": null,
      "available_units": [
        "pure"
      ],
      "data_points_count": 18,
      "latest_value": {
        "value": 0.278,
        "date": "2024-10-31",
        "fiscal_year": 2024,
        "fiscal_period": "FY",
        "form": "40-F",
        "filed": "2024-12-06",
        "unit": "pure",
        "type": "other"
      },
      "date_range": {
        "earliest": "2016-10-31",
        "latest": "2024-10-31"
      }
    },
    "AverageEffectiveTaxRate": {
      "taxonomy": "ifrs-full",
      "label": null,
      "description": null,
      "available_units": [
        "pure"
      ],
      "data_points_count": 18,
      "latest_value": {
        "value": 0.248,
        "date": "2024-10-31",
        "fiscal_year": 2024,
        "fiscal_period": "FY",
        "form": "40-F",
        "filed": "2024-12-06",
        "unit": "pure",
        "type": "other"
      },
      "date_range": {
        "earliest": "2016-10-31",
        "latest": "2024-10-31"
      }
    },
    "BankAcceptanceLiabilities": {
      "taxonomy": "ifrs-full",
      "label": null,
      "description": null,
      "available_units": [
        "CAD"
      ],
      "data_points_count": 50,
      "latest_value": {
        "value": 0,
        "date": "2024-10-31",
        "fiscal_year": 2024,
        "fiscal_period": "FY",
        "form": "40-F",
        "filed": "2024-12-06",
        "unit": "CAD",
        "type": "other"
      },
      "date_range": {
        "earliest": "2017-10-31",
        "latest": "2024-10-31"
      }
    },
    "CurrentTaxLiabilities": {
      "taxonomy": "ifrs-full",
      "label": null,
      "description": null,
      "available_units": [
        "CAD"
      ],
      "data_points_count": 56,
      "latest_value": {
        "value": 650000000,
        "date": "2025-07-31",
        "fiscal_year": 2025,
        "fiscal_period": "Q3",
        "form": "6-K",
        "filed": "2025-08-28",
        "unit": "CAD",
        "type": "other"
      },
      "date_range": {
        "earliest": "2017-10-31",
        "latest": "2025-07-31"
      }
    },
    "DatedSubordinatedLiabilities": {
      "taxonomy": "ifrs-full",
      "label": null,
      "description": null,
      "available_units": [
        "CAD"
      ],
      "data_points_count": 14,
      "latest_value": {
        "value": 11473000000,
        "date": "2024-10-31",
        "fiscal_year": 2024,
        "fiscal_period": "FY",
        "form": "40-F",
        "filed": "2024-12-06",
        "unit": "CAD",
        "type": "other"
      },
      "date_range": {
        "earliest": "2017-10-31",
        "latest": "2024-10-31"
      }
    },
    "DeferredTaxLiabilities": {
      "taxonomy": "ifrs-full",
      "label": null,
      "description": null,
      "available_units": [
        "CAD"
      ],
      "data_points_count": 56,
      "latest_value": {
        "value": 261000000,
        "date": "2025-07-31",
        "fiscal_year": 2025,
        "fiscal_period": "Q3",
        "form": "6-K",
        "filed": "2025-08-28",
        "unit": "CAD",
        "type": "other"
      },
      "date_range": {
        "earliest": "2017-10-31",
        "latest": "2025-07-31"
      }
    },
    "DerivativeFinancialLiabilities": {
      "taxonomy": "ifrs-full",
      "label": null,
      "description": null,
      "available_units": [
        "CAD"
      ],
      "data_points_count": 56,
      "latest_value": {
        "value": 72030000000,
        "date": "2025-07-31",
        "fiscal_year": 2025,
        "fiscal_period": "Q3",
        "form": "6-K",
        "filed": "2025-08-28",
        "unit": "CAD",
        "type": "other"
      },
      "date_range": {
        "earliest": "2017-10-31",
        "latest": "2025-07-31"
      }
    },
    "DilutiveEffectOfShareOptionsOnNumberOfOrdinaryShares": {
      "taxonomy": "ifrs-full",
      "label": null,
      "description": null,
      "available_units": [
        "shares"
      ],
      "data_points_count": 88,
      "latest_value": {
        "value": 1300000,
        "date": "2025-07-31",
        "fiscal_year": 2025,
        "fiscal_period": "Q3",
        "form": "6-K",
        "filed": "2025-08-28",
        "unit": "shares",
        "type": "other"
      },
      "date_range": {
        "earliest": "2016-10-31",
        "latest": "2025-07-31"
      }
    },
    "EmployeeBenefitsExpense": {
      "taxonomy": "ifrs-full",
      "label": null,
      "description": null,
      "available_units": [
        "CAD"
      ],
      "data_points_count": 88,
      "latest_value": {
        "value": 13631000000,
        "date": "2025-07-31",
        "fiscal_year": 2025,
        "fiscal_period": "Q3",
        "form": "6-K",
        "filed": "2025-08-28",
        "unit": "CAD",
        "type": "other"
      },
      "date_range": {
        "earliest": "2016-10-31",
        "latest": "2025-07-31"
      }
    },
    "ExpenseArisingFromInsuranceContracts": {
      "taxonomy": "ifrs-full",
      "label": null,
      "description": null,
      "available_units": [
        "CAD"
      ],
      "data_points_count": 64,
      "latest_value": {
        "value": 2703000000,
        "date": "2023-07-31",
        "fiscal_year": 2023,
        "fiscal_period": "Q3",
        "form": "6-K",
        "filed": "2023-08-24",
        "unit": "CAD",
        "type": "other"
      },
      "date_range": {
        "earliest": "2016-10-31",
        "latest": "2023-07-31"
      }
    },
    "ExpenseOfRestructuringActivities": {
      "taxonomy": "ifrs-full",
      "label": null,
      "description": null,
      "available_units": [
        "CAD"
      ],
      "data_points_count": 61,
      "latest_value": {
        "value": 496000000,
        "date": "2025-07-31",
        "fiscal_year": 2025,
        "fiscal_period": "Q3",
        "form": "6-K",
        "filed": "2025-08-28",
        "unit": "CAD",
        "type": "other"
      },
      "date_range": {
        "earliest": "2016-10-31",
        "latest": "2025-07-31"
      }
    },
    "FinancialLiabilities": {
      "taxonomy": "ifrs-full",
      "label": null,
      "description": null,
      "available_units": [
        "CAD"
      ],
      "data_points_count": 56,
      "latest_value": {
        "value": 323098000000,
        "date": "2025-07-31",
        "fiscal_year": 2025,
        "fiscal_period": "Q3",
        "form": "6-K",
        "filed": "2025-08-28",
        "unit": "CAD",
        "type": "other"
      },
      "date_range": {
        "earliest": "2017-10-31",
        "latest": "2025-07-31"
      }
    },
    "GrossFinancialLiabilitiesSubjectToOffsettingEnforceableMasterNettingArrangementsOrSimilarAgreements": {
      "taxonomy": "ifrs-full",
      "label": null,
      "description": null,
      "available_units": [
        "CAD"
      ],
      "data_points_count": 14,
      "latest_value": {
        "value": 289414000000,
        "date": "2024-10-31",
        "fiscal_year": 2024,
        "fiscal_period": "FY",
        "form": "40-F",
        "filed": "2024-12-06",
        "unit": "CAD",
        "type": "other"
      },
      "date_range": {
        "earliest": "2017-10-31",
        "latest": "2024-10-31"
      }
    },
    "IncreaseDecreaseThroughNewTransactionsAggregateDifferenceBetweenFairValueAtInitialRecognitionAndAmountDeterminedUsingValuationTechniqueYetToBeRecognised": {
      "taxonomy": "ifrs-full",
      "label": null,
      "description": null,
      "available_units": [
        "CAD"
      ],
      "data_points_count": 10,
      "latest_value": {
        "value": -13000000,
        "date": "2022-10-31",
        "fiscal_year": 2022,
        "fiscal_period": "FY",
        "form": "40-F",
        "filed": "2022-12-01",
        "unit": "CAD",
        "type": "other"
      },
      "date_range": {
        "earliest": "2017-10-31",
        "latest": "2022-10-31"
      }
    },
    "KeyManagementPersonnelCompensation": {
      "taxonomy": "ifrs-full",
      "label": null,
      "description": null,
      "available_units": [
        "CAD"
      ],
      "data_points_count": 18,
      "latest_value": {
        "value": 54000000,
        "date": "2024-10-31",
        "fiscal_year": 2024,
        "fiscal_period": "FY",
        "form": "40-F",
        "filed": "2024-12-06",
        "unit": "CAD",
        "type": "other"
      },
      "date_range": {
        "earliest": "2016-10-31",
        "latest": "2024-10-31"
      }
    },
    "KeyManagementPersonnelCompensationPostemploymentBenefits": {
      "taxonomy": "ifrs-full",
      "label": null,
      "description": null,
      "available_units": [
        "CAD"
      ],
      "data_points_count": 18,
      "latest_value": {
        "value": 1000000,
        "date": "2024-10-31",
        "fiscal_year": 2024,
        "fiscal_period": "FY",
        "form": "40-F",
        "filed": "2024-12-06",
        "unit": "CAD",
        "type": "other"
      },
      "date_range": {
        "earliest": "2016-10-31",
        "latest": "2024-10-31"
      }
    },
    "KeyManagementPersonnelCompensationSharebasedPayment": {
      "taxonomy": "ifrs-full",
      "label": null,
      "description": null,
      "available_units": [
        "CAD"
      ],
      "data_points_count": 18,
      "latest_value": {
        "value": 23000000,
        "date": "2024-10-31",
        "fiscal_year": 2024,
        "fiscal_period": "FY",
        "form": "40-F",
        "filed": "2024-12-06",
        "unit": "CAD",
        "type": "other"
      },
      "date_range": {
        "earliest": "2016-10-31",
        "latest": "2024-10-31"
      }
    },
    "Liabilities": {
      "taxonomy": "ifrs-full",
      "label": null,
      "description": null,
      "available_units": [
        "CAD"
      ],
      "data_points_count": 56,
      "latest_value": {
        "value": 1909768000000,
        "date": "2025-07-31",
        "fiscal_year": 2025,
        "fiscal_period": "Q3",
        "form": "6-K",
        "filed": "2025-08-28",
        "unit": "CAD",
        "type": "other"
      },
      "date_range": {
        "earliest": "2017-10-31",
        "latest": "2025-07-31"
      }
    },
    "LiabilitiesArisingFromInsuranceContracts": {
      "taxonomy": "ifrs-full",
      "label": null,
      "description": null,
      "available_units": [
        "CAD"
      ],
      "data_points_count": 40,
      "latest_value": {
        "value": 7486000000,
        "date": "2023-07-31",
        "fiscal_year": 2023,
        "fiscal_period": "Q3",
        "form": "6-K",
        "filed": "2023-08-24",
        "unit": "CAD",
        "type": "other"
      },
      "date_range": {
        "earliest": "2017-10-31",
        "latest": "2023-07-31"
      }
    },
    "NetEarnedPremium": {
      "taxonomy": "ifrs-full",
      "label": null,
      "description": null,
      "available_units": [
        "CAD"
      ],
      "data_points_count": 14,
      "latest_value": {
        "value": 5027000000,
        "date": "2022-10-31",
        "fiscal_year": 2022,
        "fiscal_period": "FY",
        "form": "40-F",
        "filed": "2022-12-01",
        "unit": "CAD",
        "type": "other"
      },
      "date_range": {
        "earliest": "2016-10-31",
        "latest": "2022-10-31"
      }
    },
    "NetFinancialLiabilitiesSubjectToOffsettingEnforceableMasterNettingArrangementsOrSimilarAgreementsInStatementOfFinancialPosition": {
      "taxonomy": "ifrs-full",
      "label": null,
      "description": null,
      "available_units": [
        "CAD"
      ],
      "data_points_count": 14,
      "latest_value": {
        "value": 270268000000,
        "date": "2024-10-31",
        "fiscal_year": 2024,
        "fiscal_period": "FY",
        "form": "40-F",
        "filed": "2024-12-06",
        "unit": "CAD",
        "type": "other"
      },
      "date_range": {
        "earliest": "2017-10-31",
        "latest": "2024-10-31"
      }
    },
    "NotionalAmount": {
      "taxonomy": "ifrs-full",
      "label": null,
      "description": null,
      "available_units": [
        "CAD"
      ],
      "data_points_count": 12,
      "latest_value": {
        "value": 25783596000000,
        "date": "2024-10-31",
        "fiscal_year": 2024,
        "fiscal_period": "FY",
        "form": "40-F",
        "filed": "2024-12-06",
        "unit": "CAD",
        "type": "other"
      },
      "date_range": {
        "earliest": "2018-10-31",
        "latest": "2024-10-31"
      }
    },
    "OccupancyExpense": {
      "taxonomy": "ifrs-full",
      "label": null,
      "description": null,
      "available_units": [
        "CAD"
      ],
      "data_points_count": 88,
      "latest_value": {
        "value": 1466000000,
        "date": "2025-07-31",
        "fiscal_year": 2025,
        "fiscal_period": "Q3",
        "form": "6-K",
        "filed": "2025-08-28",
        "unit": "CAD",
        "type": "other"
      },
      "date_range": {
        "earliest": "2016-10-31",
        "latest": "2025-07-31"
      }
    },
    "OtherLiabilities": {
      "taxonomy": "ifrs-full",
      "label": null,
      "description": null,
      "available_units": [
        "CAD"
      ],
      "data_points_count": 56,
      "latest_value": {
        "value": 30185000000,
        "date": "2025-07-31",
        "fiscal_year": 2025,
        "fiscal_period": "Q3",
        "form": "6-K",
        "filed": "2025-08-28",
        "unit": "CAD",
        "type": "other"
      },
      "date_range": {
        "earliest": "2017-10-31",
        "latest": "2025-07-31"
      }
    },
    "PostemploymentBenefitExpenseDefinedBenefitPlans": {
      "taxonomy": "ifrs-full",
      "label": null,
      "description": null,
      "available_units": [
        "CAD"
      ],
      "data_points_count": 62,
      "latest_value": {
        "value": 761000000,
        "date": "2025-07-31",
        "fiscal_year": 2025,
        "fiscal_period": "Q3",
        "form": "6-K",
        "filed": "2025-08-28",
        "unit": "CAD",
        "type": "other"
      },
      "date_range": {
        "earliest": "2018-10-31",
        "latest": "2025-07-31"
      }
    },
    "PremiumsWrittenNetOfReinsurance": {
      "taxonomy": "ifrs-full",
      "label": null,
      "description": null,
      "available_units": [
        "CAD"
      ],
      "data_points_count": 2,
      "latest_value": {
        "value": 3071000000,
        "date": "2018-10-31",
        "fiscal_year": 2018,
        "fiscal_period": "FY",
        "form": "40-F",
        "filed": "2018-11-29",
        "unit": "CAD",
        "type": "other"
      },
      "date_range": {
        "earliest": "2017-10-31",
        "latest": "2018-10-31"
      }
    },
    "Prepayments": {
      "taxonomy": "ifrs-full",
      "label": null,
      "description": null,
      "available_units": [
        "CAD"
      ],
      "data_points_count": 56,
      "latest_value": {
        "value": 2135000000,
        "date": "2025-07-31",
        "fiscal_year": 2025,
        "fiscal_period": "Q3",
        "form": "6-K",
        "filed": "2025-08-28",
        "unit": "CAD",
        "type": "other"
      },
      "date_range": {
        "earliest": "2017-10-31",
        "latest": "2025-07-31"
      }
    },
    "ProceedsFromIssueOfOrdinaryShares": {
      "taxonomy": "ifrs-full",
      "label": null,
      "description": null,
      "available_units": [
        "CAD"
      ],
      "data_points_count": 88,
      "latest_value": {
        "value": 119000000,
        "date": "2025-07-31",
        "fiscal_year": 2025,
        "fiscal_period": "Q3",
        "form": "6-K",
        "filed": "2025-08-28",
        "unit": "CAD",
        "type": "other"
      },
      "date_range": {
        "earliest": "2016-10-31",
        "latest": "2025-07-31"
      }
    },
    "ProceedsFromIssueOfPreferenceShares": {
      "taxonomy": "ifrs-full",
      "label": null,
      "description": null,
      "available_units": [
        "CAD"
      ],
      "data_points_count": 21,
      "latest_value": {
        "value": 847000000,
        "date": "2022-04-30",
        "fiscal_year": 2022,
        "fiscal_period": "Q2",
        "form": "6-K",
        "filed": "2022-05-26",
        "unit": "CAD",
        "type": "other"
      },
      "date_range": {
        "earliest": "2016-10-31",
        "latest": "2022-04-30"
      }
    },
    "ProceedsFromIssueOfSubordinatedLiabilities": {
      "taxonomy": "ifrs-full",
      "label": null,
      "description": null,
      "available_units": [
        "CAD"
      ],
      "data_points_count": 21,
      "latest_value": {
        "value": 3000000000,
        "date": "2020-10-31",
        "fiscal_year": 2020,
        "fiscal_period": "FY",
        "form": "40-F",
        "filed": "2020-12-03",
        "unit": "CAD",
        "type": "other"
      },
      "date_range": {
        "earliest": "2016-10-31",
        "latest": "2020-10-31"
      }
    },
    "ReclassificationAdjustmentsOnExchangeDifferencesOnTranslationNetOfTax": {
      "taxonomy": "ifrs-full",
      "label": null,
      "description": null,
      "available_units": [
        "CAD"
      ],
      "data_points_count": 29,
      "latest_value": {
        "value": 533000000,
        "date": "2025-04-30",
        "fiscal_year": 2025,
        "fiscal_period": "Q2",
        "form": "6-K",
        "filed": "2025-05-22",
        "unit": "CAD",
        "type": "other"
      },
      "date_range": {
        "earliest": "2017-10-31",
        "latest": "2025-04-30"
      }
    },
    "RecognisedLiabilitiesDefinedBenefitPlan": {
      "taxonomy": "ifrs-full",
      "label": null,
      "description": null,
      "available_units": [
        "CAD"
      ],
      "data_points_count": 56,
      "latest_value": {
        "value": 1353000000,
        "date": "2025-07-31",
        "fiscal_year": 2025,
        "fiscal_period": "Q3",
        "form": "6-K",
        "filed": "2025-08-28",
        "unit": "CAD",
        "type": "other"
      },
      "date_range": {
        "earliest": "2017-10-31",
        "latest": "2025-07-31"
      }
    },
    "RentalExpense": {
      "taxonomy": "ifrs-full",
      "label": null,
      "description": null,
      "available_units": [
        "CAD"
      ],
      "data_points_count": 6,
      "latest_value": {
        "value": 1200000000,
        "date": "2019-10-31",
        "fiscal_year": 2019,
        "fiscal_period": "FY",
        "form": "40-F",
        "filed": "2019-12-05",
        "unit": "CAD",
        "type": "other"
      },
      "date_range": {
        "earliest": "2016-10-31",
        "latest": "2019-10-31"
      }
    },
    "RepaymentsOfSubordinatedLiabilities": {
      "taxonomy": "ifrs-full",
      "label": null,
      "description": null,
      "available_units": [
        "CAD"
      ],
      "data_points_count": 26,
      "latest_value": {
        "value": 1562000000,
        "date": "2020-07-31",
        "fiscal_year": 2020,
        "fiscal_period": "Q3",
        "form": "6-K",
        "filed": "2020-08-27",
        "unit": "CAD",
        "type": "other"
      },
      "date_range": {
        "earliest": "2016-10-31",
        "latest": "2020-07-31"
      }
    },
    "SalesAndMarketingExpense": {
      "taxonomy": "ifrs-full",
      "label": null,
      "description": null,
      "available_units": [
        "CAD"
      ],
      "data_points_count": 88,
      "latest_value": {
        "value": 1159000000,
        "date": "2025-07-31",
        "fiscal_year": 2025,
        "fiscal_period": "Q3",
        "form": "6-K",
        "filed": "2025-08-28",
        "unit": "CAD",
        "type": "other"
      },
      "date_range": {
        "earliest": "2016-10-31",
        "latest": "2025-07-31"
      }
    },
    "SubordinatedLiabilities": {
      "taxonomy": "ifrs-full",
      "label": null,
      "description": null,
      "available_units": [
        "CAD"
      ],
      "data_points_count": 56,
      "latest_value": {
        "value": 10496000000,
        "date": "2025-07-31",
        "fiscal_year": 2025,
        "fiscal_period": "Q3",
        "form": "6-K",
        "filed": "2025-08-28",
        "unit": "CAD",
        "type": "other"
      },
      "date_range": {
        "earliest": "2017-10-31",
        "latest": "2025-07-31"
      }
    },
    "TaxEffectOfForeignTaxRates": {
      "taxonomy": "ifrs-full",
      "label": null,
      "description": null,
      "available_units": [
        "CAD"
      ],
      "data_points_count": 18,
      "latest_value": {
        "value": -270000000,
        "date": "2024-10-31",
        "fiscal_year": 2024,
        "fiscal_period": "FY",
        "form": "40-F",
        "filed": "2024-12-06",
        "unit": "CAD",
        "type": "other"
      },
      "date_range": {
        "earliest": "2016-10-31",
        "latest": "2024-10-31"
      }
    },
    "TaxRateEffectOfForeignTaxRates": {
      "taxonomy": "ifrs-full",
      "label": null,
      "description": null,
      "available_units": [
        "pure"
      ],
      "data_points_count": 18,
      "latest_value": {
        "value": -0.025,
        "date": "2024-10-31",
        "fiscal_year": 2024,
        "fiscal_period": "FY",
        "form": "40-F",
        "filed": "2024-12-06",
        "unit": "pure",
        "type": "other"
      },
      "date_range": {
        "earliest": "2016-10-31",
        "latest": "2024-10-31"
      }
    },
    "UnearnedPremiums": {
      "taxonomy": "ifrs-full",
      "label": null,
      "description": null,
      "available_units": [
        "CAD"
      ],
      "data_points_count": 3,
      "latest_value": {
        "value": 1655000000,
        "date": "2018-10-31",
        "fiscal_year": 2018,
        "fiscal_period": "FY",
        "form": "40-F",
        "filed": "2018-11-29",
        "unit": "CAD",
        "type": "other"
      },
      "date_range": {
        "earliest": "2016-10-31",
        "latest": "2018-10-31"
      }
    },
    "WeightedAverageExercisePriceOfShareOptionsOutstandingInSharebasedPaymentArrangement": {
      "taxonomy": "ifrs-full",
      "label": null,
      "description": null,
      "available_units": [
        "CAD"
      ],
      "data_points_count": 1,
      "latest_value": {
        "value": 72.64,
        "date": "2019-01-31",
        "fiscal_year": 2019,
        "fiscal_period": "Q1",
        "form": "6-K",
        "filed": "2019-02-28",
        "unit": "CAD",
        "type": "other"
      },
      "date_range": {
        "earliest": "2019-01-31",
        "latest": "2019-01-31"
      }
    },
    "WeightedAverageExercisePriceOfShareOptionsOutstandingInSharebasedPaymentArrangement2019": {
      "taxonomy": "ifrs-full",
      "label": null,
      "description": null,
      "available_units": [
        "CAD/shares"
      ],
      "data_points_count": 1,
      "latest_value": {
        "value": 72.64,
        "date": "2019-01-31",
        "fiscal_year": 2020,
        "fiscal_period": "Q1",
        "form": "6-K",
        "filed": "2020-02-27",
        "unit": "CAD/shares",
        "type": "other"
      },
      "date_range": {
        "earliest": "2019-01-31",
        "latest": "2019-01-31"
      }
    },
    "WeightedAverageShares": {
      "taxonomy": "ifrs-full",
      "label": null,
      "description": null,
      "available_units": [
        "shares"
      ],
      "data_points_count": 88,
      "latest_value": {
        "value": 1735700000,
        "date": "2025-07-31",
        "fiscal_year": 2025,
        "fiscal_period": "Q3",
        "form": "6-K",
        "filed": "2025-08-28",
        "unit": "shares",
        "type": "other"
      },
      "date_range": {
        "earliest": "2016-10-31",
        "latest": "2025-07-31"
      }
    },
    "ParValuePerShare": {
      "taxonomy": "ifrs-full",
      "label": null,
      "description": null,
      "available_units": [
        "USD/shares"
      ],
      "data_points_count": 2,
      "latest_value": {
        "value": 39,
        "date": "2022-08-02",
        "fiscal_year": 2022,
        "fiscal_period": "Q3",
        "form": "6-K",
        "filed": "2022-08-25",
        "unit": "USD/shares",
        "type": "other"
      },
      "date_range": {
        "earliest": "2022-08-02",
        "latest": "2022-08-02"
      }
    },
    "InsuranceContractsThatAreLiabilities": {
      "taxonomy": "ifrs-full",
      "label": null,
      "description": null,
      "available_units": [
        "CAD"
      ],
      "data_points_count": 16,
      "latest_value": {
        "value": 7106000000,
        "date": "2025-07-31",
        "fiscal_year": 2025,
        "fiscal_period": "Q3",
        "form": "6-K",
        "filed": "2025-08-28",
        "unit": "CAD",
        "type": "other"
      },
      "date_range": {
        "earliest": "2022-10-31",
        "latest": "2025-07-31"
      }
    },
    "InsuranceServiceExpensesFromInsuranceContractsIssued": {
      "taxonomy": "ifrs-full",
      "label": null,
      "description": null,
      "available_units": [
        "CAD"
      ],
      "data_points_count": 24,
      "latest_value": {
        "value": 4487000000,
        "date": "2025-07-31",
        "fiscal_year": 2025,
        "fiscal_period": "Q3",
        "form": "6-K",
        "filed": "2025-08-28",
        "unit": "CAD",
        "type": "other"
      },
      "date_range": {
        "earliest": "2022-10-31",
        "latest": "2025-07-31"
      }
    },
    "TaxEffectFromChangeInTaxRate": {
      "taxonomy": "ifrs-full",
      "label": null,
      "description": null,
      "available_units": [
        "CAD"
      ],
      "data_points_count": 2,
      "latest_value": {
        "value": 585000000,
        "date": "2023-10-31",
        "fiscal_year": 2023,
        "fiscal_period": "FY",
        "form": "40-F",
        "filed": "2023-11-30",
        "unit": "CAD",
        "type": "other"
      },
      "date_range": {
        "earliest": "2023-10-31",
        "latest": "2023-10-31"
      }
    },
    "InsuranceServiceResult": {
      "taxonomy": "ifrs-full",
      "label": null,
      "description": null,
      "available_units": [
        "CAD"
      ],
      "data_points_count": 12,
      "latest_value": {
        "value": 829000000,
        "date": "2024-10-31",
        "fiscal_year": 2024,
        "fiscal_period": "FY",
        "form": "40-F",
        "filed": "2024-12-06",
        "unit": "CAD",
        "type": "other"
      },
      "date_range": {
        "earliest": "2023-01-31",
        "latest": "2024-10-31"
      }
    },
    "ExpenseFromSharebasedPaymentTransactionsWithEmployees": {
      "taxonomy": "ifrs-full",
      "label": null,
      "description": null,
      "available_units": [
        "CAD"
      ],
      "data_points_count": 2,
      "latest_value": {
        "value": 903000000,
        "date": "2024-10-31",
        "fiscal_year": 2024,
        "fiscal_period": "FY",
        "form": "40-F",
        "filed": "2024-12-06",
        "unit": "CAD",
        "type": "other"
      },
      "date_range": {
        "earliest": "2023-10-31",
        "latest": "2024-10-31"
      }
    },
    "ExpensesFromAllocationOfPremiumsPaidToReinsurer": {
      "taxonomy": "ifrs-full",
      "label": null,
      "description": null,
      "available_units": [
        "CAD"
      ],
      "data_points_count": 2,
      "latest_value": {
        "value": 530000000,
        "date": "2024-10-31",
        "fiscal_year": 2024,
        "fiscal_period": "FY",
        "form": "40-F",
        "filed": "2024-12-06",
        "unit": "CAD",
        "type": "other"
      },
      "date_range": {
        "earliest": "2023-10-31",
        "latest": "2024-10-31"
      }
    },
    "NumberOfSharesOutstanding": {
      "taxonomy": "ifrs-full",
      "label": null,
      "description": null,
      "available_units": [
        "shares"
      ],
      "data_points_count": 2,
      "latest_value": {
        "value": 1750000000,
        "date": "2024-10-31",
        "fiscal_year": 2024,
        "fiscal_period": "FY",
        "form": "40-F",
        "filed": "2024-12-06",
        "unit": "shares",
        "type": "other"
      },
      "date_range": {
        "earliest": "2023-10-31",
        "latest": "2024-10-31"
      }
    },
    "TaxRateEffectFromChangeInTaxRate": {
      "taxonomy": "ifrs-full",
      "label": null,
      "description": null,
      "available_units": [
        "pure"
      ],
      "data_points_count": 8,
      "latest_value": {
        "value": 0.003,
        "date": "2025-07-31",
        "fiscal_year": 2025,
        "fiscal_period": "Q3",
        "form": "6-K",
        "filed": "2025-08-28",
        "unit": "pure",
        "type": "other"
      },
      "date_range": {
        "earliest": "2025-01-31",
        "latest": "2025-07-31"
      }
    },
    "ReclassificationAdjustmentsOnExchangeDifferencesOnTranslationBeforeTax": {
      "taxonomy": "ifrs-full",
      "label": null,
      "description": null,
      "available_units": [
        "CAD"
      ],
      "data_points_count": 4,
      "latest_value": {
        "value": 534000000,
        "date": "2025-07-31",
        "fiscal_year": 2025,
        "fiscal_period": "Q3",
        "form": "6-K",
        "filed": "2025-08-28",
        "unit": "CAD",
        "type": "other"
      },
      "date_range": {
        "earliest": "2024-07-31",
        "latest": "2025-07-31"
      }
    },
    "DerivativeNotionalAmount": {
      "taxonomy": "invest",
      "label": "Derivative, Notional Amount",
      "description": "Aggregate notional amount specified by the derivative(s). Expressed as an absolute value.",
      "available_units": [
        "CAD"
      ],
      "data_points_count": 1,
      "latest_value": {
        "value": 510046000000,
        "date": "2018-10-31",
        "fiscal_year": 2018,
        "fiscal_period": "FY",
        "form": "40-F",
        "filed": "2018-11-29",
        "unit": "CAD",
        "type": "other"
      },
      "date_range": {
        "earliest": "2018-10-31",
        "latest": "2018-10-31"
      }
    }
  }
}