{
  "chunk_metadata": {
    "domain": "public",
    "CIK": "798941",
    "data_type": "SEC",
    "ticker": "FCNCA",
    "chunk_name": "Operations & Metadata",
    "chunk_id": "operations_metadata",
    "company_name": "FIRST CITIZENS BANCSHARES INC /DE/",
    "extraction_date": "2025-09-30T11:01:43.720340",
    "metrics_count": 57,
    "total_company_metrics": 0,
    "chunking_strategy": "context_aware_balanced"
  },
  "metrics": {
    "DefinedBenefitPlanAssumptionsUsedCalculatingNetPeriodicBenefitCostRateOfCompensationIncrease": {
      "taxonomy": "us-gaap",
      "label": "Defined Benefit Plan, Assumptions Used Calculating Net Periodic Benefit Cost, Rate of Compensation Increase",
      "description": "Weighted average rate of compensation increase used to determine net periodic benefit cost of defined benefit plan. Plan includes, but is not limited to, pay-related defined benefit plan.",
      "available_units": [
        "pure"
      ],
      "data_points_count": 20,
      "latest_value": {
        "value": 0.056,
        "date": "2021-12-31",
        "fiscal_year": 2021,
        "form": "10-K",
        "filed": "2022-02-25",
        "unit": "pure",
        "type": "annual"
      },
      "date_range": {
        "earliest": "2009-12-31",
        "latest": "2021-12-31"
      }
    },
    "DefinedBenefitPlanExpectedFutureBenefitPaymentsFiveFiscalYearsThereafter": {
      "taxonomy": "us-gaap",
      "label": "Defined Benefit Plan, Expected Future Benefit Payment, after Year Five for Next Five Years",
      "description": "Amount of benefit for defined benefit plan expected to be paid in five fiscal years after fifth fiscal year following current fiscal year.",
      "available_units": [
        "USD"
      ],
      "data_points_count": 5,
      "latest_value": {
        "value": 280173000,
        "date": "2021-12-31",
        "fiscal_year": 2021,
        "form": "10-K",
        "filed": "2022-02-25",
        "unit": "USD",
        "type": "annual"
      },
      "date_range": {
        "earliest": "2012-12-31",
        "latest": "2021-12-31"
      }
    },
    "DefinedBenefitPlanExpectedFutureBenefitPaymentsInFiveFiscalYearsThereafter": {
      "taxonomy": "us-gaap",
      "label": "Defined Benefit Plan, Expected Future Benefit Payments in Five Fiscal Years Thereafter (Deprecated 2012-01-31)",
      "description": "The amount of the aggregate benefits expected to be paid in the five fiscal years thereafter (the aggregate amount of benefits expected to be paid in years 6 through 10 after the date of the latest statement of financial position).",
      "available_units": [
        "USD"
      ],
      "data_points_count": 1,
      "latest_value": {
        "value": 131733000,
        "date": "2011-12-31",
        "fiscal_year": 2011,
        "form": "10-K",
        "filed": "2012-03-07",
        "unit": "USD",
        "type": "annual"
      },
      "date_range": {
        "earliest": "2011-12-31",
        "latest": "2011-12-31"
      }
    },
    "DefinedBenefitPlanExpectedFutureBenefitPaymentsInYearFive": {
      "taxonomy": "us-gaap",
      "label": "Defined Benefit Plan, Expected Future Benefit Payments in Year Five (Deprecated 2012-01-31)",
      "description": "The amount of the benefits expected to be paid in Year 5.",
      "available_units": [
        "USD"
      ],
      "data_points_count": 1,
      "latest_value": {
        "value": 21283000,
        "date": "2011-12-31",
        "fiscal_year": 2011,
        "form": "10-K",
        "filed": "2012-03-07",
        "unit": "USD",
        "type": "annual"
      },
      "date_range": {
        "earliest": "2011-12-31",
        "latest": "2011-12-31"
      }
    },
    "DefinedBenefitPlanExpectedFutureBenefitPaymentsInYearFour": {
      "taxonomy": "us-gaap",
      "label": "Defined Benefit Plan, Expected Future Benefit Payments in Year Four (Deprecated 2012-01-31)",
      "description": "The amount of the benefits expected to be paid in Year 4.",
      "available_units": [
        "USD"
      ],
      "data_points_count": 1,
      "latest_value": {
        "value": 19542000,
        "date": "2011-12-31",
        "fiscal_year": 2011,
        "form": "10-K",
        "filed": "2012-03-07",
        "unit": "USD",
        "type": "annual"
      },
      "date_range": {
        "earliest": "2011-12-31",
        "latest": "2011-12-31"
      }
    },
    "DefinedBenefitPlanExpectedFutureBenefitPaymentsInYearOne": {
      "taxonomy": "us-gaap",
      "label": "Defined Benefit Plan, Expected Future Benefit Payments in Year One (Deprecated 2012-01-31)",
      "description": "The amount of the benefits expected to be paid in Year 1.",
      "available_units": [
        "USD"
      ],
      "data_points_count": 1,
      "latest_value": {
        "value": 15756000,
        "date": "2011-12-31",
        "fiscal_year": 2011,
        "form": "10-K",
        "filed": "2012-03-07",
        "unit": "USD",
        "type": "annual"
      },
      "date_range": {
        "earliest": "2011-12-31",
        "latest": "2011-12-31"
      }
    },
    "DefinedBenefitPlanExpectedFutureBenefitPaymentsInYearThree": {
      "taxonomy": "us-gaap",
      "label": "Defined Benefit Plan, Expected Future Benefit Payments in Year Three (Deprecated 2012-01-31)",
      "description": "The amount of the benefits expected to be paid in Year 3.",
      "available_units": [
        "USD"
      ],
      "data_points_count": 1,
      "latest_value": {
        "value": 18005000,
        "date": "2011-12-31",
        "fiscal_year": 2011,
        "form": "10-K",
        "filed": "2012-03-07",
        "unit": "USD",
        "type": "annual"
      },
      "date_range": {
        "earliest": "2011-12-31",
        "latest": "2011-12-31"
      }
    },
    "DefinedBenefitPlanExpectedFutureBenefitPaymentsInYearTwo": {
      "taxonomy": "us-gaap",
      "label": "Defined Benefit Plan, Expected Future Benefit Payments in Year Two (Deprecated 2012-01-31)",
      "description": "The amount of the benefits expected to be paid in Year 2.",
      "available_units": [
        "USD"
      ],
      "data_points_count": 1,
      "latest_value": {
        "value": 16794000,
        "date": "2011-12-31",
        "fiscal_year": 2011,
        "form": "10-K",
        "filed": "2012-03-07",
        "unit": "USD",
        "type": "annual"
      },
      "date_range": {
        "earliest": "2011-12-31",
        "latest": "2011-12-31"
      }
    },
    "DefinedBenefitPlanExpectedFutureBenefitPaymentsNextTwelveMonths": {
      "taxonomy": "us-gaap",
      "label": "Defined Benefit Plan, Expected Future Benefit Payment, Year One",
      "description": "Amount of benefit for defined benefit plan expected to be paid in next fiscal year following current fiscal year.",
      "available_units": [
        "USD"
      ],
      "data_points_count": 5,
      "latest_value": {
        "value": 41051000,
        "date": "2021-12-31",
        "fiscal_year": 2021,
        "form": "10-K",
        "filed": "2022-02-25",
        "unit": "USD",
        "type": "annual"
      },
      "date_range": {
        "earliest": "2012-12-31",
        "latest": "2021-12-31"
      }
    },
    "DefinedBenefitPlanExpectedFutureBenefitPaymentsYearFive": {
      "taxonomy": "us-gaap",
      "label": "Defined Benefit Plan, Expected Future Benefit Payment, Year Five",
      "description": "Amount of benefit for defined benefit plan expected to be paid in fifth fiscal year following current fiscal year.",
      "available_units": [
        "USD"
      ],
      "data_points_count": 5,
      "latest_value": {
        "value": 50756000,
        "date": "2021-12-31",
        "fiscal_year": 2021,
        "form": "10-K",
        "filed": "2022-02-25",
        "unit": "USD",
        "type": "annual"
      },
      "date_range": {
        "earliest": "2012-12-31",
        "latest": "2021-12-31"
      }
    },
    "DefinedBenefitPlanExpectedFutureBenefitPaymentsYearFour": {
      "taxonomy": "us-gaap",
      "label": "Defined Benefit Plan, Expected Future Benefit Payment, Year Four",
      "description": "Amount of benefit for defined benefit plan expected to be paid in fourth fiscal year following current fiscal year.",
      "available_units": [
        "USD"
      ],
      "data_points_count": 5,
      "latest_value": {
        "value": 48548000,
        "date": "2021-12-31",
        "fiscal_year": 2021,
        "form": "10-K",
        "filed": "2022-02-25",
        "unit": "USD",
        "type": "annual"
      },
      "date_range": {
        "earliest": "2012-12-31",
        "latest": "2021-12-31"
      }
    },
    "DefinedBenefitPlanExpectedFutureBenefitPaymentsYearThree": {
      "taxonomy": "us-gaap",
      "label": "Defined Benefit Plan, Expected Future Benefit Payment, Year Three",
      "description": "Amount of benefit for defined benefit plan expected to be paid in third fiscal year following current fiscal year.",
      "available_units": [
        "USD"
      ],
      "data_points_count": 5,
      "latest_value": {
        "value": 46266000,
        "date": "2021-12-31",
        "fiscal_year": 2021,
        "form": "10-K",
        "filed": "2022-02-25",
        "unit": "USD",
        "type": "annual"
      },
      "date_range": {
        "earliest": "2012-12-31",
        "latest": "2021-12-31"
      }
    },
    "DefinedBenefitPlanExpectedFutureBenefitPaymentsYearTwo": {
      "taxonomy": "us-gaap",
      "label": "Defined Benefit Plan, Expected Future Benefit Payment, Year Two",
      "description": "Amount of benefit for defined benefit plan expected to be paid in second fiscal year following current fiscal year.",
      "available_units": [
        "USD"
      ],
      "data_points_count": 5,
      "latest_value": {
        "value": 43686000,
        "date": "2021-12-31",
        "fiscal_year": 2021,
        "form": "10-K",
        "filed": "2022-02-25",
        "unit": "USD",
        "type": "annual"
      },
      "date_range": {
        "earliest": "2012-12-31",
        "latest": "2021-12-31"
      }
    },
    "DefinedBenefitPlanExpectedFutureEmployerContributionsCurrentFiscalYear": {
      "taxonomy": "us-gaap",
      "label": "Defined Benefit Plan, Expected Future Employer Contributions, Current Fiscal Year",
      "description": "Amount of contributions received and expected to be received by defined benefit plan from employer in current fiscal year.",
      "available_units": [
        "USD"
      ],
      "data_points_count": 4,
      "latest_value": {
        "value": 50000000,
        "date": "2018-06-30",
        "fiscal_year": 2018,
        "fiscal_period": "Q2",
        "form": "10-Q",
        "filed": "2018-08-02",
        "unit": "USD",
        "type": "quarterly"
      },
      "date_range": {
        "earliest": "2017-06-30",
        "latest": "2018-06-30"
      }
    },
    "DefinedBenefitPlanServiceCost": {
      "taxonomy": "us-gaap",
      "label": "Defined Benefit Plan, Service Cost",
      "description": "Amount of cost for actuarial present value of benefits attributed to service rendered by employee for defined benefit plan.",
      "available_units": [
        "USD"
      ],
      "data_points_count": 58,
      "latest_value": {
        "value": 15351000,
        "date": "2021-12-31",
        "fiscal_year": 2021,
        "form": "10-K",
        "filed": "2022-02-25",
        "unit": "USD",
        "type": "annual"
      },
      "date_range": {
        "earliest": "2010-06-30",
        "latest": "2025-06-30"
      }
    },
    "DefinedBenefitPlansEstimatedFutureEmployerContributionsInNextFiscalYear": {
      "taxonomy": "us-gaap",
      "label": "Defined Benefit Plans, Estimated Future Employer Contributions in Next Fiscal Year (Deprecated 2017-01-31)",
      "description": "Amount of employer's best estimate of contributions expected to be paid to the plan during the next fiscal year beginning after the date of the latest statement of financial position.",
      "available_units": [
        "USD"
      ],
      "data_points_count": 2,
      "latest_value": {
        "value": 0,
        "date": "2014-12-31",
        "fiscal_year": 2014,
        "form": "10-K",
        "filed": "2015-02-25",
        "unit": "USD",
        "type": "annual"
      },
      "date_range": {
        "earliest": "2013-12-31",
        "latest": "2014-12-31"
      }
    },
    "DefinedContributionPlanCostRecognized": {
      "taxonomy": "us-gaap",
      "label": "Defined Contribution Plan, Cost",
      "description": "Amount of cost for defined contribution plan.",
      "available_units": [
        "USD"
      ],
      "data_points_count": 43,
      "latest_value": {
        "value": 165000000,
        "date": "2024-12-31",
        "fiscal_year": 2024,
        "form": "10-K",
        "filed": "2025-02-21",
        "unit": "USD",
        "type": "annual"
      },
      "date_range": {
        "earliest": "2009-12-31",
        "latest": "2024-12-31"
      }
    },
    "DefinedContributionPlanEmployerMatchingContributionPercent": {
      "taxonomy": "us-gaap",
      "label": "Defined Contribution Plan, Employer Matching Contribution, Percent of Employees' Gross Pay",
      "description": "Percentage of employees' gross pay for which the employer contributes a matching contribution to a defined contribution plan.",
      "available_units": [
        "pure"
      ],
      "data_points_count": 7,
      "latest_value": {
        "value": 0.06,
        "date": "2021-12-31",
        "fiscal_year": 2021,
        "form": "10-K",
        "filed": "2022-02-25",
        "unit": "pure",
        "type": "annual"
      },
      "date_range": {
        "earliest": "2013-12-31",
        "latest": "2021-12-31"
      }
    },
    "DefinedContributionPlanEmployerMatchingContributionPercentOfMatch": {
      "taxonomy": "us-gaap",
      "label": "Defined Contribution Plan, Employer Matching Contribution, Percent of Match",
      "description": "Percentage employer matches of the employee's percentage contribution matched.",
      "available_units": [
        "pure"
      ],
      "data_points_count": 12,
      "latest_value": {
        "value": 1,
        "date": "2021-12-31",
        "fiscal_year": 2021,
        "form": "10-K",
        "filed": "2022-02-25",
        "unit": "pure",
        "type": "annual"
      },
      "date_range": {
        "earliest": "2007-12-31",
        "latest": "2021-12-31"
      }
    },
    "DefinedContributionPlanEmployersMatchingContributionAnnualVestingPercentage": {
      "taxonomy": "us-gaap",
      "label": "Defined Contribution Plan, Employers Matching Contribution, Annual Vesting Percentage",
      "description": "Percentage of employer's matching contributions to a defined contribution plan that vests in a given year.",
      "available_units": [
        "pure"
      ],
      "data_points_count": 1,
      "latest_value": {
        "value": 1,
        "date": "2015-12-31",
        "fiscal_year": 2015,
        "form": "10-K",
        "filed": "2016-02-24",
        "unit": "pure",
        "type": "annual"
      },
      "date_range": {
        "earliest": "2015-12-31",
        "latest": "2015-12-31"
      }
    },
    "FairValueLiabilitiesLevel1ToLevel2TransfersAmount": {
      "taxonomy": "us-gaap",
      "label": "Fair Value, Liabilities, Level 1 to Level 2 Transfers, Amount",
      "description": "Amount of transfers of liabilities measured on a recurring basis out of Level 1 of the fair value hierarchy into Level 2.",
      "available_units": [
        "USD"
      ],
      "data_points_count": 29,
      "latest_value": {
        "value": 0,
        "date": "2017-12-31",
        "fiscal_year": 2017,
        "form": "10-K",
        "filed": "2018-02-21",
        "unit": "USD",
        "type": "annual"
      },
      "date_range": {
        "earliest": "2012-03-31",
        "latest": "2018-06-30"
      }
    },
    "FairValueLiabilitiesLevel2ToLevel1TransfersAmount": {
      "taxonomy": "us-gaap",
      "label": "Fair Value, Liabilities, Level 2 to Level 1 Transfers, Amount",
      "description": "Amount of transfers of liabilities measured on a recurring basis out of Level 2 of the fair value hierarchy into Level 1.",
      "available_units": [
        "USD"
      ],
      "data_points_count": 33,
      "latest_value": {
        "value": 0,
        "date": "2019-12-31",
        "fiscal_year": 2019,
        "form": "10-K",
        "filed": "2020-02-26",
        "unit": "USD",
        "type": "annual"
      },
      "date_range": {
        "earliest": "2012-03-31",
        "latest": "2019-12-31"
      }
    },
    "FutureAmortizationExpenseYearFive": {
      "taxonomy": "us-gaap",
      "label": "Future Amortization Expense, Year Five (Deprecated 2012-01-31)",
      "description": "The amount of amortization expense expected to be recognized during year five of the five succeeding fiscal years.",
      "available_units": [
        "USD"
      ],
      "data_points_count": 1,
      "latest_value": {
        "value": 0,
        "date": "2011-12-31",
        "fiscal_year": 2011,
        "form": "10-K",
        "filed": "2012-03-07",
        "unit": "USD",
        "type": "annual"
      },
      "date_range": {
        "earliest": "2011-12-31",
        "latest": "2011-12-31"
      }
    },
    "FutureAmortizationExpenseYearFour": {
      "taxonomy": "us-gaap",
      "label": "Future Amortization Expense, Year Four (Deprecated 2012-01-31)",
      "description": "The amount of amortization expense expected to be recognized during year four of the five succeeding fiscal years.",
      "available_units": [
        "USD"
      ],
      "data_points_count": 1,
      "latest_value": {
        "value": 126000,
        "date": "2011-12-31",
        "fiscal_year": 2011,
        "form": "10-K",
        "filed": "2012-03-07",
        "unit": "USD",
        "type": "annual"
      },
      "date_range": {
        "earliest": "2011-12-31",
        "latest": "2011-12-31"
      }
    },
    "FutureAmortizationExpenseYearOne": {
      "taxonomy": "us-gaap",
      "label": "Future Amortization Expense, Year One (Deprecated 2012-01-31)",
      "description": "The amount of amortization expense expected to be recognized during year one of the five succeeding fiscal years.",
      "available_units": [
        "USD"
      ],
      "data_points_count": 1,
      "latest_value": {
        "value": 3476000,
        "date": "2011-12-31",
        "fiscal_year": 2011,
        "form": "10-K",
        "filed": "2012-03-07",
        "unit": "USD",
        "type": "annual"
      },
      "date_range": {
        "earliest": "2011-12-31",
        "latest": "2011-12-31"
      }
    },
    "FutureAmortizationExpenseYearThree": {
      "taxonomy": "us-gaap",
      "label": "Future Amortization Expense, Year Three (Deprecated 2012-01-31)",
      "description": "The amount of amortization expense expected to be recognized during year three of the five succeeding fiscal years.",
      "available_units": [
        "USD"
      ],
      "data_points_count": 1,
      "latest_value": {
        "value": 1122000,
        "date": "2011-12-31",
        "fiscal_year": 2011,
        "form": "10-K",
        "filed": "2012-03-07",
        "unit": "USD",
        "type": "annual"
      },
      "date_range": {
        "earliest": "2011-12-31",
        "latest": "2011-12-31"
      }
    },
    "FutureAmortizationExpenseYearTwo": {
      "taxonomy": "us-gaap",
      "label": "Future Amortization Expense, Year Two (Deprecated 2012-01-31)",
      "description": "The amount of amortization expense expected to be recognized during year two of the five succeeding fiscal years.",
      "available_units": [
        "USD"
      ],
      "data_points_count": 1,
      "latest_value": {
        "value": 2308000,
        "date": "2011-12-31",
        "fiscal_year": 2011,
        "form": "10-K",
        "filed": "2012-03-07",
        "unit": "USD",
        "type": "annual"
      },
      "date_range": {
        "earliest": "2011-12-31",
        "latest": "2011-12-31"
      }
    },
    "IncreaseDecreaseInOtherOperatingLiabilities": {
      "taxonomy": "us-gaap",
      "label": "Increase (Decrease) in Other Operating Liabilities",
      "description": "Amount of increase (decrease) in operating liabilities classified as other.",
      "available_units": [
        "USD"
      ],
      "data_points_count": 142,
      "latest_value": {
        "value": -34000000,
        "date": "2024-12-31",
        "fiscal_year": 2024,
        "form": "10-K",
        "filed": "2025-02-21",
        "unit": "USD",
        "type": "annual"
      },
      "date_range": {
        "earliest": "2008-12-31",
        "latest": "2025-06-30"
      }
    },
    "NewAccountingPronouncementOrChangeInAccountingPrincipleEffectOfAdoptionQuantification": {
      "taxonomy": "us-gaap",
      "label": "New Accounting Pronouncement or Change in Accounting Principle, Effect of Adoption, Quantification (Deprecated 2020-01-31)",
      "description": "Represents the quantification of the effect of adopting the new accounting standard or change in accounting principle expected by the entity to have a significant effect on the entity's financial statements.",
      "available_units": [
        "USD"
      ],
      "data_points_count": 5,
      "latest_value": {
        "value": -50052000,
        "date": "2018-09-30",
        "fiscal_year": 2018,
        "fiscal_period": "Q3",
        "form": "10-Q",
        "filed": "2018-11-01",
        "unit": "USD",
        "type": "quarterly"
      },
      "date_range": {
        "earliest": "2012-12-31",
        "latest": "2018-09-30"
      }
    },
    "NumberOfReportableSegments": {
      "taxonomy": "us-gaap",
      "label": "Number of Reportable Segments",
      "description": "Number of segments reported by the entity. A reportable segment is a component of an entity for which there is an accounting requirement to report separate financial information on that component in the entity's financial statements.",
      "available_units": [
        "reportablesegment",
        "segment"
      ],
      "data_points_count": 5,
      "latest_value": {
        "value": 1,
        "date": "2020-12-31",
        "fiscal_year": 2020,
        "form": "10-K",
        "filed": "2021-02-24",
        "unit": "reportablesegment",
        "type": "annual"
      },
      "date_range": {
        "earliest": "2019-12-31",
        "latest": "2022-09-30"
      }
    },
    "NumberOfStatesInWhichEntityOperates": {
      "taxonomy": "us-gaap",
      "label": "Number of States in which Entity Operates",
      "description": "The number of states the entity operates in as of the balance sheet date.",
      "available_units": [
        "state",
        "State",
        "loan"
      ],
      "data_points_count": 10,
      "latest_value": {
        "value": 22,
        "date": "2022-12-31",
        "fiscal_year": 2022,
        "form": "10-K",
        "filed": "2023-02-24",
        "unit": "state",
        "type": "annual"
      },
      "date_range": {
        "earliest": "2019-12-31",
        "latest": "2023-09-30"
      }
    },
    "NumberOfStores": {
      "taxonomy": "us-gaap",
      "label": "Number of Stores",
      "description": "Represents the number of stores.",
      "available_units": [
        "Branches",
        "branch",
        "loan"
      ],
      "data_points_count": 16,
      "latest_value": {
        "value": 397,
        "date": "2013-12-31",
        "fiscal_year": 2013,
        "form": "10-K",
        "filed": "2014-02-26",
        "unit": "Branches",
        "type": "annual"
      },
      "date_range": {
        "earliest": "2013-12-31",
        "latest": "2023-09-30"
      }
    },
    "OtherLaborRelatedExpenses": {
      "taxonomy": "us-gaap",
      "label": "Other Labor-related Expenses",
      "description": "Amount of labor-related expenses classified as other.",
      "available_units": [
        "USD"
      ],
      "data_points_count": 158,
      "latest_value": {
        "value": 135659000,
        "date": "2021-12-31",
        "fiscal_year": 2021,
        "form": "10-K",
        "filed": "2022-02-25",
        "unit": "USD",
        "type": "annual"
      },
      "date_range": {
        "earliest": "2008-12-31",
        "latest": "2021-12-31"
      }
    },
    "OtherLiabilities": {
      "taxonomy": "us-gaap",
      "label": "Other Liabilities",
      "description": "Amount of liabilities classified as other.",
      "available_units": [
        "USD"
      ],
      "data_points_count": 137,
      "latest_value": {
        "value": 8196000000,
        "date": "2024-12-31",
        "fiscal_year": 2024,
        "form": "10-K",
        "filed": "2025-02-21",
        "unit": "USD",
        "type": "annual"
      },
      "date_range": {
        "earliest": "2009-06-30",
        "latest": "2025-06-30"
      }
    },
    "PreferredStockLiquidationPreference": {
      "taxonomy": "us-gaap",
      "label": "Preferred Stock, Liquidation Preference Per Share",
      "description": "The per share liquidation preference (or restrictions) of nonredeemable preferred stock (or preferred stock redeemable solely at the option of the issuer) that has a preference in involuntary liquidation considerably in excess of the par or stated value of the shares. The liquidation preference is the difference between the preference in liquidation and the par or stated values of the share.",
      "available_units": [
        "USD/shares"
      ],
      "data_points_count": 2,
      "latest_value": {
        "value": 1000,
        "date": "2021-09-30",
        "fiscal_year": 2021,
        "fiscal_period": "Q3",
        "form": "10-Q",
        "filed": "2021-11-02",
        "unit": "USD/shares",
        "type": "quarterly"
      },
      "date_range": {
        "earliest": "2020-12-31",
        "latest": "2021-09-30"
      }
    },
    "PreferredStockParOrStatedValuePerShare": {
      "taxonomy": "us-gaap",
      "label": "Preferred Stock, Par or Stated Value Per Share",
      "description": "Face amount or stated value per share of preferred stock nonredeemable or redeemable solely at the option of the issuer.",
      "available_units": [
        "USD/shares"
      ],
      "data_points_count": 68,
      "latest_value": {
        "value": 0.01,
        "date": "2024-12-31",
        "fiscal_year": 2024,
        "form": "10-K",
        "filed": "2025-02-21",
        "unit": "USD/shares",
        "type": "annual"
      },
      "date_range": {
        "earliest": "2015-12-31",
        "latest": "2025-06-30"
      }
    },
    "PreferredStockSharesAuthorized": {
      "taxonomy": "us-gaap",
      "label": "Preferred Stock, Shares Authorized",
      "description": "The maximum number of nonredeemable preferred shares (or preferred stock redeemable solely at the option of the issuer) permitted to be issued by an entity's charter and bylaws.",
      "available_units": [
        "shares"
      ],
      "data_points_count": 76,
      "latest_value": {
        "value": 20000000,
        "date": "2024-12-31",
        "fiscal_year": 2024,
        "form": "10-K",
        "filed": "2025-02-21",
        "unit": "shares",
        "type": "annual"
      },
      "date_range": {
        "earliest": "2015-12-31",
        "latest": "2025-06-30"
      }
    },
    "PriorPeriodReclassificationAdjustment": {
      "taxonomy": "us-gaap",
      "label": "Prior Period Reclassification Adjustment",
      "description": "The amount of a reclassification adjustment made to prior period financial statement amounts.",
      "available_units": [
        "USD"
      ],
      "data_points_count": 1,
      "latest_value": {
        "value": 3300000,
        "date": "2015-06-30",
        "fiscal_year": 2015,
        "fiscal_period": "Q2",
        "form": "10-Q",
        "filed": "2015-08-05",
        "unit": "USD",
        "type": "quarterly"
      },
      "date_range": {
        "earliest": "2015-06-30",
        "latest": "2015-06-30"
      }
    },
    "SalariesAndWages": {
      "taxonomy": "us-gaap",
      "label": "Salary and Wage, NonOfficer, Excluding Cost of Good and Service Sold",
      "description": "Amount of expense for salary and wage arising from service rendered by nonofficer employee. Excludes allocated cost, labor-related nonsalary expense, and direct and overhead labor cost included in cost of good and service sold.",
      "available_units": [
        "USD"
      ],
      "data_points_count": 43,
      "latest_value": {
        "value": 307331000,
        "date": "2012-12-31",
        "fiscal_year": 2012,
        "form": "10-K",
        "filed": "2013-03-01",
        "unit": "USD",
        "type": "annual"
      },
      "date_range": {
        "earliest": "2008-12-31",
        "latest": "2013-03-31"
      }
    },
    "SalariesWagesAndOfficersCompensation": {
      "taxonomy": "us-gaap",
      "label": "Salary and Wage, Excluding Cost of Good and Service Sold",
      "description": "Amount of expense for salary and wage arising from service rendered by nonofficer and officer employees. Excludes allocated cost, labor-related nonsalary expense, and direct and overhead labor cost included in cost of good and service sold.",
      "available_units": [
        "USD"
      ],
      "data_points_count": 115,
      "latest_value": {
        "value": 623194000,
        "date": "2021-12-31",
        "fiscal_year": 2021,
        "form": "10-K",
        "filed": "2022-02-25",
        "unit": "USD",
        "type": "annual"
      },
      "date_range": {
        "earliest": "2011-12-31",
        "latest": "2021-12-31"
      }
    },
    "StockIssuedDuringPeriodSharesNewIssues": {
      "taxonomy": "us-gaap",
      "label": "Stock Issued During Period, Shares, New Issues",
      "description": "Number of new stock issued during the period.",
      "available_units": [
        "shares"
      ],
      "data_points_count": 5,
      "latest_value": {
        "value": 339937000,
        "date": "2020-09-30",
        "fiscal_year": 2020,
        "fiscal_period": "Q3",
        "form": "10-Q",
        "filed": "2020-11-03",
        "unit": "shares",
        "type": "quarterly"
      },
      "date_range": {
        "earliest": "2020-03-31",
        "latest": "2020-09-30"
      }
    },
    "StockRepurchaseProgramNumberOfSharesAuthorizedToBeRepurchased": {
      "taxonomy": "us-gaap",
      "label": "Stock Repurchase Program, Number of Shares Authorized to be Repurchased",
      "description": "The number of shares authorized to be repurchased by an entity's Board of Directors under a stock repurchase plan.",
      "available_units": [
        "shares"
      ],
      "data_points_count": 3,
      "latest_value": {
        "value": 800000,
        "date": "2019-04-30",
        "fiscal_year": 2019,
        "fiscal_period": "Q2",
        "form": "10-Q",
        "filed": "2019-08-06",
        "unit": "shares",
        "type": "quarterly"
      },
      "date_range": {
        "earliest": "2018-10-31",
        "latest": "2019-04-30"
      }
    },
    "UnrecognizedTaxBenefits": {
      "taxonomy": "us-gaap",
      "label": "Unrecognized Tax Benefits",
      "description": "Amount of unrecognized tax benefits.",
      "available_units": [
        "USD"
      ],
      "data_points_count": 36,
      "latest_value": {
        "value": 86000000,
        "date": "2024-12-31",
        "fiscal_year": 2024,
        "form": "10-K",
        "filed": "2025-02-21",
        "unit": "USD",
        "type": "annual"
      },
      "date_range": {
        "earliest": "2013-12-31",
        "latest": "2024-12-31"
      }
    },
    "UnrecognizedTaxBenefitsDecreasesResultingFromPriorPeriodTaxPositions": {
      "taxonomy": "us-gaap",
      "label": "Unrecognized Tax Benefits, Decrease Resulting from Prior Period Tax Positions",
      "description": "Amount of decrease in unrecognized tax benefits resulting from tax positions taken in prior period tax returns.",
      "available_units": [
        "USD"
      ],
      "data_points_count": 28,
      "latest_value": {
        "value": 0,
        "date": "2024-12-31",
        "fiscal_year": 2024,
        "form": "10-K",
        "filed": "2025-02-21",
        "unit": "USD",
        "type": "annual"
      },
      "date_range": {
        "earliest": "2012-12-31",
        "latest": "2024-12-31"
      }
    },
    "UnrecognizedTaxBenefitsDecreasesResultingFromSettlementsWithTaxingAuthorities": {
      "taxonomy": "us-gaap",
      "label": "Unrecognized Tax Benefits, Decrease Resulting from Settlements with Taxing Authorities",
      "description": "Amount of decrease in unrecognized tax benefits resulting from settlements with taxing authorities.",
      "available_units": [
        "USD"
      ],
      "data_points_count": 23,
      "latest_value": {
        "value": 0,
        "date": "2024-12-31",
        "fiscal_year": 2024,
        "form": "10-K",
        "filed": "2025-02-21",
        "unit": "USD",
        "type": "annual"
      },
      "date_range": {
        "earliest": "2014-12-31",
        "latest": "2024-12-31"
      }
    },
    "UnrecognizedTaxBenefitsIncreasesResultingFromCurrentPeriodTaxPositions": {
      "taxonomy": "us-gaap",
      "label": "Unrecognized Tax Benefits, Increase Resulting from Current Period Tax Positions",
      "description": "Amount of increase in unrecognized tax benefits resulting from tax positions that have been or will be taken in current period tax return.",
      "available_units": [
        "USD"
      ],
      "data_points_count": 21,
      "latest_value": {
        "value": 8000000,
        "date": "2024-12-31",
        "fiscal_year": 2024,
        "form": "10-K",
        "filed": "2025-02-21",
        "unit": "USD",
        "type": "annual"
      },
      "date_range": {
        "earliest": "2014-12-31",
        "latest": "2024-12-31"
      }
    },
    "UnrecognizedTaxBenefitsIncreasesResultingFromPriorPeriodTaxPositions": {
      "taxonomy": "us-gaap",
      "label": "Unrecognized Tax Benefits, Increase Resulting from Prior Period Tax Positions",
      "description": "Amount of increase in unrecognized tax benefits resulting from tax positions taken in prior period tax returns.",
      "available_units": [
        "USD"
      ],
      "data_points_count": 10,
      "latest_value": {
        "value": 48000000,
        "date": "2024-12-31",
        "fiscal_year": 2024,
        "form": "10-K",
        "filed": "2025-02-21",
        "unit": "USD",
        "type": "annual"
      },
      "date_range": {
        "earliest": "2020-12-31",
        "latest": "2024-12-31"
      }
    },
    "UnrecognizedTaxBenefitsReductionsResultingFromLapseOfApplicableStatuteOfLimitations": {
      "taxonomy": "us-gaap",
      "label": "Unrecognized Tax Benefits, Reduction Resulting from Lapse of Applicable Statute of Limitations",
      "description": "Amount of decrease in unrecognized tax benefits resulting from lapses of applicable statutes of limitations.",
      "available_units": [
        "USD"
      ],
      "data_points_count": 14,
      "latest_value": {
        "value": 1000000,
        "date": "2024-12-31",
        "fiscal_year": 2024,
        "form": "10-K",
        "filed": "2025-02-21",
        "unit": "USD",
        "type": "annual"
      },
      "date_range": {
        "earliest": "2018-12-31",
        "latest": "2024-12-31"
      }
    },
    "BankOwnedLifeInsurance": {
      "taxonomy": "us-gaap",
      "label": "Bank Owned Life Insurance",
      "description": "The carrying amount of a life insurance policy on an officer, executive or employee for which the reporting entity (a bank) is entitled to proceeds from the policy upon death of the insured or surrender of the insurance policy.",
      "available_units": [
        "USD"
      ],
      "data_points_count": 26,
      "latest_value": {
        "value": 106000000,
        "date": "2024-12-31",
        "fiscal_year": 2024,
        "form": "10-K",
        "filed": "2025-02-21",
        "unit": "USD",
        "type": "annual"
      },
      "date_range": {
        "earliest": "2021-12-31",
        "latest": "2024-12-31"
      }
    },
    "DerivativeNotionalAmount": {
      "taxonomy": "us-gaap",
      "label": "Derivative, Notional Amount",
      "description": "Nominal or face amount used to calculate payment on derivative.",
      "available_units": [
        "USD"
      ],
      "data_points_count": 2,
      "latest_value": {
        "value": 20146000000,
        "date": "2022-06-30",
        "fiscal_year": 2022,
        "fiscal_period": "Q2",
        "form": "10-Q",
        "filed": "2022-08-05",
        "unit": "USD",
        "type": "quarterly"
      },
      "date_range": {
        "earliest": "2022-03-31",
        "latest": "2022-06-30"
      }
    },
    "MarketingExpense": {
      "taxonomy": "us-gaap",
      "label": "Marketing Expense",
      "description": "Expenditures for planning and executing the conception, pricing, promotion, and distribution of ideas, goods, and services. Costs of public relations and corporate promotions are typically considered to be marketing costs.",
      "available_units": [
        "USD"
      ],
      "data_points_count": 46,
      "latest_value": {
        "value": 76000000,
        "date": "2024-12-31",
        "fiscal_year": 2024,
        "form": "10-K",
        "filed": "2025-02-21",
        "unit": "USD",
        "type": "annual"
      },
      "date_range": {
        "earliest": "2020-12-31",
        "latest": "2025-06-30"
      }
    },
    "StockIssuedDuringPeriodValueAcquisitions": {
      "taxonomy": "us-gaap",
      "label": "Stock Issued During Period, Value, Acquisitions",
      "description": "Value of stock issued pursuant to acquisitions during the period.",
      "available_units": [
        "USD"
      ],
      "data_points_count": 10,
      "latest_value": {
        "value": 5279000000,
        "date": "2022-12-31",
        "fiscal_year": 2022,
        "form": "10-K",
        "filed": "2023-02-24",
        "unit": "USD",
        "type": "annual"
      },
      "date_range": {
        "earliest": "2020-12-31",
        "latest": "2022-12-31"
      }
    },
    "StockRepurchasedAndRetiredDuringPeriodShares": {
      "taxonomy": "us-gaap",
      "label": "Stock Repurchased and Retired During Period, Shares",
      "description": "Number of shares that have been repurchased and retired during the period.",
      "available_units": [
        "shares"
      ],
      "data_points_count": 4,
      "latest_value": {
        "value": 1500000,
        "date": "2022-12-31",
        "fiscal_year": 2022,
        "form": "10-K",
        "filed": "2023-02-24",
        "unit": "shares",
        "type": "annual"
      },
      "date_range": {
        "earliest": "2020-12-31",
        "latest": "2022-12-31"
      }
    },
    "DecreaseInUnrecognizedTaxBenefitsIsReasonablyPossible": {
      "taxonomy": "us-gaap",
      "label": "Decrease in Unrecognized Tax Benefits is Reasonably Possible",
      "description": "Amount of decrease reasonably possible in the next twelve months for the unrecognized tax benefit.",
      "available_units": [
        "USD"
      ],
      "data_points_count": 4,
      "latest_value": {
        "value": 10000000,
        "date": "2024-12-31",
        "fiscal_year": 2024,
        "form": "10-K",
        "filed": "2025-02-21",
        "unit": "USD",
        "type": "annual"
      },
      "date_range": {
        "earliest": "2022-12-31",
        "latest": "2024-12-31"
      }
    },
    "IncreaseInUnrecognizedTaxBenefitsIsReasonablyPossible": {
      "taxonomy": "us-gaap",
      "label": "Increase in Unrecognized Tax Benefits is Reasonably Possible",
      "description": "Amount of increase reasonably possible in the next twelve months for the unrecognized tax benefit.",
      "available_units": [
        "USD"
      ],
      "data_points_count": 1,
      "latest_value": {
        "value": 10000000,
        "date": "2022-12-31",
        "fiscal_year": 2022,
        "form": "10-K",
        "filed": "2023-02-24",
        "unit": "USD",
        "type": "annual"
      },
      "date_range": {
        "earliest": "2022-12-31",
        "latest": "2022-12-31"
      }
    },
    "UnrecognizedTaxBenefitsIncreasesResultingFromAcquisition": {
      "taxonomy": "us-gaap",
      "label": "Unrecognized Tax Benefits, Increase Resulting from Acquisition",
      "description": "Amount of increase in unrecognized tax benefits resulting from acquisitions.",
      "available_units": [
        "USD"
      ],
      "data_points_count": 1,
      "latest_value": {
        "value": 6000000,
        "date": "2021-12-31",
        "fiscal_year": 2022,
        "form": "10-K",
        "filed": "2023-02-24",
        "unit": "USD",
        "type": "annual"
      },
      "date_range": {
        "earliest": "2021-12-31",
        "latest": "2021-12-31"
      }
    },
    "DefinedBenefitPlanExpectedFutureEmployerContributionsRemainderOfFiscalYear": {
      "taxonomy": "us-gaap",
      "label": "Defined Benefit Plan, Expected Future Employer Contributions, Remainder of Fiscal Year",
      "description": "Amount of contribution expected to be received by defined benefit plan from employer in remainder of current fiscal year. Excludes contribution previously paid by employer in current fiscal year.",
      "available_units": [
        "USD"
      ],
      "data_points_count": 1,
      "latest_value": {
        "value": 0,
        "date": "2024-12-31",
        "fiscal_year": 2024,
        "form": "10-K",
        "filed": "2025-02-21",
        "unit": "USD",
        "type": "annual"
      },
      "date_range": {
        "earliest": "2024-12-31",
        "latest": "2024-12-31"
      }
    }
  }
}