{
  "chunk_metadata": {
    "domain": "public",
    "CIK": "886982",
    "data_type": "SEC",
    "ticker": "GS",
    "chunk_name": "Other Assets",
    "chunk_id": "other_assets",
    "company_name": "The Goldman Sachs Group, Inc.",
    "extraction_date": "2025-09-30T11:01:44.312811",
    "metrics_count": 74,
    "total_company_metrics": 0,
    "chunking_strategy": "context_aware_balanced"
  },
  "metrics": {
    "AccumulatedDepreciationDepletionAndAmortizationPropertyPlantAndEquipment": {
      "taxonomy": "us-gaap",
      "label": "Accumulated Depreciation, Depletion and Amortization, Property, Plant, and Equipment",
      "description": "Amount of accumulated depreciation, depletion and amortization for physical assets used in the normal conduct of business to produce goods and services.",
      "available_units": [
        "USD"
      ],
      "data_points_count": 124,
      "latest_value": {
        "value": 13640000000,
        "date": "2024-12-31",
        "fiscal_year": 2024,
        "form": "10-K",
        "filed": "2025-02-27",
        "unit": "USD",
        "type": "annual"
      },
      "date_range": {
        "earliest": "2009-12-31",
        "latest": "2025-06-30"
      }
    },
    "AmountOfRestrictedNetAssetsForConsolidatedAndUnconsolidatedSubsidiaries": {
      "taxonomy": "us-gaap",
      "label": "Amount of Restricted Net Assets for Consolidated and Unconsolidated Subsidiaries",
      "description": "Amount of restricted net assets of consolidated and unconsolidated subsidiaries as of the end of the most recently completed fiscal year.",
      "available_units": [
        "USD"
      ],
      "data_points_count": 120,
      "latest_value": {
        "value": 98480000000,
        "date": "2024-12-31",
        "fiscal_year": 2024,
        "form": "10-K",
        "filed": "2025-02-27",
        "unit": "USD",
        "type": "annual"
      },
      "date_range": {
        "earliest": "2009-12-31",
        "latest": "2025-06-30"
      }
    },
    "Assets": {
      "taxonomy": "us-gaap",
      "label": "Assets",
      "description": "Sum of the carrying amounts as of the balance sheet date of all assets that are recognized. Assets are probable future economic benefits obtained or controlled by an entity as a result of past transactions or events.",
      "available_units": [
        "USD"
      ],
      "data_points_count": 198,
      "latest_value": {
        "value": 1675972000000,
        "date": "2024-12-31",
        "fiscal_year": 2024,
        "form": "10-K",
        "filed": "2025-02-27",
        "unit": "USD",
        "type": "annual"
      },
      "date_range": {
        "earliest": "2008-11-28",
        "latest": "2025-06-30"
      }
    },
    "AssetsFairValueDisclosure": {
      "taxonomy": "us-gaap",
      "label": "Assets, Fair Value Disclosure",
      "description": "Fair value portion of probable future economic benefits obtained or controlled by an entity as a result of past transactions or events.",
      "available_units": [
        "USD"
      ],
      "data_points_count": 142,
      "latest_value": {
        "value": 907669000000,
        "date": "2024-12-31",
        "fiscal_year": 2024,
        "form": "10-K",
        "filed": "2025-02-27",
        "unit": "USD",
        "type": "annual"
      },
      "date_range": {
        "earliest": "2010-12-31",
        "latest": "2025-06-30"
      }
    },
    "CapitalRequiredForCapitalAdequacyToRiskWeightedAssets": {
      "taxonomy": "us-gaap",
      "label": "Banking Regulation, Total Risk-Based Capital Ratio, Capital Adequacy, Minimum",
      "description": "Ratio of minimum total risk-based capital to risk-weighted assets required for capital adequacy as defined by regulatory framework.",
      "available_units": [
        "pure"
      ],
      "data_points_count": 53,
      "latest_value": {
        "value": 0.13,
        "date": "2019-12-31",
        "fiscal_year": 2019,
        "form": "10-K",
        "filed": "2020-02-21",
        "unit": "pure",
        "type": "annual"
      },
      "date_range": {
        "earliest": "2010-06-30",
        "latest": "2020-09-30"
      }
    },
    "CapitalRequiredToBeWellCapitalizedToRiskWeightedAssets": {
      "taxonomy": "us-gaap",
      "label": "Banking Regulation, Total Risk-Based Capital Ratio, Well Capitalized, Minimum",
      "description": "Ratio of minimum total risk-based capital to risk-weighted assets categorized as well capitalized as defined by regulatory framework for prompt corrective action.",
      "available_units": [
        "pure"
      ],
      "data_points_count": 28,
      "latest_value": {
        "value": 0.1,
        "date": "2016-12-31",
        "fiscal_year": 2016,
        "form": "10-K",
        "filed": "2017-02-27",
        "unit": "pure",
        "type": "annual"
      },
      "date_range": {
        "earliest": "2010-06-30",
        "latest": "2016-12-31"
      }
    },
    "CapitalToRiskWeightedAssets": {
      "taxonomy": "us-gaap",
      "label": "Banking Regulation, Total Risk-Based Capital Ratio, Actual",
      "description": "Ratio of total risk-based capital to risk-weighted assets as defined by regulatory framework.",
      "available_units": [
        "pure"
      ],
      "data_points_count": 32,
      "latest_value": {
        "value": 0.199,
        "date": "2013-12-31",
        "fiscal_year": 2013,
        "form": "10-K",
        "filed": "2014-02-28",
        "unit": "pure",
        "type": "annual"
      },
      "date_range": {
        "earliest": "2009-12-31",
        "latest": "2014-03-31"
      }
    },
    "ContinuingInvolvementWithTransferredFinancialAssetsPrincipalAmountOutstanding": {
      "taxonomy": "us-gaap",
      "label": "Continuing Involvement with Transferred Financial Assets, Principal Amount Outstanding",
      "description": "Principal amount of transferred financial assets in which the transferor has continuing involvement with the assets underlying the transaction. Continuing involvement includes, but is not limited to, servicing, recourse, and restrictions on transferor's interests in transferred financial assets.",
      "available_units": [
        "USD"
      ],
      "data_points_count": 90,
      "latest_value": {
        "value": 138739000000,
        "date": "2024-12-31",
        "fiscal_year": 2024,
        "form": "10-K",
        "filed": "2025-02-27",
        "unit": "USD",
        "type": "annual"
      },
      "date_range": {
        "earliest": "2013-12-31",
        "latest": "2025-06-30"
      }
    },
    "DeferredTaxAssetsCapitalLossCarryforwards": {
      "taxonomy": "us-gaap",
      "label": "Deferred Tax Assets, Capital Loss Carryforwards",
      "description": "Amount before allocation of valuation allowances of deferred tax asset attributable to deductible capital loss carryforwards.",
      "available_units": [
        "USD"
      ],
      "data_points_count": 12,
      "latest_value": {
        "value": 0,
        "date": "2017-12-31",
        "fiscal_year": 2017,
        "form": "10-K",
        "filed": "2018-02-26",
        "unit": "USD",
        "type": "annual"
      },
      "date_range": {
        "earliest": "2009-12-31",
        "latest": "2017-12-31"
      }
    },
    "DeferredTaxAssetsGross": {
      "taxonomy": "us-gaap",
      "label": "Deferred Tax Assets, Gross",
      "description": "Amount before allocation of valuation allowances of deferred tax asset attributable to deductible temporary differences and carryforwards.",
      "available_units": [
        "USD"
      ],
      "data_points_count": 32,
      "latest_value": {
        "value": 11007000000,
        "date": "2024-12-31",
        "fiscal_year": 2024,
        "form": "10-K",
        "filed": "2025-02-27",
        "unit": "USD",
        "type": "annual"
      },
      "date_range": {
        "earliest": "2009-12-31",
        "latest": "2024-12-31"
      }
    },
    "DeferredTaxAssetsNet": {
      "taxonomy": "us-gaap",
      "label": "Deferred Tax Assets, Net of Valuation Allowance",
      "description": "Amount after allocation of valuation allowances of deferred tax asset attributable to deductible temporary differences and carryforwards.",
      "available_units": [
        "USD"
      ],
      "data_points_count": 32,
      "latest_value": {
        "value": 8943000000,
        "date": "2024-12-31",
        "fiscal_year": 2024,
        "form": "10-K",
        "filed": "2025-02-27",
        "unit": "USD",
        "type": "annual"
      },
      "date_range": {
        "earliest": "2009-12-31",
        "latest": "2024-12-31"
      }
    },
    "DeferredTaxAssetsOperatingLossCarryforwards": {
      "taxonomy": "us-gaap",
      "label": "Deferred Tax Assets, Operating Loss Carryforwards",
      "description": "Amount before allocation of valuation allowances of deferred tax asset attributable to deductible operating loss carryforwards.",
      "available_units": [
        "USD"
      ],
      "data_points_count": 32,
      "latest_value": {
        "value": 786000000,
        "date": "2024-12-31",
        "fiscal_year": 2024,
        "form": "10-K",
        "filed": "2025-02-27",
        "unit": "USD",
        "type": "annual"
      },
      "date_range": {
        "earliest": "2009-12-31",
        "latest": "2024-12-31"
      }
    },
    "DeferredTaxAssetsOther": {
      "taxonomy": "us-gaap",
      "label": "Deferred Tax Assets, Other",
      "description": "Amount, before allocation of valuation allowance, of deferred tax asset attributable to deductible temporary differences, classified as other.",
      "available_units": [
        "USD"
      ],
      "data_points_count": 32,
      "latest_value": {
        "value": 421000000,
        "date": "2024-12-31",
        "fiscal_year": 2024,
        "form": "10-K",
        "filed": "2025-02-27",
        "unit": "USD",
        "type": "annual"
      },
      "date_range": {
        "earliest": "2009-12-31",
        "latest": "2024-12-31"
      }
    },
    "DeferredTaxAssetsOtherComprehensiveLoss": {
      "taxonomy": "us-gaap",
      "label": "Deferred Tax Assets, Other Comprehensive Loss",
      "description": "Amount before allocation of valuation allowances of deferred tax asset attributable to deductible temporary differences from unrealized losses in other comprehensive income.",
      "available_units": [
        "USD"
      ],
      "data_points_count": 28,
      "latest_value": {
        "value": 714000000,
        "date": "2024-12-31",
        "fiscal_year": 2024,
        "form": "10-K",
        "filed": "2025-02-27",
        "unit": "USD",
        "type": "annual"
      },
      "date_range": {
        "earliest": "2010-12-31",
        "latest": "2024-12-31"
      }
    },
    "DeferredTaxAssetsTaxDeferredExpenseCompensationAndBenefits": {
      "taxonomy": "us-gaap",
      "label": "Deferred Tax Assets, Tax Deferred Expense, Compensation and Benefits",
      "description": "Amount before allocation of valuation allowances of deferred tax asset attributable to deductible temporary differences from compensation and benefits costs.",
      "available_units": [
        "USD"
      ],
      "data_points_count": 32,
      "latest_value": {
        "value": 1888000000,
        "date": "2024-12-31",
        "fiscal_year": 2024,
        "form": "10-K",
        "filed": "2025-02-27",
        "unit": "USD",
        "type": "annual"
      },
      "date_range": {
        "earliest": "2009-12-31",
        "latest": "2024-12-31"
      }
    },
    "DeferredTaxAssetsUnrealizedCurrencyLosses": {
      "taxonomy": "us-gaap",
      "label": "Deferred Tax Assets, Unrealized Currency Losses",
      "description": "Amount before allocation of valuation allowances of deferred tax asset attributable to deductible temporary differences from unrealized losses on foreign currency transactions.",
      "available_units": [
        "USD"
      ],
      "data_points_count": 30,
      "latest_value": {
        "value": 1507000000,
        "date": "2024-12-31",
        "fiscal_year": 2024,
        "form": "10-K",
        "filed": "2025-02-27",
        "unit": "USD",
        "type": "annual"
      },
      "date_range": {
        "earliest": "2009-12-31",
        "latest": "2024-12-31"
      }
    },
    "DeferredTaxAssetsValuationAllowance": {
      "taxonomy": "us-gaap",
      "label": "Deferred Tax Assets, Valuation Allowance",
      "description": "Amount of deferred tax assets for which it is more likely than not that a tax benefit will not be realized.",
      "available_units": [
        "USD"
      ],
      "data_points_count": 32,
      "latest_value": {
        "value": 2064000000,
        "date": "2024-12-31",
        "fiscal_year": 2024,
        "form": "10-K",
        "filed": "2025-02-27",
        "unit": "USD",
        "type": "annual"
      },
      "date_range": {
        "earliest": "2009-12-31",
        "latest": "2024-12-31"
      }
    },
    "DeferredTaxExpenseFromStockOptionsExercised": {
      "taxonomy": "us-gaap",
      "label": "Deferred Tax Expense from Stock Options Exercised",
      "description": "Amount of deferred tax expense from write-off of the deferred tax asset related to deductible stock options at exercise.",
      "available_units": [
        "USD"
      ],
      "data_points_count": 24,
      "latest_value": {
        "value": 64000000,
        "date": "2018-12-31",
        "fiscal_year": 2018,
        "form": "10-K",
        "filed": "2019-02-26",
        "unit": "USD",
        "type": "annual"
      },
      "date_range": {
        "earliest": "2011-12-31",
        "latest": "2018-12-31"
      }
    },
    "DepreciationAndAmortization": {
      "taxonomy": "us-gaap",
      "label": "Depreciation, Depletion and Amortization, Nonproduction",
      "description": "The current period expense charged against earnings on long-lived, physical assets not used in production, and which are not intended for resale, to allocate or recognize the cost of such assets over their useful lives; or to record the reduction in book value of an intangible asset over the benefit period of such asset; or to reflect consumption during the period of an asset that is not used in production.",
      "available_units": [
        "USD"
      ],
      "data_points_count": 159,
      "latest_value": {
        "value": 2392000000,
        "date": "2024-12-31",
        "fiscal_year": 2024,
        "form": "10-K",
        "filed": "2025-02-27",
        "unit": "USD",
        "type": "annual"
      },
      "date_range": {
        "earliest": "2011-12-31",
        "latest": "2025-06-30"
      }
    },
    "DerivativeAssetDesignatedAsHedgingInstrumentFairValue": {
      "taxonomy": "us-gaap",
      "label": "Derivative Asset Designated as Hedging Instrument, Fair Value (Deprecated 2011-01-31)",
      "description": "Fair value of a derivative asset (or nonderivative instrument) that is designated and qualifies as a hedging instrument, presented on a gross basis even when the derivative instrument is subject to master netting arrangements and qualifies for net presentation in the statement of financial position.",
      "available_units": [
        "USD"
      ],
      "data_points_count": 10,
      "latest_value": {
        "value": 23402000000,
        "date": "2010-12-31",
        "fiscal_year": 2010,
        "form": "10-K",
        "filed": "2011-03-01",
        "unit": "USD",
        "type": "annual"
      },
      "date_range": {
        "earliest": "2009-12-31",
        "latest": "2011-06-30"
      }
    },
    "DerivativeAssetFairValueOffsetAgainstCollateralNetOfNotSubjectToMasterNettingArrangementPolicyElection": {
      "taxonomy": "us-gaap",
      "label": "Derivative Asset, Fair Value, Offset Against Collateral, Net of Not Subject to Master Netting Arrangement, Policy Election",
      "description": "Fair value, after effects of master netting arrangements, deduction of assets not subject to a master netting arrangement and elected not to be offset, of financial asset or other contract with one or more underlyings, notional amount or payment provision or both, and the contract can be net settled by means outside the contract or delivery of an asset, offset against an obligation to return collateral.",
      "available_units": [
        "USD"
      ],
      "data_points_count": 84,
      "latest_value": {
        "value": 31801000000,
        "date": "2024-12-31",
        "fiscal_year": 2024,
        "form": "10-K",
        "filed": "2025-02-27",
        "unit": "USD",
        "type": "annual"
      },
      "date_range": {
        "earliest": "2014-12-31",
        "latest": "2025-03-31"
      }
    },
    "DerivativeAssetNotDesignatedAsHedgingInstrumentFairValue": {
      "taxonomy": "us-gaap",
      "label": "Derivative Asset Not Designated as Hedging Instrument, Fair Value (Deprecated 2011-01-31)",
      "description": "Fair value of a derivative asset that is not designated or qualifying as a hedging instrument, presented on a gross basis even when the derivative instrument is subject to master netting arrangements and qualifies for net presentation in the statement of financial position.",
      "available_units": [
        "USD"
      ],
      "data_points_count": 10,
      "latest_value": {
        "value": 780761000000,
        "date": "2010-12-31",
        "fiscal_year": 2010,
        "form": "10-K",
        "filed": "2011-03-01",
        "unit": "USD",
        "type": "annual"
      },
      "date_range": {
        "earliest": "2009-12-31",
        "latest": "2011-06-30"
      }
    },
    "DerivativeAssetNotSubjectToMasterNettingArrangement": {
      "taxonomy": "us-gaap",
      "label": "Derivative Asset, Not Subject to Master Netting Arrangement",
      "description": "Fair value of financial asset or other contract with one or more underlyings, notional amount or payment provision or both, and the contract can be net settled by means outside the contract or delivery of an asset, not subject to a master netting arrangement.",
      "available_units": [
        "USD"
      ],
      "data_points_count": 98,
      "latest_value": {
        "value": 8550000000,
        "date": "2024-12-31",
        "fiscal_year": 2024,
        "form": "10-K",
        "filed": "2025-02-27",
        "unit": "USD",
        "type": "annual"
      },
      "date_range": {
        "earliest": "2012-12-31",
        "latest": "2025-06-30"
      }
    },
    "DerivativeAssets": {
      "taxonomy": "us-gaap",
      "label": "Derivative Asset",
      "description": "Fair value, after the effects of master netting arrangements, of a financial asset or other contract with one or more underlyings, notional amount or payment provision or both, and the contract can be net settled by means outside the contract or delivery of an asset. Includes assets not subject to a master netting arrangement and not elected to be offset.",
      "available_units": [
        "USD"
      ],
      "data_points_count": 78,
      "latest_value": {
        "value": 47339000000,
        "date": "2024-12-31",
        "fiscal_year": 2024,
        "form": "10-K",
        "filed": "2025-02-27",
        "unit": "USD",
        "type": "annual"
      },
      "date_range": {
        "earliest": "2014-12-31",
        "latest": "2025-06-30"
      }
    },
    "DerivativeFairValueOfDerivativeAsset": {
      "taxonomy": "us-gaap",
      "label": "Derivative Asset, Fair Value, Gross Asset",
      "description": "Fair value, before effects of master netting arrangements, of a financial asset or other contract with one or more underlyings, notional amount or payment provision or both, and the contract can be net settled by means outside the contract or delivery of an asset. Includes assets elected not to be offset. Excludes assets not subject to a master netting arrangement.",
      "available_units": [
        "USD"
      ],
      "data_points_count": 124,
      "latest_value": {
        "value": 376352000000,
        "date": "2024-12-31",
        "fiscal_year": 2024,
        "form": "10-K",
        "filed": "2025-02-27",
        "unit": "USD",
        "type": "annual"
      },
      "date_range": {
        "earliest": "2009-12-31",
        "latest": "2025-06-30"
      }
    },
    "EmbeddedDerivativeFairValueOfEmbeddedDerivativeAsset": {
      "taxonomy": "us-gaap",
      "label": "Embedded Derivative, Fair Value of Embedded Derivative Asset",
      "description": "Fair value as of the balance sheet date of the embedded derivative or group of embedded derivatives classified as an asset.",
      "available_units": [
        "USD"
      ],
      "data_points_count": 124,
      "latest_value": {
        "value": 467000000,
        "date": "2024-12-31",
        "fiscal_year": 2024,
        "form": "10-K",
        "filed": "2025-02-27",
        "unit": "USD",
        "type": "annual"
      },
      "date_range": {
        "earliest": "2009-12-31",
        "latest": "2025-06-30"
      }
    },
    "EmbeddedDerivativeFairValueOfEmbeddedDerivativeNet": {
      "taxonomy": "us-gaap",
      "label": "Embedded Derivative, Fair Value of Embedded Derivative, Net",
      "description": "Net fair value as of the balance sheet date of the embedded derivative or group of embedded derivatives classified as assets, net of those classified as liabilities.",
      "available_units": [
        "USD"
      ],
      "data_points_count": 124,
      "latest_value": {
        "value": 292000000,
        "date": "2024-12-31",
        "fiscal_year": 2024,
        "form": "10-K",
        "filed": "2025-02-27",
        "unit": "USD",
        "type": "annual"
      },
      "date_range": {
        "earliest": "2009-12-31",
        "latest": "2025-06-30"
      }
    },
    "EmployeeRelatedLiabilitiesCurrentAndNoncurrent": {
      "taxonomy": "us-gaap",
      "label": "Employee-related Liabilities",
      "description": "Total of the carrying values as of the balance sheet date of obligations incurred through that date and payable for obligations related to services received from employees, such as accrued salaries and bonuses, payroll taxes and fringe benefits.",
      "available_units": [
        "USD"
      ],
      "data_points_count": 124,
      "latest_value": {
        "value": 8770000000,
        "date": "2024-12-31",
        "fiscal_year": 2024,
        "form": "10-K",
        "filed": "2025-02-27",
        "unit": "USD",
        "type": "annual"
      },
      "date_range": {
        "earliest": "2009-12-31",
        "latest": "2025-06-30"
      }
    },
    "FiniteLivedIntangibleAssetsAccumulatedAmortization": {
      "taxonomy": "us-gaap",
      "label": "Finite-Lived Intangible Assets, Accumulated Amortization",
      "description": "Accumulated amount of amortization of assets, excluding financial assets and goodwill, lacking physical substance with a finite life.",
      "available_units": [
        "USD"
      ],
      "data_points_count": 124,
      "latest_value": {
        "value": 1422000000,
        "date": "2024-12-31",
        "fiscal_year": 2024,
        "form": "10-K",
        "filed": "2025-02-27",
        "unit": "USD",
        "type": "annual"
      },
      "date_range": {
        "earliest": "2009-12-31",
        "latest": "2025-06-30"
      }
    },
    "FiniteLivedIntangibleAssetsAmortizationExpenseAfterYearFive": {
      "taxonomy": "us-gaap",
      "label": "Finite-Lived Intangible Asset, Expected Amortization, after Year Five",
      "description": "Amount of amortization for asset, excluding financial asset and goodwill, lacking physical substance with finite life expected to be recognized after fifth fiscal year following current fiscal year. Excludes interim and annual periods when interim periods are reported from current statement of financial position date (rolling approach).",
      "available_units": [
        "USD"
      ],
      "data_points_count": 3,
      "latest_value": {
        "value": 18000000,
        "date": "2016-09-30",
        "fiscal_year": 2016,
        "fiscal_period": "Q3",
        "form": "10-Q",
        "filed": "2016-11-03",
        "unit": "USD",
        "type": "quarterly"
      },
      "date_range": {
        "earliest": "2016-03-31",
        "latest": "2016-09-30"
      }
    },
    "FiniteLivedIntangibleAssetsAmortizationExpenseNextTwelveMonths": {
      "taxonomy": "us-gaap",
      "label": "Finite-Lived Intangible Asset, Expected Amortization, Year One",
      "description": "Amount of amortization for assets, excluding financial assets and goodwill, lacking physical substance with finite life expected to be recognized in next fiscal year following current fiscal year. Excludes interim and annual periods when interim periods are reported from current statement of financial position date (rolling approach).",
      "available_units": [
        "USD"
      ],
      "data_points_count": 36,
      "latest_value": {
        "value": 79000000,
        "date": "2024-12-31",
        "fiscal_year": 2024,
        "form": "10-K",
        "filed": "2025-02-27",
        "unit": "USD",
        "type": "annual"
      },
      "date_range": {
        "earliest": "2013-09-30",
        "latest": "2025-06-30"
      }
    },
    "FiniteLivedIntangibleAssetsAmortizationExpenseRemainderOfFiscalYear": {
      "taxonomy": "us-gaap",
      "label": "Finite-Lived Intangible Asset, Expected Amortization, Remainder of Fiscal Year",
      "description": "Amount of amortization for assets, excluding financial assets and goodwill, lacking physical substance with finite life expected to be recognized in remainder of current fiscal year.",
      "available_units": [
        "USD"
      ],
      "data_points_count": 36,
      "latest_value": {
        "value": 40000000,
        "date": "2025-06-30",
        "fiscal_year": 2025,
        "fiscal_period": "Q2",
        "form": "10-Q",
        "filed": "2025-08-01",
        "unit": "USD",
        "type": "quarterly"
      },
      "date_range": {
        "earliest": "2013-09-30",
        "latest": "2025-06-30"
      }
    },
    "FiniteLivedIntangibleAssetsAmortizationExpenseYearFive": {
      "taxonomy": "us-gaap",
      "label": "Finite-Lived Intangible Asset, Expected Amortization, Year Five",
      "description": "Amount of amortization for assets, excluding financial assets and goodwill, lacking physical substance with finite life expected to be recognized in fifth fiscal year following current fiscal year. Excludes interim and annual periods when interim periods are reported from current statement of financial position date (rolling approach).",
      "available_units": [
        "USD"
      ],
      "data_points_count": 49,
      "latest_value": {
        "value": 72000000,
        "date": "2024-12-31",
        "fiscal_year": 2024,
        "form": "10-K",
        "filed": "2025-02-27",
        "unit": "USD",
        "type": "annual"
      },
      "date_range": {
        "earliest": "2013-09-30",
        "latest": "2025-06-30"
      }
    },
    "FiniteLivedIntangibleAssetsAmortizationExpenseYearFour": {
      "taxonomy": "us-gaap",
      "label": "Finite-Lived Intangible Asset, Expected Amortization, Year Four",
      "description": "Amount of amortization for assets, excluding financial assets and goodwill, lacking physical substance with finite life expected to be recognized in fourth fiscal year following current fiscal year. Excludes interim and annual periods when interim periods are reported from current statement of financial position date (rolling approach).",
      "available_units": [
        "USD"
      ],
      "data_points_count": 49,
      "latest_value": {
        "value": 72000000,
        "date": "2024-12-31",
        "fiscal_year": 2024,
        "form": "10-K",
        "filed": "2025-02-27",
        "unit": "USD",
        "type": "annual"
      },
      "date_range": {
        "earliest": "2013-09-30",
        "latest": "2025-06-30"
      }
    },
    "FiniteLivedIntangibleAssetsAmortizationExpenseYearThree": {
      "taxonomy": "us-gaap",
      "label": "Finite-Lived Intangible Asset, Expected Amortization, Year Three",
      "description": "Amount of amortization for assets, excluding financial assets and goodwill, lacking physical substance with finite life expected to be recognized in third fiscal year following current fiscal year. Excludes interim and annual periods when interim periods are reported from current statement of financial position date (rolling approach).",
      "available_units": [
        "USD"
      ],
      "data_points_count": 49,
      "latest_value": {
        "value": 73000000,
        "date": "2024-12-31",
        "fiscal_year": 2024,
        "form": "10-K",
        "filed": "2025-02-27",
        "unit": "USD",
        "type": "annual"
      },
      "date_range": {
        "earliest": "2013-09-30",
        "latest": "2025-06-30"
      }
    },
    "FiniteLivedIntangibleAssetsAmortizationExpenseYearTwo": {
      "taxonomy": "us-gaap",
      "label": "Finite-Lived Intangible Asset, Expected Amortization, Year Two",
      "description": "Amount of amortization for assets, excluding financial assets and goodwill, lacking physical substance with finite life expected to be recognized in second fiscal year following current fiscal year. Excludes interim and annual periods when interim periods are reported from current statement of financial position date (rolling approach).",
      "available_units": [
        "USD"
      ],
      "data_points_count": 49,
      "latest_value": {
        "value": 73000000,
        "date": "2024-12-31",
        "fiscal_year": 2024,
        "form": "10-K",
        "filed": "2025-02-27",
        "unit": "USD",
        "type": "annual"
      },
      "date_range": {
        "earliest": "2013-09-30",
        "latest": "2025-06-30"
      }
    },
    "FiniteLivedIntangibleAssetsGross": {
      "taxonomy": "us-gaap",
      "label": "Finite-Lived Intangible Assets, Gross",
      "description": "Amount before amortization of assets, excluding financial assets and goodwill, lacking physical substance with a finite life.",
      "available_units": [
        "USD"
      ],
      "data_points_count": 62,
      "latest_value": {
        "value": 1608000000,
        "date": "2016-12-31",
        "fiscal_year": 2016,
        "form": "10-K",
        "filed": "2017-02-27",
        "unit": "USD",
        "type": "annual"
      },
      "date_range": {
        "earliest": "2009-12-31",
        "latest": "2017-09-30"
      }
    },
    "FiniteLivedIntangibleAssetsNet": {
      "taxonomy": "us-gaap",
      "label": "Finite-Lived Intangible Assets, Net",
      "description": "Amount after amortization of assets, excluding financial assets and goodwill, lacking physical substance with a finite life.",
      "available_units": [
        "USD"
      ],
      "data_points_count": 62,
      "latest_value": {
        "value": 429000000,
        "date": "2016-12-31",
        "fiscal_year": 2016,
        "form": "10-K",
        "filed": "2017-02-27",
        "unit": "USD",
        "type": "annual"
      },
      "date_range": {
        "earliest": "2009-12-31",
        "latest": "2017-09-30"
      }
    },
    "FiniteLivedIntangibleAssetsWeightedAverageUsefulLife": {
      "taxonomy": "us-gaap",
      "label": "Finite-Lived Intangible Assets, Weighted-Average Useful Life (Deprecated 2012-01-31)",
      "description": "The calculated weighted-average useful life of all finite-lived intangible assets.",
      "available_units": [
        "pure",
        "Y"
      ],
      "data_points_count": 9,
      "latest_value": {
        "value": 12,
        "date": "2010-12-31",
        "fiscal_year": 2010,
        "form": "10-K",
        "filed": "2011-03-01",
        "unit": "pure",
        "type": "annual"
      },
      "date_range": {
        "earliest": "2010-06-30",
        "latest": "2012-06-30"
      }
    },
    "GainLossOnSaleOfBusiness": {
      "taxonomy": "us-gaap",
      "label": "Gain (Loss) on Disposition of Business",
      "description": "Amount of gain (loss) from sale and disposal of integrated set of activities and assets capable of being conducted and managed for purpose of providing return in form of dividend, lower cost, or other economic benefit to investor, owner, member and participant.",
      "available_units": [
        "USD"
      ],
      "data_points_count": 8,
      "latest_value": {
        "value": 0,
        "date": "2015-12-31",
        "fiscal_year": 2015,
        "form": "10-K",
        "filed": "2016-02-22",
        "unit": "USD",
        "type": "annual"
      },
      "date_range": {
        "earliest": "2012-09-30",
        "latest": "2015-12-31"
      }
    },
    "Goodwill": {
      "taxonomy": "us-gaap",
      "label": "Goodwill",
      "description": "Amount after accumulated impairment loss of an asset representing future economic benefits arising from other assets acquired in a business combination that are not individually identified and separately recognized.",
      "available_units": [
        "USD"
      ],
      "data_points_count": 116,
      "latest_value": {
        "value": 5853000000,
        "date": "2024-12-31",
        "fiscal_year": 2024,
        "form": "10-K",
        "filed": "2025-02-27",
        "unit": "USD",
        "type": "annual"
      },
      "date_range": {
        "earliest": "2010-12-31",
        "latest": "2025-06-30"
      }
    },
    "GoodwillImpairmentLoss": {
      "taxonomy": "us-gaap",
      "label": "Goodwill, Impairment Loss",
      "description": "Amount of loss from the write-down of an asset representing the future economic benefits arising from other assets acquired in a business combination that are not individually identified and separately recognized.",
      "available_units": [
        "USD"
      ],
      "data_points_count": 4,
      "latest_value": {
        "value": 22000000,
        "date": "2014-12-31",
        "fiscal_year": 2014,
        "form": "10-K",
        "filed": "2015-02-23",
        "unit": "USD",
        "type": "annual"
      },
      "date_range": {
        "earliest": "2014-12-31",
        "latest": "2014-12-31"
      }
    },
    "IncomeTaxExaminationPenaltiesAndInterestAccrued": {
      "taxonomy": "us-gaap",
      "label": "Income Tax Examination, Penalties and Interest Accrued",
      "description": "The amount of estimated penalties and interest accrued as of the balance sheet date arising from income tax examinations.",
      "available_units": [
        "USD"
      ],
      "data_points_count": 32,
      "latest_value": {
        "value": 475000000,
        "date": "2024-12-31",
        "fiscal_year": 2024,
        "form": "10-K",
        "filed": "2025-02-27",
        "unit": "USD",
        "type": "annual"
      },
      "date_range": {
        "earliest": "2009-12-31",
        "latest": "2024-12-31"
      }
    },
    "IncreaseDecreaseInOtherOperatingCapitalNet": {
      "taxonomy": "us-gaap",
      "label": "Increase (Decrease) in Other Operating Assets and Liabilities, Net",
      "description": "Amount of increase (decrease) in operating assets after deduction of operating liabilities classified as other.",
      "available_units": [
        "USD"
      ],
      "data_points_count": 151,
      "latest_value": {
        "value": 6640000000,
        "date": "2024-12-31",
        "fiscal_year": 2024,
        "form": "10-K",
        "filed": "2025-02-27",
        "unit": "USD",
        "type": "annual"
      },
      "date_range": {
        "earliest": "2007-11-30",
        "latest": "2025-06-30"
      }
    },
    "IntangibleAssetsGrossExcludingGoodwill": {
      "taxonomy": "us-gaap",
      "label": "Intangible Assets, Gross (Excluding Goodwill)",
      "description": "Amount before accumulated amortization of intangible assets, excluding goodwill.",
      "available_units": [
        "USD"
      ],
      "data_points_count": 62,
      "latest_value": {
        "value": 2269000000,
        "date": "2024-12-31",
        "fiscal_year": 2024,
        "form": "10-K",
        "filed": "2025-02-27",
        "unit": "USD",
        "type": "annual"
      },
      "date_range": {
        "earliest": "2016-12-31",
        "latest": "2025-06-30"
      }
    },
    "IntangibleAssetsNetExcludingGoodwill": {
      "taxonomy": "us-gaap",
      "label": "Intangible Assets, Net (Excluding Goodwill)",
      "description": "Sum of the carrying amounts of all intangible assets, excluding goodwill, as of the balance sheet date, net of accumulated amortization and impairment charges.",
      "available_units": [
        "USD"
      ],
      "data_points_count": 62,
      "latest_value": {
        "value": 847000000,
        "date": "2024-12-31",
        "fiscal_year": 2024,
        "form": "10-K",
        "filed": "2025-02-27",
        "unit": "USD",
        "type": "annual"
      },
      "date_range": {
        "earliest": "2016-12-31",
        "latest": "2025-06-30"
      }
    },
    "IntangibleAssetsNetIncludingGoodwill": {
      "taxonomy": "us-gaap",
      "label": "Intangible Assets, Net (Including Goodwill)",
      "description": "Carrying amount of finite-lived intangible assets, indefinite-lived intangible assets and goodwill. Goodwill is an asset representing the future economic benefits arising from other assets acquired in a business combination that are not individually identified and separately recognized. Intangible assets are assets, not including financial assets, lacking physical substance.",
      "available_units": [
        "USD"
      ],
      "data_points_count": 48,
      "latest_value": {
        "value": 4837000000,
        "date": "2019-12-31",
        "fiscal_year": 2019,
        "form": "10-K",
        "filed": "2020-02-21",
        "unit": "USD",
        "type": "annual"
      },
      "date_range": {
        "earliest": "2013-12-31",
        "latest": "2020-09-30"
      }
    },
    "LeaseAndRentalExpense": {
      "taxonomy": "us-gaap",
      "label": "Operating Leases, Rent Expense",
      "description": "Amount of rent expense incurred for leased assets, including but not limited to, furniture and equipment, that is not directly or indirectly associated with the manufacture, sale or creation of a product or product line.",
      "available_units": [
        "USD"
      ],
      "data_points_count": 70,
      "latest_value": {
        "value": 292000000,
        "date": "2018-12-31",
        "fiscal_year": 2018,
        "form": "10-K",
        "filed": "2019-02-26",
        "unit": "USD",
        "type": "annual"
      },
      "date_range": {
        "earliest": "2008-11-30",
        "latest": "2018-12-31"
      }
    },
    "Liabilities": {
      "taxonomy": "us-gaap",
      "label": "Liabilities",
      "description": "Sum of the carrying amounts as of the balance sheet date of all liabilities that are recognized. Liabilities are probable future sacrifices of economic benefits arising from present obligations of an entity to transfer assets or provide services to other entities in the future.",
      "available_units": [
        "USD"
      ],
      "data_points_count": 143,
      "latest_value": {
        "value": 1553976000000,
        "date": "2024-12-31",
        "fiscal_year": 2024,
        "form": "10-K",
        "filed": "2025-02-27",
        "unit": "USD",
        "type": "annual"
      },
      "date_range": {
        "earliest": "2008-11-28",
        "latest": "2025-06-30"
      }
    },
    "LossContingencyRangeOfPossibleLossPortionNotAccrued": {
      "taxonomy": "us-gaap",
      "label": "Loss Contingency, Range of Possible Loss, Portion Not Accrued",
      "description": "The difference between the maximum amount of estimated loss and the amount recorded as of the balance sheet date.",
      "available_units": [
        "USD"
      ],
      "data_points_count": 44,
      "latest_value": {
        "value": 1700000000,
        "date": "2024-12-31",
        "fiscal_year": 2024,
        "form": "10-K",
        "filed": "2025-02-27",
        "unit": "USD",
        "type": "annual"
      },
      "date_range": {
        "earliest": "2014-12-31",
        "latest": "2025-06-30"
      }
    },
    "NoninterestIncome": {
      "taxonomy": "us-gaap",
      "label": "Noninterest Income",
      "description": "The total amount of noninterest income which may be derived from: (1) fees and commissions; (2) premiums earned; (3) insurance policy charges; (4) the sale or disposal of assets; and (5) other sources not otherwise specified.",
      "available_units": [
        "USD"
      ],
      "data_points_count": 159,
      "latest_value": {
        "value": 45456000000,
        "date": "2024-12-31",
        "fiscal_year": 2024,
        "form": "10-K",
        "filed": "2025-02-27",
        "unit": "USD",
        "type": "annual"
      },
      "date_range": {
        "earliest": "2011-12-31",
        "latest": "2025-06-30"
      }
    },
    "OccupancyNet": {
      "taxonomy": "us-gaap",
      "label": "Occupancy, Net",
      "description": "Amount of net occupancy expense that may include items, such as depreciation of facilities and equipment, lease expenses, property taxes and property and casualty insurance expense.",
      "available_units": [
        "USD"
      ],
      "data_points_count": 159,
      "latest_value": {
        "value": 973000000,
        "date": "2024-12-31",
        "fiscal_year": 2024,
        "form": "10-K",
        "filed": "2025-02-27",
        "unit": "USD",
        "type": "annual"
      },
      "date_range": {
        "earliest": "2011-12-31",
        "latest": "2025-06-30"
      }
    },
    "OperatingLeaseRightOfUseAsset": {
      "taxonomy": "us-gaap",
      "label": "Operating Lease, Right-of-Use Asset",
      "description": "Amount of lessee's right to use underlying asset under operating lease.",
      "available_units": [
        "USD"
      ],
      "data_points_count": 48,
      "latest_value": {
        "value": 1967000000,
        "date": "2024-12-31",
        "fiscal_year": 2024,
        "form": "10-K",
        "filed": "2025-02-27",
        "unit": "USD",
        "type": "annual"
      },
      "date_range": {
        "earliest": "2019-03-31",
        "latest": "2025-06-30"
      }
    },
    "OperatingLossCarryforwardsValuationAllowance": {
      "taxonomy": "us-gaap",
      "label": "Operating Loss Carryforwards, Valuation Allowance",
      "description": "The portion of the valuation allowance pertaining to the deferred tax asset representing potential future taxable deductions from net operating loss carryforwards for which it is more likely than not that a tax benefit will not be realized.",
      "available_units": [
        "USD"
      ],
      "data_points_count": 32,
      "latest_value": {
        "value": 328000000,
        "date": "2024-12-31",
        "fiscal_year": 2024,
        "form": "10-K",
        "filed": "2025-02-27",
        "unit": "USD",
        "type": "annual"
      },
      "date_range": {
        "earliest": "2009-12-31",
        "latest": "2024-12-31"
      }
    },
    "OtherAccountsPayableAndAccruedLiabilities": {
      "taxonomy": "us-gaap",
      "label": "Other Accounts Payable and Accrued Liabilities",
      "description": "Amount of liabilities incurred and payable to vendors for goods and services received classified as other, and expenses incurred but not yet paid, payable within one year or the operating cycle, if longer.",
      "available_units": [
        "USD"
      ],
      "data_points_count": 124,
      "latest_value": {
        "value": 9427000000,
        "date": "2024-12-31",
        "fiscal_year": 2024,
        "form": "10-K",
        "filed": "2025-02-27",
        "unit": "USD",
        "type": "annual"
      },
      "date_range": {
        "earliest": "2009-12-31",
        "latest": "2025-06-30"
      }
    },
    "OtherAssets": {
      "taxonomy": "us-gaap",
      "label": "Other Assets",
      "description": "Amount of assets classified as other.",
      "available_units": [
        "USD"
      ],
      "data_points_count": 114,
      "latest_value": {
        "value": 34187000000,
        "date": "2024-12-31",
        "fiscal_year": 2024,
        "form": "10-K",
        "filed": "2025-02-27",
        "unit": "USD",
        "type": "annual"
      },
      "date_range": {
        "earliest": "2010-12-31",
        "latest": "2025-06-30"
      }
    },
    "OtherAssetsFairValueDisclosure": {
      "taxonomy": "us-gaap",
      "label": "Other Assets, Fair Value Disclosure",
      "description": "Fair value portion of other assets.",
      "available_units": [
        "USD"
      ],
      "data_points_count": 32,
      "latest_value": {
        "value": 194000000,
        "date": "2024-12-31",
        "fiscal_year": 2024,
        "form": "10-K",
        "filed": "2025-02-27",
        "unit": "USD",
        "type": "annual"
      },
      "date_range": {
        "earliest": "2012-12-31",
        "latest": "2025-06-30"
      }
    },
    "OtherAssetsMiscellaneous": {
      "taxonomy": "us-gaap",
      "label": "Other Assets, Miscellaneous",
      "description": "Amount of other miscellaneous assets.",
      "available_units": [
        "USD"
      ],
      "data_points_count": 114,
      "latest_value": {
        "value": 8365000000,
        "date": "2024-12-31",
        "fiscal_year": 2024,
        "form": "10-K",
        "filed": "2025-02-27",
        "unit": "USD",
        "type": "annual"
      },
      "date_range": {
        "earliest": "2010-12-31",
        "latest": "2025-06-30"
      }
    },
    "PropertyPlantAndEquipmentNet": {
      "taxonomy": "us-gaap",
      "label": "Property, Plant and Equipment, Net",
      "description": "Amount after accumulated depreciation, depletion and amortization of physical assets used in the normal conduct of business to produce goods and services and not intended for resale. Examples include, but are not limited to, land, buildings, machinery and equipment, office equipment, and furniture and fixtures.",
      "available_units": [
        "USD"
      ],
      "data_points_count": 36,
      "latest_value": {
        "value": 8024000000,
        "date": "2024-12-31",
        "fiscal_year": 2024,
        "form": "10-K",
        "filed": "2025-02-27",
        "unit": "USD",
        "type": "annual"
      },
      "date_range": {
        "earliest": "2009-12-31",
        "latest": "2025-06-30"
      }
    },
    "ReceivablesFromCustomers": {
      "taxonomy": "us-gaap",
      "label": "Receivables from Customers",
      "description": "Amount due from customers for fees and charges arising from transactions related to the entity's brokerage activities and operations.",
      "available_units": [
        "USD"
      ],
      "data_points_count": 96,
      "latest_value": {
        "value": 92880000000,
        "date": "2024-12-31",
        "fiscal_year": 2024,
        "form": "10-K",
        "filed": "2025-02-27",
        "unit": "USD",
        "type": "annual"
      },
      "date_range": {
        "earliest": "2012-12-31",
        "latest": "2025-06-30"
      }
    },
    "RiskWeightedAssets": {
      "taxonomy": "us-gaap",
      "label": "Banking Regulation, Risk-Weighted Assets, Actual",
      "description": "Amount of risk-weighted assets as defined by regulatory framework.",
      "available_units": [
        "USD"
      ],
      "data_points_count": 24,
      "latest_value": {
        "value": 570313000000,
        "date": "2014-12-31",
        "fiscal_year": 2014,
        "form": "10-K",
        "filed": "2015-02-23",
        "unit": "USD",
        "type": "annual"
      },
      "date_range": {
        "earliest": "2011-12-31",
        "latest": "2014-12-31"
      }
    },
    "TangibleAssetImpairmentCharges": {
      "taxonomy": "us-gaap",
      "label": "Tangible Asset Impairment Charges",
      "description": "The charge against earnings resulting from the aggregate write down of tangible assets from their carrying value to their fair value.",
      "available_units": [
        "USD"
      ],
      "data_points_count": 1,
      "latest_value": {
        "value": 171000000,
        "date": "2020-12-31",
        "fiscal_year": 2020,
        "form": "10-K",
        "filed": "2021-02-22",
        "unit": "USD",
        "type": "annual"
      },
      "date_range": {
        "earliest": "2020-12-31",
        "latest": "2020-12-31"
      }
    },
    "TierOneLeverageCapitalRequiredForCapitalAdequacyToAverageAssets": {
      "taxonomy": "us-gaap",
      "label": "Banking Regulation, Tier One Leverage Capital Ratio, Capital Adequacy, Minimum",
      "description": "Ratio of minimum Tier 1 leverage capital to average assets required for capital adequacy as defined by regulatory framework.",
      "available_units": [
        "pure"
      ],
      "data_points_count": 76,
      "latest_value": {
        "value": 0.04,
        "date": "2024-12-31",
        "fiscal_year": 2024,
        "form": "10-K",
        "filed": "2025-02-27",
        "unit": "pure",
        "type": "annual"
      },
      "date_range": {
        "earliest": "2015-09-30",
        "latest": "2025-06-30"
      }
    },
    "TierOneLeverageCapitalToAverageAssets": {
      "taxonomy": "us-gaap",
      "label": "Banking Regulation, Tier One Leverage Capital Ratio, Actual",
      "description": "Ratio of Tier 1 capital to average assets as defined by regulatory framework.",
      "available_units": [
        "pure"
      ],
      "data_points_count": 66,
      "latest_value": {
        "value": 0.068,
        "date": "2024-12-31",
        "fiscal_year": 2024,
        "form": "10-K",
        "filed": "2025-02-27",
        "unit": "pure",
        "type": "annual"
      },
      "date_range": {
        "earliest": "2010-12-31",
        "latest": "2025-06-30"
      }
    },
    "TierOneRiskBasedCapitalRequiredForCapitalAdequacyToRiskWeightedAssets": {
      "taxonomy": "us-gaap",
      "label": "Banking Regulation, Tier One Risk-Based Capital Ratio, Capital Adequacy, Minimum",
      "description": "Ratio of minimum Tier 1 risk-based capital to risk-weighted assets required for capital adequacy as defined by regulatory framework.",
      "available_units": [
        "pure"
      ],
      "data_points_count": 53,
      "latest_value": {
        "value": 0.11,
        "date": "2019-12-31",
        "fiscal_year": 2019,
        "form": "10-K",
        "filed": "2020-02-21",
        "unit": "pure",
        "type": "annual"
      },
      "date_range": {
        "earliest": "2010-06-30",
        "latest": "2020-09-30"
      }
    },
    "TierOneRiskBasedCapitalRequiredToBeWellCapitalizedToRiskWeightedAssets": {
      "taxonomy": "us-gaap",
      "label": "Banking Regulation, Tier One Risk-Based Capital Ratio, Well Capitalized, Minimum",
      "description": "Ratio of minimum Tier 1 risk-based capital to risk-weighted assets categorized as well capitalized as defined by regulatory framework for prompt corrective action.",
      "available_units": [
        "pure"
      ],
      "data_points_count": 18,
      "latest_value": {
        "value": 0.06,
        "date": "2013-12-31",
        "fiscal_year": 2013,
        "form": "10-K",
        "filed": "2014-02-28",
        "unit": "pure",
        "type": "annual"
      },
      "date_range": {
        "earliest": "2010-06-30",
        "latest": "2014-09-30"
      }
    },
    "TierOneRiskBasedCapitalToRiskWeightedAssets": {
      "taxonomy": "us-gaap",
      "label": "Banking Regulation, Tier One Risk-Based Capital Ratio, Actual",
      "description": "Ratio of Tier 1 risk-based capital to risk-weighted assets as defined by regulatory framework.",
      "available_units": [
        "pure"
      ],
      "data_points_count": 32,
      "latest_value": {
        "value": 0.167,
        "date": "2013-12-31",
        "fiscal_year": 2013,
        "form": "10-K",
        "filed": "2014-02-28",
        "unit": "pure",
        "type": "annual"
      },
      "date_range": {
        "earliest": "2009-12-31",
        "latest": "2014-03-31"
      }
    },
    "TransfersAccountedForAsSecuredBorrowingsAssetsCarryingAmount": {
      "taxonomy": "us-gaap",
      "label": "Transfers Accounted for as Secured Borrowings, Assets, Carrying Amount",
      "description": "Carrying amount of financial assets accounted for as secured borrowings recognized in the transferor's statement of financial position at the end of each period presented.",
      "available_units": [
        "USD"
      ],
      "data_points_count": 114,
      "latest_value": {
        "value": 2500000000,
        "date": "2024-12-31",
        "fiscal_year": 2024,
        "form": "10-K",
        "filed": "2025-02-27",
        "unit": "USD",
        "type": "annual"
      },
      "date_range": {
        "earliest": "2010-12-31",
        "latest": "2025-06-30"
      }
    },
    "TransfersAccountedForAsSecuredBorrowingsAssociatedLiabilitiesCarryingAmount": {
      "taxonomy": "us-gaap",
      "label": "Transfers Accounted for as Secured Borrowings, Associated Liabilities, Carrying Amount",
      "description": "Carrying amount of liabilities associated with financial assets accounted for as secured borrowings recognized in the transferor's statement of financial position at the end of each period presented.",
      "available_units": [
        "USD"
      ],
      "data_points_count": 114,
      "latest_value": {
        "value": 2500000000,
        "date": "2024-12-31",
        "fiscal_year": 2024,
        "form": "10-K",
        "filed": "2025-02-27",
        "unit": "USD",
        "type": "annual"
      },
      "date_range": {
        "earliest": "2010-12-31",
        "latest": "2025-06-30"
      }
    },
    "ValuationAllowanceDeferredTaxAssetChangeInAmount": {
      "taxonomy": "us-gaap",
      "label": "Valuation Allowance, Deferred Tax Asset, Increase (Decrease), Amount",
      "description": "Amount of increase (decrease) in the valuation allowance for a specified deferred tax asset.",
      "available_units": [
        "USD"
      ],
      "data_points_count": 32,
      "latest_value": {
        "value": 86000000,
        "date": "2024-12-31",
        "fiscal_year": 2024,
        "form": "10-K",
        "filed": "2025-02-27",
        "unit": "USD",
        "type": "annual"
      },
      "date_range": {
        "earliest": "2009-12-31",
        "latest": "2024-12-31"
      }
    },
    "VariableInterestEntityNonconsolidatedCarryingAmountAssets": {
      "taxonomy": "us-gaap",
      "label": "Variable Interest Entity, Nonconsolidated, Carrying Amount, Assets (Deprecated 2020-01-31)",
      "description": "Carrying amount of the assets in the reporting entity's statement of financial position that relate to the reporting entity's variable interest in the Variable Interest Entity (VIE), where the reporting entity is not the VIE's primary beneficiary.",
      "available_units": [
        "USD"
      ],
      "data_points_count": 72,
      "latest_value": {
        "value": 9526000000,
        "date": "2019-12-31",
        "fiscal_year": 2019,
        "form": "10-K",
        "filed": "2020-02-21",
        "unit": "USD",
        "type": "annual"
      },
      "date_range": {
        "earliest": "2010-12-31",
        "latest": "2020-03-31"
      }
    },
    "GoodwillPeriodIncreaseDecrease": {
      "taxonomy": "us-gaap",
      "label": "Goodwill, Period Increase (Decrease)",
      "description": "Amount of increase (decrease) of an asset representing future economic benefits arising from other assets acquired in a business combination that are not individually identified and separately recognized.",
      "available_units": [
        "USD"
      ],
      "data_points_count": 3,
      "latest_value": {
        "value": 2090000000,
        "date": "2022-12-31",
        "fiscal_year": 2023,
        "fiscal_period": "Q1",
        "form": "10-Q",
        "filed": "2023-05-04",
        "unit": "USD",
        "type": "quarterly"
      },
      "date_range": {
        "earliest": "2022-12-31",
        "latest": "2022-12-31"
      }
    },
    "OtherReceivables": {
      "taxonomy": "us-gaap",
      "label": "Other Receivables",
      "description": "Amount due from parties in nontrade transactions, classified as other.",
      "available_units": [
        "USD"
      ],
      "data_points_count": 16,
      "latest_value": {
        "value": 133717000000,
        "date": "2024-12-31",
        "fiscal_year": 2024,
        "form": "10-K",
        "filed": "2025-02-27",
        "unit": "USD",
        "type": "annual"
      },
      "date_range": {
        "earliest": "2022-12-31",
        "latest": "2025-06-30"
      }
    },
    "AssetsAverageOutstanding": {
      "taxonomy": "us-gaap",
      "label": null,
      "description": null,
      "available_units": [
        "USD"
      ],
      "data_points_count": 14,
      "latest_value": {
        "value": 1699419000000,
        "date": "2024-12-31",
        "fiscal_year": 2024,
        "form": "10-K",
        "filed": "2025-02-27",
        "unit": "USD",
        "type": "annual"
      },
      "date_range": {
        "earliest": "2022-12-31",
        "latest": "2025-06-30"
      }
    }
  }
}