{
  "chunk_metadata": {
    "domain": "public",
    "CIK": "49196",
    "data_type": "SEC",
    "ticker": "HBAN",
    "chunk_name": "Other Assets",
    "chunk_id": "other_assets",
    "company_name": "Huntington Bancshares Incorporated",
    "extraction_date": "2025-09-30T11:01:43.796603",
    "metrics_count": 96,
    "total_company_metrics": 0,
    "chunking_strategy": "context_aware_balanced"
  },
  "metrics": {
    "AccumulatedDepreciationDepletionAndAmortizationPropertyPlantAndEquipment": {
      "taxonomy": "us-gaap",
      "label": "Accumulated Depreciation, Depletion and Amortization, Property, Plant, and Equipment",
      "description": "Amount of accumulated depreciation, depletion and amortization for physical assets used in the normal conduct of business to produce goods and services.",
      "available_units": [
        "USD"
      ],
      "data_points_count": 30,
      "latest_value": {
        "value": 1171000000,
        "date": "2024-12-31",
        "fiscal_year": 2024,
        "form": "10-K",
        "filed": "2025-02-14",
        "unit": "USD",
        "type": "annual"
      },
      "date_range": {
        "earliest": "2010-12-31",
        "latest": "2024-12-31"
      }
    },
    "Assets": {
      "taxonomy": "us-gaap",
      "label": "Assets",
      "description": "Sum of the carrying amounts as of the balance sheet date of all assets that are recognized. Assets are probable future economic benefits obtained or controlled by an entity as a result of past transactions or events.",
      "available_units": [
        "USD"
      ],
      "data_points_count": 132,
      "latest_value": {
        "value": 204230000000,
        "date": "2024-12-31",
        "fiscal_year": 2024,
        "form": "10-K",
        "filed": "2025-02-14",
        "unit": "USD",
        "type": "annual"
      },
      "date_range": {
        "earliest": "2009-06-30",
        "latest": "2025-06-30"
      }
    },
    "BusinessCombinationBargainPurchaseGainRecognizedAmount": {
      "taxonomy": "us-gaap",
      "label": "Business Combination, Bargain Purchase, Gain Recognized, Amount",
      "description": "In a business combination in which the amount of net identifiable assets acquired and liabilities assumed exceeds the aggregate consideration transferred or to be transferred (as defined), this element represents the amount of gain recognized by the entity.",
      "available_units": [
        "USD"
      ],
      "data_points_count": 30,
      "latest_value": {
        "value": 0,
        "date": "2014-12-31",
        "fiscal_year": 2014,
        "form": "10-K",
        "filed": "2015-02-13",
        "unit": "USD",
        "type": "annual"
      },
      "date_range": {
        "earliest": "2010-12-31",
        "latest": "2015-06-30"
      }
    },
    "BusinessCombinationRecognizedIdentifiableAssetsAcquiredAndLiabilitiesAssumedFinancialLiabilities": {
      "taxonomy": "us-gaap",
      "label": "Business Combination, Recognized Identifiable Assets Acquired and Liabilities Assumed, Financial Liabilities",
      "description": "The amount of financial liabilities assumed (as defined) which have been recognized as of the acquisition date.",
      "available_units": [
        "USD"
      ],
      "data_points_count": 8,
      "latest_value": {
        "value": 45200000,
        "date": "2012-12-31",
        "fiscal_year": 2012,
        "form": "10-K",
        "filed": "2013-02-15",
        "unit": "USD",
        "type": "annual"
      },
      "date_range": {
        "earliest": "2012-03-30",
        "latest": "2014-03-02"
      }
    },
    "CapitalLeasesFutureMinimumPaymentsReceivable": {
      "taxonomy": "us-gaap",
      "label": "Capital Leases, Future Minimum Payments Receivable",
      "description": "Amount of minimum lease payments to be received by the lessor for capital leases.",
      "available_units": [
        "USD"
      ],
      "data_points_count": 17,
      "latest_value": {
        "value": 1700000000,
        "date": "2020-12-31",
        "fiscal_year": 2020,
        "form": "10-K",
        "filed": "2021-02-26",
        "unit": "USD",
        "type": "annual"
      },
      "date_range": {
        "earliest": "2011-12-31",
        "latest": "2020-12-31"
      }
    },
    "CapitalLeasesFutureMinimumPaymentsReceivableCurrent": {
      "taxonomy": "us-gaap",
      "label": "Capital Leases, Future Minimum Payments Receivable, Next Twelve Months",
      "description": "Amount of minimum lease payments to be received by the lessor for capital leases in the next fiscal year following the latest fiscal year. Excludes interim and annual periods when interim periods are reported on a rolling approach, from latest balance sheet date.",
      "available_units": [
        "USD"
      ],
      "data_points_count": 17,
      "latest_value": {
        "value": 600000000,
        "date": "2020-12-31",
        "fiscal_year": 2020,
        "form": "10-K",
        "filed": "2021-02-26",
        "unit": "USD",
        "type": "annual"
      },
      "date_range": {
        "earliest": "2011-12-31",
        "latest": "2020-12-31"
      }
    },
    "CapitalLeasesFutureMinimumPaymentsReceivableDueThereafter": {
      "taxonomy": "us-gaap",
      "label": "Capital Leases, Future Minimum Payments, Receivable Thereafter",
      "description": "Amount of minimum lease payments to be received by the lessor for capital leases after the fifth fiscal year following the latest fiscal year. Excludes interim and annual periods when interim periods are reported on a rolling approach, from latest balance sheet date.",
      "available_units": [
        "USD"
      ],
      "data_points_count": 17,
      "latest_value": {
        "value": 100000000,
        "date": "2020-12-31",
        "fiscal_year": 2020,
        "form": "10-K",
        "filed": "2021-02-26",
        "unit": "USD",
        "type": "annual"
      },
      "date_range": {
        "earliest": "2011-12-31",
        "latest": "2020-12-31"
      }
    },
    "CapitalLeasesFutureMinimumPaymentsReceivableInFiveYears": {
      "taxonomy": "us-gaap",
      "label": "Capital Leases, Future Minimum Payments, Receivable in Five Years",
      "description": "Amount of minimum lease payments to be received by the lessor for capital leases in the fifth fiscal year following the latest fiscal year. Excludes interim and annual periods when interim periods are reported on a rolling approach, from latest balance sheet date.",
      "available_units": [
        "USD"
      ],
      "data_points_count": 16,
      "latest_value": {
        "value": 100000000,
        "date": "2020-12-31",
        "fiscal_year": 2020,
        "form": "10-K",
        "filed": "2021-02-26",
        "unit": "USD",
        "type": "annual"
      },
      "date_range": {
        "earliest": "2012-12-31",
        "latest": "2020-12-31"
      }
    },
    "CapitalLeasesFutureMinimumPaymentsReceivableInFourYears": {
      "taxonomy": "us-gaap",
      "label": "Capital Leases, Future Minimum Payments, Receivable in Four Years",
      "description": "Amount of minimum lease payments to be received by the lessor for capital leases in the fourth fiscal year following the latest fiscal year. Excludes interim and annual periods when interim periods are reported on a rolling approach, from latest balance sheet date.",
      "available_units": [
        "USD"
      ],
      "data_points_count": 17,
      "latest_value": {
        "value": 200000000,
        "date": "2020-12-31",
        "fiscal_year": 2020,
        "form": "10-K",
        "filed": "2021-02-26",
        "unit": "USD",
        "type": "annual"
      },
      "date_range": {
        "earliest": "2011-12-31",
        "latest": "2020-12-31"
      }
    },
    "CapitalLeasesFutureMinimumPaymentsReceivableInThreeYears": {
      "taxonomy": "us-gaap",
      "label": "Capital Leases, Future Minimum Payments, Receivable in Three Years",
      "description": "Amount of minimum lease payments to be received by the lessor for capital leases in the third fiscal year following the latest fiscal year. Excludes interim and annual periods when interim periods are reported on a rolling approach, from latest balance sheet date.",
      "available_units": [
        "USD"
      ],
      "data_points_count": 17,
      "latest_value": {
        "value": 300000000,
        "date": "2020-12-31",
        "fiscal_year": 2020,
        "form": "10-K",
        "filed": "2021-02-26",
        "unit": "USD",
        "type": "annual"
      },
      "date_range": {
        "earliest": "2011-12-31",
        "latest": "2020-12-31"
      }
    },
    "CapitalLeasesFutureMinimumPaymentsReceivableInTwoYears": {
      "taxonomy": "us-gaap",
      "label": "Capital Leases, Future Minimum Payments, Receivable in Two Years",
      "description": "Amount of minimum lease payments to be received by the lessor for capital leases in the second fiscal year following the latest fiscal year. Excludes interim and annual periods when interim periods are reported on a rolling approach, from latest balance sheet date.",
      "available_units": [
        "USD"
      ],
      "data_points_count": 17,
      "latest_value": {
        "value": 400000000,
        "date": "2020-12-31",
        "fiscal_year": 2020,
        "form": "10-K",
        "filed": "2021-02-26",
        "unit": "USD",
        "type": "annual"
      },
      "date_range": {
        "earliest": "2011-12-31",
        "latest": "2020-12-31"
      }
    },
    "CapitalRequiredForCapitalAdequacyToRiskWeightedAssets": {
      "taxonomy": "us-gaap",
      "label": "Banking Regulation, Total Risk-Based Capital Ratio, Capital Adequacy, Minimum",
      "description": "Ratio of minimum total risk-based capital to risk-weighted assets required for capital adequacy as defined by regulatory framework.",
      "available_units": [
        "pure"
      ],
      "data_points_count": 15,
      "latest_value": {
        "value": 0.08,
        "date": "2024-12-31",
        "fiscal_year": 2024,
        "form": "10-K",
        "filed": "2025-02-14",
        "unit": "pure",
        "type": "annual"
      },
      "date_range": {
        "earliest": "2011-12-31",
        "latest": "2024-12-31"
      }
    },
    "CapitalRequiredToBeWellCapitalizedToRiskWeightedAssets": {
      "taxonomy": "us-gaap",
      "label": "Banking Regulation, Total Risk-Based Capital Ratio, Well Capitalized, Minimum",
      "description": "Ratio of minimum total risk-based capital to risk-weighted assets categorized as well capitalized as defined by regulatory framework for prompt corrective action.",
      "available_units": [
        "pure"
      ],
      "data_points_count": 15,
      "latest_value": {
        "value": 0.1,
        "date": "2024-12-31",
        "fiscal_year": 2024,
        "form": "10-K",
        "filed": "2025-02-14",
        "unit": "pure",
        "type": "annual"
      },
      "date_range": {
        "earliest": "2011-12-31",
        "latest": "2024-12-31"
      }
    },
    "CapitalToRiskWeightedAssets": {
      "taxonomy": "us-gaap",
      "label": "Banking Regulation, Total Risk-Based Capital Ratio, Actual",
      "description": "Ratio of total risk-based capital to risk-weighted assets as defined by regulatory framework.",
      "available_units": [
        "pure"
      ],
      "data_points_count": 18,
      "latest_value": {
        "value": 0.143,
        "date": "2024-12-31",
        "fiscal_year": 2024,
        "form": "10-K",
        "filed": "2025-02-14",
        "unit": "pure",
        "type": "annual"
      },
      "date_range": {
        "earliest": "2014-12-31",
        "latest": "2024-12-31"
      }
    },
    "CumulativeEffectOfInitialAdoptionOfSFAS159": {
      "taxonomy": "us-gaap",
      "label": "Cumulative Effect of Initial Adoption of FAS 159 (Deprecated 2011-01-31)",
      "description": "Cumulative-effect adjustment to retained earnings of the first remeasurement to fair value upon the initial adoption of Statement of Financial Accounting Standard No. 159 (FAS No. 159), The Fair Value Option for Financial Assets and Financial Liabilities.",
      "available_units": [
        "USD"
      ],
      "data_points_count": 1,
      "latest_value": {
        "value": 1491000,
        "date": "2008-12-31",
        "fiscal_year": 2010,
        "form": "10-K",
        "filed": "2011-02-18",
        "unit": "USD",
        "type": "annual"
      },
      "date_range": {
        "earliest": "2008-12-31",
        "latest": "2008-12-31"
      }
    },
    "DeferredRevenue": {
      "taxonomy": "us-gaap",
      "label": "Deferred Revenue",
      "description": "Amount of deferred income and obligation to transfer product and service to customer for which consideration has been received or is receivable.",
      "available_units": [
        "USD"
      ],
      "data_points_count": 31,
      "latest_value": {
        "value": 4400000,
        "date": "2014-12-31",
        "fiscal_year": 2014,
        "form": "10-K",
        "filed": "2015-02-13",
        "unit": "USD",
        "type": "annual"
      },
      "date_range": {
        "earliest": "2010-12-31",
        "latest": "2015-09-30"
      }
    },
    "DeferredTaxAssetsCapitalLossCarryforwards": {
      "taxonomy": "us-gaap",
      "label": "Deferred Tax Assets, Capital Loss Carryforwards",
      "description": "Amount before allocation of valuation allowances of deferred tax asset attributable to deductible capital loss carryforwards.",
      "available_units": [
        "USD"
      ],
      "data_points_count": 8,
      "latest_value": {
        "value": 42000000,
        "date": "2020-12-31",
        "fiscal_year": 2020,
        "form": "10-K",
        "filed": "2021-02-26",
        "unit": "USD",
        "type": "annual"
      },
      "date_range": {
        "earliest": "2011-12-31",
        "latest": "2020-12-31"
      }
    },
    "DeferredTaxAssetsCharitableContributionCarryforwards": {
      "taxonomy": "us-gaap",
      "label": "Deferred Tax Assets, Charitable Contribution Carryforwards",
      "description": "Amount before allocation of valuation allowances of deferred tax asset attributable to deductible charitable contribution carryforwards.",
      "available_units": [
        "USD"
      ],
      "data_points_count": 5,
      "latest_value": {
        "value": 1000000,
        "date": "2017-12-31",
        "fiscal_year": 2017,
        "form": "10-K",
        "filed": "2018-02-16",
        "unit": "USD",
        "type": "annual"
      },
      "date_range": {
        "earliest": "2012-12-31",
        "latest": "2017-12-31"
      }
    },
    "DeferredTaxAssetsGross": {
      "taxonomy": "us-gaap",
      "label": "Deferred Tax Assets, Gross",
      "description": "Amount before allocation of valuation allowances of deferred tax asset attributable to deductible temporary differences and carryforwards.",
      "available_units": [
        "USD"
      ],
      "data_points_count": 30,
      "latest_value": {
        "value": 2268000000,
        "date": "2024-12-31",
        "fiscal_year": 2024,
        "form": "10-K",
        "filed": "2025-02-14",
        "unit": "USD",
        "type": "annual"
      },
      "date_range": {
        "earliest": "2010-12-31",
        "latest": "2024-12-31"
      }
    },
    "DeferredTaxAssetsOperatingLossCarryforwards": {
      "taxonomy": "us-gaap",
      "label": "Deferred Tax Assets, Operating Loss Carryforwards",
      "description": "Amount before allocation of valuation allowances of deferred tax asset attributable to deductible operating loss carryforwards.",
      "available_units": [
        "USD"
      ],
      "data_points_count": 11,
      "latest_value": {
        "value": 542000000,
        "date": "2024-12-31",
        "fiscal_year": 2024,
        "form": "10-K",
        "filed": "2025-02-14",
        "unit": "USD",
        "type": "annual"
      },
      "date_range": {
        "earliest": "2011-12-31",
        "latest": "2024-12-31"
      }
    },
    "DeferredTaxAssetsOperatingLossCarryforwardsDomestic": {
      "taxonomy": "us-gaap",
      "label": "Deferred Tax Assets, Operating Loss Carryforwards, Domestic",
      "description": "Amount before allocation of valuation allowances of deferred tax asset attributable to deductible domestic operating loss carryforwards. Excludes state and local operating loss carryforwards.",
      "available_units": [
        "USD"
      ],
      "data_points_count": 14,
      "latest_value": {
        "value": 36000000,
        "date": "2024-12-31",
        "fiscal_year": 2024,
        "form": "10-K",
        "filed": "2025-02-14",
        "unit": "USD",
        "type": "annual"
      },
      "date_range": {
        "earliest": "2012-12-31",
        "latest": "2024-12-31"
      }
    },
    "DeferredTaxAssetsOperatingLossCarryforwardsStateAndLocal": {
      "taxonomy": "us-gaap",
      "label": "Deferred Tax Assets, Operating Loss Carryforwards, State and Local",
      "description": "Amount before allocation of valuation allowances of deferred tax asset attributable to deductible state and local operating loss carryforwards.",
      "available_units": [
        "USD"
      ],
      "data_points_count": 14,
      "latest_value": {
        "value": 41000000,
        "date": "2024-12-31",
        "fiscal_year": 2024,
        "form": "10-K",
        "filed": "2025-02-14",
        "unit": "USD",
        "type": "annual"
      },
      "date_range": {
        "earliest": "2012-12-31",
        "latest": "2024-12-31"
      }
    },
    "DeferredTaxAssetsOther": {
      "taxonomy": "us-gaap",
      "label": "Deferred Tax Assets, Other",
      "description": "Amount, before allocation of valuation allowance, of deferred tax asset attributable to deductible temporary differences, classified as other.",
      "available_units": [
        "USD"
      ],
      "data_points_count": 30,
      "latest_value": {
        "value": 4000000,
        "date": "2024-12-31",
        "fiscal_year": 2024,
        "form": "10-K",
        "filed": "2025-02-14",
        "unit": "USD",
        "type": "annual"
      },
      "date_range": {
        "earliest": "2010-12-31",
        "latest": "2024-12-31"
      }
    },
    "DeferredTaxAssetsOtherTaxCarryforwards": {
      "taxonomy": "us-gaap",
      "label": "Deferred Tax Assets, Other Tax Carryforwards",
      "description": "Amount, before allocation of valuation allowance, of deferred tax asset attributable to deductible tax carryforwards, classified as other.",
      "available_units": [
        "USD"
      ],
      "data_points_count": 30,
      "latest_value": {
        "value": 90000000,
        "date": "2024-12-31",
        "fiscal_year": 2024,
        "form": "10-K",
        "filed": "2025-02-14",
        "unit": "USD",
        "type": "annual"
      },
      "date_range": {
        "earliest": "2010-12-31",
        "latest": "2024-12-31"
      }
    },
    "DeferredTaxAssetsTaxDeferredExpenseCompensationAndBenefitsEmployeeBenefits": {
      "taxonomy": "us-gaap",
      "label": "Deferred Tax Assets, Tax Deferred Expense, Compensation and Benefits, Employee Benefits",
      "description": "Amount, before allocation of valuation allowance, of deferred tax asset attributable to deductible temporary differences from employee benefits, classified as other.",
      "available_units": [
        "USD"
      ],
      "data_points_count": 2,
      "latest_value": {
        "value": 0,
        "date": "2011-12-31",
        "fiscal_year": 2011,
        "form": "10-K",
        "filed": "2012-02-17",
        "unit": "USD",
        "type": "annual"
      },
      "date_range": {
        "earliest": "2010-12-31",
        "latest": "2011-12-31"
      }
    },
    "DeferredTaxAssetsTaxDeferredExpenseReservesAndAccrualsAccruedLiabilities": {
      "taxonomy": "us-gaap",
      "label": "Deferred Tax Assets, Tax Deferred Expense, Reserves and Accruals, Accrued Liabilities",
      "description": "Amount before allocation of valuation allowances of deferred tax asset attributable to deductible temporary differences from accrued liabilities.",
      "available_units": [
        "USD"
      ],
      "data_points_count": 24,
      "latest_value": {
        "value": 41000000,
        "date": "2024-12-31",
        "fiscal_year": 2024,
        "form": "10-K",
        "filed": "2025-02-14",
        "unit": "USD",
        "type": "annual"
      },
      "date_range": {
        "earliest": "2010-12-31",
        "latest": "2024-12-31"
      }
    },
    "DeferredTaxAssetsValuationAllowance": {
      "taxonomy": "us-gaap",
      "label": "Deferred Tax Assets, Valuation Allowance",
      "description": "Amount of deferred tax assets for which it is more likely than not that a tax benefit will not be realized.",
      "available_units": [
        "USD"
      ],
      "data_points_count": 30,
      "latest_value": {
        "value": 36000000,
        "date": "2024-12-31",
        "fiscal_year": 2024,
        "form": "10-K",
        "filed": "2025-02-14",
        "unit": "USD",
        "type": "annual"
      },
      "date_range": {
        "earliest": "2010-12-31",
        "latest": "2024-12-31"
      }
    },
    "DefinedBenefitPlanFundedStatusOfPlan": {
      "taxonomy": "us-gaap",
      "label": "Defined Benefit Plan, Funded (Unfunded) Status of Plan",
      "description": "Amount of funded (unfunded) status of defined benefit plan, measured as difference between fair value of plan assets and benefit obligation. Includes, but is not limited to, overfunded (underfunded) status.",
      "available_units": [
        "USD"
      ],
      "data_points_count": 1,
      "latest_value": {
        "value": 112400000,
        "date": "2011-12-31",
        "fiscal_year": 2011,
        "form": "10-K",
        "filed": "2012-02-17",
        "unit": "USD",
        "type": "annual"
      },
      "date_range": {
        "earliest": "2011-12-31",
        "latest": "2011-12-31"
      }
    },
    "DefinedBenefitPlanPensionPlansWithAccumulatedBenefitObligationsInExcessOfPlanAssetsAggregateAccumulatedBenefitObligation": {
      "taxonomy": "us-gaap",
      "label": "Defined Benefit Plan, Plan with Accumulated Benefit Obligation in Excess of Plan Assets, Accumulated Benefit Obligation",
      "description": "Amount of accumulated benefit obligation for defined benefit plan with accumulated benefit obligation in excess of plan assets.",
      "available_units": [
        "USD"
      ],
      "data_points_count": 3,
      "latest_value": {
        "value": 141600000,
        "date": "2013-12-31",
        "fiscal_year": 2013,
        "form": "10-K",
        "filed": "2014-02-14",
        "unit": "USD",
        "type": "annual"
      },
      "date_range": {
        "earliest": "2012-12-31",
        "latest": "2013-12-31"
      }
    },
    "DefinedBenefitPlanPensionPlansWithAccumulatedBenefitObligationsInExcessOfPlanAssetsAggregateProjectedBenefitObligation": {
      "taxonomy": "us-gaap",
      "label": "Defined Benefit Plan, Pension Plan with Accumulated Benefit Obligation in Excess of Plan Assets, Projected Benefit Obligation",
      "description": "Amount of projected benefit obligation for defined benefit pension plan with accumulated benefit obligation in excess of plan assets.",
      "available_units": [
        "USD"
      ],
      "data_points_count": 4,
      "latest_value": {
        "value": 32000000,
        "date": "2024-12-31",
        "fiscal_year": 2024,
        "form": "10-K",
        "filed": "2025-02-14",
        "unit": "USD",
        "type": "annual"
      },
      "date_range": {
        "earliest": "2012-12-31",
        "latest": "2024-12-31"
      }
    },
    "DepreciationAndAmortization": {
      "taxonomy": "us-gaap",
      "label": "Depreciation, Depletion and Amortization, Nonproduction",
      "description": "The current period expense charged against earnings on long-lived, physical assets not used in production, and which are not intended for resale, to allocate or recognize the cost of such assets over their useful lives; or to record the reduction in book value of an intangible asset over the benefit period of such asset; or to reflect consumption during the period of an asset that is not used in production.",
      "available_units": [
        "USD"
      ],
      "data_points_count": 138,
      "latest_value": {
        "value": 622000000,
        "date": "2024-12-31",
        "fiscal_year": 2024,
        "form": "10-K",
        "filed": "2025-02-14",
        "unit": "USD",
        "type": "annual"
      },
      "date_range": {
        "earliest": "2008-12-31",
        "latest": "2024-12-31"
      }
    },
    "DepreciationNonproduction": {
      "taxonomy": "us-gaap",
      "label": "Depreciation, Nonproduction",
      "description": "The expense recognized in the current period that allocates the cost of nonproduction tangible assets over their useful lives.",
      "available_units": [
        "USD"
      ],
      "data_points_count": 56,
      "latest_value": {
        "value": 15000000,
        "date": "2024-12-31",
        "fiscal_year": 2024,
        "form": "10-K",
        "filed": "2025-02-14",
        "unit": "USD",
        "type": "annual"
      },
      "date_range": {
        "earliest": "2019-12-31",
        "latest": "2025-06-30"
      }
    },
    "DerivativeAssets": {
      "taxonomy": "us-gaap",
      "label": "Derivative Asset",
      "description": "Fair value, after the effects of master netting arrangements, of a financial asset or other contract with one or more underlyings, notional amount or payment provision or both, and the contract can be net settled by means outside the contract or delivery of an asset. Includes assets not subject to a master netting arrangement and not elected to be offset.",
      "available_units": [
        "USD"
      ],
      "data_points_count": 70,
      "latest_value": {
        "value": 266000000,
        "date": "2024-12-31",
        "fiscal_year": 2024,
        "form": "10-K",
        "filed": "2025-02-14",
        "unit": "USD",
        "type": "annual"
      },
      "date_range": {
        "earliest": "2013-12-31",
        "latest": "2025-06-30"
      }
    },
    "DerivativeFairValueOfDerivativeAsset": {
      "taxonomy": "us-gaap",
      "label": "Derivative Asset, Fair Value, Gross Asset",
      "description": "Fair value, before effects of master netting arrangements, of a financial asset or other contract with one or more underlyings, notional amount or payment provision or both, and the contract can be net settled by means outside the contract or delivery of an asset. Includes assets elected not to be offset. Excludes assets not subject to a master netting arrangement.",
      "available_units": [
        "USD"
      ],
      "data_points_count": 66,
      "latest_value": {
        "value": 610000000,
        "date": "2024-12-31",
        "fiscal_year": 2024,
        "form": "10-K",
        "filed": "2025-02-14",
        "unit": "USD",
        "type": "annual"
      },
      "date_range": {
        "earliest": "2012-12-31",
        "latest": "2025-06-30"
      }
    },
    "DerivativeFairValueOfDerivativeAssetAmountOffsetAgainstCollateral": {
      "taxonomy": "us-gaap",
      "label": "Derivative Asset, Fair Value, Amount Offset Against Collateral",
      "description": "Fair value, after effects of master netting arrangements, of financial asset or other contract with one or more underlyings, notional amount or payment provision or both, and the contract can be net settled by means outside the contract or delivery of an asset offset against an obligation to return collateral. Includes assets not subject to a master netting arrangement and not elected to be offset.",
      "available_units": [
        "USD"
      ],
      "data_points_count": 64,
      "latest_value": {
        "value": 226000000,
        "date": "2024-12-31",
        "fiscal_year": 2024,
        "form": "10-K",
        "filed": "2025-02-14",
        "unit": "USD",
        "type": "annual"
      },
      "date_range": {
        "earliest": "2016-12-31",
        "latest": "2025-06-30"
      }
    },
    "EquipmentExpense": {
      "taxonomy": "us-gaap",
      "label": "Equipment Expense",
      "description": "This element represents equipment expense including depreciation, repairs, rentals, and service contract costs. This item also includes equipment purchases which do not qualify for capitalization in accordance with the entity's accounting policy. This item may also include furniture expenses.",
      "available_units": [
        "USD"
      ],
      "data_points_count": 206,
      "latest_value": {
        "value": 267000000,
        "date": "2024-12-31",
        "fiscal_year": 2024,
        "form": "10-K",
        "filed": "2025-02-14",
        "unit": "USD",
        "type": "annual"
      },
      "date_range": {
        "earliest": "2008-12-31",
        "latest": "2025-06-30"
      }
    },
    "FairValueMeasurementWithUnobservableInputsReconciliationRecurringBasisAssetGainLossIncludedInOtherComprehensiveIncomeLoss": {
      "taxonomy": "us-gaap",
      "label": "Fair Value, Measurement with Unobservable Inputs Reconciliation, Recurring Basis, Asset, Gain (Loss) Included in Other Comprehensive Income (Loss)",
      "description": "Amount of gain (loss) recognized in other comprehensive income (OCI) from asset measured at fair value on recurring basis using unobservable input (level 3).",
      "available_units": [
        "USD"
      ],
      "data_points_count": 15,
      "latest_value": {
        "value": 68000000,
        "date": "2020-12-31",
        "fiscal_year": 2020,
        "form": "10-K",
        "filed": "2021-02-26",
        "unit": "USD",
        "type": "annual"
      },
      "date_range": {
        "earliest": "2018-12-31",
        "latest": "2020-12-31"
      }
    },
    "FeesAndCommissionsMortgageBanking": {
      "taxonomy": "us-gaap",
      "label": "Fees and Commissions, Mortgage Banking (Deprecated 2018-01-31)",
      "description": "The noninterest income derived from mortgage banking activities (fees and commissions), excluding fees earned from servicing third-party assets.",
      "available_units": [
        "USD"
      ],
      "data_points_count": 60,
      "latest_value": {
        "value": 131000000,
        "date": "2017-12-31",
        "fiscal_year": 2017,
        "form": "10-K",
        "filed": "2018-02-16",
        "unit": "USD",
        "type": "annual"
      },
      "date_range": {
        "earliest": "2008-12-31",
        "latest": "2018-06-30"
      }
    },
    "FiniteLivedIntangibleAssetsAccumulatedAmortization": {
      "taxonomy": "us-gaap",
      "label": "Finite-Lived Intangible Assets, Accumulated Amortization",
      "description": "Accumulated amount of amortization of assets, excluding financial assets and goodwill, lacking physical substance with a finite life.",
      "available_units": [
        "USD"
      ],
      "data_points_count": 69,
      "latest_value": {
        "value": 348000000,
        "date": "2024-12-31",
        "fiscal_year": 2024,
        "form": "10-K",
        "filed": "2025-02-14",
        "unit": "USD",
        "type": "annual"
      },
      "date_range": {
        "earliest": "2010-06-30",
        "latest": "2024-12-31"
      }
    },
    "FiniteLivedIntangibleAssetsAmortizationExpenseAfterYearFive": {
      "taxonomy": "us-gaap",
      "label": "Finite-Lived Intangible Asset, Expected Amortization, after Year Five",
      "description": "Amount of amortization for asset, excluding financial asset and goodwill, lacking physical substance with finite life expected to be recognized after fifth fiscal year following current fiscal year. Excludes interim and annual periods when interim periods are reported from current statement of financial position date (rolling approach).",
      "available_units": [
        "USD"
      ],
      "data_points_count": 10,
      "latest_value": {
        "value": 3076000,
        "date": "2015-09-30",
        "fiscal_year": 2015,
        "fiscal_period": "Q3",
        "form": "10-Q",
        "filed": "2015-10-30",
        "unit": "USD",
        "type": "quarterly"
      },
      "date_range": {
        "earliest": "2013-03-31",
        "latest": "2015-09-30"
      }
    },
    "FiniteLivedIntangibleAssetsAmortizationExpenseNextTwelveMonths": {
      "taxonomy": "us-gaap",
      "label": "Finite-Lived Intangible Asset, Expected Amortization, Year One",
      "description": "Amount of amortization for assets, excluding financial assets and goodwill, lacking physical substance with finite life expected to be recognized in next fiscal year following current fiscal year. Excludes interim and annual periods when interim periods are reported from current statement of financial position date (rolling approach).",
      "available_units": [
        "USD"
      ],
      "data_points_count": 17,
      "latest_value": {
        "value": 43000000,
        "date": "2024-12-31",
        "fiscal_year": 2024,
        "form": "10-K",
        "filed": "2025-02-14",
        "unit": "USD",
        "type": "annual"
      },
      "date_range": {
        "earliest": "2012-12-31",
        "latest": "2024-12-31"
      }
    },
    "FiniteLivedIntangibleAssetsAmortizationExpenseRemainderOfFiscalYear": {
      "taxonomy": "us-gaap",
      "label": "Finite-Lived Intangible Asset, Expected Amortization, Remainder of Fiscal Year",
      "description": "Amount of amortization for assets, excluding financial assets and goodwill, lacking physical substance with finite life expected to be recognized in remainder of current fiscal year.",
      "available_units": [
        "USD"
      ],
      "data_points_count": 13,
      "latest_value": {
        "value": 14000000,
        "date": "2021-09-30",
        "fiscal_year": 2021,
        "fiscal_period": "Q3",
        "form": "10-Q",
        "filed": "2021-11-05",
        "unit": "USD",
        "type": "quarterly"
      },
      "date_range": {
        "earliest": "2013-03-31",
        "latest": "2021-09-30"
      }
    },
    "FiniteLivedIntangibleAssetsAmortizationExpenseYearFive": {
      "taxonomy": "us-gaap",
      "label": "Finite-Lived Intangible Asset, Expected Amortization, Year Five",
      "description": "Amount of amortization for assets, excluding financial assets and goodwill, lacking physical substance with finite life expected to be recognized in fifth fiscal year following current fiscal year. Excludes interim and annual periods when interim periods are reported from current statement of financial position date (rolling approach).",
      "available_units": [
        "USD"
      ],
      "data_points_count": 27,
      "latest_value": {
        "value": 4000000,
        "date": "2024-12-31",
        "fiscal_year": 2024,
        "form": "10-K",
        "filed": "2025-02-14",
        "unit": "USD",
        "type": "annual"
      },
      "date_range": {
        "earliest": "2012-12-31",
        "latest": "2024-12-31"
      }
    },
    "FiniteLivedIntangibleAssetsAmortizationExpenseYearFour": {
      "taxonomy": "us-gaap",
      "label": "Finite-Lived Intangible Asset, Expected Amortization, Year Four",
      "description": "Amount of amortization for assets, excluding financial assets and goodwill, lacking physical substance with finite life expected to be recognized in fourth fiscal year following current fiscal year. Excludes interim and annual periods when interim periods are reported from current statement of financial position date (rolling approach).",
      "available_units": [
        "USD"
      ],
      "data_points_count": 27,
      "latest_value": {
        "value": 6000000,
        "date": "2024-12-31",
        "fiscal_year": 2024,
        "form": "10-K",
        "filed": "2025-02-14",
        "unit": "USD",
        "type": "annual"
      },
      "date_range": {
        "earliest": "2012-12-31",
        "latest": "2024-12-31"
      }
    },
    "FiniteLivedIntangibleAssetsAmortizationExpenseYearThree": {
      "taxonomy": "us-gaap",
      "label": "Finite-Lived Intangible Asset, Expected Amortization, Year Three",
      "description": "Amount of amortization for assets, excluding financial assets and goodwill, lacking physical substance with finite life expected to be recognized in third fiscal year following current fiscal year. Excludes interim and annual periods when interim periods are reported from current statement of financial position date (rolling approach).",
      "available_units": [
        "USD"
      ],
      "data_points_count": 27,
      "latest_value": {
        "value": 9000000,
        "date": "2024-12-31",
        "fiscal_year": 2024,
        "form": "10-K",
        "filed": "2025-02-14",
        "unit": "USD",
        "type": "annual"
      },
      "date_range": {
        "earliest": "2012-12-31",
        "latest": "2024-12-31"
      }
    },
    "FiniteLivedIntangibleAssetsAmortizationExpenseYearTwo": {
      "taxonomy": "us-gaap",
      "label": "Finite-Lived Intangible Asset, Expected Amortization, Year Two",
      "description": "Amount of amortization for assets, excluding financial assets and goodwill, lacking physical substance with finite life expected to be recognized in second fiscal year following current fiscal year. Excludes interim and annual periods when interim periods are reported from current statement of financial position date (rolling approach).",
      "available_units": [
        "USD"
      ],
      "data_points_count": 27,
      "latest_value": {
        "value": 29000000,
        "date": "2024-12-31",
        "fiscal_year": 2024,
        "form": "10-K",
        "filed": "2025-02-14",
        "unit": "USD",
        "type": "annual"
      },
      "date_range": {
        "earliest": "2012-12-31",
        "latest": "2024-12-31"
      }
    },
    "FiniteLivedIntangibleAssetsGross": {
      "taxonomy": "us-gaap",
      "label": "Finite-Lived Intangible Assets, Gross",
      "description": "Amount before amortization of assets, excluding financial assets and goodwill, lacking physical substance with a finite life.",
      "available_units": [
        "USD"
      ],
      "data_points_count": 69,
      "latest_value": {
        "value": 444000000,
        "date": "2024-12-31",
        "fiscal_year": 2024,
        "form": "10-K",
        "filed": "2025-02-14",
        "unit": "USD",
        "type": "annual"
      },
      "date_range": {
        "earliest": "2010-06-30",
        "latest": "2024-12-31"
      }
    },
    "FiniteLivedIntangibleAssetsNet": {
      "taxonomy": "us-gaap",
      "label": "Finite-Lived Intangible Assets, Net",
      "description": "Amount after amortization of assets, excluding financial assets and goodwill, lacking physical substance with a finite life.",
      "available_units": [
        "USD"
      ],
      "data_points_count": 96,
      "latest_value": {
        "value": 96000000,
        "date": "2024-12-31",
        "fiscal_year": 2024,
        "form": "10-K",
        "filed": "2025-02-14",
        "unit": "USD",
        "type": "annual"
      },
      "date_range": {
        "earliest": "2009-06-30",
        "latest": "2024-12-31"
      }
    },
    "Goodwill": {
      "taxonomy": "us-gaap",
      "label": "Goodwill",
      "description": "Amount after accumulated impairment loss of an asset representing future economic benefits arising from other assets acquired in a business combination that are not individually identified and separately recognized.",
      "available_units": [
        "USD"
      ],
      "data_points_count": 145,
      "latest_value": {
        "value": 5561000000,
        "date": "2024-12-31",
        "fiscal_year": 2024,
        "form": "10-K",
        "filed": "2025-02-14",
        "unit": "USD",
        "type": "annual"
      },
      "date_range": {
        "earliest": "2009-06-30",
        "latest": "2025-06-30"
      }
    },
    "GoodwillAcquiredDuringPeriod": {
      "taxonomy": "us-gaap",
      "label": "Goodwill, Acquired During Period",
      "description": "Amount of increase in asset representing future economic benefits arising from other assets acquired in a business combination that are not individually identified and separately recognized resulting from a business combination.",
      "available_units": [
        "USD"
      ],
      "data_points_count": 24,
      "latest_value": {
        "value": 222000000,
        "date": "2022-12-31",
        "fiscal_year": 2022,
        "form": "10-K",
        "filed": "2023-02-17",
        "unit": "USD",
        "type": "annual"
      },
      "date_range": {
        "earliest": "2014-03-31",
        "latest": "2022-12-31"
      }
    },
    "GoodwillImpairmentLoss": {
      "taxonomy": "us-gaap",
      "label": "Goodwill, Impairment Loss",
      "description": "Amount of loss from the write-down of an asset representing the future economic benefits arising from other assets acquired in a business combination that are not individually identified and separately recognized.",
      "available_units": [
        "USD"
      ],
      "data_points_count": 59,
      "latest_value": {
        "value": 0,
        "date": "2024-12-31",
        "fiscal_year": 2024,
        "form": "10-K",
        "filed": "2025-02-14",
        "unit": "USD",
        "type": "annual"
      },
      "date_range": {
        "earliest": "2008-12-31",
        "latest": "2024-12-31"
      }
    },
    "GoodwillOtherChanges": {
      "taxonomy": "us-gaap",
      "label": "Goodwill, Other Changes (Deprecated 2016-01-31)",
      "description": "Amount of other (increase) decrease of an asset representing the future economic benefits arising from other assets acquired in a business combination that are not individually identified and separately recognized.",
      "available_units": [
        "USD"
      ],
      "data_points_count": 24,
      "latest_value": {
        "value": 1500000,
        "date": "2015-12-31",
        "fiscal_year": 2015,
        "form": "10-K",
        "filed": "2016-02-17",
        "unit": "USD",
        "type": "annual"
      },
      "date_range": {
        "earliest": "2010-12-31",
        "latest": "2015-12-31"
      }
    },
    "GoodwillOtherIncreaseDecrease": {
      "taxonomy": "us-gaap",
      "label": "Goodwill, Other Increase (Decrease)",
      "description": "Amount of increase (decrease), classified as other, of an asset representing the future economic benefits from other assets acquired in a business combination that are not individually identified and separately recognized.",
      "available_units": [
        "USD"
      ],
      "data_points_count": 11,
      "latest_value": {
        "value": 0,
        "date": "2020-12-31",
        "fiscal_year": 2020,
        "form": "10-K",
        "filed": "2021-02-26",
        "unit": "USD",
        "type": "annual"
      },
      "date_range": {
        "earliest": "2015-12-31",
        "latest": "2020-12-31"
      }
    },
    "HedgedAssetFairValueHedgeLastOfLayerAmount": {
      "taxonomy": "us-gaap",
      "label": "Hedged Asset, Fair Value Hedge, Last-of-Layer, Amount",
      "description": "Amount of asset hedged in last of layer, expected to be remaining at end of hedging relationship.",
      "available_units": [
        "USD"
      ],
      "data_points_count": 1,
      "latest_value": {
        "value": 3000000000,
        "date": "2020-06-30",
        "fiscal_year": 2020,
        "fiscal_period": "Q2",
        "form": "10-Q",
        "filed": "2020-07-31",
        "unit": "USD",
        "type": "quarterly"
      },
      "date_range": {
        "earliest": "2020-06-30",
        "latest": "2020-06-30"
      }
    },
    "IncreaseDecreaseInAccruedLiabilitiesAndOtherOperatingLiabilities": {
      "taxonomy": "us-gaap",
      "label": "Increase (Decrease) in Accrued Liabilities and Other Operating Liabilities",
      "description": "Amount of increase (decrease) in accrued expenses, and obligations classified as other.",
      "available_units": [
        "USD"
      ],
      "data_points_count": 113,
      "latest_value": {
        "value": -344000000,
        "date": "2024-12-31",
        "fiscal_year": 2024,
        "form": "10-K",
        "filed": "2025-02-14",
        "unit": "USD",
        "type": "annual"
      },
      "date_range": {
        "earliest": "2011-12-31",
        "latest": "2024-12-31"
      }
    },
    "IncreaseDecreaseInOtherOperatingCapitalNet": {
      "taxonomy": "us-gaap",
      "label": "Increase (Decrease) in Other Operating Assets and Liabilities, Net",
      "description": "Amount of increase (decrease) in operating assets after deduction of operating liabilities classified as other.",
      "available_units": [
        "USD"
      ],
      "data_points_count": 82,
      "latest_value": {
        "value": 7000000,
        "date": "2024-12-31",
        "fiscal_year": 2024,
        "form": "10-K",
        "filed": "2025-02-14",
        "unit": "USD",
        "type": "annual"
      },
      "date_range": {
        "earliest": "2013-12-31",
        "latest": "2024-12-31"
      }
    },
    "InterestRateDerivativesAtFairValueNet": {
      "taxonomy": "us-gaap",
      "label": "Interest Rate Derivatives, at Fair Value, Net",
      "description": "Fair value as of the balance sheet date of interest rate derivative assets, net of interest rate derivative liabilities, which includes all such derivative instruments in hedging and nonhedging relationships that are recognized on the balance sheet.",
      "available_units": [
        "USD"
      ],
      "data_points_count": 41,
      "latest_value": {
        "value": 174000000,
        "date": "2019-12-31",
        "fiscal_year": 2019,
        "form": "10-K",
        "filed": "2020-02-14",
        "unit": "USD",
        "type": "annual"
      },
      "date_range": {
        "earliest": "2011-06-30",
        "latest": "2019-12-31"
      }
    },
    "Liabilities": {
      "taxonomy": "us-gaap",
      "label": "Liabilities",
      "description": "Sum of the carrying amounts as of the balance sheet date of all liabilities that are recognized. Liabilities are probable future sacrifices of economic benefits arising from present obligations of an entity to transfer assets or provide services to other entities in the future.",
      "available_units": [
        "USD"
      ],
      "data_points_count": 132,
      "latest_value": {
        "value": 184448000000,
        "date": "2024-12-31",
        "fiscal_year": 2024,
        "form": "10-K",
        "filed": "2025-02-14",
        "unit": "USD",
        "type": "annual"
      },
      "date_range": {
        "earliest": "2009-06-30",
        "latest": "2025-06-30"
      }
    },
    "NoninterestIncome": {
      "taxonomy": "us-gaap",
      "label": "Noninterest Income",
      "description": "The total amount of noninterest income which may be derived from: (1) fees and commissions; (2) premiums earned; (3) insurance policy charges; (4) the sale or disposal of assets; and (5) other sources not otherwise specified.",
      "available_units": [
        "USD"
      ],
      "data_points_count": 287,
      "latest_value": {
        "value": 2040000000,
        "date": "2024-12-31",
        "fiscal_year": 2024,
        "form": "10-K",
        "filed": "2025-02-14",
        "unit": "USD",
        "type": "annual"
      },
      "date_range": {
        "earliest": "2008-12-31",
        "latest": "2025-06-30"
      }
    },
    "OccupancyNet": {
      "taxonomy": "us-gaap",
      "label": "Occupancy, Net",
      "description": "Amount of net occupancy expense that may include items, such as depreciation of facilities and equipment, lease expenses, property taxes and property and casualty insurance expense.",
      "available_units": [
        "USD"
      ],
      "data_points_count": 206,
      "latest_value": {
        "value": 221000000,
        "date": "2024-12-31",
        "fiscal_year": 2024,
        "form": "10-K",
        "filed": "2025-02-14",
        "unit": "USD",
        "type": "annual"
      },
      "date_range": {
        "earliest": "2008-12-31",
        "latest": "2025-06-30"
      }
    },
    "OperatingLeaseRightOfUseAsset": {
      "taxonomy": "us-gaap",
      "label": "Operating Lease, Right-of-Use Asset",
      "description": "Amount of lessee's right to use underlying asset under operating lease.",
      "available_units": [
        "USD"
      ],
      "data_points_count": 14,
      "latest_value": {
        "value": 278000000,
        "date": "2024-12-31",
        "fiscal_year": 2024,
        "form": "10-K",
        "filed": "2025-02-14",
        "unit": "USD",
        "type": "annual"
      },
      "date_range": {
        "earliest": "2019-03-31",
        "latest": "2024-12-31"
      }
    },
    "OperatingLeasesFutureMinimumPaymentsDueFutureMinimumSubleaseRentals": {
      "taxonomy": "us-gaap",
      "label": "Operating Leases, Future Minimum Payments Due, Future Minimum Sublease Rentals",
      "description": "Contractually required future rental payments receivable on noncancelable subleasing arrangements.",
      "available_units": [
        "USD"
      ],
      "data_points_count": 9,
      "latest_value": {
        "value": 4000000,
        "date": "2018-12-31",
        "fiscal_year": 2018,
        "form": "10-K",
        "filed": "2019-02-15",
        "unit": "USD",
        "type": "annual"
      },
      "date_range": {
        "earliest": "2011-12-31",
        "latest": "2018-12-31"
      }
    },
    "OtherAssets": {
      "taxonomy": "us-gaap",
      "label": "Other Assets",
      "description": "Amount of assets classified as other.",
      "available_units": [
        "USD"
      ],
      "data_points_count": 132,
      "latest_value": {
        "value": 5642000000,
        "date": "2024-12-31",
        "fiscal_year": 2024,
        "form": "10-K",
        "filed": "2025-02-14",
        "unit": "USD",
        "type": "annual"
      },
      "date_range": {
        "earliest": "2009-06-30",
        "latest": "2025-06-30"
      }
    },
    "OtherComprehensiveIncomeDefinedBenefitPlansNetUnamortizedGainLossArisingDuringPeriodBeforeTax": {
      "taxonomy": "us-gaap",
      "label": "Other Comprehensive Income (Loss), Pension and Other Postretirement Benefit Plans, Net Unamortized Gain (Loss) Arising During Period, before Tax (Deprecated 2012-01-31)",
      "description": "Pretax change in the value of either the benefit obligation or the plan assets resulting from experience different from that assumed or from a change in an actuarial assumption, or the consequence of a decision to temporarily deviate from the substantive plan, that has not been recognized in net periodic benefit cost.",
      "available_units": [
        "USD"
      ],
      "data_points_count": 3,
      "latest_value": {
        "value": -104146000,
        "date": "2011-12-31",
        "fiscal_year": 2011,
        "form": "10-K",
        "filed": "2012-02-17",
        "unit": "USD",
        "type": "annual"
      },
      "date_range": {
        "earliest": "2009-12-31",
        "latest": "2011-12-31"
      }
    },
    "OtherComprehensiveIncomeReclassificationOfDefinedBenefitPlanNetTransitionAssetObligationRecognizedInNetPeriodicBenefitCostBeforeTax": {
      "taxonomy": "us-gaap",
      "label": "Other Comprehensive Income (Loss), Reclassification, Pension and Other Postretirement Benefit Plans, Net Transition Asset (Obligation), Recognized in Net Periodic Benefit Cost, before Tax (Deprecated 2013-01-31)",
      "description": "Before tax amount of the income statement impact of the reclassification adjustment for the net transition asset (obligation) recognized as a component of net periodic benefit cost.",
      "available_units": [
        "USD"
      ],
      "data_points_count": 3,
      "latest_value": {
        "value": -5000,
        "date": "2011-12-31",
        "fiscal_year": 2011,
        "form": "10-K",
        "filed": "2012-02-17",
        "unit": "USD",
        "type": "annual"
      },
      "date_range": {
        "earliest": "2009-12-31",
        "latest": "2011-12-31"
      }
    },
    "OtherComprehensiveIncomeReclassificationOfDefinedBenefitPlanNetTransitionAssetObligationRecognizedInNetPeriodicBenefitCostNetOfTax": {
      "taxonomy": "us-gaap",
      "label": "Other Comprehensive Income (Loss), Reclassification, Pension and Other Postretirement Benefit Plans, Net Transition Asset (Obligation), Recognized in Net Periodic Benefit Cost, Net of Tax (Deprecated 2013-01-31)",
      "description": "Net of tax amount of the income statement impact of the reclassification adjustment for the net transition (asset) obligation recognized as a component of net periodic benefit cost.",
      "available_units": [
        "USD"
      ],
      "data_points_count": 3,
      "latest_value": {
        "value": -3000,
        "date": "2011-12-31",
        "fiscal_year": 2011,
        "form": "10-K",
        "filed": "2012-02-17",
        "unit": "USD",
        "type": "annual"
      },
      "date_range": {
        "earliest": "2009-12-31",
        "latest": "2011-12-31"
      }
    },
    "OtherComprehensiveIncomeReclassificationOfDefinedBenefitPlantNetTransitionAssetObligationRecognizedInNetPeriodicBenefitCostTax": {
      "taxonomy": "us-gaap",
      "label": "Other Comprehensive Income (Loss), Reclassification, Pension and Other Postretirement Benefit Plans, Net Transition Asset (Obligation), Recognized in Net Periodic Benefit Cost, Tax (Deprecated 2012-01-31)",
      "description": "For each annual statement of income presented, the tax effect of the net transition asset or obligation recognized as a reclassification adjustment of other comprehensive income as a result of being recognized as a component of net periodic benefit cost for the period.",
      "available_units": [
        "USD"
      ],
      "data_points_count": 3,
      "latest_value": {
        "value": 2000,
        "date": "2011-12-31",
        "fiscal_year": 2011,
        "form": "10-K",
        "filed": "2012-02-17",
        "unit": "USD",
        "type": "annual"
      },
      "date_range": {
        "earliest": "2009-12-31",
        "latest": "2011-12-31"
      }
    },
    "OtherIntangibleAssetsNet": {
      "taxonomy": "us-gaap",
      "label": "Other Intangible Assets, Net",
      "description": "Amount after accumulated amortization of finite-lived and indefinite-lived intangible assets classified as other.",
      "available_units": [
        "USD"
      ],
      "data_points_count": 54,
      "latest_value": {
        "value": 677000000,
        "date": "2024-12-31",
        "fiscal_year": 2024,
        "form": "10-K",
        "filed": "2025-02-14",
        "unit": "USD",
        "type": "annual"
      },
      "date_range": {
        "earliest": "2017-12-31",
        "latest": "2025-06-30"
      }
    },
    "PropertyPlantAndEquipmentGross": {
      "taxonomy": "us-gaap",
      "label": "Property, Plant and Equipment, Gross",
      "description": "Amount before accumulated depreciation, depletion and amortization of physical assets used in the normal conduct of business and not intended for resale. Examples include, but are not limited to, land, buildings, machinery and equipment, office equipment, and furniture and fixtures.",
      "available_units": [
        "USD"
      ],
      "data_points_count": 30,
      "latest_value": {
        "value": 2237000000,
        "date": "2024-12-31",
        "fiscal_year": 2024,
        "form": "10-K",
        "filed": "2025-02-14",
        "unit": "USD",
        "type": "annual"
      },
      "date_range": {
        "earliest": "2010-12-31",
        "latest": "2024-12-31"
      }
    },
    "PropertyPlantAndEquipmentNet": {
      "taxonomy": "us-gaap",
      "label": "Property, Plant and Equipment, Net",
      "description": "Amount after accumulated depreciation, depletion and amortization of physical assets used in the normal conduct of business to produce goods and services and not intended for resale. Examples include, but are not limited to, land, buildings, machinery and equipment, office equipment, and furniture and fixtures.",
      "available_units": [
        "USD"
      ],
      "data_points_count": 132,
      "latest_value": {
        "value": 1066000000,
        "date": "2024-12-31",
        "fiscal_year": 2024,
        "form": "10-K",
        "filed": "2025-02-14",
        "unit": "USD",
        "type": "annual"
      },
      "date_range": {
        "earliest": "2009-06-30",
        "latest": "2025-06-30"
      }
    },
    "ResidualValueOfLeasedAsset": {
      "taxonomy": "us-gaap",
      "label": "Residual Value of Leased Asset",
      "description": "Amount of residual asset covered by residual value guarantee. Excludes guarantee considered to be lease payments for lessor.",
      "available_units": [
        "USD"
      ],
      "data_points_count": 47,
      "latest_value": {
        "value": 517000000,
        "date": "2024-12-31",
        "fiscal_year": 2024,
        "form": "10-K",
        "filed": "2025-02-14",
        "unit": "USD",
        "type": "annual"
      },
      "date_range": {
        "earliest": "2019-03-31",
        "latest": "2025-06-30"
      }
    },
    "ServicingAssetAtAmortizedValueFairValue": {
      "taxonomy": "us-gaap",
      "label": "Servicing Asset at Amortized Cost, Fair Value",
      "description": "Fair value of contract to service financial assets under which the benefits of servicing are expected to more than adequately compensate the servicer.",
      "available_units": [
        "USD"
      ],
      "data_points_count": 22,
      "latest_value": {
        "value": 238000000,
        "date": "2017-12-31",
        "fiscal_year": 2017,
        "form": "10-K",
        "filed": "2018-02-16",
        "unit": "USD",
        "type": "annual"
      },
      "date_range": {
        "earliest": "2015-12-31",
        "latest": "2018-09-30"
      }
    },
    "ServicingAssetAtFairValueAmount": {
      "taxonomy": "us-gaap",
      "label": "Servicing Asset at Fair Value, Amount",
      "description": "Fair value of an asset representing net future revenue from contractually specified servicing fees, late charges, and other ancillary revenues, in excess of future costs related to servicing arrangements.",
      "available_units": [
        "USD"
      ],
      "data_points_count": 23,
      "latest_value": {
        "value": 22786000,
        "date": "2014-12-31",
        "fiscal_year": 2014,
        "form": "10-K",
        "filed": "2015-02-13",
        "unit": "USD",
        "type": "annual"
      },
      "date_range": {
        "earliest": "2009-12-31",
        "latest": "2014-12-31"
      }
    },
    "ServicingAssetAtFairValueChangesInFairValueResultingFromChangesInValuationInputsOrChangesInAssumptions": {
      "taxonomy": "us-gaap",
      "label": "Servicing Asset at Fair Value, Changes in Fair Value Resulting from Changes in Valuation Inputs or Changes in Assumptions",
      "description": "Amount of increase (decrease) in fair value from changes in the inputs, assumptions, or model used to calculate the fair value of the contract to service financial assets under which the benefits of servicing are expected to more than adequately compensate the servicer.",
      "available_units": [
        "USD"
      ],
      "data_points_count": 14,
      "latest_value": {
        "value": -3404000,
        "date": "2014-12-31",
        "fiscal_year": 2014,
        "form": "10-K",
        "filed": "2015-02-13",
        "unit": "USD",
        "type": "annual"
      },
      "date_range": {
        "earliest": "2010-12-31",
        "latest": "2014-12-31"
      }
    },
    "ServicingAssetsAndServicingLiabilitiesAtFairValueAssumptionsUsedToEstimateFairValueDiscountRate": {
      "taxonomy": "us-gaap",
      "label": "Servicing Assets and Servicing Liabilities at Fair Value, Assumptions Used to Estimate Fair Value, Discount Rate",
      "description": "Discount rate used to estimate the fair value of servicing assets and servicing liabilities.",
      "available_units": [
        "pure"
      ],
      "data_points_count": 2,
      "latest_value": {
        "value": 0.0798,
        "date": "2020-09-30",
        "fiscal_year": 2020,
        "fiscal_period": "Q3",
        "form": "10-Q",
        "filed": "2020-10-30",
        "unit": "pure",
        "type": "quarterly"
      },
      "date_range": {
        "earliest": "2019-12-31",
        "latest": "2020-09-30"
      }
    },
    "TierOneLeverageCapitalRequiredForCapitalAdequacyToAverageAssets": {
      "taxonomy": "us-gaap",
      "label": "Banking Regulation, Tier One Leverage Capital Ratio, Capital Adequacy, Minimum",
      "description": "Ratio of minimum Tier 1 leverage capital to average assets required for capital adequacy as defined by regulatory framework.",
      "available_units": [
        "pure"
      ],
      "data_points_count": 15,
      "latest_value": {
        "value": 0.04,
        "date": "2024-12-31",
        "fiscal_year": 2024,
        "form": "10-K",
        "filed": "2025-02-14",
        "unit": "pure",
        "type": "annual"
      },
      "date_range": {
        "earliest": "2011-12-31",
        "latest": "2024-12-31"
      }
    },
    "TierOneLeverageCapitalRequiredToBeWellCapitalizedToAverageAssets": {
      "taxonomy": "us-gaap",
      "label": "Banking Regulation, Tier One Leverage Capital Ratio, Well Capitalized, Minimum",
      "description": "Ratio of minimum Tier 1 leverage capital to average assets categorized as well capitalized as defined by regulatory framework for prompt corrective action.",
      "available_units": [
        "pure"
      ],
      "data_points_count": 5,
      "latest_value": {
        "value": 0.05,
        "date": "2014-12-31",
        "fiscal_year": 2014,
        "form": "10-K",
        "filed": "2015-02-13",
        "unit": "pure",
        "type": "annual"
      },
      "date_range": {
        "earliest": "2011-12-31",
        "latest": "2014-12-31"
      }
    },
    "TierOneLeverageCapitalToAverageAssets": {
      "taxonomy": "us-gaap",
      "label": "Banking Regulation, Tier One Leverage Capital Ratio, Actual",
      "description": "Ratio of Tier 1 capital to average assets as defined by regulatory framework.",
      "available_units": [
        "pure"
      ],
      "data_points_count": 18,
      "latest_value": {
        "value": 0.086,
        "date": "2024-12-31",
        "fiscal_year": 2024,
        "form": "10-K",
        "filed": "2025-02-14",
        "unit": "pure",
        "type": "annual"
      },
      "date_range": {
        "earliest": "2014-12-31",
        "latest": "2024-12-31"
      }
    },
    "TierOneRiskBasedCapitalRequiredForCapitalAdequacyToRiskWeightedAssets": {
      "taxonomy": "us-gaap",
      "label": "Banking Regulation, Tier One Risk-Based Capital Ratio, Capital Adequacy, Minimum",
      "description": "Ratio of minimum Tier 1 risk-based capital to risk-weighted assets required for capital adequacy as defined by regulatory framework.",
      "available_units": [
        "pure"
      ],
      "data_points_count": 15,
      "latest_value": {
        "value": 0.06,
        "date": "2024-12-31",
        "fiscal_year": 2024,
        "form": "10-K",
        "filed": "2025-02-14",
        "unit": "pure",
        "type": "annual"
      },
      "date_range": {
        "earliest": "2011-12-31",
        "latest": "2024-12-31"
      }
    },
    "TierOneRiskBasedCapitalRequiredToBeWellCapitalizedToRiskWeightedAssets": {
      "taxonomy": "us-gaap",
      "label": "Banking Regulation, Tier One Risk-Based Capital Ratio, Well Capitalized, Minimum",
      "description": "Ratio of minimum Tier 1 risk-based capital to risk-weighted assets categorized as well capitalized as defined by regulatory framework for prompt corrective action.",
      "available_units": [
        "pure"
      ],
      "data_points_count": 15,
      "latest_value": {
        "value": 0.06,
        "date": "2024-12-31",
        "fiscal_year": 2024,
        "form": "10-K",
        "filed": "2025-02-14",
        "unit": "pure",
        "type": "annual"
      },
      "date_range": {
        "earliest": "2011-12-31",
        "latest": "2024-12-31"
      }
    },
    "TierOneRiskBasedCapitalToRiskWeightedAssets": {
      "taxonomy": "us-gaap",
      "label": "Banking Regulation, Tier One Risk-Based Capital Ratio, Actual",
      "description": "Ratio of Tier 1 risk-based capital to risk-weighted assets as defined by regulatory framework.",
      "available_units": [
        "pure"
      ],
      "data_points_count": 18,
      "latest_value": {
        "value": 0.119,
        "date": "2024-12-31",
        "fiscal_year": 2024,
        "form": "10-K",
        "filed": "2025-02-14",
        "unit": "pure",
        "type": "annual"
      },
      "date_range": {
        "earliest": "2014-12-31",
        "latest": "2024-12-31"
      }
    },
    "UnrecognizedTaxBenefitsInterestOnIncomeTaxesAccrued": {
      "taxonomy": "us-gaap",
      "label": "Unrecognized Tax Benefits, Interest on Income Taxes Accrued",
      "description": "Amount of interest expense accrued for an underpayment of income taxes.",
      "available_units": [
        "USD"
      ],
      "data_points_count": 34,
      "latest_value": {
        "value": 100000,
        "date": "2016-12-31",
        "fiscal_year": 2016,
        "form": "10-K",
        "filed": "2017-02-22",
        "unit": "USD",
        "type": "annual"
      },
      "date_range": {
        "earliest": "2011-06-30",
        "latest": "2016-12-31"
      }
    },
    "ValuationAllowanceDeferredTaxAssetChangeInAmount": {
      "taxonomy": "us-gaap",
      "label": "Valuation Allowance, Deferred Tax Asset, Increase (Decrease), Amount",
      "description": "Amount of increase (decrease) in the valuation allowance for a specified deferred tax asset.",
      "available_units": [
        "USD"
      ],
      "data_points_count": 1,
      "latest_value": {
        "value": 8200000,
        "date": "2011-12-31",
        "fiscal_year": 2011,
        "form": "10-K",
        "filed": "2012-02-17",
        "unit": "USD",
        "type": "annual"
      },
      "date_range": {
        "earliest": "2011-12-31",
        "latest": "2011-12-31"
      }
    },
    "VariableInterestEntityConsolidatedCarryingAmountAssets": {
      "taxonomy": "us-gaap",
      "label": "Variable Interest Entity, Consolidated, Carrying Amount, Assets (Deprecated 2020-01-31)",
      "description": "The carrying amount of the consolidated Variable Interest Entity's assets included in the reporting entity's statement of financial position.",
      "available_units": [
        "USD"
      ],
      "data_points_count": 73,
      "latest_value": {
        "value": 93000000,
        "date": "2017-12-31",
        "fiscal_year": 2017,
        "form": "10-K",
        "filed": "2018-02-16",
        "unit": "USD",
        "type": "annual"
      },
      "date_range": {
        "earliest": "2010-06-30",
        "latest": "2019-09-30"
      }
    },
    "VariableInterestEntityNonconsolidatedCarryingAmountAssets": {
      "taxonomy": "us-gaap",
      "label": "Variable Interest Entity, Nonconsolidated, Carrying Amount, Assets (Deprecated 2020-01-31)",
      "description": "Carrying amount of the assets in the reporting entity's statement of financial position that relate to the reporting entity's variable interest in the Variable Interest Entity (VIE), where the reporting entity is not the VIE's primary beneficiary.",
      "available_units": [
        "USD"
      ],
      "data_points_count": 19,
      "latest_value": {
        "value": 920000000,
        "date": "2019-12-31",
        "fiscal_year": 2019,
        "form": "10-K",
        "filed": "2020-02-14",
        "unit": "USD",
        "type": "annual"
      },
      "date_range": {
        "earliest": "2011-12-31",
        "latest": "2019-12-31"
      }
    },
    "FairValueHedgeAssetsAtFairValue": {
      "taxonomy": "us-gaap",
      "label": "Fair Value Hedge Assets",
      "description": "Fair value of all derivative assets designated as fair value hedging instruments.",
      "available_units": [
        "USD"
      ],
      "data_points_count": 3,
      "latest_value": {
        "value": 662000000,
        "date": "2023-12-31",
        "fiscal_year": 2023,
        "form": "10-K",
        "filed": "2024-02-16",
        "unit": "USD",
        "type": "annual"
      },
      "date_range": {
        "earliest": "2021-12-31",
        "latest": "2023-12-31"
      }
    },
    "FairValueMeasurementWithUnobservableInputsReconciliationRecurringBasisAssetTransfersOutOfLevel3": {
      "taxonomy": "us-gaap",
      "label": "Fair Value, Measurement with Unobservable Inputs Reconciliation, Recurring Basis, Asset, Transfers out of Level 3",
      "description": "Amount of transfers of financial instrument classified as an asset out of level 3 of the fair value hierarchy.",
      "available_units": [
        "USD"
      ],
      "data_points_count": 7,
      "latest_value": {
        "value": 17000000,
        "date": "2025-06-30",
        "fiscal_year": 2025,
        "fiscal_period": "Q2",
        "form": "10-Q",
        "filed": "2025-07-29",
        "unit": "USD",
        "type": "quarterly"
      },
      "date_range": {
        "earliest": "2022-06-30",
        "latest": "2025-06-30"
      }
    },
    "HedgedAssetFairValueHedgeLastOfLayerCumulativeIncreaseDecrease": {
      "taxonomy": "us-gaap",
      "label": "Hedged Asset, Fair Value Hedge, Last-of-Layer, Cumulative Increase (Decrease)",
      "description": "Amount of cumulative increase (decrease) in fair value of hedged asset in fair value hedge, attributable to hedged risk, in last-of-layer hedging relationship.",
      "available_units": [
        "USD"
      ],
      "data_points_count": 23,
      "latest_value": {
        "value": 458000000,
        "date": "2024-12-31",
        "fiscal_year": 2024,
        "form": "10-K",
        "filed": "2025-02-14",
        "unit": "USD",
        "type": "annual"
      },
      "date_range": {
        "earliest": "2022-06-30",
        "latest": "2025-06-30"
      }
    },
    "FairValueMeasurementWithUnobservableInputsReconciliationRecurringBasisAssetTransfersIntoLevel3": {
      "taxonomy": "us-gaap",
      "label": "Fair Value, Measurement with Unobservable Inputs Reconciliation, Recurring Basis, Asset Transfers Into Level 3",
      "description": "Amount of transfer of financial instrument classified as an asset into level 3 of the fair value hierarchy.",
      "available_units": [
        "USD"
      ],
      "data_points_count": 5,
      "latest_value": {
        "value": 0,
        "date": "2025-06-30",
        "fiscal_year": 2025,
        "fiscal_period": "Q2",
        "form": "10-Q",
        "filed": "2025-07-29",
        "unit": "USD",
        "type": "quarterly"
      },
      "date_range": {
        "earliest": "2023-06-30",
        "latest": "2025-06-30"
      }
    },
    "DeferredTaxAssetsInProcessResearchAndDevelopment": {
      "taxonomy": "us-gaap",
      "label": "Deferred Tax Assets, in Process Research and Development",
      "description": "Amount before allocation of valuation allowances of deferred tax asset attributable to deductible temporary differences from in-process research and development costs expensed in connection with a business combination.",
      "available_units": [
        "USD"
      ],
      "data_points_count": 4,
      "latest_value": {
        "value": 108000000,
        "date": "2024-12-31",
        "fiscal_year": 2024,
        "form": "10-K",
        "filed": "2025-02-14",
        "unit": "USD",
        "type": "annual"
      },
      "date_range": {
        "earliest": "2022-12-31",
        "latest": "2024-12-31"
      }
    },
    "GoodwillWrittenOffRelatedToSaleOfBusinessUnit": {
      "taxonomy": "us-gaap",
      "label": "Goodwill, Written off Related to Sale of Business Unit",
      "description": "Amount of divestiture of an asset representing future economic benefits arising from other assets acquired in a business combination that are not individually identified and separately recognized.",
      "available_units": [
        "USD"
      ],
      "data_points_count": 2,
      "latest_value": {
        "value": 10000000,
        "date": "2023-12-31",
        "fiscal_year": 2023,
        "form": "10-K",
        "filed": "2024-02-16",
        "unit": "USD",
        "type": "annual"
      },
      "date_range": {
        "earliest": "2023-12-31",
        "latest": "2023-12-31"
      }
    },
    "DefinedBenefitPlanActualReturnOnPlanAssets": {
      "taxonomy": "us-gaap",
      "label": "Defined Benefit Plan, Plan Assets, Increase (Decrease) for Actual Return (Loss)",
      "description": "Amount of increase (decrease) in plan assets of defined benefit plan from actual return (loss) determined by change in fair value of plan assets adjusted for contributions, benefit payments, and other expenses.",
      "available_units": [
        "USD"
      ],
      "data_points_count": 2,
      "latest_value": {
        "value": -8000000,
        "date": "2024-12-31",
        "fiscal_year": 2024,
        "form": "10-K",
        "filed": "2025-02-14",
        "unit": "USD",
        "type": "annual"
      },
      "date_range": {
        "earliest": "2023-12-31",
        "latest": "2024-12-31"
      }
    },
    "DefinedBenefitPlanAssumptionsUsedCalculatingNetPeriodicBenefitCostExpectedLongTermReturnOnAssets": {
      "taxonomy": "us-gaap",
      "label": "Defined Benefit Plan, Assumptions Used Calculating Net Periodic Benefit Cost, Expected Long-term Rate of Return on Plan Assets",
      "description": "Weighted average rate of return on plan assets, reflecting average rate of earnings expected on existing plan assets and expected contributions, used to determine net periodic benefit cost of defined benefit plan.",
      "available_units": [
        "pure"
      ],
      "data_points_count": 2,
      "latest_value": {
        "value": 0.055,
        "date": "2024-12-31",
        "fiscal_year": 2024,
        "form": "10-K",
        "filed": "2025-02-14",
        "unit": "pure",
        "type": "annual"
      },
      "date_range": {
        "earliest": "2023-12-31",
        "latest": "2024-12-31"
      }
    },
    "DefinedBenefitPlanFairValueOfPlanAssetsPeriodIncreaseDecrease": {
      "taxonomy": "us-gaap",
      "label": "Defined Benefit Plan, Plan Assets, Period Increase (Decrease)",
      "description": "Amount of increase (decrease) in plan assets of defined benefit plan.",
      "available_units": [
        "USD"
      ],
      "data_points_count": 2,
      "latest_value": {
        "value": -51000000,
        "date": "2024-12-31",
        "fiscal_year": 2024,
        "form": "10-K",
        "filed": "2025-02-14",
        "unit": "USD",
        "type": "annual"
      },
      "date_range": {
        "earliest": "2023-12-31",
        "latest": "2024-12-31"
      }
    },
    "DefinedBenefitPlanPlanAssetsBenefitsPaid": {
      "taxonomy": "us-gaap",
      "label": "Defined Benefit Plan, Plan Assets, Benefits Paid",
      "description": "Amount of payment to participant under defined benefit plan which decreases plan assets. For pension plan, payment includes, but is not limited to, pension benefits and death benefits. For other postretirement plan, payment includes, but is not limited to, prescription drug benefits, health care benefits, life insurance benefits, and legal, educational and advisory services.",
      "available_units": [
        "USD"
      ],
      "data_points_count": 2,
      "latest_value": {
        "value": 34000000,
        "date": "2024-12-31",
        "fiscal_year": 2024,
        "form": "10-K",
        "filed": "2025-02-14",
        "unit": "USD",
        "type": "annual"
      },
      "date_range": {
        "earliest": "2023-12-31",
        "latest": "2024-12-31"
      }
    },
    "DerivativeAssetNotOffsetPolicyElectionDeduction": {
      "taxonomy": "us-gaap",
      "label": "Derivative Asset, Not Offset, Policy Election Deduction",
      "description": "Fair value of financial asset or other contract with one or more underlyings, notional amount or payment provision or both, and the contract can be net settled by means outside the contract or delivery of an asset, elected not to be offset, deducted from derivative assets.",
      "available_units": [
        "USD"
      ],
      "data_points_count": 2,
      "latest_value": {
        "value": 5000000,
        "date": "2024-12-31",
        "fiscal_year": 2024,
        "form": "10-K",
        "filed": "2025-02-14",
        "unit": "USD",
        "type": "annual"
      },
      "date_range": {
        "earliest": "2023-12-31",
        "latest": "2024-12-31"
      }
    }
  }
}