{
  "chunk_metadata": {
    "domain": "public",
    "CIK": "1281761",
    "data_type": "SEC",
    "ticker": "RF",
    "chunk_name": "Operations & Metadata",
    "chunk_id": "operations_metadata",
    "company_name": "Regions Financial Corporation",
    "extraction_date": "2025-09-30T11:01:44.084740",
    "metrics_count": 85,
    "total_company_metrics": 0,
    "chunking_strategy": "context_aware_balanced"
  },
  "metrics": {
    "DerivativeNotionalAmount": {
      "taxonomy": "us-gaap",
      "label": "Derivative, Notional Amount",
      "description": "Nominal or face amount used to calculate payment on derivative.",
      "available_units": [
        "USD"
      ],
      "data_points_count": 38,
      "latest_value": {
        "value": 163738000000,
        "date": "2024-12-31",
        "fiscal_year": 2024,
        "form": "10-K",
        "filed": "2025-02-21",
        "unit": "USD",
        "type": "annual"
      },
      "date_range": {
        "earliest": "2019-12-31",
        "latest": "2025-06-30"
      }
    },
    "AllocatedShareBasedCompensationExpenseNetOfTax": {
      "taxonomy": "us-gaap",
      "label": "Share-based Payment Arrangement, Expense, after Tax",
      "description": "Amount, after tax, of expense for award under share-based payment arrangement.",
      "available_units": [
        "USD"
      ],
      "data_points_count": 30,
      "latest_value": {
        "value": 55000000,
        "date": "2024-12-31",
        "fiscal_year": 2024,
        "form": "10-K",
        "filed": "2025-02-21",
        "unit": "USD",
        "type": "annual"
      },
      "date_range": {
        "earliest": "2013-12-31",
        "latest": "2024-12-31"
      }
    },
    "ClassOfWarrantOrRightExercisePriceOfWarrantsOrRights": {
      "taxonomy": "us-gaap",
      "label": "Class of Warrant or Right, Exercise Price of Warrants or Rights (Deprecated 2014-01-31)",
      "description": "Exercise price per share or per unit of warrants or rights outstanding.",
      "available_units": [
        "USD/PartnershipUnit",
        "USD/shares_unit"
      ],
      "data_points_count": 8,
      "latest_value": {
        "value": 10.88,
        "date": "2008-11-14",
        "fiscal_year": 2012,
        "fiscal_period": "Q2",
        "form": "10-Q",
        "filed": "2012-08-06",
        "unit": "USD/PartnershipUnit",
        "type": "quarterly"
      },
      "date_range": {
        "earliest": "2008-10-31",
        "latest": "2012-03-31"
      }
    },
    "CommonStockParOrStatedValuePerShare": {
      "taxonomy": "us-gaap",
      "label": "Common Stock, Par or Stated Value Per Share",
      "description": "Face amount or stated value per share of common stock.",
      "available_units": [
        "USD/shares"
      ],
      "data_points_count": 136,
      "latest_value": {
        "value": 0.01,
        "date": "2024-12-31",
        "fiscal_year": 2024,
        "form": "10-K",
        "filed": "2025-02-21",
        "unit": "USD/shares",
        "type": "annual"
      },
      "date_range": {
        "earliest": "2008-06-30",
        "latest": "2025-06-30"
      }
    },
    "CommonStockSharesAuthorized": {
      "taxonomy": "us-gaap",
      "label": "Common Stock, Shares Authorized",
      "description": "The maximum number of common shares permitted to be issued by an entity's charter and bylaws.",
      "available_units": [
        "shares"
      ],
      "data_points_count": 136,
      "latest_value": {
        "value": 3000000000,
        "date": "2024-12-31",
        "fiscal_year": 2024,
        "form": "10-K",
        "filed": "2025-02-21",
        "unit": "shares",
        "type": "annual"
      },
      "date_range": {
        "earliest": "2008-06-30",
        "latest": "2025-06-30"
      }
    },
    "ConstructionInProgressGross": {
      "taxonomy": "us-gaap",
      "label": "Construction in Progress, Gross",
      "description": "Amount of structure or a modification to a structure under construction. Includes recently completed structures or modifications to structures that have not been placed into service.",
      "available_units": [
        "USD"
      ],
      "data_points_count": 10,
      "latest_value": {
        "value": 176000000,
        "date": "2014-12-31",
        "fiscal_year": 2014,
        "form": "10-K",
        "filed": "2015-02-17",
        "unit": "USD",
        "type": "annual"
      },
      "date_range": {
        "earliest": "2009-12-31",
        "latest": "2014-12-31"
      }
    },
    "ConvertiblePreferredStockNonredeemableOrRedeemableIssuerOptionValue": {
      "taxonomy": "us-gaap",
      "label": "Convertible Preferred Stock, Nonredeemable or Redeemable, Issuer Option, Value",
      "description": "Value of outstanding nonredeemable convertible preferred stock or outstanding convertible preferred stock that is redeemable solely at the option of the issuer.",
      "available_units": [
        "USD"
      ],
      "data_points_count": 17,
      "latest_value": {
        "value": 259000000,
        "date": "2009-12-31",
        "fiscal_year": 2009,
        "form": "10-K",
        "filed": "2010-02-22",
        "unit": "USD",
        "type": "annual"
      },
      "date_range": {
        "earliest": "2008-06-30",
        "latest": "2010-06-30"
      }
    },
    "ConvertiblePreferredStockParStatedValuePerShare": {
      "taxonomy": "us-gaap",
      "label": "Convertible Preferred Stock, Par or Stated Value Per Share (Deprecated 2009-01-31)",
      "description": "Face amount or stated value per share of nonredeemable convertible preferred stock; generally not indicative of the fair market value per share.",
      "available_units": [
        "USD"
      ],
      "data_points_count": 3,
      "latest_value": {
        "value": 1000,
        "date": "2009-06-30",
        "fiscal_year": 2009,
        "fiscal_period": "Q2",
        "form": "10-Q",
        "filed": "2009-08-05",
        "unit": "USD",
        "type": "quarterly"
      },
      "date_range": {
        "earliest": "2008-06-30",
        "latest": "2009-06-30"
      }
    },
    "DecreaseInUnrecognizedTaxBenefitsIsReasonablyPossible": {
      "taxonomy": "us-gaap",
      "label": "Decrease in Unrecognized Tax Benefits is Reasonably Possible",
      "description": "Amount of decrease reasonably possible in the next twelve months for the unrecognized tax benefit.",
      "available_units": [
        "USD"
      ],
      "data_points_count": 7,
      "latest_value": {
        "value": 8000000,
        "date": "2024-12-31",
        "fiscal_year": 2024,
        "form": "10-K",
        "filed": "2025-02-21",
        "unit": "USD",
        "type": "annual"
      },
      "date_range": {
        "earliest": "2016-12-31",
        "latest": "2024-12-31"
      }
    },
    "DeferredCompensationArrangementWithIndividualSharesAuthorizedForIssuance": {
      "taxonomy": "us-gaap",
      "label": "Deferred Compensation Arrangement with Individual, Shares Authorized for Issuance",
      "description": "The maximum number of shares authorized for issuance under the deferred compensation arrangement as of the balance sheet date.",
      "available_units": [
        "shares"
      ],
      "data_points_count": 1,
      "latest_value": {
        "value": 222000,
        "date": "2010-12-31",
        "fiscal_year": 2010,
        "fiscal_period": "FY",
        "form": "10-K/A",
        "filed": "2011-03-18",
        "unit": "shares",
        "type": "other"
      },
      "date_range": {
        "earliest": "2010-12-31",
        "latest": "2010-12-31"
      }
    },
    "DefinedBenefitPlanExpectedFutureBenefitPaymentsFiveFiscalYearsThereafter": {
      "taxonomy": "us-gaap",
      "label": "Defined Benefit Plan, Expected Future Benefit Payment, after Year Five for Next Five Years",
      "description": "Amount of benefit for defined benefit plan expected to be paid in five fiscal years after fifth fiscal year following current fiscal year.",
      "available_units": [
        "USD"
      ],
      "data_points_count": 3,
      "latest_value": {
        "value": 558000000,
        "date": "2015-12-31",
        "fiscal_year": 2015,
        "form": "10-K",
        "filed": "2016-02-16",
        "unit": "USD",
        "type": "annual"
      },
      "date_range": {
        "earliest": "2013-12-31",
        "latest": "2015-12-31"
      }
    },
    "DefinedBenefitPlanExpectedFutureBenefitPaymentsNextTwelveMonths": {
      "taxonomy": "us-gaap",
      "label": "Defined Benefit Plan, Expected Future Benefit Payment, Year One",
      "description": "Amount of benefit for defined benefit plan expected to be paid in next fiscal year following current fiscal year.",
      "available_units": [
        "USD"
      ],
      "data_points_count": 3,
      "latest_value": {
        "value": 88000000,
        "date": "2015-12-31",
        "fiscal_year": 2015,
        "form": "10-K",
        "filed": "2016-02-16",
        "unit": "USD",
        "type": "annual"
      },
      "date_range": {
        "earliest": "2013-12-31",
        "latest": "2015-12-31"
      }
    },
    "DefinedBenefitPlanExpectedFutureBenefitPaymentsYearFive": {
      "taxonomy": "us-gaap",
      "label": "Defined Benefit Plan, Expected Future Benefit Payment, Year Five",
      "description": "Amount of benefit for defined benefit plan expected to be paid in fifth fiscal year following current fiscal year.",
      "available_units": [
        "USD"
      ],
      "data_points_count": 3,
      "latest_value": {
        "value": 100000000,
        "date": "2015-12-31",
        "fiscal_year": 2015,
        "form": "10-K",
        "filed": "2016-02-16",
        "unit": "USD",
        "type": "annual"
      },
      "date_range": {
        "earliest": "2013-12-31",
        "latest": "2015-12-31"
      }
    },
    "DefinedBenefitPlanExpectedFutureBenefitPaymentsYearFour": {
      "taxonomy": "us-gaap",
      "label": "Defined Benefit Plan, Expected Future Benefit Payment, Year Four",
      "description": "Amount of benefit for defined benefit plan expected to be paid in fourth fiscal year following current fiscal year.",
      "available_units": [
        "USD"
      ],
      "data_points_count": 3,
      "latest_value": {
        "value": 97000000,
        "date": "2015-12-31",
        "fiscal_year": 2015,
        "form": "10-K",
        "filed": "2016-02-16",
        "unit": "USD",
        "type": "annual"
      },
      "date_range": {
        "earliest": "2013-12-31",
        "latest": "2015-12-31"
      }
    },
    "DefinedBenefitPlanExpectedFutureBenefitPaymentsYearThree": {
      "taxonomy": "us-gaap",
      "label": "Defined Benefit Plan, Expected Future Benefit Payment, Year Three",
      "description": "Amount of benefit for defined benefit plan expected to be paid in third fiscal year following current fiscal year.",
      "available_units": [
        "USD"
      ],
      "data_points_count": 3,
      "latest_value": {
        "value": 94000000,
        "date": "2015-12-31",
        "fiscal_year": 2015,
        "form": "10-K",
        "filed": "2016-02-16",
        "unit": "USD",
        "type": "annual"
      },
      "date_range": {
        "earliest": "2013-12-31",
        "latest": "2015-12-31"
      }
    },
    "DefinedBenefitPlanExpectedFutureBenefitPaymentsYearTwo": {
      "taxonomy": "us-gaap",
      "label": "Defined Benefit Plan, Expected Future Benefit Payment, Year Two",
      "description": "Amount of benefit for defined benefit plan expected to be paid in second fiscal year following current fiscal year.",
      "available_units": [
        "USD"
      ],
      "data_points_count": 3,
      "latest_value": {
        "value": 91000000,
        "date": "2015-12-31",
        "fiscal_year": 2015,
        "form": "10-K",
        "filed": "2016-02-16",
        "unit": "USD",
        "type": "annual"
      },
      "date_range": {
        "earliest": "2013-12-31",
        "latest": "2015-12-31"
      }
    },
    "DefinedBenefitPlanServiceCost": {
      "taxonomy": "us-gaap",
      "label": "Defined Benefit Plan, Service Cost",
      "description": "Amount of cost for actuarial present value of benefits attributed to service rendered by employee for defined benefit plan.",
      "available_units": [
        "USD"
      ],
      "data_points_count": 172,
      "latest_value": {
        "value": 23000000,
        "date": "2024-12-31",
        "fiscal_year": 2024,
        "form": "10-K",
        "filed": "2025-02-21",
        "unit": "USD",
        "type": "annual"
      },
      "date_range": {
        "earliest": "2011-03-31",
        "latest": "2025-06-30"
      }
    },
    "DefinedBenefitPlansEstimatedFutureEmployerContributionsInNextFiscalYear": {
      "taxonomy": "us-gaap",
      "label": "Defined Benefit Plans, Estimated Future Employer Contributions in Next Fiscal Year (Deprecated 2017-01-31)",
      "description": "Amount of employer's best estimate of contributions expected to be paid to the plan during the next fiscal year beginning after the date of the latest statement of financial position.",
      "available_units": [
        "USD"
      ],
      "data_points_count": 3,
      "latest_value": {
        "value": 0,
        "date": "2015-12-31",
        "fiscal_year": 2015,
        "form": "10-K",
        "filed": "2016-02-16",
        "unit": "USD",
        "type": "annual"
      },
      "date_range": {
        "earliest": "2013-12-31",
        "latest": "2015-12-31"
      }
    },
    "DefinedBenefitPlanUltimateHealthCareCostTrendRate": {
      "taxonomy": "us-gaap",
      "label": "Defined Benefit Plan, Ultimate Health Care Cost Trend Rate (Deprecated 2017-01-31)",
      "description": "The ultimate trend rate for health care costs.",
      "available_units": [
        "pure"
      ],
      "data_points_count": 7,
      "latest_value": {
        "value": 0.045,
        "date": "2016-12-31",
        "fiscal_year": 2016,
        "form": "10-K",
        "filed": "2017-02-24",
        "unit": "pure",
        "type": "annual"
      },
      "date_range": {
        "earliest": "2010-12-31",
        "latest": "2016-12-31"
      }
    },
    "DefinedBenefitPlanUltimateHealthCareCostTrendRate1": {
      "taxonomy": "us-gaap",
      "label": "Defined Benefit Plan, Ultimate Health Care Cost Trend Rate",
      "description": "Ultimate trend rate for health care cost for defined benefit postretirement plan.",
      "available_units": [
        "pure"
      ],
      "data_points_count": 2,
      "latest_value": {
        "value": 0.045,
        "date": "2018-12-31",
        "fiscal_year": 2018,
        "form": "10-K",
        "filed": "2019-02-22",
        "unit": "pure",
        "type": "annual"
      },
      "date_range": {
        "earliest": "2017-12-31",
        "latest": "2018-12-31"
      }
    },
    "DefinedContributionPlanCostRecognized": {
      "taxonomy": "us-gaap",
      "label": "Defined Contribution Plan, Cost",
      "description": "Amount of cost for defined contribution plan.",
      "available_units": [
        "USD"
      ],
      "data_points_count": 45,
      "latest_value": {
        "value": 73000000,
        "date": "2024-12-31",
        "fiscal_year": 2024,
        "form": "10-K",
        "filed": "2025-02-21",
        "unit": "USD",
        "type": "annual"
      },
      "date_range": {
        "earliest": "2008-12-31",
        "latest": "2024-12-31"
      }
    },
    "DefinedContributionPlanEmployerDiscretionaryContributionAmount": {
      "taxonomy": "us-gaap",
      "label": "Defined Contribution Plan, Employer Discretionary Contribution Amount",
      "description": "Amount of discretionary contributions made by an employer to a defined contribution plan.",
      "available_units": [
        "USD"
      ],
      "data_points_count": 36,
      "latest_value": {
        "value": 27000000,
        "date": "2024-12-31",
        "fiscal_year": 2024,
        "form": "10-K",
        "filed": "2025-02-21",
        "unit": "USD",
        "type": "annual"
      },
      "date_range": {
        "earliest": "2012-09-30",
        "latest": "2024-12-31"
      }
    },
    "DefinedContributionPlanEmployerMatchingContributionPercent": {
      "taxonomy": "us-gaap",
      "label": "Defined Contribution Plan, Employer Matching Contribution, Percent of Employees' Gross Pay",
      "description": "Percentage of employees' gross pay for which the employer contributes a matching contribution to a defined contribution plan.",
      "available_units": [
        "pure"
      ],
      "data_points_count": 13,
      "latest_value": {
        "value": 0.05,
        "date": "2019-12-31",
        "fiscal_year": 2019,
        "form": "10-K",
        "filed": "2020-02-21",
        "unit": "pure",
        "type": "annual"
      },
      "date_range": {
        "earliest": "2010-12-31",
        "latest": "2019-12-31"
      }
    },
    "DefinedContributionPlanEmployerMatchingContributionPercentOfMatch": {
      "taxonomy": "us-gaap",
      "label": "Defined Contribution Plan, Employer Matching Contribution, Percent of Match",
      "description": "Percentage employer matches of the employee's percentage contribution matched.",
      "available_units": [
        "pure"
      ],
      "data_points_count": 15,
      "latest_value": {
        "value": 0.05,
        "date": "2024-12-31",
        "fiscal_year": 2024,
        "form": "10-K",
        "filed": "2025-02-21",
        "unit": "pure",
        "type": "annual"
      },
      "date_range": {
        "earliest": "2018-12-31",
        "latest": "2024-12-31"
      }
    },
    "EmployeeServiceShareBasedCompensationNonvestedAwardsTotalCompensationCostNotYetRecognized": {
      "taxonomy": "us-gaap",
      "label": "Share-based Payment Arrangement, Nonvested Award, Cost Not yet Recognized, Amount",
      "description": "Amount of cost not yet recognized for nonvested award under share-based payment arrangement.",
      "available_units": [
        "USD"
      ],
      "data_points_count": 10,
      "latest_value": {
        "value": 73000000,
        "date": "2024-12-31",
        "fiscal_year": 2024,
        "form": "10-K",
        "filed": "2025-02-21",
        "unit": "USD",
        "type": "annual"
      },
      "date_range": {
        "earliest": "2015-12-31",
        "latest": "2024-12-31"
      }
    },
    "EmployeeServiceShareBasedCompensationTaxBenefitFromCompensationExpense": {
      "taxonomy": "us-gaap",
      "label": "Share-based Payment Arrangement, Expense, Tax Benefit",
      "description": "Amount of tax benefit for recognition of expense of award under share-based payment arrangement.",
      "available_units": [
        "USD"
      ],
      "data_points_count": 45,
      "latest_value": {
        "value": 18000000,
        "date": "2024-12-31",
        "fiscal_year": 2024,
        "form": "10-K",
        "filed": "2025-02-21",
        "unit": "USD",
        "type": "annual"
      },
      "date_range": {
        "earliest": "2008-12-31",
        "latest": "2024-12-31"
      }
    },
    "EmployeeServiceShareBasedCompensationTaxBenefitRealizedFromExerciseOfStockOptions": {
      "taxonomy": "us-gaap",
      "label": "Employee Service Share-based Compensation, Tax Benefit Realized from Exercise of Stock Options (Deprecated 2017-01-31)",
      "description": "Disclosure of the aggregate tax benefit realized from the exercise of stock options and the conversion of similar instruments during the annual period.",
      "available_units": [
        "USD"
      ],
      "data_points_count": 6,
      "latest_value": {
        "value": 4000000,
        "date": "2016-12-31",
        "fiscal_year": 2016,
        "form": "10-K",
        "filed": "2017-02-24",
        "unit": "USD",
        "type": "annual"
      },
      "date_range": {
        "earliest": "2013-12-31",
        "latest": "2016-12-31"
      }
    },
    "FutureAmortizationExpenseYearFive": {
      "taxonomy": "us-gaap",
      "label": "Future Amortization Expense, Year Five (Deprecated 2012-01-31)",
      "description": "The amount of amortization expense expected to be recognized during year five of the five succeeding fiscal years.",
      "available_units": [
        "USD"
      ],
      "data_points_count": 2,
      "latest_value": {
        "value": 22000000,
        "date": "2011-12-31",
        "fiscal_year": 2011,
        "form": "10-K",
        "filed": "2012-02-24",
        "unit": "USD",
        "type": "annual"
      },
      "date_range": {
        "earliest": "2010-12-31",
        "latest": "2011-12-31"
      }
    },
    "FutureAmortizationExpenseYearFour": {
      "taxonomy": "us-gaap",
      "label": "Future Amortization Expense, Year Four (Deprecated 2012-01-31)",
      "description": "The amount of amortization expense expected to be recognized during year four of the five succeeding fiscal years.",
      "available_units": [
        "USD"
      ],
      "data_points_count": 2,
      "latest_value": {
        "value": 62000000,
        "date": "2011-12-31",
        "fiscal_year": 2011,
        "form": "10-K",
        "filed": "2012-02-24",
        "unit": "USD",
        "type": "annual"
      },
      "date_range": {
        "earliest": "2010-12-31",
        "latest": "2011-12-31"
      }
    },
    "FutureAmortizationExpenseYearOne": {
      "taxonomy": "us-gaap",
      "label": "Future Amortization Expense, Year One (Deprecated 2012-01-31)",
      "description": "The amount of amortization expense expected to be recognized during year one of the five succeeding fiscal years.",
      "available_units": [
        "USD"
      ],
      "data_points_count": 2,
      "latest_value": {
        "value": 109000000,
        "date": "2011-12-31",
        "fiscal_year": 2011,
        "form": "10-K",
        "filed": "2012-02-24",
        "unit": "USD",
        "type": "annual"
      },
      "date_range": {
        "earliest": "2010-12-31",
        "latest": "2011-12-31"
      }
    },
    "FutureAmortizationExpenseYearThree": {
      "taxonomy": "us-gaap",
      "label": "Future Amortization Expense, Year Three (Deprecated 2012-01-31)",
      "description": "The amount of amortization expense expected to be recognized during year three of the five succeeding fiscal years.",
      "available_units": [
        "USD"
      ],
      "data_points_count": 2,
      "latest_value": {
        "value": 79000000,
        "date": "2011-12-31",
        "fiscal_year": 2011,
        "form": "10-K",
        "filed": "2012-02-24",
        "unit": "USD",
        "type": "annual"
      },
      "date_range": {
        "earliest": "2010-12-31",
        "latest": "2011-12-31"
      }
    },
    "FutureAmortizationExpenseYearTwo": {
      "taxonomy": "us-gaap",
      "label": "Future Amortization Expense, Year Two (Deprecated 2012-01-31)",
      "description": "The amount of amortization expense expected to be recognized during year two of the five succeeding fiscal years.",
      "available_units": [
        "USD"
      ],
      "data_points_count": 2,
      "latest_value": {
        "value": 94000000,
        "date": "2011-12-31",
        "fiscal_year": 2011,
        "form": "10-K",
        "filed": "2012-02-24",
        "unit": "USD",
        "type": "annual"
      },
      "date_range": {
        "earliest": "2010-12-31",
        "latest": "2011-12-31"
      }
    },
    "IncreaseDecreaseInOtherOperatingLiabilities": {
      "taxonomy": "us-gaap",
      "label": "Increase (Decrease) in Other Operating Liabilities",
      "description": "Amount of increase (decrease) in operating liabilities classified as other.",
      "available_units": [
        "USD"
      ],
      "data_points_count": 146,
      "latest_value": {
        "value": 3000000,
        "date": "2024-12-31",
        "fiscal_year": 2024,
        "form": "10-K",
        "filed": "2025-02-21",
        "unit": "USD",
        "type": "annual"
      },
      "date_range": {
        "earliest": "2007-12-31",
        "latest": "2025-06-30"
      }
    },
    "IncrementalCommonSharesAttributableToConversionOfPreferredStock": {
      "taxonomy": "us-gaap",
      "label": "Incremental Common Shares Attributable to Dilutive Effect of Conversion of Preferred Stock",
      "description": "Additional shares included in the calculation of diluted EPS as a result of the potentially dilutive effect of convertible preferred stock using the if-converted method.",
      "available_units": [
        "shares"
      ],
      "data_points_count": 3,
      "latest_value": {
        "value": 63000000,
        "date": "2010-06-30",
        "fiscal_year": 2012,
        "form": "10-K",
        "filed": "2013-02-21",
        "unit": "shares",
        "type": "annual"
      },
      "date_range": {
        "earliest": "2010-06-30",
        "latest": "2010-06-30"
      }
    },
    "MarketingExpense": {
      "taxonomy": "us-gaap",
      "label": "Marketing Expense",
      "description": "Expenditures for planning and executing the conception, pricing, promotion, and distribution of ideas, goods, and services. Costs of public relations and corporate promotions are typically considered to be marketing costs.",
      "available_units": [
        "USD"
      ],
      "data_points_count": 42,
      "latest_value": {
        "value": 110000000,
        "date": "2024-12-31",
        "fiscal_year": 2024,
        "form": "10-K",
        "filed": "2025-02-21",
        "unit": "USD",
        "type": "annual"
      },
      "date_range": {
        "earliest": "2008-12-31",
        "latest": "2024-12-31"
      }
    },
    "NotionalAmountOfDerivatives": {
      "taxonomy": "us-gaap",
      "label": "Notional Amount of Derivatives (Deprecated 2012-01-31)",
      "description": "Aggregate notional amount of all derivatives. The notional amount relates to a number of currency units, shares, bushels, pounds, or other units specified in a derivative instrument.",
      "available_units": [
        "USD"
      ],
      "data_points_count": 14,
      "latest_value": {
        "value": 172869000000,
        "date": "2011-12-31",
        "fiscal_year": 2011,
        "form": "10-K",
        "filed": "2012-02-24",
        "unit": "USD",
        "type": "annual"
      },
      "date_range": {
        "earliest": "2009-12-31",
        "latest": "2012-06-30"
      }
    },
    "NotionalAmountOfFairValueHedgeInstruments": {
      "taxonomy": "us-gaap",
      "label": "Notional Amount of Fair Value Hedge Instruments (Deprecated 2013-01-31)",
      "description": "Aggregate notional amount of all derivatives designated as a fair value hedging instrument. The notional amount relates to a number of currency units, shares, bushels, pounds, or other units specified in a derivative instrument.",
      "available_units": [
        "USD"
      ],
      "data_points_count": 6,
      "latest_value": {
        "value": 7666000000,
        "date": "2011-06-30",
        "fiscal_year": 2011,
        "fiscal_period": "Q2",
        "form": "10-Q",
        "filed": "2011-08-04",
        "unit": "USD",
        "type": "quarterly"
      },
      "date_range": {
        "earliest": "2009-12-31",
        "latest": "2011-06-30"
      }
    },
    "NotionalAmountOfOtherDerivativesNotDesignatedAsHedgingInstruments": {
      "taxonomy": "us-gaap",
      "label": "Notional Amount of Other Derivatives Not Designated as Hedging Instruments (Deprecated 2013-01-31)",
      "description": "Aggregate notional amount of all derivatives not designated as a hedging instrument. The notional amount relates to a number of currency units, shares, bushels, pounds, or other units specified in a derivative instrument.",
      "available_units": [
        "USD"
      ],
      "data_points_count": 6,
      "latest_value": {
        "value": 151526000000,
        "date": "2011-06-30",
        "fiscal_year": 2011,
        "fiscal_period": "Q2",
        "form": "10-Q",
        "filed": "2011-08-04",
        "unit": "USD",
        "type": "quarterly"
      },
      "date_range": {
        "earliest": "2009-12-31",
        "latest": "2011-06-30"
      }
    },
    "NumberOfReportableSegments": {
      "taxonomy": "us-gaap",
      "label": "Number of Reportable Segments",
      "description": "Number of segments reported by the entity. A reportable segment is a component of an entity for which there is an accounting requirement to report separate financial information on that component in the entity's financial statements.",
      "available_units": [
        "segment"
      ],
      "data_points_count": 31,
      "latest_value": {
        "value": 3,
        "date": "2024-12-31",
        "fiscal_year": 2024,
        "form": "10-K",
        "filed": "2025-02-21",
        "unit": "segment",
        "type": "annual"
      },
      "date_range": {
        "earliest": "2015-06-30",
        "latest": "2025-06-30"
      }
    },
    "OtherLiabilities": {
      "taxonomy": "us-gaap",
      "label": "Other Liabilities",
      "description": "Amount of liabilities classified as other.",
      "available_units": [
        "USD"
      ],
      "data_points_count": 137,
      "latest_value": {
        "value": 5296000000,
        "date": "2024-12-31",
        "fiscal_year": 2024,
        "form": "10-K",
        "filed": "2025-02-21",
        "unit": "USD",
        "type": "annual"
      },
      "date_range": {
        "earliest": "2008-06-30",
        "latest": "2025-06-30"
      }
    },
    "PreferredStockAccretionOfRedemptionDiscount": {
      "taxonomy": "us-gaap",
      "label": "Preferred Stock, Accretion of Redemption Discount",
      "description": "The amount of accretion of the preferred stock redemption discount during the period.",
      "available_units": [
        "USD"
      ],
      "data_points_count": 5,
      "latest_value": {
        "value": 0,
        "date": "2012-12-31",
        "fiscal_year": 2014,
        "form": "10-K",
        "filed": "2015-02-17",
        "unit": "USD",
        "type": "annual"
      },
      "date_range": {
        "earliest": "2011-12-31",
        "latest": "2012-12-31"
      }
    },
    "PreferredStockAdditionalSeriesLiquidationPreference": {
      "taxonomy": "us-gaap",
      "label": "Preferred Stock, Additional Series, Liquidation Preference Per Share (Deprecated 2009-01-31)",
      "description": "The per share liquidation preference (or restrictions) of an additional series of nonredeemable preferred stock (or preferred stock redeemable solely at the option of the issuer) that has a preference in involuntary liquidation considerably in excess of the par or stated value of the shares. The liquidation preference is the difference between the preference in liquidation and the par or stated values of the share.",
      "available_units": [
        "USD"
      ],
      "data_points_count": 3,
      "latest_value": {
        "value": 1000,
        "date": "2009-06-30",
        "fiscal_year": 2009,
        "fiscal_period": "Q2",
        "form": "10-Q",
        "filed": "2009-08-05",
        "unit": "USD",
        "type": "quarterly"
      },
      "date_range": {
        "earliest": "2008-06-30",
        "latest": "2009-06-30"
      }
    },
    "PreferredStockDiscountOnShares": {
      "taxonomy": "us-gaap",
      "label": "Preferred Stock, Discount on Shares",
      "description": "Discount on preferred shares, or any unamortized balance thereof, shown separately as a deduction from the applicable account(s) as circumstances require.",
      "available_units": [
        "USD"
      ],
      "data_points_count": 12,
      "latest_value": {
        "value": 81000000,
        "date": "2011-12-31",
        "fiscal_year": 2011,
        "form": "10-K",
        "filed": "2012-02-24",
        "unit": "USD",
        "type": "annual"
      },
      "date_range": {
        "earliest": "2010-03-31",
        "latest": "2012-03-31"
      }
    },
    "PreferredStockLiquidationPreference": {
      "taxonomy": "us-gaap",
      "label": "Preferred Stock, Liquidation Preference Per Share",
      "description": "The per share liquidation preference (or restrictions) of nonredeemable preferred stock (or preferred stock redeemable solely at the option of the issuer) that has a preference in involuntary liquidation considerably in excess of the par or stated value of the shares. The liquidation preference is the difference between the preference in liquidation and the par or stated values of the share.",
      "available_units": [
        "USD/shares"
      ],
      "data_points_count": 4,
      "latest_value": {
        "value": 1000,
        "date": "2009-06-30",
        "fiscal_year": 2009,
        "fiscal_period": "Q2",
        "form": "10-Q",
        "filed": "2009-08-05",
        "unit": "USD/shares",
        "type": "quarterly"
      },
      "date_range": {
        "earliest": "2008-06-30",
        "latest": "2009-06-30"
      }
    },
    "PreferredStockLiquidationPreferenceValue": {
      "taxonomy": "us-gaap",
      "label": "Preferred Stock, Liquidation Preference, Value",
      "description": "Value of the difference between preference in liquidation and the par or stated values of the preferred shares.",
      "available_units": [
        "USD"
      ],
      "data_points_count": 40,
      "latest_value": {
        "value": 1750000000,
        "date": "2024-12-31",
        "fiscal_year": 2024,
        "form": "10-K",
        "filed": "2025-02-21",
        "unit": "USD",
        "type": "annual"
      },
      "date_range": {
        "earliest": "2015-06-30",
        "latest": "2025-06-30"
      }
    },
    "PreferredStockParOrStatedValuePerShare": {
      "taxonomy": "us-gaap",
      "label": "Preferred Stock, Par or Stated Value Per Share",
      "description": "Face amount or stated value per share of preferred stock nonredeemable or redeemable solely at the option of the issuer.",
      "available_units": [
        "USD/shares"
      ],
      "data_points_count": 92,
      "latest_value": {
        "value": 1,
        "date": "2024-12-31",
        "fiscal_year": 2024,
        "form": "10-K",
        "filed": "2025-02-21",
        "unit": "USD/shares",
        "type": "annual"
      },
      "date_range": {
        "earliest": "2008-06-30",
        "latest": "2025-06-30"
      }
    },
    "PreferredStockSharesAuthorized": {
      "taxonomy": "us-gaap",
      "label": "Preferred Stock, Shares Authorized",
      "description": "The maximum number of nonredeemable preferred shares (or preferred stock redeemable solely at the option of the issuer) permitted to be issued by an entity's charter and bylaws.",
      "available_units": [
        "shares"
      ],
      "data_points_count": 137,
      "latest_value": {
        "value": 10000000,
        "date": "2024-12-31",
        "fiscal_year": 2024,
        "form": "10-K",
        "filed": "2025-02-21",
        "unit": "shares",
        "type": "annual"
      },
      "date_range": {
        "earliest": "2008-06-30",
        "latest": "2025-06-30"
      }
    },
    "ShareBasedCompensationArrangementByShareBasedPaymentAwardFairValueAssumptionsWeightedAverageVolatilityRate": {
      "taxonomy": "us-gaap",
      "label": "Share-based Compensation Arrangement by Share-based Payment Award, Fair Value Assumptions, Weighted Average Volatility Rate",
      "description": "Rate of weighted-average expected volatility for award under share-based payment arrangement.",
      "available_units": [
        "pure"
      ],
      "data_points_count": 14,
      "latest_value": {
        "value": 0.755,
        "date": "2011-12-31",
        "fiscal_year": 2012,
        "form": "10-K",
        "filed": "2013-02-21",
        "unit": "pure",
        "type": "annual"
      },
      "date_range": {
        "earliest": "2008-12-31",
        "latest": "2011-12-31"
      }
    },
    "ShareBasedCompensationArrangementByShareBasedPaymentAwardNumberOfSharesAuthorized": {
      "taxonomy": "us-gaap",
      "label": "Share-based Compensation Arrangement by Share-based Payment Award, Number of Shares Authorized",
      "description": "Number of shares authorized for issuance under share-based payment arrangement.",
      "available_units": [
        "shares"
      ],
      "data_points_count": 22,
      "latest_value": {
        "value": 60000000,
        "date": "2015-12-31",
        "fiscal_year": 2015,
        "form": "10-K",
        "filed": "2016-02-16",
        "unit": "shares",
        "type": "annual"
      },
      "date_range": {
        "earliest": "2010-05-13",
        "latest": "2015-12-31"
      }
    },
    "ShareBasedCompensationArrangementByShareBasedPaymentAwardOptionsExercisableWeightedAverageExercisePrice": {
      "taxonomy": "us-gaap",
      "label": "Share-based Compensation Arrangement by Share-based Payment Award, Options, Exercisable, Weighted Average Exercise Price",
      "description": "The weighted-average price as of the balance sheet date at which grantees can acquire the shares reserved for issuance on vested portions of options outstanding and currently exercisable under the stock option plan.",
      "available_units": [
        "USD/shares"
      ],
      "data_points_count": 54,
      "latest_value": {
        "value": 0,
        "date": "2021-12-31",
        "fiscal_year": 2021,
        "form": "10-K",
        "filed": "2022-02-24",
        "unit": "USD/shares",
        "type": "annual"
      },
      "date_range": {
        "earliest": "2010-03-31",
        "latest": "2021-12-31"
      }
    },
    "ShareBasedCompensationArrangementByShareBasedPaymentAwardOptionsExercisesInPeriod": {
      "taxonomy": "us-gaap",
      "label": "Share-based Compensation Arrangement by Share-based Payment Award, Options, Exercises in Period (Deprecated 2011-01-31)",
      "description": "The decrease in the number of reserved shares that could potentially be issued attributable to the exercise or conversion during the reporting period of previously issued stock options under the option plan.",
      "available_units": [
        "shares"
      ],
      "data_points_count": 4,
      "latest_value": {
        "value": 18442,
        "date": "2011-03-31",
        "fiscal_year": 2011,
        "fiscal_period": "Q1",
        "form": "10-Q",
        "filed": "2011-05-05",
        "unit": "shares",
        "type": "quarterly"
      },
      "date_range": {
        "earliest": "2008-12-31",
        "latest": "2011-03-31"
      }
    },
    "ShareBasedCompensationArrangementByShareBasedPaymentAwardOptionsExercisesInPeriodTotalIntrinsicValue": {
      "taxonomy": "us-gaap",
      "label": "Share-based Compensation Arrangement by Share-based Payment Award, Options, Exercises in Period, Intrinsic Value",
      "description": "Amount of accumulated difference between fair value of underlying shares on dates of exercise and exercise price on options exercised (or share units converted) into shares.",
      "available_units": [
        "USD"
      ],
      "data_points_count": 18,
      "latest_value": {
        "value": 8000000,
        "date": "2020-12-31",
        "fiscal_year": 2020,
        "form": "10-K",
        "filed": "2021-02-24",
        "unit": "USD",
        "type": "annual"
      },
      "date_range": {
        "earliest": "2013-12-31",
        "latest": "2020-12-31"
      }
    },
    "ShareBasedCompensationArrangementByShareBasedPaymentAwardOptionsExercisesInPeriodWeightedAverageExercisePrice": {
      "taxonomy": "us-gaap",
      "label": "Share-based Compensation Arrangement by Share-based Payment Award, Options, Exercises in Period, Weighted Average Exercise Price (Deprecated 2012-01-31)",
      "description": "The weighted average price at which option holders acquired shares when converting their stock options into shares under the plan during the reporting period.",
      "available_units": [
        "USD"
      ],
      "data_points_count": 14,
      "latest_value": {
        "value": 3.29,
        "date": "2011-12-31",
        "fiscal_year": 2011,
        "form": "10-K",
        "filed": "2012-02-24",
        "unit": "USD",
        "type": "annual"
      },
      "date_range": {
        "earliest": "2008-12-31",
        "latest": "2012-06-30"
      }
    },
    "ShareBasedCompensationArrangementByShareBasedPaymentAwardOptionsGrantsInPeriod": {
      "taxonomy": "us-gaap",
      "label": "Share-based Compensation Arrangement by Share-based Payment Award, Options, Grants in Period, Net of Forfeitures",
      "description": "Net number of share options (or share units) granted during the period.",
      "available_units": [
        "shares"
      ],
      "data_points_count": 59,
      "latest_value": {
        "value": 0,
        "date": "2021-12-31",
        "fiscal_year": 2021,
        "form": "10-K",
        "filed": "2022-02-24",
        "unit": "shares",
        "type": "annual"
      },
      "date_range": {
        "earliest": "2008-12-31",
        "latest": "2021-12-31"
      }
    },
    "ShareBasedCompensationArrangementByShareBasedPaymentAwardOptionsGrantsInPeriodWeightedAverageExercisePrice": {
      "taxonomy": "us-gaap",
      "label": "Share-based Compensation Arrangement by Share-based Payment Award, Options, Grants in Period, Weighted Average Exercise Price (Deprecated 2012-01-31)",
      "description": "The weighted average price as of the balance sheet date at which grantees can acquire the shares reserved for issuance on stock options awarded under the plan during the reporting period.",
      "available_units": [
        "USD"
      ],
      "data_points_count": 13,
      "latest_value": {
        "value": 6.59,
        "date": "2011-12-31",
        "fiscal_year": 2011,
        "form": "10-K",
        "filed": "2012-02-24",
        "unit": "USD",
        "type": "annual"
      },
      "date_range": {
        "earliest": "2008-12-31",
        "latest": "2011-12-31"
      }
    },
    "ShareBasedCompensationArrangementByShareBasedPaymentAwardOptionsGrantsInPeriodWeightedAverageGrantDateFairValue": {
      "taxonomy": "us-gaap",
      "label": "Share-based Compensation Arrangement by Share-based Payment Award, Options, Grants in Period, Weighted Average Grant Date Fair Value",
      "description": "The weighted average grant-date fair value of options granted during the reporting period as calculated by applying the disclosed option pricing methodology.",
      "available_units": [
        "USD/shares"
      ],
      "data_points_count": 14,
      "latest_value": {
        "value": 3.66,
        "date": "2011-12-31",
        "fiscal_year": 2012,
        "form": "10-K",
        "filed": "2013-02-21",
        "unit": "USD/shares",
        "type": "annual"
      },
      "date_range": {
        "earliest": "2008-12-31",
        "latest": "2011-12-31"
      }
    },
    "ShareBasedCompensationArrangementByShareBasedPaymentAwardOptionsOutstandingIntrinsicValue": {
      "taxonomy": "us-gaap",
      "label": "Share-based Compensation Arrangement by Share-based Payment Award, Options, Outstanding, Intrinsic Value",
      "description": "Amount by which the current fair value of the underlying stock exceeds the exercise price of options outstanding.",
      "available_units": [
        "USD"
      ],
      "data_points_count": 45,
      "latest_value": {
        "value": 0,
        "date": "2021-12-31",
        "fiscal_year": 2021,
        "form": "10-K",
        "filed": "2022-02-24",
        "unit": "USD",
        "type": "annual"
      },
      "date_range": {
        "earliest": "2009-12-31",
        "latest": "2021-12-31"
      }
    },
    "ShareBasedCompensationArrangementByShareBasedPaymentAwardOptionsOutstandingNumber": {
      "taxonomy": "us-gaap",
      "label": "Share-based Compensation Arrangement by Share-based Payment Award, Options, Outstanding, Number",
      "description": "Number of options outstanding, including both vested and non-vested options.",
      "available_units": [
        "shares"
      ],
      "data_points_count": 132,
      "latest_value": {
        "value": 0,
        "date": "2021-12-31",
        "fiscal_year": 2021,
        "form": "10-K",
        "filed": "2022-02-24",
        "unit": "shares",
        "type": "annual"
      },
      "date_range": {
        "earliest": "2007-12-31",
        "latest": "2021-12-31"
      }
    },
    "ShareBasedCompensationArrangementByShareBasedPaymentAwardOptionsOutstandingWeightedAverageExercisePrice": {
      "taxonomy": "us-gaap",
      "label": "Share-based Compensation Arrangement by Share-based Payment Award, Options, Outstanding, Weighted Average Exercise Price",
      "description": "Weighted average price at which grantees can acquire the shares reserved for issuance under the stock option plan.",
      "available_units": [
        "USD/shares"
      ],
      "data_points_count": 132,
      "latest_value": {
        "value": 0,
        "date": "2021-12-31",
        "fiscal_year": 2021,
        "form": "10-K",
        "filed": "2022-02-24",
        "unit": "USD/shares",
        "type": "annual"
      },
      "date_range": {
        "earliest": "2007-12-31",
        "latest": "2021-12-31"
      }
    },
    "ShareBasedCompensationArrangementByShareBasedPaymentAwardOptionsVestedAndExpectedToVestExercisableAggregateIntrinsicValue": {
      "taxonomy": "us-gaap",
      "label": "Share-based Compensation Arrangement by Share-based Payment Award, Options, Vested and Expected to Vest, Exercisable, Aggregate Intrinsic Value",
      "description": "Amount by which current fair value of underlying stock exceeds exercise price of fully vested and expected to vest exercisable or convertible options. Includes, but is not limited to, unvested options for which requisite service period has not been rendered but that are expected to vest based on achievement of performance condition, if forfeitures are recognized when they occur.",
      "available_units": [
        "USD"
      ],
      "data_points_count": 6,
      "latest_value": {
        "value": 20000000,
        "date": "2015-12-31",
        "fiscal_year": 2015,
        "form": "10-K",
        "filed": "2016-02-16",
        "unit": "USD",
        "type": "annual"
      },
      "date_range": {
        "earliest": "2010-12-31",
        "latest": "2015-12-31"
      }
    },
    "ShareBasedCompensationArrangementByShareBasedPaymentAwardOptionsVestedAndExpectedToVestExercisableNumber": {
      "taxonomy": "us-gaap",
      "label": "Share-based Compensation Arrangement by Share-based Payment Award, Options, Vested and Expected to Vest, Exercisable, Number",
      "description": "Number of fully vested and expected to vest exercisable options that may be converted into shares under option plan. Includes, but is not limited to, unvested options for which requisite service period has not been rendered but that are expected to vest based on achievement of performance condition, if forfeitures are recognized when they occur.",
      "available_units": [
        "shares"
      ],
      "data_points_count": 54,
      "latest_value": {
        "value": 0,
        "date": "2021-12-31",
        "fiscal_year": 2021,
        "form": "10-K",
        "filed": "2022-02-24",
        "unit": "shares",
        "type": "annual"
      },
      "date_range": {
        "earliest": "2010-03-31",
        "latest": "2021-12-31"
      }
    },
    "ShareBasedCompensationArrangementsByShareBasedPaymentAwardOptionsExercisesInPeriodWeightedAverageExercisePrice": {
      "taxonomy": "us-gaap",
      "label": "Share-based Compensation Arrangements by Share-based Payment Award, Options, Exercises in Period, Weighted Average Exercise Price",
      "description": "Weighted average price at which option holders acquired shares when converting their stock options into shares.",
      "available_units": [
        "USD/shares"
      ],
      "data_points_count": 62,
      "latest_value": {
        "value": 6.54,
        "date": "2021-12-31",
        "fiscal_year": 2021,
        "form": "10-K",
        "filed": "2022-02-24",
        "unit": "USD/shares",
        "type": "annual"
      },
      "date_range": {
        "earliest": "2010-12-31",
        "latest": "2021-12-31"
      }
    },
    "ShareBasedCompensationArrangementsByShareBasedPaymentAwardOptionsGrantsInPeriodWeightedAverageExercisePrice": {
      "taxonomy": "us-gaap",
      "label": "Share-based Compensation Arrangements by Share-based Payment Award, Options, Grants in Period, Weighted Average Exercise Price",
      "description": "Weighted average per share amount at which grantees can acquire shares of common stock by exercise of options.",
      "available_units": [
        "USD/shares"
      ],
      "data_points_count": 46,
      "latest_value": {
        "value": 0,
        "date": "2021-12-31",
        "fiscal_year": 2021,
        "form": "10-K",
        "filed": "2022-02-24",
        "unit": "USD/shares",
        "type": "annual"
      },
      "date_range": {
        "earliest": "2010-12-31",
        "latest": "2021-12-31"
      }
    },
    "SharebasedCompensationArrangementBySharebasedPaymentAwardOptionsExercisableIntrinsicValue1": {
      "taxonomy": "us-gaap",
      "label": "Share-based Compensation Arrangement by Share-based Payment Award, Options, Exercisable, Intrinsic Value",
      "description": "Amount of difference between fair value of the underlying shares reserved for issuance and exercise price of vested portions of options outstanding and currently exercisable.",
      "available_units": [
        "USD"
      ],
      "data_points_count": 6,
      "latest_value": {
        "value": 0,
        "date": "2021-12-31",
        "fiscal_year": 2021,
        "form": "10-K",
        "filed": "2022-02-24",
        "unit": "USD",
        "type": "annual"
      },
      "date_range": {
        "earliest": "2016-12-31",
        "latest": "2021-12-31"
      }
    },
    "SharesSubjectToMandatoryRedemptionSettlementTermsAmount": {
      "taxonomy": "us-gaap",
      "label": "Financial Instruments Subject to Mandatory Redemption, Settlement Terms, Share Value, Amount",
      "description": "Amount that would be paid, determined under the conditions specified in the contract, if the holder of the share has the right to redeem the shares.",
      "available_units": [
        "USD"
      ],
      "data_points_count": 4,
      "latest_value": {
        "value": 1000000000,
        "date": "2013-12-31",
        "fiscal_year": 2013,
        "form": "10-K",
        "filed": "2014-02-21",
        "unit": "USD",
        "type": "annual"
      },
      "date_range": {
        "earliest": "2010-12-31",
        "latest": "2013-12-31"
      }
    },
    "SignificantChangeInUnrecognizedTaxBenefitsIsReasonablyPossibleAmountOfUnrecordedBenefit": {
      "taxonomy": "us-gaap",
      "label": "Significant Change in Unrecognized Tax Benefits is Reasonably Possible, Amount of Unrecorded Benefit",
      "description": "The amount of the unrecognized tax benefit of a position taken for which it is reasonably possible that the total amount thereof will significantly increase or decrease within twelve months of the balance sheet date.",
      "available_units": [
        "USD"
      ],
      "data_points_count": 3,
      "latest_value": {
        "value": 22000000,
        "date": "2012-12-31",
        "fiscal_year": 2012,
        "form": "10-K",
        "filed": "2013-02-21",
        "unit": "USD",
        "type": "annual"
      },
      "date_range": {
        "earliest": "2010-12-31",
        "latest": "2012-12-31"
      }
    },
    "SignificantChangeInUnrecognizedTaxBenefitsIsReasonablyPossibleEstimatedRangeOfChangeUpperBound": {
      "taxonomy": "us-gaap",
      "label": "Significant (Increase) Decrease in Unrecognized Tax Benefits is Reasonably Possible, Estimated Range of Change, Upper Bound (Deprecated 2015-01-31)",
      "description": "Amount of (increase) decrease reasonably possible in the estimated upper bound of the unrecognized tax benefit for a tax position taken or expected to be taken.",
      "available_units": [
        "USD"
      ],
      "data_points_count": 3,
      "latest_value": {
        "value": 17000000,
        "date": "2015-12-31",
        "fiscal_year": 2015,
        "form": "10-K",
        "filed": "2016-02-16",
        "unit": "USD",
        "type": "annual"
      },
      "date_range": {
        "earliest": "2013-12-31",
        "latest": "2015-12-31"
      }
    },
    "StockIssuedDuringPeriodSharesNewIssues": {
      "taxonomy": "us-gaap",
      "label": "Stock Issued During Period, Shares, New Issues",
      "description": "Number of new stock issued during the period.",
      "available_units": [
        "shares"
      ],
      "data_points_count": 1,
      "latest_value": {
        "value": 153000000,
        "date": "2012-03-31",
        "fiscal_year": 2012,
        "fiscal_period": "Q1",
        "form": "10-Q",
        "filed": "2012-05-03",
        "unit": "shares",
        "type": "quarterly"
      },
      "date_range": {
        "earliest": "2012-03-31",
        "latest": "2012-03-31"
      }
    },
    "StockIssuedDuringPeriodSharesStockOptionsExercised": {
      "taxonomy": "us-gaap",
      "label": "Share-based Compensation Arrangement by Share-based Payment Award, Options, Exercises in Period",
      "description": "Number of share options (or share units) exercised during the current period.",
      "available_units": [
        "shares"
      ],
      "data_points_count": 72,
      "latest_value": {
        "value": 26671,
        "date": "2021-12-31",
        "fiscal_year": 2021,
        "form": "10-K",
        "filed": "2022-02-24",
        "unit": "shares",
        "type": "annual"
      },
      "date_range": {
        "earliest": "2010-06-30",
        "latest": "2021-12-31"
      }
    },
    "StockIssuedDuringPeriodValueShareBasedCompensation": {
      "taxonomy": "us-gaap",
      "label": "Shares Issued, Value, Share-based Payment Arrangement, after Forfeiture",
      "description": "Value, after forfeiture, of shares issued under share-based payment arrangement. Excludes employee stock ownership plan (ESOP).",
      "available_units": [
        "USD"
      ],
      "data_points_count": 179,
      "latest_value": {
        "value": 36000000,
        "date": "2024-12-31",
        "fiscal_year": 2024,
        "form": "10-K",
        "filed": "2025-02-21",
        "unit": "USD",
        "type": "annual"
      },
      "date_range": {
        "earliest": "2007-12-31",
        "latest": "2025-06-30"
      }
    },
    "StockIssuedDuringPeriodValueStockOptionsExercised": {
      "taxonomy": "us-gaap",
      "label": "Stock Issued During Period, Value, Stock Options Exercised",
      "description": "Value of stock issued as a result of the exercise of stock options.",
      "available_units": [
        "USD"
      ],
      "data_points_count": 7,
      "latest_value": {
        "value": 14000000,
        "date": "2009-12-31",
        "fiscal_year": 2009,
        "form": "10-K",
        "filed": "2010-02-22",
        "unit": "USD",
        "type": "annual"
      },
      "date_range": {
        "earliest": "2007-12-31",
        "latest": "2009-12-31"
      }
    },
    "StockRepurchasedAndRetiredDuringPeriodShares": {
      "taxonomy": "us-gaap",
      "label": "Stock Repurchased and Retired During Period, Shares",
      "description": "Number of shares that have been repurchased and retired during the period.",
      "available_units": [
        "shares"
      ],
      "data_points_count": 62,
      "latest_value": {
        "value": 725000,
        "date": "2022-12-31",
        "fiscal_year": 2022,
        "form": "10-K",
        "filed": "2023-02-24",
        "unit": "shares",
        "type": "annual"
      },
      "date_range": {
        "earliest": "2013-06-30",
        "latest": "2023-06-30"
      }
    },
    "StockRepurchaseProgramAuthorizedAmount1": {
      "taxonomy": "srt",
      "label": null,
      "description": null,
      "available_units": [
        "USD"
      ],
      "data_points_count": 5,
      "latest_value": {
        "value": 2500000000,
        "date": "2022-04-20",
        "fiscal_year": 2024,
        "form": "10-K",
        "filed": "2025-02-21",
        "unit": "USD",
        "type": "annual"
      },
      "date_range": {
        "earliest": "2022-04-20",
        "latest": "2022-04-20"
      }
    },
    "StockRepurchaseProgramRemainingAuthorizedRepurchaseAmount": {
      "taxonomy": "us-gaap",
      "label": "Stock Repurchase Program, Remaining Authorized Repurchase Amount (Deprecated 2014-01-31)",
      "description": "Amount remaining of a stock repurchase plan authorized by an entity's Board of Directors.",
      "available_units": [
        "USD"
      ],
      "data_points_count": 12,
      "latest_value": {
        "value": 350000000,
        "date": "2014-04-24",
        "fiscal_year": 2014,
        "form": "10-K",
        "filed": "2015-02-17",
        "unit": "USD",
        "type": "annual"
      },
      "date_range": {
        "earliest": "2013-03-19",
        "latest": "2014-04-24"
      }
    },
    "StockRepurchaseProgramRemainingAuthorizedRepurchaseAmount1": {
      "taxonomy": "us-gaap",
      "label": "Stock Repurchase Program, Remaining Authorized Repurchase Amount",
      "description": "Amount remaining of a stock repurchase plan authorized.",
      "available_units": [
        "USD"
      ],
      "data_points_count": 4,
      "latest_value": {
        "value": 875000000,
        "date": "2015-04-23",
        "fiscal_year": 2015,
        "form": "10-K",
        "filed": "2016-02-16",
        "unit": "USD",
        "type": "annual"
      },
      "date_range": {
        "earliest": "2013-03-19",
        "latest": "2015-04-23"
      }
    },
    "UnrecognizedTaxBenefits": {
      "taxonomy": "us-gaap",
      "label": "Unrecognized Tax Benefits",
      "description": "Amount of unrecognized tax benefits.",
      "available_units": [
        "USD"
      ],
      "data_points_count": 68,
      "latest_value": {
        "value": 12000000,
        "date": "2024-12-31",
        "fiscal_year": 2024,
        "form": "10-K",
        "filed": "2025-02-21",
        "unit": "USD",
        "type": "annual"
      },
      "date_range": {
        "earliest": "2007-12-31",
        "latest": "2024-12-31"
      }
    },
    "UnrecognizedTaxBenefitsDecreasesResultingFromPriorPeriodTaxPositions": {
      "taxonomy": "us-gaap",
      "label": "Unrecognized Tax Benefits, Decrease Resulting from Prior Period Tax Positions",
      "description": "Amount of decrease in unrecognized tax benefits resulting from tax positions taken in prior period tax returns.",
      "available_units": [
        "USD"
      ],
      "data_points_count": 36,
      "latest_value": {
        "value": 0,
        "date": "2022-12-31",
        "fiscal_year": 2022,
        "form": "10-K",
        "filed": "2023-02-24",
        "unit": "USD",
        "type": "annual"
      },
      "date_range": {
        "earliest": "2010-12-31",
        "latest": "2022-12-31"
      }
    },
    "UnrecognizedTaxBenefitsDecreasesResultingFromSettlementsWithTaxingAuthorities": {
      "taxonomy": "us-gaap",
      "label": "Unrecognized Tax Benefits, Decrease Resulting from Settlements with Taxing Authorities",
      "description": "Amount of decrease in unrecognized tax benefits resulting from settlements with taxing authorities.",
      "available_units": [
        "USD"
      ],
      "data_points_count": 41,
      "latest_value": {
        "value": 0,
        "date": "2023-12-31",
        "fiscal_year": 2023,
        "form": "10-K",
        "filed": "2024-02-23",
        "unit": "USD",
        "type": "annual"
      },
      "date_range": {
        "earliest": "2008-12-31",
        "latest": "2023-12-31"
      }
    },
    "UnrecognizedTaxBenefitsIncreasesResultingFromCurrentPeriodTaxPositions": {
      "taxonomy": "us-gaap",
      "label": "Unrecognized Tax Benefits, Increase Resulting from Current Period Tax Positions",
      "description": "Amount of increase in unrecognized tax benefits resulting from tax positions that have been or will be taken in current period tax return.",
      "available_units": [
        "USD"
      ],
      "data_points_count": 33,
      "latest_value": {
        "value": 0,
        "date": "2020-12-31",
        "fiscal_year": 2020,
        "form": "10-K",
        "filed": "2021-02-24",
        "unit": "USD",
        "type": "annual"
      },
      "date_range": {
        "earliest": "2008-12-31",
        "latest": "2020-12-31"
      }
    },
    "UnrecognizedTaxBenefitsIncreasesResultingFromPriorPeriodTaxPositions": {
      "taxonomy": "us-gaap",
      "label": "Unrecognized Tax Benefits, Increase Resulting from Prior Period Tax Positions",
      "description": "Amount of increase in unrecognized tax benefits resulting from tax positions taken in prior period tax returns.",
      "available_units": [
        "USD"
      ],
      "data_points_count": 36,
      "latest_value": {
        "value": 0,
        "date": "2024-12-31",
        "fiscal_year": 2024,
        "form": "10-K",
        "filed": "2025-02-21",
        "unit": "USD",
        "type": "annual"
      },
      "date_range": {
        "earliest": "2008-12-31",
        "latest": "2024-12-31"
      }
    },
    "UnrecognizedTaxBenefitsReductionsResultingFromLapseOfApplicableStatuteOfLimitations": {
      "taxonomy": "us-gaap",
      "label": "Unrecognized Tax Benefits, Reduction Resulting from Lapse of Applicable Statute of Limitations",
      "description": "Amount of decrease in unrecognized tax benefits resulting from lapses of applicable statutes of limitations.",
      "available_units": [
        "USD"
      ],
      "data_points_count": 32,
      "latest_value": {
        "value": 0,
        "date": "2024-12-31",
        "fiscal_year": 2024,
        "form": "10-K",
        "filed": "2025-02-21",
        "unit": "USD",
        "type": "annual"
      },
      "date_range": {
        "earliest": "2011-12-31",
        "latest": "2024-12-31"
      }
    },
    "UnrecognizedTaxBenefitsThatWouldImpactEffectiveTaxRate": {
      "taxonomy": "us-gaap",
      "label": "Unrecognized Tax Benefits that Would Impact Effective Tax Rate",
      "description": "The total amount of unrecognized tax benefits that, if recognized, would affect the effective tax rate.",
      "available_units": [
        "USD"
      ],
      "data_points_count": 50,
      "latest_value": {
        "value": 12000000,
        "date": "2024-12-31",
        "fiscal_year": 2024,
        "form": "10-K",
        "filed": "2025-02-21",
        "unit": "USD",
        "type": "annual"
      },
      "date_range": {
        "earliest": "2008-12-31",
        "latest": "2024-12-31"
      }
    },
    "UnusualOrInfrequentItemInsuranceProceeds": {
      "taxonomy": "us-gaap",
      "label": "Unusual or Infrequent Item, or Both, Insurance Proceeds",
      "description": "Amount of insurance proceeds for an event or transaction that is unusual in nature or infrequent in occurrence, or both.",
      "available_units": [
        "USD"
      ],
      "data_points_count": 14,
      "latest_value": {
        "value": 0,
        "date": "2018-12-31",
        "fiscal_year": 2018,
        "form": "10-K",
        "filed": "2019-02-22",
        "unit": "USD",
        "type": "annual"
      },
      "date_range": {
        "earliest": "2013-12-31",
        "latest": "2018-12-31"
      }
    },
    "WeightedAverageNumberDilutedSharesOutstandingAdjustment": {
      "taxonomy": "us-gaap",
      "label": "Weighted Average Number Diluted Shares Outstanding Adjustment",
      "description": "The sum of dilutive potential common shares or units used in the calculation of the diluted per-share or per-unit computation.",
      "available_units": [
        "shares"
      ],
      "data_points_count": 158,
      "latest_value": {
        "value": 2000000,
        "date": "2024-12-31",
        "fiscal_year": 2024,
        "form": "10-K",
        "filed": "2025-02-21",
        "unit": "shares",
        "type": "annual"
      },
      "date_range": {
        "earliest": "2011-03-31",
        "latest": "2025-06-30"
      }
    },
    "UnrecognizedTaxBenefitsDecreasesResultingFromCurrentPeriodTaxPositions": {
      "taxonomy": "us-gaap",
      "label": "Unrecognized Tax Benefits, Decrease Resulting from Current Period Tax Positions",
      "description": "Amount of decrease in unrecognized tax benefits resulting from tax positions that have been or will be taken in current period tax return.",
      "available_units": [
        "USD"
      ],
      "data_points_count": 3,
      "latest_value": {
        "value": 1000000,
        "date": "2024-12-31",
        "fiscal_year": 2024,
        "form": "10-K",
        "filed": "2025-02-21",
        "unit": "USD",
        "type": "annual"
      },
      "date_range": {
        "earliest": "2022-12-31",
        "latest": "2024-12-31"
      }
    }
  }
}