{
  "chunk_metadata": {
    "domain": "public",
    "CIK": "947263",
    "data_type": "SEC",
    "ticker": "TD",
    "chunk_name": "Revenue & Profitability",
    "chunk_id": "revenue_profit",
    "company_name": "TORONTO DOMINION BANK",
    "extraction_date": "2025-09-30T11:01:44.240406",
    "metrics_count": 57,
    "total_company_metrics": 0,
    "chunking_strategy": "context_aware_balanced"
  },
  "metrics": {
    "EntityCommonStockSharesOutstanding": {
      "taxonomy": "dei",
      "label": "Entity Common Stock, Shares Outstanding",
      "description": "Indicate number of shares or other units outstanding of each of registrant's classes of capital or common stock or other ownership interests, if and as stated on cover of related periodic report. Where multiple classes or units exist define each class/interest by adding class of stock items such as Common Class A [Member], Common Class B [Member] or Partnership Interest [Member] onto the Instrument [Domain] of the Entity Listings, Instrument.",
      "available_units": [
        "shares"
      ],
      "data_points_count": 7,
      "latest_value": {
        "value": 1750271719,
        "date": "2024-10-31",
        "fiscal_year": 2024,
        "fiscal_period": "FY",
        "form": "40-F",
        "filed": "2024-12-06",
        "unit": "shares",
        "type": "other"
      },
      "date_range": {
        "earliest": "2018-10-31",
        "latest": "2024-10-31"
      }
    },
    "AccumulatedOtherComprehensiveIncome": {
      "taxonomy": "ifrs-full",
      "label": null,
      "description": null,
      "available_units": [
        "CAD"
      ],
      "data_points_count": 56,
      "latest_value": {
        "value": 10737000000,
        "date": "2025-07-31",
        "fiscal_year": 2025,
        "fiscal_period": "Q3",
        "form": "6-K",
        "filed": "2025-08-28",
        "unit": "CAD",
        "type": "other"
      },
      "date_range": {
        "earliest": "2017-10-31",
        "latest": "2025-07-31"
      }
    },
    "AdjustmentToProfitLossForPreferenceShareDividends": {
      "taxonomy": "ifrs-full",
      "label": null,
      "description": null,
      "available_units": [
        "CAD"
      ],
      "data_points_count": 88,
      "latest_value": {
        "value": 374000000,
        "date": "2025-07-31",
        "fiscal_year": 2025,
        "fiscal_period": "Q3",
        "form": "6-K",
        "filed": "2025-08-28",
        "unit": "CAD",
        "type": "other"
      },
      "date_range": {
        "earliest": "2016-10-31",
        "latest": "2025-07-31"
      }
    },
    "AmountsSubjectToEnforceableMasterNettingArrangementOrSimilarAgreementNotSetOffAgainstFinancialLiabilities": {
      "taxonomy": "ifrs-full",
      "label": null,
      "description": null,
      "available_units": [
        "CAD"
      ],
      "data_points_count": 14,
      "latest_value": {
        "value": 7294000000,
        "date": "2024-10-31",
        "fiscal_year": 2024,
        "fiscal_period": "FY",
        "form": "40-F",
        "filed": "2024-12-06",
        "unit": "CAD",
        "type": "other"
      },
      "date_range": {
        "earliest": "2017-10-31",
        "latest": "2024-10-31"
      }
    },
    "BasicEarningsLossPerShare": {
      "taxonomy": "ifrs-full",
      "label": null,
      "description": null,
      "available_units": [
        "CAD/shares"
      ],
      "data_points_count": 88,
      "latest_value": {
        "value": 9.73,
        "date": "2025-07-31",
        "fiscal_year": 2025,
        "fiscal_period": "Q3",
        "form": "6-K",
        "filed": "2025-08-28",
        "unit": "CAD/shares",
        "type": "other"
      },
      "date_range": {
        "earliest": "2016-10-31",
        "latest": "2025-07-31"
      }
    },
    "BrokerageFeeExpense": {
      "taxonomy": "ifrs-full",
      "label": null,
      "description": null,
      "available_units": [
        "CAD"
      ],
      "data_points_count": 88,
      "latest_value": {
        "value": 395000000,
        "date": "2025-07-31",
        "fiscal_year": 2025,
        "fiscal_period": "Q3",
        "form": "6-K",
        "filed": "2025-08-28",
        "unit": "CAD",
        "type": "other"
      },
      "date_range": {
        "earliest": "2016-10-31",
        "latest": "2025-07-31"
      }
    },
    "ComprehensiveIncome": {
      "taxonomy": "ifrs-full",
      "label": null,
      "description": null,
      "available_units": [
        "CAD"
      ],
      "data_points_count": 88,
      "latest_value": {
        "value": 20063000000,
        "date": "2025-07-31",
        "fiscal_year": 2025,
        "fiscal_period": "Q3",
        "form": "6-K",
        "filed": "2025-08-28",
        "unit": "CAD",
        "type": "other"
      },
      "date_range": {
        "earliest": "2016-10-31",
        "latest": "2025-07-31"
      }
    },
    "ComprehensiveIncomeAttributableToNoncontrollingInterests": {
      "taxonomy": "ifrs-full",
      "label": null,
      "description": null,
      "available_units": [
        "CAD"
      ],
      "data_points_count": 20,
      "latest_value": {
        "value": 18000000,
        "date": "2019-10-31",
        "fiscal_year": 2019,
        "fiscal_period": "FY",
        "form": "40-F",
        "filed": "2019-12-05",
        "unit": "CAD",
        "type": "other"
      },
      "date_range": {
        "earliest": "2016-10-31",
        "latest": "2019-10-31"
      }
    },
    "ComprehensiveIncomeAttributableToOwnersOfParent": {
      "taxonomy": "ifrs-full",
      "label": null,
      "description": null,
      "available_units": [
        "CAD"
      ],
      "data_points_count": 49,
      "latest_value": {
        "value": 19689000000,
        "date": "2025-07-31",
        "fiscal_year": 2025,
        "fiscal_period": "Q3",
        "form": "6-K",
        "filed": "2025-08-28",
        "unit": "CAD",
        "type": "other"
      },
      "date_range": {
        "earliest": "2019-10-31",
        "latest": "2025-07-31"
      }
    },
    "CurrentTaxExpenseIncome": {
      "taxonomy": "ifrs-full",
      "label": null,
      "description": null,
      "available_units": [
        "CAD"
      ],
      "data_points_count": 18,
      "latest_value": {
        "value": 3956000000,
        "date": "2024-10-31",
        "fiscal_year": 2024,
        "fiscal_period": "FY",
        "form": "40-F",
        "filed": "2024-12-06",
        "unit": "CAD",
        "type": "other"
      },
      "date_range": {
        "earliest": "2016-10-31",
        "latest": "2024-10-31"
      }
    },
    "CurrentTaxExpenseIncomeAndAdjustmentsForCurrentTaxOfPriorPeriods": {
      "taxonomy": "ifrs-full",
      "label": null,
      "description": null,
      "available_units": [
        "CAD"
      ],
      "data_points_count": 18,
      "latest_value": {
        "value": 3752000000,
        "date": "2024-10-31",
        "fiscal_year": 2024,
        "fiscal_period": "FY",
        "form": "40-F",
        "filed": "2024-12-06",
        "unit": "CAD",
        "type": "other"
      },
      "date_range": {
        "earliest": "2016-10-31",
        "latest": "2024-10-31"
      }
    },
    "DeferredTaxExpenseIncome": {
      "taxonomy": "ifrs-full",
      "label": null,
      "description": null,
      "available_units": [
        "CAD"
      ],
      "data_points_count": 18,
      "latest_value": {
        "value": -1061000000,
        "date": "2024-10-31",
        "fiscal_year": 2024,
        "fiscal_period": "FY",
        "form": "40-F",
        "filed": "2024-12-06",
        "unit": "CAD",
        "type": "other"
      },
      "date_range": {
        "earliest": "2016-10-31",
        "latest": "2024-10-31"
      }
    },
    "DeferredTaxExpenseIncomeRecognisedInProfitOrLoss": {
      "taxonomy": "ifrs-full",
      "label": null,
      "description": null,
      "available_units": [
        "CAD"
      ],
      "data_points_count": 14,
      "latest_value": {
        "value": -1061000000,
        "date": "2024-10-31",
        "fiscal_year": 2024,
        "fiscal_period": "FY",
        "form": "40-F",
        "filed": "2024-12-06",
        "unit": "CAD",
        "type": "other"
      },
      "date_range": {
        "earliest": "2017-10-31",
        "latest": "2024-10-31"
      }
    },
    "DeferredTaxExpenseIncomeRelatingToOriginationAndReversalOfTemporaryDifferences": {
      "taxonomy": "ifrs-full",
      "label": null,
      "description": null,
      "available_units": [
        "CAD"
      ],
      "data_points_count": 18,
      "latest_value": {
        "value": -1254000000,
        "date": "2024-10-31",
        "fiscal_year": 2024,
        "fiscal_period": "FY",
        "form": "40-F",
        "filed": "2024-12-06",
        "unit": "CAD",
        "type": "other"
      },
      "date_range": {
        "earliest": "2016-10-31",
        "latest": "2024-10-31"
      }
    },
    "DeferredTaxExpenseIncomeRelatingToTaxRateChangesOrImpositionOfNewTaxes": {
      "taxonomy": "ifrs-full",
      "label": null,
      "description": null,
      "available_units": [
        "CAD"
      ],
      "data_points_count": 18,
      "latest_value": {
        "value": -13000000,
        "date": "2024-10-31",
        "fiscal_year": 2024,
        "fiscal_period": "FY",
        "form": "40-F",
        "filed": "2024-12-06",
        "unit": "CAD",
        "type": "other"
      },
      "date_range": {
        "earliest": "2016-10-31",
        "latest": "2024-10-31"
      }
    },
    "DilutedEarningsLossPerShare": {
      "taxonomy": "ifrs-full",
      "label": null,
      "description": null,
      "available_units": [
        "CAD/shares"
      ],
      "data_points_count": 88,
      "latest_value": {
        "value": 9.72,
        "date": "2025-07-31",
        "fiscal_year": 2025,
        "fiscal_period": "Q3",
        "form": "6-K",
        "filed": "2025-08-28",
        "unit": "CAD/shares",
        "type": "other"
      },
      "date_range": {
        "earliest": "2016-10-31",
        "latest": "2025-07-31"
      }
    },
    "DividendsPaidOrdinarySharesPerShare": {
      "taxonomy": "ifrs-full",
      "label": null,
      "description": null,
      "available_units": [
        "CAD/shares"
      ],
      "data_points_count": 89,
      "latest_value": {
        "value": 3.15,
        "date": "2025-07-31",
        "fiscal_year": 2025,
        "fiscal_period": "Q3",
        "form": "6-K",
        "filed": "2025-08-28",
        "unit": "CAD/shares",
        "type": "other"
      },
      "date_range": {
        "earliest": "2016-10-31",
        "latest": "2025-07-31"
      }
    },
    "DividendsReceivedClassifiedAsOperatingActivities": {
      "taxonomy": "ifrs-full",
      "label": null,
      "description": null,
      "available_units": [
        "CAD"
      ],
      "data_points_count": 88,
      "latest_value": {
        "value": 2105000000,
        "date": "2025-07-31",
        "fiscal_year": 2025,
        "fiscal_period": "Q3",
        "form": "6-K",
        "filed": "2025-08-28",
        "unit": "CAD",
        "type": "other"
      },
      "date_range": {
        "earliest": "2016-10-31",
        "latest": "2025-07-31"
      }
    },
    "FinancialInstrumentsSubjectToEnforceableMasterNettingArrangementOrSimilarAgreementNotSetOffAgainstFinancialLiabilities": {
      "taxonomy": "ifrs-full",
      "label": null,
      "description": null,
      "available_units": [
        "CAD"
      ],
      "data_points_count": 14,
      "latest_value": {
        "value": 63753000000,
        "date": "2024-10-31",
        "fiscal_year": 2024,
        "fiscal_period": "FY",
        "form": "40-F",
        "filed": "2024-12-06",
        "unit": "CAD",
        "type": "other"
      },
      "date_range": {
        "earliest": "2017-10-31",
        "latest": "2024-10-31"
      }
    },
    "FinancialLiabilitiesAtFairValueThroughProfitOrLoss": {
      "taxonomy": "ifrs-full",
      "label": null,
      "description": null,
      "available_units": [
        "CAD"
      ],
      "data_points_count": 56,
      "latest_value": {
        "value": 194626000000,
        "date": "2025-07-31",
        "fiscal_year": 2025,
        "fiscal_period": "Q3",
        "form": "6-K",
        "filed": "2025-08-28",
        "unit": "CAD",
        "type": "other"
      },
      "date_range": {
        "earliest": "2017-10-31",
        "latest": "2025-07-31"
      }
    },
    "GainsLossesOnExchangeDifferencesOnTranslationNetOfTax": {
      "taxonomy": "ifrs-full",
      "label": null,
      "description": null,
      "available_units": [
        "CAD"
      ],
      "data_points_count": 84,
      "latest_value": {
        "value": -927000000,
        "date": "2025-04-30",
        "fiscal_year": 2025,
        "fiscal_period": "Q2",
        "form": "6-K",
        "filed": "2025-05-22",
        "unit": "CAD",
        "type": "other"
      },
      "date_range": {
        "earliest": "2016-10-31",
        "latest": "2025-04-30"
      }
    },
    "IncomeArisingFromInsuranceContracts": {
      "taxonomy": "ifrs-full",
      "label": null,
      "description": null,
      "available_units": [
        "CAD"
      ],
      "data_points_count": 64,
      "latest_value": {
        "value": 4180000000,
        "date": "2023-07-31",
        "fiscal_year": 2023,
        "fiscal_period": "Q3",
        "form": "6-K",
        "filed": "2023-08-24",
        "unit": "CAD",
        "type": "other"
      },
      "date_range": {
        "earliest": "2016-10-31",
        "latest": "2023-07-31"
      }
    },
    "IncomeTaxExpenseContinuingOperations": {
      "taxonomy": "ifrs-full",
      "label": null,
      "description": null,
      "available_units": [
        "CAD"
      ],
      "data_points_count": 88,
      "latest_value": {
        "value": 2588000000,
        "date": "2025-07-31",
        "fiscal_year": 2025,
        "fiscal_period": "Q3",
        "form": "6-K",
        "filed": "2025-08-28",
        "unit": "CAD",
        "type": "other"
      },
      "date_range": {
        "earliest": "2016-10-31",
        "latest": "2025-07-31"
      }
    },
    "IncomeTaxesPaidRefundClassifiedAsOperatingActivities": {
      "taxonomy": "ifrs-full",
      "label": null,
      "description": null,
      "available_units": [
        "CAD"
      ],
      "data_points_count": 88,
      "latest_value": {
        "value": 3868000000,
        "date": "2025-07-31",
        "fiscal_year": 2025,
        "fiscal_period": "Q3",
        "form": "6-K",
        "filed": "2025-08-28",
        "unit": "CAD",
        "type": "other"
      },
      "date_range": {
        "earliest": "2016-10-31",
        "latest": "2025-07-31"
      }
    },
    "IncomeTaxRelatingToComponentsOfOtherComprehensiveIncome": {
      "taxonomy": "ifrs-full",
      "label": null,
      "description": null,
      "available_units": [
        "CAD"
      ],
      "data_points_count": 48,
      "latest_value": {
        "value": 950000000,
        "date": "2024-10-31",
        "fiscal_year": 2024,
        "fiscal_period": "FY",
        "form": "40-F",
        "filed": "2024-12-06",
        "unit": "CAD",
        "type": "other"
      },
      "date_range": {
        "earliest": "2016-10-31",
        "latest": "2024-10-31"
      }
    },
    "IncomeTaxRelatingToComponentsOfOtherComprehensiveIncomeThatWillBeReclassifiedToProfitOrLoss": {
      "taxonomy": "ifrs-full",
      "label": null,
      "description": null,
      "available_units": [
        "CAD"
      ],
      "data_points_count": 18,
      "latest_value": {
        "value": 767000000,
        "date": "2024-10-31",
        "fiscal_year": 2024,
        "fiscal_period": "FY",
        "form": "40-F",
        "filed": "2024-12-06",
        "unit": "CAD",
        "type": "other"
      },
      "date_range": {
        "earliest": "2016-10-31",
        "latest": "2024-10-31"
      }
    },
    "IncomeTaxRelatingToComponentsOfOtherComprehensiveIncomeThatWillNotBeReclassifiedToProfitOrLoss": {
      "taxonomy": "ifrs-full",
      "label": null,
      "description": null,
      "available_units": [
        "CAD"
      ],
      "data_points_count": 18,
      "latest_value": {
        "value": 183000000,
        "date": "2024-10-31",
        "fiscal_year": 2024,
        "fiscal_period": "FY",
        "form": "40-F",
        "filed": "2024-12-06",
        "unit": "CAD",
        "type": "other"
      },
      "date_range": {
        "earliest": "2016-10-31",
        "latest": "2024-10-31"
      }
    },
    "IncomeTaxRelatingToRemeasurementsOfDefinedBenefitPlansOfOtherComprehensiveIncome": {
      "taxonomy": "ifrs-full",
      "label": null,
      "description": null,
      "available_units": [
        "CAD"
      ],
      "data_points_count": 88,
      "latest_value": {
        "value": -12000000,
        "date": "2025-07-31",
        "fiscal_year": 2025,
        "fiscal_period": "Q3",
        "form": "6-K",
        "filed": "2025-08-28",
        "unit": "CAD",
        "type": "other"
      },
      "date_range": {
        "earliest": "2016-10-31",
        "latest": "2025-07-31"
      }
    },
    "IncreaseDecreaseThroughAmountsRecognisedInProfitOrLossAggregateDifferenceBetweenFairValueAtInitialRecognitionAndAmountDeterminedUsingValuationTechniqueYetToBeRecognised": {
      "taxonomy": "ifrs-full",
      "label": null,
      "description": null,
      "available_units": [
        "CAD"
      ],
      "data_points_count": 10,
      "latest_value": {
        "value": -10000000,
        "date": "2022-10-31",
        "fiscal_year": 2022,
        "fiscal_period": "FY",
        "form": "40-F",
        "filed": "2022-12-01",
        "unit": "CAD",
        "type": "other"
      },
      "date_range": {
        "earliest": "2017-10-31",
        "latest": "2022-10-31"
      }
    },
    "InterestExpense": {
      "taxonomy": "ifrs-full",
      "label": null,
      "description": null,
      "available_units": [
        "CAD"
      ],
      "data_points_count": 88,
      "latest_value": {
        "value": 41681000000,
        "date": "2025-07-31",
        "fiscal_year": 2025,
        "fiscal_period": "Q3",
        "form": "6-K",
        "filed": "2025-08-28",
        "unit": "CAD",
        "type": "other"
      },
      "date_range": {
        "earliest": "2016-10-31",
        "latest": "2025-07-31"
      }
    },
    "InterestExpenseOnOtherFinancialLiabilities": {
      "taxonomy": "ifrs-full",
      "label": null,
      "description": null,
      "available_units": [
        "CAD"
      ],
      "data_points_count": 88,
      "latest_value": {
        "value": 1299000000,
        "date": "2025-07-31",
        "fiscal_year": 2025,
        "fiscal_period": "Q3",
        "form": "6-K",
        "filed": "2025-08-28",
        "unit": "CAD",
        "type": "other"
      },
      "date_range": {
        "earliest": "2016-10-31",
        "latest": "2025-07-31"
      }
    },
    "InterestPaidClassifiedAsOperatingActivities": {
      "taxonomy": "ifrs-full",
      "label": null,
      "description": null,
      "available_units": [
        "CAD"
      ],
      "data_points_count": 88,
      "latest_value": {
        "value": 42684000000,
        "date": "2025-07-31",
        "fiscal_year": 2025,
        "fiscal_period": "Q3",
        "form": "6-K",
        "filed": "2025-08-28",
        "unit": "CAD",
        "type": "other"
      },
      "date_range": {
        "earliest": "2016-10-31",
        "latest": "2025-07-31"
      }
    },
    "InterestReceivedClassifiedAsOperatingActivities": {
      "taxonomy": "ifrs-full",
      "label": null,
      "description": null,
      "available_units": [
        "CAD"
      ],
      "data_points_count": 88,
      "latest_value": {
        "value": 64055000000,
        "date": "2025-07-31",
        "fiscal_year": 2025,
        "fiscal_period": "Q3",
        "form": "6-K",
        "filed": "2025-08-28",
        "unit": "CAD",
        "type": "other"
      },
      "date_range": {
        "earliest": "2016-10-31",
        "latest": "2025-07-31"
      }
    },
    "InterestRevenueCalculatedUsingEffectiveInterestMethod": {
      "taxonomy": "ifrs-full",
      "label": null,
      "description": null,
      "available_units": [
        "CAD"
      ],
      "data_points_count": 85,
      "latest_value": {
        "value": 59645000000,
        "date": "2025-07-31",
        "fiscal_year": 2025,
        "fiscal_period": "Q3",
        "form": "6-K",
        "filed": "2025-08-28",
        "unit": "CAD",
        "type": "other"
      },
      "date_range": {
        "earliest": "2018-01-31",
        "latest": "2025-07-31"
      }
    },
    "NoncontrollingInterests": {
      "taxonomy": "ifrs-full",
      "label": null,
      "description": null,
      "available_units": [
        "CAD"
      ],
      "data_points_count": 6,
      "latest_value": {
        "value": 993000000,
        "date": "2018-10-31",
        "fiscal_year": 2018,
        "fiscal_period": "FY",
        "form": "40-F",
        "filed": "2018-11-29",
        "unit": "CAD",
        "type": "other"
      },
      "date_range": {
        "earliest": "2017-10-31",
        "latest": "2018-10-31"
      }
    },
    "OtherAdjustmentsToReconcileProfitLoss": {
      "taxonomy": "ifrs-full",
      "label": null,
      "description": null,
      "available_units": [
        "CAD"
      ],
      "data_points_count": 39,
      "latest_value": {
        "value": 12504000000,
        "date": "2021-07-31",
        "fiscal_year": 2021,
        "fiscal_period": "Q3",
        "form": "6-K",
        "filed": "2021-08-26",
        "unit": "CAD",
        "type": "other"
      },
      "date_range": {
        "earliest": "2016-10-31",
        "latest": "2021-07-31"
      }
    },
    "OtherComprehensiveIncome": {
      "taxonomy": "ifrs-full",
      "label": null,
      "description": null,
      "available_units": [
        "CAD"
      ],
      "data_points_count": 88,
      "latest_value": {
        "value": 2805000000,
        "date": "2025-07-31",
        "fiscal_year": 2025,
        "fiscal_period": "Q3",
        "form": "6-K",
        "filed": "2025-08-28",
        "unit": "CAD",
        "type": "other"
      },
      "date_range": {
        "earliest": "2016-10-31",
        "latest": "2025-07-31"
      }
    },
    "OtherComprehensiveIncomeBeforeTaxGainsLossesOnRemeasurementsOfDefinedBenefitPlans": {
      "taxonomy": "ifrs-full",
      "label": null,
      "description": null,
      "available_units": [
        "CAD"
      ],
      "data_points_count": 55,
      "latest_value": {
        "value": -40000000,
        "date": "2025-07-31",
        "fiscal_year": 2025,
        "fiscal_period": "Q3",
        "form": "6-K",
        "filed": "2025-08-28",
        "unit": "CAD",
        "type": "other"
      },
      "date_range": {
        "earliest": "2016-10-31",
        "latest": "2025-07-31"
      }
    },
    "OtherComprehensiveIncomeNetOfTaxGainsLossesOnRemeasurementsOfDefinedBenefitPlans": {
      "taxonomy": "ifrs-full",
      "label": null,
      "description": null,
      "available_units": [
        "CAD"
      ],
      "data_points_count": 88,
      "latest_value": {
        "value": -28000000,
        "date": "2025-07-31",
        "fiscal_year": 2025,
        "fiscal_period": "Q3",
        "form": "6-K",
        "filed": "2025-08-28",
        "unit": "CAD",
        "type": "other"
      },
      "date_range": {
        "earliest": "2016-10-31",
        "latest": "2025-07-31"
      }
    },
    "OtherComprehensiveIncomeThatWillNotBeReclassifiedToProfitOrLossNetOfTax": {
      "taxonomy": "ifrs-full",
      "label": null,
      "description": null,
      "available_units": [
        "CAD"
      ],
      "data_points_count": 39,
      "latest_value": {
        "value": 2271000000,
        "date": "2021-10-31",
        "fiscal_year": 2021,
        "fiscal_period": "FY",
        "form": "40-F",
        "filed": "2021-12-02",
        "unit": "CAD",
        "type": "other"
      },
      "date_range": {
        "earliest": "2017-10-31",
        "latest": "2021-10-31"
      }
    },
    "OtherOperatingIncomeExpense": {
      "taxonomy": "ifrs-full",
      "label": null,
      "description": null,
      "available_units": [
        "CAD"
      ],
      "data_points_count": 70,
      "latest_value": {
        "value": 7116000000,
        "date": "2025-07-31",
        "fiscal_year": 2025,
        "fiscal_period": "Q3",
        "form": "6-K",
        "filed": "2025-08-28",
        "unit": "CAD",
        "type": "other"
      },
      "date_range": {
        "earliest": "2018-10-31",
        "latest": "2025-07-31"
      }
    },
    "OtherRevenue": {
      "taxonomy": "ifrs-full",
      "label": null,
      "description": null,
      "available_units": [
        "CAD"
      ],
      "data_points_count": 18,
      "latest_value": {
        "value": -156000000,
        "date": "2020-01-31",
        "fiscal_year": 2020,
        "fiscal_period": "Q1",
        "form": "6-K",
        "filed": "2020-02-27",
        "unit": "CAD",
        "type": "other"
      },
      "date_range": {
        "earliest": "2016-10-31",
        "latest": "2020-01-31"
      }
    },
    "OtherTaxEffectsForReconciliationBetweenAccountingProfitAndTaxExpenseIncome": {
      "taxonomy": "ifrs-full",
      "label": null,
      "description": null,
      "available_units": [
        "CAD"
      ],
      "data_points_count": 18,
      "latest_value": {
        "value": -20000000,
        "date": "2024-10-31",
        "fiscal_year": 2024,
        "fiscal_period": "FY",
        "form": "40-F",
        "filed": "2024-12-06",
        "unit": "CAD",
        "type": "other"
      },
      "date_range": {
        "earliest": "2016-10-31",
        "latest": "2024-10-31"
      }
    },
    "OtherTaxRateEffectsForReconciliationBetweenAccountingProfitAndTaxExpenseIncome": {
      "taxonomy": "ifrs-full",
      "label": null,
      "description": null,
      "available_units": [
        "pure"
      ],
      "data_points_count": 16,
      "latest_value": {
        "value": -0.002,
        "date": "2024-10-31",
        "fiscal_year": 2024,
        "fiscal_period": "FY",
        "form": "40-F",
        "filed": "2024-12-06",
        "unit": "pure",
        "type": "other"
      },
      "date_range": {
        "earliest": "2016-10-31",
        "latest": "2024-10-31"
      }
    },
    "ProfessionalFeesExpense": {
      "taxonomy": "ifrs-full",
      "label": null,
      "description": null,
      "available_units": [
        "CAD"
      ],
      "data_points_count": 88,
      "latest_value": {
        "value": 2959000000,
        "date": "2025-07-31",
        "fiscal_year": 2025,
        "fiscal_period": "Q3",
        "form": "6-K",
        "filed": "2025-08-28",
        "unit": "CAD",
        "type": "other"
      },
      "date_range": {
        "earliest": "2016-10-31",
        "latest": "2025-07-31"
      }
    },
    "ProfitLoss": {
      "taxonomy": "ifrs-full",
      "label": null,
      "description": null,
      "available_units": [
        "CAD"
      ],
      "data_points_count": 88,
      "latest_value": {
        "value": 17258000000,
        "date": "2025-07-31",
        "fiscal_year": 2025,
        "fiscal_period": "Q3",
        "form": "6-K",
        "filed": "2025-08-28",
        "unit": "CAD",
        "type": "other"
      },
      "date_range": {
        "earliest": "2016-10-31",
        "latest": "2025-07-31"
      }
    },
    "ProfitLossAttributableToNoncontrollingInterests": {
      "taxonomy": "ifrs-full",
      "label": null,
      "description": null,
      "available_units": [
        "CAD"
      ],
      "data_points_count": 20,
      "latest_value": {
        "value": 18000000,
        "date": "2019-10-31",
        "fiscal_year": 2019,
        "fiscal_period": "FY",
        "form": "40-F",
        "filed": "2019-12-05",
        "unit": "CAD",
        "type": "other"
      },
      "date_range": {
        "earliest": "2016-10-31",
        "latest": "2019-10-31"
      }
    },
    "RetainedEarnings": {
      "taxonomy": "ifrs-full",
      "label": null,
      "description": null,
      "available_units": [
        "CAD"
      ],
      "data_points_count": 56,
      "latest_value": {
        "value": 78749000000,
        "date": "2025-07-31",
        "fiscal_year": 2025,
        "fiscal_period": "Q3",
        "form": "6-K",
        "filed": "2025-08-28",
        "unit": "CAD",
        "type": "other"
      },
      "date_range": {
        "earliest": "2017-10-31",
        "latest": "2025-07-31"
      }
    },
    "Revenue": {
      "taxonomy": "ifrs-full",
      "label": null,
      "description": null,
      "available_units": [
        "CAD"
      ],
      "data_points_count": 88,
      "latest_value": {
        "value": 52283000000,
        "date": "2025-07-31",
        "fiscal_year": 2025,
        "fiscal_period": "Q3",
        "form": "6-K",
        "filed": "2025-08-28",
        "unit": "CAD",
        "type": "other"
      },
      "date_range": {
        "earliest": "2016-10-31",
        "latest": "2025-07-31"
      }
    },
    "RevenueFromDividends": {
      "taxonomy": "ifrs-full",
      "label": null,
      "description": null,
      "available_units": [
        "CAD"
      ],
      "data_points_count": 88,
      "latest_value": {
        "value": 2017000000,
        "date": "2025-07-31",
        "fiscal_year": 2025,
        "fiscal_period": "Q3",
        "form": "6-K",
        "filed": "2025-08-28",
        "unit": "CAD",
        "type": "other"
      },
      "date_range": {
        "earliest": "2016-10-31",
        "latest": "2025-07-31"
      }
    },
    "RevenueFromInterest": {
      "taxonomy": "ifrs-full",
      "label": null,
      "description": null,
      "available_units": [
        "CAD"
      ],
      "data_points_count": 88,
      "latest_value": {
        "value": 66198000000,
        "date": "2025-07-31",
        "fiscal_year": 2025,
        "fiscal_period": "Q3",
        "form": "6-K",
        "filed": "2025-08-28",
        "unit": "CAD",
        "type": "other"
      },
      "date_range": {
        "earliest": "2016-10-31",
        "latest": "2025-07-31"
      }
    },
    "TaxExpenseIncomeAtApplicableTaxRate": {
      "taxonomy": "ifrs-full",
      "label": null,
      "description": null,
      "available_units": [
        "CAD"
      ],
      "data_points_count": 18,
      "latest_value": {
        "value": 3009000000,
        "date": "2024-10-31",
        "fiscal_year": 2024,
        "fiscal_period": "FY",
        "form": "40-F",
        "filed": "2024-12-06",
        "unit": "CAD",
        "type": "other"
      },
      "date_range": {
        "earliest": "2016-10-31",
        "latest": "2024-10-31"
      }
    },
    "GainsLossesOnChangeInFairValueOfDerivatives": {
      "taxonomy": "ifrs-full",
      "label": null,
      "description": null,
      "available_units": [
        "CAD"
      ],
      "data_points_count": 2,
      "latest_value": {
        "value": -337000000,
        "date": "2023-10-31",
        "fiscal_year": 2023,
        "fiscal_period": "FY",
        "form": "40-F",
        "filed": "2023-11-30",
        "unit": "CAD",
        "type": "other"
      },
      "date_range": {
        "earliest": "2022-10-31",
        "latest": "2023-10-31"
      }
    },
    "InsuranceRevenue": {
      "taxonomy": "ifrs-full",
      "label": null,
      "description": null,
      "available_units": [
        "CAD"
      ],
      "data_points_count": 24,
      "latest_value": {
        "value": 5725000000,
        "date": "2025-07-31",
        "fiscal_year": 2025,
        "fiscal_period": "Q3",
        "form": "6-K",
        "filed": "2025-08-28",
        "unit": "CAD",
        "type": "other"
      },
      "date_range": {
        "earliest": "2022-10-31",
        "latest": "2025-07-31"
      }
    },
    "InsuranceFinanceIncomeExpenses": {
      "taxonomy": "ifrs-full",
      "label": null,
      "description": null,
      "available_units": [
        "CAD"
      ],
      "data_points_count": 12,
      "latest_value": {
        "value": -443000000,
        "date": "2024-10-31",
        "fiscal_year": 2024,
        "fiscal_period": "FY",
        "form": "40-F",
        "filed": "2024-12-06",
        "unit": "CAD",
        "type": "other"
      },
      "date_range": {
        "earliest": "2023-01-31",
        "latest": "2024-10-31"
      }
    },
    "IncomeFromAmountsRecoveredFromReinsurer": {
      "taxonomy": "ifrs-full",
      "label": null,
      "description": null,
      "available_units": [
        "CAD"
      ],
      "data_points_count": 2,
      "latest_value": {
        "value": 1054000000,
        "date": "2024-10-31",
        "fiscal_year": 2024,
        "fiscal_period": "FY",
        "form": "40-F",
        "filed": "2024-12-06",
        "unit": "CAD",
        "type": "other"
      },
      "date_range": {
        "earliest": "2023-10-31",
        "latest": "2024-10-31"
      }
    },
    "GainsLossesOnExchangeDifferencesOnTranslationBeforeTax": {
      "taxonomy": "ifrs-full",
      "label": null,
      "description": null,
      "available_units": [
        "CAD"
      ],
      "data_points_count": 4,
      "latest_value": {
        "value": -405000000,
        "date": "2025-07-31",
        "fiscal_year": 2025,
        "fiscal_period": "Q3",
        "form": "6-K",
        "filed": "2025-08-28",
        "unit": "CAD",
        "type": "other"
      },
      "date_range": {
        "earliest": "2024-07-31",
        "latest": "2025-07-31"
      }
    }
  }
}