{
  "chunk_metadata": {
    "domain": "public",
    "CIK": "9631",
    "data_type": "SEC",
    "ticker": "BNS",
    "chunk_name": "Securities & Investments",
    "chunk_id": "securities_investments",
    "company_name": "BANK OF NOVA SCOTIA",
    "extraction_date": "2025-09-30T11:01:43.465916",
    "metrics_count": 43,
    "total_company_metrics": 0,
    "chunking_strategy": "context_aware_balanced"
  },
  "metrics": {
    "AdjustmentsForDecreaseIncreaseInReverseRepurchaseAgreementsAndCashCollateralOnSecuritiesBorrowed": {
      "taxonomy": "ifrs-full",
      "label": null,
      "description": null,
      "available_units": [
        "CAD"
      ],
      "data_points_count": 88,
      "latest_value": {
        "value": 15586000000,
        "date": "2025-07-31",
        "fiscal_year": 2025,
        "fiscal_period": "Q3",
        "form": "6-K",
        "filed": "2025-08-26",
        "unit": "CAD",
        "type": "other"
      },
      "date_range": {
        "earliest": "2016-10-31",
        "latest": "2025-07-31"
      }
    },
    "ChangesInEquity": {
      "taxonomy": "ifrs-full",
      "label": null,
      "description": null,
      "available_units": [
        "CAD"
      ],
      "data_points_count": 2,
      "latest_value": {
        "value": 1696000000,
        "date": "2018-06-08",
        "fiscal_year": 2019,
        "fiscal_period": "FY",
        "form": "40-F",
        "filed": "2019-11-26",
        "unit": "CAD",
        "type": "other"
      },
      "date_range": {
        "earliest": "2018-06-08",
        "latest": "2018-06-08"
      }
    },
    "CumulativeGainLossOnDisposalOfInvestmentsInEquityInstrumentsDesignatedAsMeasuredAtFairValueThroughOtherComprehensiveIncome": {
      "taxonomy": "ifrs-full",
      "label": null,
      "description": null,
      "available_units": [
        "CAD"
      ],
      "data_points_count": 89,
      "latest_value": {
        "value": 512000000,
        "date": "2025-07-31",
        "fiscal_year": 2025,
        "fiscal_period": "Q3",
        "form": "6-K",
        "filed": "2025-08-26",
        "unit": "CAD",
        "type": "other"
      },
      "date_range": {
        "earliest": "2018-10-31",
        "latest": "2025-07-31"
      }
    },
    "DecreaseThroughClassifiedAsHeldForSaleGoodwill": {
      "taxonomy": "ifrs-full",
      "label": null,
      "description": null,
      "available_units": [
        "CAD"
      ],
      "data_points_count": 6,
      "latest_value": {
        "value": 92000000,
        "date": "2024-10-31",
        "fiscal_year": 2024,
        "fiscal_period": "FY",
        "form": "40-F",
        "filed": "2024-12-03",
        "unit": "CAD",
        "type": "other"
      },
      "date_range": {
        "earliest": "2017-10-31",
        "latest": "2024-10-31"
      }
    },
    "DerivativeFinancialAssetsHeldForHedging": {
      "taxonomy": "ifrs-full",
      "label": null,
      "description": null,
      "available_units": [
        "CAD"
      ],
      "data_points_count": 1,
      "latest_value": {
        "value": 4716000000,
        "date": "2017-10-31",
        "fiscal_year": 2018,
        "fiscal_period": "FY",
        "form": "40-F",
        "filed": "2018-11-27",
        "unit": "CAD",
        "type": "other"
      },
      "date_range": {
        "earliest": "2017-10-31",
        "latest": "2017-10-31"
      }
    },
    "DerivativeFinancialLiabilitiesHeldForHedging": {
      "taxonomy": "ifrs-full",
      "label": null,
      "description": null,
      "available_units": [
        "CAD"
      ],
      "data_points_count": 1,
      "latest_value": {
        "value": 3655000000,
        "date": "2017-10-31",
        "fiscal_year": 2018,
        "fiscal_period": "FY",
        "form": "40-F",
        "filed": "2018-11-27",
        "unit": "CAD",
        "type": "other"
      },
      "date_range": {
        "earliest": "2017-10-31",
        "latest": "2017-10-31"
      }
    },
    "DividendsRecognisedForInvestmentsInEquityInstrumentsDesignatedAsMeasuredAtFairValueThroughOtherComprehensiveIncomeHeldAtEndOfReportingPeriod": {
      "taxonomy": "ifrs-full",
      "label": null,
      "description": null,
      "available_units": [
        "CAD"
      ],
      "data_points_count": 90,
      "latest_value": {
        "value": 46000000,
        "date": "2025-07-31",
        "fiscal_year": 2025,
        "fiscal_period": "Q3",
        "form": "6-K",
        "filed": "2025-08-26",
        "unit": "CAD",
        "type": "other"
      },
      "date_range": {
        "earliest": "2018-10-31",
        "latest": "2025-07-31"
      }
    },
    "Equity": {
      "taxonomy": "ifrs-full",
      "label": null,
      "description": null,
      "available_units": [
        "CAD"
      ],
      "data_points_count": 116,
      "latest_value": {
        "value": 85483000000,
        "date": "2025-07-31",
        "fiscal_year": 2025,
        "fiscal_period": "Q3",
        "form": "6-K",
        "filed": "2025-08-26",
        "unit": "CAD",
        "type": "other"
      },
      "date_range": {
        "earliest": "2015-10-31",
        "latest": "2025-07-31"
      }
    },
    "EquityAndLiabilities": {
      "taxonomy": "ifrs-full",
      "label": null,
      "description": null,
      "available_units": [
        "CAD"
      ],
      "data_points_count": 70,
      "latest_value": {
        "value": 1414686000000,
        "date": "2025-07-31",
        "fiscal_year": 2025,
        "fiscal_period": "Q3",
        "form": "6-K",
        "filed": "2025-08-26",
        "unit": "CAD",
        "type": "other"
      },
      "date_range": {
        "earliest": "2017-10-31",
        "latest": "2025-07-31"
      }
    },
    "EquityAttributableToOwnersOfParent": {
      "taxonomy": "ifrs-full",
      "label": null,
      "description": null,
      "available_units": [
        "CAD"
      ],
      "data_points_count": 70,
      "latest_value": {
        "value": 83802000000,
        "date": "2025-07-31",
        "fiscal_year": 2025,
        "fiscal_period": "Q3",
        "form": "6-K",
        "filed": "2025-08-26",
        "unit": "CAD",
        "type": "other"
      },
      "date_range": {
        "earliest": "2017-10-31",
        "latest": "2025-07-31"
      }
    },
    "FairValueOfInvestmentsInEquityInstrumentsMeasuredAtFairValueThroughOtherComprehensiveIncomeAtDateOfDerecognition": {
      "taxonomy": "ifrs-full",
      "label": null,
      "description": null,
      "available_units": [
        "CAD"
      ],
      "data_points_count": 5,
      "latest_value": {
        "value": 342000000,
        "date": "2020-01-31",
        "fiscal_year": 2020,
        "fiscal_period": "Q1",
        "form": "6-K",
        "filed": "2020-02-25",
        "unit": "CAD",
        "type": "other"
      },
      "date_range": {
        "earliest": "2018-10-31",
        "latest": "2020-01-31"
      }
    },
    "GainsLossesOnDisposalsOfInvestments": {
      "taxonomy": "ifrs-full",
      "label": null,
      "description": null,
      "available_units": [
        "CAD"
      ],
      "data_points_count": 107,
      "latest_value": {
        "value": 60000000,
        "date": "2025-07-31",
        "fiscal_year": 2025,
        "fiscal_period": "Q3",
        "form": "6-K",
        "filed": "2025-08-26",
        "unit": "CAD",
        "type": "other"
      },
      "date_range": {
        "earliest": "2016-10-31",
        "latest": "2025-07-31"
      }
    },
    "GainsLossesOnHedgesOfNetInvestmentsInForeignOperationsBeforeTax": {
      "taxonomy": "ifrs-full",
      "label": null,
      "description": null,
      "available_units": [
        "CAD"
      ],
      "data_points_count": 109,
      "latest_value": {
        "value": -554000000,
        "date": "2025-07-31",
        "fiscal_year": 2025,
        "fiscal_period": "Q3",
        "form": "6-K",
        "filed": "2025-08-26",
        "unit": "CAD",
        "type": "other"
      },
      "date_range": {
        "earliest": "2016-10-31",
        "latest": "2025-07-31"
      }
    },
    "GainsLossesOnRemeasuringAvailableforsaleFinancialAssetsBeforeTax": {
      "taxonomy": "ifrs-full",
      "label": null,
      "description": null,
      "available_units": [
        "CAD"
      ],
      "data_points_count": 3,
      "latest_value": {
        "value": -217000000,
        "date": "2017-10-31",
        "fiscal_year": 2018,
        "fiscal_period": "FY",
        "form": "40-F",
        "filed": "2018-11-27",
        "unit": "CAD",
        "type": "other"
      },
      "date_range": {
        "earliest": "2016-10-31",
        "latest": "2017-10-31"
      }
    },
    "HeldtomaturityInvestments": {
      "taxonomy": "ifrs-full",
      "label": null,
      "description": null,
      "available_units": [
        "CAD"
      ],
      "data_points_count": 1,
      "latest_value": {
        "value": 18716000000,
        "date": "2017-10-31",
        "fiscal_year": 2018,
        "fiscal_period": "FY",
        "form": "40-F",
        "filed": "2018-11-27",
        "unit": "CAD",
        "type": "other"
      },
      "date_range": {
        "earliest": "2017-10-31",
        "latest": "2017-10-31"
      }
    },
    "IncomeTaxRelatingToAvailableforsaleFinancialAssetsOfOtherComprehensiveIncome": {
      "taxonomy": "ifrs-full",
      "label": null,
      "description": null,
      "available_units": [
        "CAD"
      ],
      "data_points_count": 3,
      "latest_value": {
        "value": -61000000,
        "date": "2017-10-31",
        "fiscal_year": 2018,
        "fiscal_period": "FY",
        "form": "40-F",
        "filed": "2018-11-27",
        "unit": "CAD",
        "type": "other"
      },
      "date_range": {
        "earliest": "2016-10-31",
        "latest": "2017-10-31"
      }
    },
    "IncomeTaxRelatingToHedgesOfNetInvestmentsInForeignOperationsOfOtherComprehensiveIncome": {
      "taxonomy": "ifrs-full",
      "label": null,
      "description": null,
      "available_units": [
        "CAD"
      ],
      "data_points_count": 109,
      "latest_value": {
        "value": -155000000,
        "date": "2025-07-31",
        "fiscal_year": 2025,
        "fiscal_period": "Q3",
        "form": "6-K",
        "filed": "2025-08-26",
        "unit": "CAD",
        "type": "other"
      },
      "date_range": {
        "earliest": "2016-10-31",
        "latest": "2025-07-31"
      }
    },
    "IncreaseDecreaseThroughTransfersAndOtherChangesEquity": {
      "taxonomy": "ifrs-full",
      "label": null,
      "description": null,
      "available_units": [
        "CAD"
      ],
      "data_points_count": 48,
      "latest_value": {
        "value": -123000000,
        "date": "2025-07-31",
        "fiscal_year": 2025,
        "fiscal_period": "Q3",
        "form": "6-K",
        "filed": "2025-08-26",
        "unit": "CAD",
        "type": "other"
      },
      "date_range": {
        "earliest": "2016-10-31",
        "latest": "2025-07-31"
      }
    },
    "InterestIncomeOnReverseRepurchaseAgreementsAndCashCollateralOnSecuritiesBorrowed": {
      "taxonomy": "ifrs-full",
      "label": null,
      "description": null,
      "available_units": [
        "CAD"
      ],
      "data_points_count": 109,
      "latest_value": {
        "value": 1994000000,
        "date": "2025-07-31",
        "fiscal_year": 2025,
        "fiscal_period": "Q3",
        "form": "6-K",
        "filed": "2025-08-26",
        "unit": "CAD",
        "type": "other"
      },
      "date_range": {
        "earliest": "2016-10-31",
        "latest": "2025-07-31"
      }
    },
    "InvestmentAccountedForUsingEquityMethod": {
      "taxonomy": "ifrs-full",
      "label": null,
      "description": null,
      "available_units": [
        "CAD"
      ],
      "data_points_count": 70,
      "latest_value": {
        "value": 6029000000,
        "date": "2025-07-31",
        "fiscal_year": 2025,
        "fiscal_period": "Q3",
        "form": "6-K",
        "filed": "2025-08-26",
        "unit": "CAD",
        "type": "other"
      },
      "date_range": {
        "earliest": "2017-10-31",
        "latest": "2025-07-31"
      }
    },
    "InvestmentProperty": {
      "taxonomy": "ifrs-full",
      "label": null,
      "description": null,
      "available_units": [
        "CAD"
      ],
      "data_points_count": 14,
      "latest_value": {
        "value": 36000000,
        "date": "2024-10-31",
        "fiscal_year": 2024,
        "fiscal_period": "FY",
        "form": "40-F",
        "filed": "2024-12-03",
        "unit": "CAD",
        "type": "other"
      },
      "date_range": {
        "earliest": "2017-10-31",
        "latest": "2024-10-31"
      }
    },
    "IssueOfEquity": {
      "taxonomy": "ifrs-full",
      "label": null,
      "description": null,
      "available_units": [
        "CAD"
      ],
      "data_points_count": 60,
      "latest_value": {
        "value": 1541000000,
        "date": "2025-07-31",
        "fiscal_year": 2025,
        "fiscal_period": "Q3",
        "form": "6-K",
        "filed": "2025-08-26",
        "unit": "CAD",
        "type": "other"
      },
      "date_range": {
        "earliest": "2016-10-31",
        "latest": "2025-07-31"
      }
    },
    "LiabilitiesOrComponentsOfEquityRelatingToDiscretionaryParticipationFeatures": {
      "taxonomy": "ifrs-full",
      "label": null,
      "description": null,
      "available_units": [
        "CAD",
        "USD"
      ],
      "data_points_count": 5,
      "latest_value": {
        "value": 1250000000,
        "date": "2020-06-04",
        "fiscal_year": 2020,
        "fiscal_period": "Q3",
        "form": "6-K",
        "filed": "2020-08-25",
        "unit": "USD",
        "type": "other"
      },
      "date_range": {
        "earliest": "2017-10-12",
        "latest": "2020-06-04"
      }
    },
    "OtherComprehensiveIncomeNetOfTaxAvailableforsaleFinancialAssets": {
      "taxonomy": "ifrs-full",
      "label": null,
      "description": null,
      "available_units": [
        "CAD"
      ],
      "data_points_count": 3,
      "latest_value": {
        "value": -55000000,
        "date": "2017-10-31",
        "fiscal_year": 2018,
        "fiscal_period": "FY",
        "form": "40-F",
        "filed": "2018-11-27",
        "unit": "CAD",
        "type": "other"
      },
      "date_range": {
        "earliest": "2016-10-31",
        "latest": "2017-10-31"
      }
    },
    "OtherTradingIncomeExpense": {
      "taxonomy": "ifrs-full",
      "label": null,
      "description": null,
      "available_units": [
        "CAD"
      ],
      "data_points_count": 19,
      "latest_value": {
        "value": 264000000,
        "date": "2019-10-31",
        "fiscal_year": 2019,
        "fiscal_period": "FY",
        "form": "40-F",
        "filed": "2019-11-26",
        "unit": "CAD",
        "type": "other"
      },
      "date_range": {
        "earliest": "2016-10-31",
        "latest": "2019-10-31"
      }
    },
    "PortfolioAndOtherManagementFeeIncome": {
      "taxonomy": "ifrs-full",
      "label": null,
      "description": null,
      "available_units": [
        "CAD"
      ],
      "data_points_count": 109,
      "latest_value": {
        "value": 866000000,
        "date": "2025-07-31",
        "fiscal_year": 2025,
        "fiscal_period": "Q3",
        "form": "6-K",
        "filed": "2025-08-26",
        "unit": "CAD",
        "type": "other"
      },
      "date_range": {
        "earliest": "2016-10-31",
        "latest": "2025-07-31"
      }
    },
    "ProfitLossAttributableToOrdinaryEquityHoldersOfParentEntity": {
      "taxonomy": "ifrs-full",
      "label": null,
      "description": null,
      "available_units": [
        "CAD"
      ],
      "data_points_count": 110,
      "latest_value": {
        "value": 5179000000,
        "date": "2025-07-31",
        "fiscal_year": 2025,
        "fiscal_period": "Q3",
        "form": "6-K",
        "filed": "2025-08-26",
        "unit": "CAD",
        "type": "other"
      },
      "date_range": {
        "earliest": "2016-10-31",
        "latest": "2025-07-31"
      }
    },
    "ProfitLossAttributableToOrdinaryEquityHoldersOfParentEntityIncludingDilutiveEffects": {
      "taxonomy": "ifrs-full",
      "label": null,
      "description": null,
      "available_units": [
        "CAD"
      ],
      "data_points_count": 109,
      "latest_value": {
        "value": 5021000000,
        "date": "2025-07-31",
        "fiscal_year": 2025,
        "fiscal_period": "Q3",
        "form": "6-K",
        "filed": "2025-08-26",
        "unit": "CAD",
        "type": "other"
      },
      "date_range": {
        "earliest": "2016-10-31",
        "latest": "2025-07-31"
      }
    },
    "ProfitLossFromContinuingOperationsAttributableToOrdinaryEquityHoldersOfParentEntity": {
      "taxonomy": "ifrs-full",
      "label": null,
      "description": null,
      "available_units": [
        "CAD"
      ],
      "data_points_count": 38,
      "latest_value": {
        "value": 9617000000,
        "date": "2021-10-31",
        "fiscal_year": 2021,
        "fiscal_period": "FY",
        "form": "40-F",
        "filed": "2021-11-30",
        "unit": "CAD",
        "type": "other"
      },
      "date_range": {
        "earliest": "2017-10-31",
        "latest": "2021-10-31"
      }
    },
    "ProfitLossFromDiscontinuedOperationsAttributableToOrdinaryEquityHoldersOfParentEntity": {
      "taxonomy": "ifrs-full",
      "label": null,
      "description": null,
      "available_units": [
        "CAD"
      ],
      "data_points_count": 35,
      "latest_value": {
        "value": -7000000,
        "date": "2021-10-31",
        "fiscal_year": 2021,
        "fiscal_period": "FY",
        "form": "40-F",
        "filed": "2021-11-30",
        "unit": "CAD",
        "type": "other"
      },
      "date_range": {
        "earliest": "2017-10-31",
        "latest": "2021-10-31"
      }
    },
    "ReclassificationAdjustmentsOnAvailableforsaleFinancialAssetsBeforeTax": {
      "taxonomy": "ifrs-full",
      "label": null,
      "description": null,
      "available_units": [
        "CAD"
      ],
      "data_points_count": 3,
      "latest_value": {
        "value": -143000000,
        "date": "2017-10-31",
        "fiscal_year": 2018,
        "fiscal_period": "FY",
        "form": "40-F",
        "filed": "2018-11-27",
        "unit": "CAD",
        "type": "other"
      },
      "date_range": {
        "earliest": "2016-10-31",
        "latest": "2017-10-31"
      }
    },
    "RepurchaseAgreementsAndCashCollateralOnSecuritiesLent": {
      "taxonomy": "ifrs-full",
      "label": null,
      "description": null,
      "available_units": [
        "CAD"
      ],
      "data_points_count": 70,
      "latest_value": {
        "value": 182223000000,
        "date": "2025-07-31",
        "fiscal_year": 2025,
        "fiscal_period": "Q3",
        "form": "6-K",
        "filed": "2025-08-26",
        "unit": "CAD",
        "type": "other"
      },
      "date_range": {
        "earliest": "2017-10-31",
        "latest": "2025-07-31"
      }
    },
    "ReverseRepurchaseAgreementsAndCashCollateralOnSecuritiesBorrowed": {
      "taxonomy": "ifrs-full",
      "label": null,
      "description": null,
      "available_units": [
        "CAD"
      ],
      "data_points_count": 70,
      "latest_value": {
        "value": 185360000000,
        "date": "2025-07-31",
        "fiscal_year": 2025,
        "fiscal_period": "Q3",
        "form": "6-K",
        "filed": "2025-08-26",
        "unit": "CAD",
        "type": "other"
      },
      "date_range": {
        "earliest": "2017-10-31",
        "latest": "2025-07-31"
      }
    },
    "ShareOfOtherComprehensiveIncomeOfAssociatesAndJointVenturesAccountedForUsingEquityMethodThatWillBeReclassifiedToProfitOrLossNetOfTax": {
      "taxonomy": "ifrs-full",
      "label": null,
      "description": null,
      "available_units": [
        "CAD"
      ],
      "data_points_count": 109,
      "latest_value": {
        "value": 91000000,
        "date": "2025-07-31",
        "fiscal_year": 2025,
        "fiscal_period": "Q3",
        "form": "6-K",
        "filed": "2025-08-26",
        "unit": "CAD",
        "type": "other"
      },
      "date_range": {
        "earliest": "2016-10-31",
        "latest": "2025-07-31"
      }
    },
    "ShareOfOtherComprehensiveIncomeOfAssociatesAndJointVenturesAccountedForUsingEquityMethodThatWillNotBeReclassifiedToProfitOrLossNetOfTax": {
      "taxonomy": "ifrs-full",
      "label": null,
      "description": null,
      "available_units": [
        "CAD"
      ],
      "data_points_count": 82,
      "latest_value": {
        "value": 7000000,
        "date": "2025-07-31",
        "fiscal_year": 2025,
        "fiscal_period": "Q3",
        "form": "6-K",
        "filed": "2025-08-26",
        "unit": "CAD",
        "type": "other"
      },
      "date_range": {
        "earliest": "2016-10-31",
        "latest": "2025-07-31"
      }
    },
    "ShareOfProfitLossOfAssociatesAndJointVenturesAccountedForUsingEquityMethod": {
      "taxonomy": "ifrs-full",
      "label": null,
      "description": null,
      "available_units": [
        "CAD"
      ],
      "data_points_count": 109,
      "latest_value": {
        "value": 429000000,
        "date": "2025-07-31",
        "fiscal_year": 2025,
        "fiscal_period": "Q3",
        "form": "6-K",
        "filed": "2025-08-26",
        "unit": "CAD",
        "type": "other"
      },
      "date_range": {
        "earliest": "2016-10-31",
        "latest": "2025-07-31"
      }
    },
    "TemporaryDifferencesAssociatedWithInvestmentsInSubsidiariesBranchesAndAssociatesAndInterestsInJointVentures": {
      "taxonomy": "ifrs-full",
      "label": null,
      "description": null,
      "available_units": [
        "CAD"
      ],
      "data_points_count": 17,
      "latest_value": {
        "value": 57000000000,
        "date": "2024-10-31",
        "fiscal_year": 2024,
        "fiscal_period": "FY",
        "form": "40-F",
        "filed": "2024-12-03",
        "unit": "CAD",
        "type": "other"
      },
      "date_range": {
        "earliest": "2017-10-31",
        "latest": "2024-10-31"
      }
    },
    "TradingIncomeExpense": {
      "taxonomy": "ifrs-full",
      "label": null,
      "description": null,
      "available_units": [
        "CAD"
      ],
      "data_points_count": 109,
      "latest_value": {
        "value": 1523000000,
        "date": "2025-07-31",
        "fiscal_year": 2025,
        "fiscal_period": "Q3",
        "form": "6-K",
        "filed": "2025-08-26",
        "unit": "CAD",
        "type": "other"
      },
      "date_range": {
        "earliest": "2016-10-31",
        "latest": "2025-07-31"
      }
    },
    "TradingIncomeExpenseOnDebtInstruments": {
      "taxonomy": "ifrs-full",
      "label": null,
      "description": null,
      "available_units": [
        "CAD"
      ],
      "data_points_count": 19,
      "latest_value": {
        "value": 241000000,
        "date": "2019-10-31",
        "fiscal_year": 2019,
        "fiscal_period": "FY",
        "form": "40-F",
        "filed": "2019-11-26",
        "unit": "CAD",
        "type": "other"
      },
      "date_range": {
        "earliest": "2016-10-31",
        "latest": "2019-10-31"
      }
    },
    "TradingIncomeExpenseOnDerivativeFinancialInstruments": {
      "taxonomy": "ifrs-full",
      "label": null,
      "description": null,
      "available_units": [
        "CAD"
      ],
      "data_points_count": 19,
      "latest_value": {
        "value": 235000000,
        "date": "2019-10-31",
        "fiscal_year": 2019,
        "fiscal_period": "FY",
        "form": "40-F",
        "filed": "2019-11-26",
        "unit": "CAD",
        "type": "other"
      },
      "date_range": {
        "earliest": "2016-10-31",
        "latest": "2019-10-31"
      }
    },
    "TradingIncomeExpenseOnEquityInstruments": {
      "taxonomy": "ifrs-full",
      "label": null,
      "description": null,
      "available_units": [
        "CAD"
      ],
      "data_points_count": 19,
      "latest_value": {
        "value": 480000000,
        "date": "2019-10-31",
        "fiscal_year": 2019,
        "fiscal_period": "FY",
        "form": "40-F",
        "filed": "2019-11-26",
        "unit": "CAD",
        "type": "other"
      },
      "date_range": {
        "earliest": "2016-10-31",
        "latest": "2019-10-31"
      }
    },
    "TradingIncomeExpenseOnForeignExchangeContracts": {
      "taxonomy": "ifrs-full",
      "label": null,
      "description": null,
      "available_units": [
        "CAD"
      ],
      "data_points_count": 19,
      "latest_value": {
        "value": 268000000,
        "date": "2019-10-31",
        "fiscal_year": 2019,
        "fiscal_period": "FY",
        "form": "40-F",
        "filed": "2019-11-26",
        "unit": "CAD",
        "type": "other"
      },
      "date_range": {
        "earliest": "2016-10-31",
        "latest": "2019-10-31"
      }
    },
    "AdjustmentsForGainLossOnDisposalOfInvestmentsInSubsidiariesJointVenturesAndAssociates": {
      "taxonomy": "ifrs-full",
      "label": null,
      "description": null,
      "available_units": [
        "CAD"
      ],
      "data_points_count": 11,
      "latest_value": {
        "value": -1374000000,
        "date": "2025-07-31",
        "fiscal_year": 2025,
        "fiscal_period": "Q3",
        "form": "6-K",
        "filed": "2025-08-26",
        "unit": "CAD",
        "type": "other"
      },
      "date_range": {
        "earliest": "2023-10-31",
        "latest": "2025-07-31"
      }
    }
  }
}