{
  "chunk_metadata": {
    "domain": "public",
    "CIK": "947263",
    "data_type": "SEC",
    "ticker": "TD",
    "chunk_name": "Risk & Capital Management",
    "chunk_id": "risk_capital",
    "company_name": "TORONTO DOMINION BANK",
    "extraction_date": "2025-09-30T11:01:44.244623",
    "metrics_count": 3,
    "total_company_metrics": 0,
    "chunking_strategy": "context_aware_balanced"
  },
  "metrics": {
    "AdditionalPaidinCapital": {
      "taxonomy": "ifrs-full",
      "label": null,
      "description": null,
      "available_units": [
        "CAD"
      ],
      "data_points_count": 56,
      "latest_value": {
        "value": 243000000,
        "date": "2025-07-31",
        "fiscal_year": 2025,
        "fiscal_period": "Q3",
        "form": "6-K",
        "filed": "2025-08-28",
        "unit": "CAD",
        "type": "other"
      },
      "date_range": {
        "earliest": "2017-10-31",
        "latest": "2025-07-31"
      }
    },
    "CapitalCommitments": {
      "taxonomy": "ifrs-full",
      "label": null,
      "description": null,
      "available_units": [
        "CAD"
      ],
      "data_points_count": 56,
      "latest_value": {
        "value": 395935000000,
        "date": "2025-07-31",
        "fiscal_year": 2025,
        "fiscal_period": "Q3",
        "form": "6-K",
        "filed": "2025-08-28",
        "unit": "CAD",
        "type": "other"
      },
      "date_range": {
        "earliest": "2017-10-31",
        "latest": "2025-07-31"
      }
    },
    "AcquisitiondateFairValueOfTotalConsiderationTransferred": {
      "taxonomy": "ifrs-full",
      "label": null,
      "description": null,
      "available_units": [
        "USD"
      ],
      "data_points_count": 2,
      "latest_value": {
        "value": 1300000000,
        "date": "2022-08-02",
        "fiscal_year": 2022,
        "fiscal_period": "Q3",
        "form": "6-K",
        "filed": "2022-08-25",
        "unit": "USD",
        "type": "other"
      },
      "date_range": {
        "earliest": "2022-08-02",
        "latest": "2022-08-02"
      }
    }
  }
}