{
  "chunk_metadata": {
    "domain": "public",
    "CIK": "316709",
    "data_type": "SEC",
    "ticker": "SCHW",
    "chunk_name": "Other Assets",
    "chunk_id": "other_assets",
    "company_name": "SCHWAB CHARLES CORP",
    "extraction_date": "2025-09-30T11:01:44.143982",
    "metrics_count": 78,
    "total_company_metrics": 0,
    "chunking_strategy": "context_aware_balanced"
  },
  "metrics": {
    "AccruedLiabilities": {
      "taxonomy": "us-gaap",
      "label": "Accrued Liabilities (Deprecated 2009-01-31)",
      "description": "Carrying value as of the balance sheet date of obligations incurred and payable, pertaining to costs that are statutory in nature, are incurred on contractual obligations, or accumulate over time and for which invoices have not yet been received or will not be rendered. Examples include taxes, interest, rent and utilities. For classified balance sheets, used to reflect the current portion of the liabilities (due within one year or within the normal operating cycle if longer); for unclassified balance sheets, used to reflect the total liabilities (regardless of due date).",
      "available_units": [
        "USD"
      ],
      "data_points_count": 2,
      "latest_value": {
        "value": 1315000000,
        "date": "2009-06-30",
        "fiscal_year": 2009,
        "fiscal_period": "Q2",
        "form": "10-Q",
        "filed": "2009-08-06",
        "unit": "USD",
        "type": "quarterly"
      },
      "date_range": {
        "earliest": "2008-12-31",
        "latest": "2009-06-30"
      }
    },
    "AccruedLiabilitiesCurrentAndNoncurrent": {
      "taxonomy": "us-gaap",
      "label": "Accrued Liabilities",
      "description": "Carrying value as of the balance sheet date of obligations incurred and payable, pertaining to costs that are statutory in nature, are incurred on contractual obligations, or accumulate over time and for which invoices have not yet been received or will not be rendered. Examples include taxes, interest, rent and utilities.",
      "available_units": [
        "USD"
      ],
      "data_points_count": 131,
      "latest_value": {
        "value": 12325000000,
        "date": "2024-12-31",
        "fiscal_year": 2024,
        "form": "10-K",
        "filed": "2025-02-26",
        "unit": "USD",
        "type": "annual"
      },
      "date_range": {
        "earliest": "2008-12-31",
        "latest": "2025-06-30"
      }
    },
    "AccumulatedDepreciationDepletionAndAmortizationPropertyPlantAndEquipment": {
      "taxonomy": "us-gaap",
      "label": "Accumulated Depreciation, Depletion and Amortization, Property, Plant, and Equipment",
      "description": "Amount of accumulated depreciation, depletion and amortization for physical assets used in the normal conduct of business to produce goods and services.",
      "available_units": [
        "USD"
      ],
      "data_points_count": 24,
      "latest_value": {
        "value": 2667000000,
        "date": "2020-12-31",
        "fiscal_year": 2020,
        "form": "10-K",
        "filed": "2021-02-24",
        "unit": "USD",
        "type": "annual"
      },
      "date_range": {
        "earliest": "2009-12-31",
        "latest": "2020-12-31"
      }
    },
    "Assets": {
      "taxonomy": "us-gaap",
      "label": "Assets",
      "description": "Sum of the carrying amounts as of the balance sheet date of all assets that are recognized. Assets are probable future economic benefits obtained or controlled by an entity as a result of past transactions or events.",
      "available_units": [
        "USD"
      ],
      "data_points_count": 134,
      "latest_value": {
        "value": 479843000000,
        "date": "2024-12-31",
        "fiscal_year": 2024,
        "form": "10-K",
        "filed": "2025-02-26",
        "unit": "USD",
        "type": "annual"
      },
      "date_range": {
        "earliest": "2008-12-31",
        "latest": "2025-06-30"
      }
    },
    "CapitalizedContractCostAmortization": {
      "taxonomy": "us-gaap",
      "label": "Capitalized Contract Cost, Amortization",
      "description": "Amount of amortization expense for asset recognized from cost incurred to obtain or fulfill contract with customer.",
      "available_units": [
        "USD"
      ],
      "data_points_count": 22,
      "latest_value": {
        "value": 97000000,
        "date": "2024-12-31",
        "fiscal_year": 2024,
        "form": "10-K",
        "filed": "2025-02-26",
        "unit": "USD",
        "type": "annual"
      },
      "date_range": {
        "earliest": "2018-03-31",
        "latest": "2024-12-31"
      }
    },
    "CapitalizedContractCostNet": {
      "taxonomy": "us-gaap",
      "label": "Capitalized Contract Cost, Net",
      "description": "Amount, after accumulated amortization and accumulated impairment loss, of asset recognized from cost incurred to obtain or fulfill contract with customer.",
      "available_units": [
        "USD"
      ],
      "data_points_count": 21,
      "latest_value": {
        "value": 487000000,
        "date": "2024-12-31",
        "fiscal_year": 2024,
        "form": "10-K",
        "filed": "2025-02-26",
        "unit": "USD",
        "type": "annual"
      },
      "date_range": {
        "earliest": "2017-12-31",
        "latest": "2024-12-31"
      }
    },
    "CapitalRequiredForCapitalAdequacyToRiskWeightedAssets": {
      "taxonomy": "us-gaap",
      "label": "Banking Regulation, Total Risk-Based Capital Ratio, Capital Adequacy, Minimum",
      "description": "Ratio of minimum total risk-based capital to risk-weighted assets required for capital adequacy as defined by regulatory framework.",
      "available_units": [
        "pure"
      ],
      "data_points_count": 26,
      "latest_value": {
        "value": 0.08,
        "date": "2014-12-31",
        "fiscal_year": 2014,
        "form": "10-K",
        "filed": "2015-02-23",
        "unit": "pure",
        "type": "annual"
      },
      "date_range": {
        "earliest": "2009-12-31",
        "latest": "2014-12-31"
      }
    },
    "CapitalRequiredToBeWellCapitalizedToRiskWeightedAssets": {
      "taxonomy": "us-gaap",
      "label": "Banking Regulation, Total Risk-Based Capital Ratio, Well Capitalized, Minimum",
      "description": "Ratio of minimum total risk-based capital to risk-weighted assets categorized as well capitalized as defined by regulatory framework for prompt corrective action.",
      "available_units": [
        "pure"
      ],
      "data_points_count": 26,
      "latest_value": {
        "value": 0.1,
        "date": "2014-12-31",
        "fiscal_year": 2014,
        "form": "10-K",
        "filed": "2015-02-23",
        "unit": "pure",
        "type": "annual"
      },
      "date_range": {
        "earliest": "2009-12-31",
        "latest": "2014-12-31"
      }
    },
    "CapitalToRiskWeightedAssets": {
      "taxonomy": "us-gaap",
      "label": "Banking Regulation, Total Risk-Based Capital Ratio, Actual",
      "description": "Ratio of total risk-based capital to risk-weighted assets as defined by regulatory framework.",
      "available_units": [
        "pure"
      ],
      "data_points_count": 26,
      "latest_value": {
        "value": 0.222,
        "date": "2014-12-31",
        "fiscal_year": 2014,
        "form": "10-K",
        "filed": "2015-02-23",
        "unit": "pure",
        "type": "annual"
      },
      "date_range": {
        "earliest": "2009-12-31",
        "latest": "2014-12-31"
      }
    },
    "CumulativeEffectOfInitialAdoptionOfFIN48": {
      "taxonomy": "us-gaap",
      "label": "Cumulative Effect of Initial Adoption of FIN 48 (Deprecated 2011-01-31)",
      "description": "Cumulative net-of-tax effect of initial adoption of FIN 48 - Accounting for Uncertainty in Income Taxes on the opening balance of retained earnings. The cumulative-effect adjustment does not include items that would not be recognized in earnings, such as the effect of adopting this Interpretation on tax positions related to business combinations. The amount of that cumulative-effect adjustment is the difference between the net amount of assets and liabilities recognized in the statement of financial position prior to the application of this Interpretation and the net amount of assets and liabilities recognized as a result of applying the provisions of this Interpretation.",
      "available_units": [
        "USD"
      ],
      "data_points_count": 1,
      "latest_value": {
        "value": -17000000,
        "date": "2007-12-31",
        "fiscal_year": 2009,
        "form": "10-K",
        "filed": "2010-02-25",
        "unit": "USD",
        "type": "annual"
      },
      "date_range": {
        "earliest": "2007-12-31",
        "latest": "2007-12-31"
      }
    },
    "DeferredTaxAssetsGross": {
      "taxonomy": "us-gaap",
      "label": "Deferred Tax Assets, Gross",
      "description": "Amount before allocation of valuation allowances of deferred tax asset attributable to deductible temporary differences and carryforwards.",
      "available_units": [
        "USD"
      ],
      "data_points_count": 32,
      "latest_value": {
        "value": 5793000000,
        "date": "2024-12-31",
        "fiscal_year": 2024,
        "form": "10-K",
        "filed": "2025-02-26",
        "unit": "USD",
        "type": "annual"
      },
      "date_range": {
        "earliest": "2009-12-31",
        "latest": "2024-12-31"
      }
    },
    "DeferredTaxAssetsNet": {
      "taxonomy": "us-gaap",
      "label": "Deferred Tax Assets, Net of Valuation Allowance",
      "description": "Amount after allocation of valuation allowances of deferred tax asset attributable to deductible temporary differences and carryforwards.",
      "available_units": [
        "USD"
      ],
      "data_points_count": 32,
      "latest_value": {
        "value": 5773000000,
        "date": "2024-12-31",
        "fiscal_year": 2024,
        "form": "10-K",
        "filed": "2025-02-26",
        "unit": "USD",
        "type": "annual"
      },
      "date_range": {
        "earliest": "2009-12-31",
        "latest": "2024-12-31"
      }
    },
    "DeferredTaxAssetsOperatingLossCarryforwards": {
      "taxonomy": "us-gaap",
      "label": "Deferred Tax Assets, Operating Loss Carryforwards",
      "description": "Amount before allocation of valuation allowances of deferred tax asset attributable to deductible operating loss carryforwards.",
      "available_units": [
        "USD"
      ],
      "data_points_count": 28,
      "latest_value": {
        "value": 13000000,
        "date": "2024-12-31",
        "fiscal_year": 2024,
        "form": "10-K",
        "filed": "2025-02-26",
        "unit": "USD",
        "type": "annual"
      },
      "date_range": {
        "earliest": "2011-12-31",
        "latest": "2024-12-31"
      }
    },
    "DeferredTaxAssetsOperatingLossCarryforwardsStateAndLocal": {
      "taxonomy": "us-gaap",
      "label": "Deferred Tax Assets, Operating Loss Carryforwards, State and Local",
      "description": "Amount before allocation of valuation allowances of deferred tax asset attributable to deductible state and local operating loss carryforwards.",
      "available_units": [
        "USD"
      ],
      "data_points_count": 23,
      "latest_value": {
        "value": 40000000,
        "date": "2021-12-31",
        "fiscal_year": 2021,
        "form": "10-K",
        "filed": "2022-02-24",
        "unit": "USD",
        "type": "annual"
      },
      "date_range": {
        "earliest": "2009-12-31",
        "latest": "2021-12-31"
      }
    },
    "DeferredTaxAssetsOther": {
      "taxonomy": "us-gaap",
      "label": "Deferred Tax Assets, Other",
      "description": "Amount, before allocation of valuation allowance, of deferred tax asset attributable to deductible temporary differences, classified as other.",
      "available_units": [
        "USD"
      ],
      "data_points_count": 20,
      "latest_value": {
        "value": 222000000,
        "date": "2024-12-31",
        "fiscal_year": 2024,
        "form": "10-K",
        "filed": "2025-02-26",
        "unit": "USD",
        "type": "annual"
      },
      "date_range": {
        "earliest": "2009-12-31",
        "latest": "2024-12-31"
      }
    },
    "DeferredTaxAssetsTaxDeferredExpenseCompensationAndBenefitsSeverancePayments": {
      "taxonomy": "us-gaap",
      "label": "Deferred Tax Assets, Tax Deferred Expense, Compensation and Benefits, Severance Payments",
      "description": "Amount before allocation of valuation allowances of deferred tax asset attributable to deductible temporary differences from severance costs.",
      "available_units": [
        "USD"
      ],
      "data_points_count": 32,
      "latest_value": {
        "value": 265000000,
        "date": "2024-12-31",
        "fiscal_year": 2024,
        "form": "10-K",
        "filed": "2025-02-26",
        "unit": "USD",
        "type": "annual"
      },
      "date_range": {
        "earliest": "2009-12-31",
        "latest": "2024-12-31"
      }
    },
    "DeferredTaxAssetsTaxDeferredExpenseReservesAndAccrualsReturnsAndAllowances": {
      "taxonomy": "us-gaap",
      "label": "Deferred Tax Assets, Tax Deferred Expense, Reserves and Accruals, Returns and Allowances",
      "description": "Amount before allocation of valuation allowances of deferred tax asset attributable to deductible temporary differences from estimated returns and sales allowances.",
      "available_units": [
        "USD"
      ],
      "data_points_count": 28,
      "latest_value": {
        "value": 69000000,
        "date": "2022-12-31",
        "fiscal_year": 2022,
        "form": "10-K",
        "filed": "2023-02-24",
        "unit": "USD",
        "type": "annual"
      },
      "date_range": {
        "earliest": "2009-12-31",
        "latest": "2022-12-31"
      }
    },
    "DeferredTaxAssetsValuationAllowance": {
      "taxonomy": "us-gaap",
      "label": "Deferred Tax Assets, Valuation Allowance",
      "description": "Amount of deferred tax assets for which it is more likely than not that a tax benefit will not be realized.",
      "available_units": [
        "USD"
      ],
      "data_points_count": 28,
      "latest_value": {
        "value": 20000000,
        "date": "2024-12-31",
        "fiscal_year": 2024,
        "form": "10-K",
        "filed": "2025-02-26",
        "unit": "USD",
        "type": "annual"
      },
      "date_range": {
        "earliest": "2011-12-31",
        "latest": "2024-12-31"
      }
    },
    "DeferredTaxExpenseFromStockOptionsExercised": {
      "taxonomy": "us-gaap",
      "label": "Deferred Tax Expense from Stock Options Exercised",
      "description": "Amount of deferred tax expense from write-off of the deferred tax asset related to deductible stock options at exercise.",
      "available_units": [
        "USD"
      ],
      "data_points_count": 21,
      "latest_value": {
        "value": 11000000,
        "date": "2020-12-31",
        "fiscal_year": 2020,
        "form": "10-K",
        "filed": "2021-02-24",
        "unit": "USD",
        "type": "annual"
      },
      "date_range": {
        "earliest": "2011-12-31",
        "latest": "2020-12-31"
      }
    },
    "Depreciation": {
      "taxonomy": "us-gaap",
      "label": "Depreciation",
      "description": "The amount of expense recognized in the current period that reflects the allocation of the cost of tangible assets over the assets' useful lives. Includes production and non-production related depreciation.",
      "available_units": [
        "USD"
      ],
      "data_points_count": 21,
      "latest_value": {
        "value": 322000000,
        "date": "2019-12-31",
        "fiscal_year": 2019,
        "form": "10-K",
        "filed": "2020-02-26",
        "unit": "USD",
        "type": "annual"
      },
      "date_range": {
        "earliest": "2011-12-31",
        "latest": "2019-12-31"
      }
    },
    "DepreciationAndAmortization": {
      "taxonomy": "us-gaap",
      "label": "Depreciation, Depletion and Amortization, Nonproduction",
      "description": "The current period expense charged against earnings on long-lived, physical assets not used in production, and which are not intended for resale, to allocate or recognize the cost of such assets over their useful lives; or to record the reduction in book value of an intangible asset over the benefit period of such asset; or to reflect consumption during the period of an asset that is not used in production.",
      "available_units": [
        "USD"
      ],
      "data_points_count": 162,
      "latest_value": {
        "value": 804000000,
        "date": "2023-12-31",
        "fiscal_year": 2023,
        "form": "10-K",
        "filed": "2024-02-23",
        "unit": "USD",
        "type": "annual"
      },
      "date_range": {
        "earliest": "2007-12-31",
        "latest": "2023-12-31"
      }
    },
    "DerivativeAssets": {
      "taxonomy": "us-gaap",
      "label": "Derivative Asset",
      "description": "Fair value, after the effects of master netting arrangements, of a financial asset or other contract with one or more underlyings, notional amount or payment provision or both, and the contract can be net settled by means outside the contract or delivery of an asset. Includes assets not subject to a master netting arrangement and not elected to be offset.",
      "available_units": [
        "USD"
      ],
      "data_points_count": 18,
      "latest_value": {
        "value": 9940000000,
        "date": "2016-12-31",
        "fiscal_year": 2016,
        "form": "10-K",
        "filed": "2017-02-23",
        "unit": "USD",
        "type": "annual"
      },
      "date_range": {
        "earliest": "2013-12-31",
        "latest": "2016-12-31"
      }
    },
    "DerivativeFairValueOfDerivativeAsset": {
      "taxonomy": "us-gaap",
      "label": "Derivative Asset, Fair Value, Gross Asset",
      "description": "Fair value, before effects of master netting arrangements, of a financial asset or other contract with one or more underlyings, notional amount or payment provision or both, and the contract can be net settled by means outside the contract or delivery of an asset. Includes assets elected not to be offset. Excludes assets not subject to a master netting arrangement.",
      "available_units": [
        "USD"
      ],
      "data_points_count": 54,
      "latest_value": {
        "value": 15777000000,
        "date": "2020-12-31",
        "fiscal_year": 2020,
        "form": "10-K",
        "filed": "2021-02-24",
        "unit": "USD",
        "type": "annual"
      },
      "date_range": {
        "earliest": "2013-12-31",
        "latest": "2021-06-30"
      }
    },
    "DerivativeFairValueOfDerivativeAssetAmountOffsetAgainstCollateral": {
      "taxonomy": "us-gaap",
      "label": "Derivative Asset, Fair Value, Amount Offset Against Collateral",
      "description": "Fair value, after effects of master netting arrangements, of financial asset or other contract with one or more underlyings, notional amount or payment provision or both, and the contract can be net settled by means outside the contract or delivery of an asset offset against an obligation to return collateral. Includes assets not subject to a master netting arrangement and not elected to be offset.",
      "available_units": [
        "USD"
      ],
      "data_points_count": 53,
      "latest_value": {
        "value": 5000000,
        "date": "2020-12-31",
        "fiscal_year": 2020,
        "form": "10-K",
        "filed": "2021-02-24",
        "unit": "USD",
        "type": "annual"
      },
      "date_range": {
        "earliest": "2013-12-31",
        "latest": "2021-06-30"
      }
    },
    "DueFromCorrespondentBrokers": {
      "taxonomy": "us-gaap",
      "label": "Due from Correspondent Brokers",
      "description": "Amount receivable from correspondent broker-dealer.",
      "available_units": [
        "USD"
      ],
      "data_points_count": 2,
      "latest_value": {
        "value": 10300000000,
        "date": "2010-12-31",
        "fiscal_year": 2010,
        "form": "10-K",
        "filed": "2011-02-25",
        "unit": "USD",
        "type": "annual"
      },
      "date_range": {
        "earliest": "2009-12-31",
        "latest": "2010-12-31"
      }
    },
    "FiniteLivedIntangibleAssetsAccumulatedAmortization": {
      "taxonomy": "us-gaap",
      "label": "Finite-Lived Intangible Assets, Accumulated Amortization",
      "description": "Accumulated amount of amortization of assets, excluding financial assets and goodwill, lacking physical substance with a finite life.",
      "available_units": [
        "USD"
      ],
      "data_points_count": 32,
      "latest_value": {
        "value": 2403000000,
        "date": "2024-12-31",
        "fiscal_year": 2024,
        "form": "10-K",
        "filed": "2025-02-26",
        "unit": "USD",
        "type": "annual"
      },
      "date_range": {
        "earliest": "2010-12-31",
        "latest": "2024-12-31"
      }
    },
    "FiniteLivedIntangibleAssetsAmortizationExpenseAfterYearFive": {
      "taxonomy": "us-gaap",
      "label": "Finite-Lived Intangible Asset, Expected Amortization, after Year Five",
      "description": "Amount of amortization for asset, excluding financial asset and goodwill, lacking physical substance with finite life expected to be recognized after fifth fiscal year following current fiscal year. Excludes interim and annual periods when interim periods are reported from current statement of financial position date (rolling approach).",
      "available_units": [
        "USD"
      ],
      "data_points_count": 12,
      "latest_value": {
        "value": 5110000000,
        "date": "2024-12-31",
        "fiscal_year": 2024,
        "form": "10-K",
        "filed": "2025-02-26",
        "unit": "USD",
        "type": "annual"
      },
      "date_range": {
        "earliest": "2012-12-31",
        "latest": "2024-12-31"
      }
    },
    "FiniteLivedIntangibleAssetsAmortizationExpenseNextTwelveMonths": {
      "taxonomy": "us-gaap",
      "label": "Finite-Lived Intangible Asset, Expected Amortization, Year One",
      "description": "Amount of amortization for assets, excluding financial assets and goodwill, lacking physical substance with finite life expected to be recognized in next fiscal year following current fiscal year. Excludes interim and annual periods when interim periods are reported from current statement of financial position date (rolling approach).",
      "available_units": [
        "USD"
      ],
      "data_points_count": 12,
      "latest_value": {
        "value": 512000000,
        "date": "2024-12-31",
        "fiscal_year": 2024,
        "form": "10-K",
        "filed": "2025-02-26",
        "unit": "USD",
        "type": "annual"
      },
      "date_range": {
        "earliest": "2012-12-31",
        "latest": "2024-12-31"
      }
    },
    "FiniteLivedIntangibleAssetsAmortizationExpenseYearFive": {
      "taxonomy": "us-gaap",
      "label": "Finite-Lived Intangible Asset, Expected Amortization, Year Five",
      "description": "Amount of amortization for assets, excluding financial assets and goodwill, lacking physical substance with finite life expected to be recognized in fifth fiscal year following current fiscal year. Excludes interim and annual periods when interim periods are reported from current statement of financial position date (rolling approach).",
      "available_units": [
        "USD"
      ],
      "data_points_count": 12,
      "latest_value": {
        "value": 507000000,
        "date": "2024-12-31",
        "fiscal_year": 2024,
        "form": "10-K",
        "filed": "2025-02-26",
        "unit": "USD",
        "type": "annual"
      },
      "date_range": {
        "earliest": "2012-12-31",
        "latest": "2024-12-31"
      }
    },
    "FiniteLivedIntangibleAssetsAmortizationExpenseYearFour": {
      "taxonomy": "us-gaap",
      "label": "Finite-Lived Intangible Asset, Expected Amortization, Year Four",
      "description": "Amount of amortization for assets, excluding financial assets and goodwill, lacking physical substance with finite life expected to be recognized in fourth fiscal year following current fiscal year. Excludes interim and annual periods when interim periods are reported from current statement of financial position date (rolling approach).",
      "available_units": [
        "USD"
      ],
      "data_points_count": 12,
      "latest_value": {
        "value": 507000000,
        "date": "2024-12-31",
        "fiscal_year": 2024,
        "form": "10-K",
        "filed": "2025-02-26",
        "unit": "USD",
        "type": "annual"
      },
      "date_range": {
        "earliest": "2012-12-31",
        "latest": "2024-12-31"
      }
    },
    "FiniteLivedIntangibleAssetsAmortizationExpenseYearThree": {
      "taxonomy": "us-gaap",
      "label": "Finite-Lived Intangible Asset, Expected Amortization, Year Three",
      "description": "Amount of amortization for assets, excluding financial assets and goodwill, lacking physical substance with finite life expected to be recognized in third fiscal year following current fiscal year. Excludes interim and annual periods when interim periods are reported from current statement of financial position date (rolling approach).",
      "available_units": [
        "USD"
      ],
      "data_points_count": 12,
      "latest_value": {
        "value": 508000000,
        "date": "2024-12-31",
        "fiscal_year": 2024,
        "form": "10-K",
        "filed": "2025-02-26",
        "unit": "USD",
        "type": "annual"
      },
      "date_range": {
        "earliest": "2012-12-31",
        "latest": "2024-12-31"
      }
    },
    "FiniteLivedIntangibleAssetsAmortizationExpenseYearTwo": {
      "taxonomy": "us-gaap",
      "label": "Finite-Lived Intangible Asset, Expected Amortization, Year Two",
      "description": "Amount of amortization for assets, excluding financial assets and goodwill, lacking physical substance with finite life expected to be recognized in second fiscal year following current fiscal year. Excludes interim and annual periods when interim periods are reported from current statement of financial position date (rolling approach).",
      "available_units": [
        "USD"
      ],
      "data_points_count": 12,
      "latest_value": {
        "value": 508000000,
        "date": "2024-12-31",
        "fiscal_year": 2024,
        "form": "10-K",
        "filed": "2025-02-26",
        "unit": "USD",
        "type": "annual"
      },
      "date_range": {
        "earliest": "2012-12-31",
        "latest": "2024-12-31"
      }
    },
    "FiniteLivedIntangibleAssetsGross": {
      "taxonomy": "us-gaap",
      "label": "Finite-Lived Intangible Assets, Gross",
      "description": "Amount before amortization of assets, excluding financial assets and goodwill, lacking physical substance with a finite life.",
      "available_units": [
        "USD"
      ],
      "data_points_count": 28,
      "latest_value": {
        "value": 10146000000,
        "date": "2024-12-31",
        "fiscal_year": 2024,
        "form": "10-K",
        "filed": "2025-02-26",
        "unit": "USD",
        "type": "annual"
      },
      "date_range": {
        "earliest": "2010-12-31",
        "latest": "2024-12-31"
      }
    },
    "FiniteLivedIntangibleAssetsNet": {
      "taxonomy": "us-gaap",
      "label": "Finite-Lived Intangible Assets, Net",
      "description": "Amount after amortization of assets, excluding financial assets and goodwill, lacking physical substance with a finite life.",
      "available_units": [
        "USD"
      ],
      "data_points_count": 35,
      "latest_value": {
        "value": 7652000000,
        "date": "2024-12-31",
        "fiscal_year": 2024,
        "form": "10-K",
        "filed": "2025-02-26",
        "unit": "USD",
        "type": "annual"
      },
      "date_range": {
        "earliest": "2009-12-31",
        "latest": "2024-12-31"
      }
    },
    "FurnitureAndFixturesGross": {
      "taxonomy": "us-gaap",
      "label": "Furniture and Fixtures, Gross",
      "description": "Amount before accumulated depreciation of equipment commonly used in offices and stores that have no permanent connection to the structure of a building or utilities. Examples include, but are not limited to, desks, chairs, tables, and bookcases.",
      "available_units": [
        "USD"
      ],
      "data_points_count": 8,
      "latest_value": {
        "value": 133000000,
        "date": "2012-12-31",
        "fiscal_year": 2012,
        "form": "10-K",
        "filed": "2013-02-22",
        "unit": "USD",
        "type": "annual"
      },
      "date_range": {
        "earliest": "2009-12-31",
        "latest": "2012-12-31"
      }
    },
    "FutureAmortizationExpenseAfterYearFive": {
      "taxonomy": "us-gaap",
      "label": "Future Amortization Expense, after Year Five (Deprecated 2012-01-31)",
      "description": "The amount of amortization expense expected to be recognized for the remainder of the finite-lived intangible asset useful life after the fifth succeeding fiscal year.",
      "available_units": [
        "USD"
      ],
      "data_points_count": 2,
      "latest_value": {
        "value": 128000000,
        "date": "2011-12-31",
        "fiscal_year": 2011,
        "form": "10-K",
        "filed": "2012-02-24",
        "unit": "USD",
        "type": "annual"
      },
      "date_range": {
        "earliest": "2011-09-30",
        "latest": "2011-12-31"
      }
    },
    "Goodwill": {
      "taxonomy": "us-gaap",
      "label": "Goodwill",
      "description": "Amount after accumulated impairment loss of an asset representing future economic benefits arising from other assets acquired in a business combination that are not individually identified and separately recognized.",
      "available_units": [
        "USD"
      ],
      "data_points_count": 144,
      "latest_value": {
        "value": 11951000000,
        "date": "2024-12-31",
        "fiscal_year": 2024,
        "form": "10-K",
        "filed": "2025-02-26",
        "unit": "USD",
        "type": "annual"
      },
      "date_range": {
        "earliest": "2008-12-31",
        "latest": "2025-06-30"
      }
    },
    "GoodwillAcquiredDuringPeriod": {
      "taxonomy": "us-gaap",
      "label": "Goodwill, Acquired During Period",
      "description": "Amount of increase in asset representing future economic benefits arising from other assets acquired in a business combination that are not individually identified and separately recognized resulting from a business combination.",
      "available_units": [
        "USD"
      ],
      "data_points_count": 3,
      "latest_value": {
        "value": 510000000,
        "date": "2020-12-31",
        "fiscal_year": 2020,
        "form": "10-K",
        "filed": "2021-02-24",
        "unit": "USD",
        "type": "annual"
      },
      "date_range": {
        "earliest": "2011-09-30",
        "latest": "2020-12-31"
      }
    },
    "GoodwillImpairmentLoss": {
      "taxonomy": "us-gaap",
      "label": "Goodwill, Impairment Loss",
      "description": "Amount of loss from the write-down of an asset representing the future economic benefits arising from other assets acquired in a business combination that are not individually identified and separately recognized.",
      "available_units": [
        "USD"
      ],
      "data_points_count": 36,
      "latest_value": {
        "value": 0,
        "date": "2024-12-31",
        "fiscal_year": 2024,
        "form": "10-K",
        "filed": "2025-02-26",
        "unit": "USD",
        "type": "annual"
      },
      "date_range": {
        "earliest": "2011-12-31",
        "latest": "2024-12-31"
      }
    },
    "IncreaseDecreaseInAccruedLiabilities": {
      "taxonomy": "us-gaap",
      "label": "Increase (Decrease) in Accrued Liabilities",
      "description": "The increase (decrease) during the reporting period in the aggregate amount of expenses incurred but not yet paid.",
      "available_units": [
        "USD"
      ],
      "data_points_count": 149,
      "latest_value": {
        "value": 218000000,
        "date": "2024-12-31",
        "fiscal_year": 2024,
        "form": "10-K",
        "filed": "2025-02-26",
        "unit": "USD",
        "type": "annual"
      },
      "date_range": {
        "earliest": "2007-12-31",
        "latest": "2025-06-30"
      }
    },
    "IncreaseDecreaseInOtherOperatingAssets": {
      "taxonomy": "us-gaap",
      "label": "Increase (Decrease) in Other Operating Assets",
      "description": "Amount of increase (decrease) in operating assets classified as other.",
      "available_units": [
        "USD"
      ],
      "data_points_count": 149,
      "latest_value": {
        "value": -92000000,
        "date": "2024-12-31",
        "fiscal_year": 2024,
        "form": "10-K",
        "filed": "2025-02-26",
        "unit": "USD",
        "type": "annual"
      },
      "date_range": {
        "earliest": "2007-12-31",
        "latest": "2025-06-30"
      }
    },
    "IndefiniteLivedIntangibleAssetsExcludingGoodwill": {
      "taxonomy": "us-gaap",
      "label": "Indefinite-lived Intangible Assets (Excluding Goodwill)",
      "description": "Amount of assets, excluding financial assets and goodwill, lacking physical substance and having a projected indefinite period of benefit.",
      "available_units": [
        "USD"
      ],
      "data_points_count": 9,
      "latest_value": {
        "value": 91000000,
        "date": "2024-12-31",
        "fiscal_year": 2024,
        "form": "10-K",
        "filed": "2025-02-26",
        "unit": "USD",
        "type": "annual"
      },
      "date_range": {
        "earliest": "2017-12-31",
        "latest": "2024-12-31"
      }
    },
    "IntangibleAssetsNetExcludingGoodwill": {
      "taxonomy": "us-gaap",
      "label": "Intangible Assets, Net (Excluding Goodwill)",
      "description": "Sum of the carrying amounts of all intangible assets, excluding goodwill, as of the balance sheet date, net of accumulated amortization and impairment charges.",
      "available_units": [
        "USD"
      ],
      "data_points_count": 92,
      "latest_value": {
        "value": 7743000000,
        "date": "2024-12-31",
        "fiscal_year": 2024,
        "form": "10-K",
        "filed": "2025-02-26",
        "unit": "USD",
        "type": "annual"
      },
      "date_range": {
        "earliest": "2010-12-31",
        "latest": "2025-06-30"
      }
    },
    "LeaseAndRentalExpense": {
      "taxonomy": "us-gaap",
      "label": "Operating Leases, Rent Expense",
      "description": "Amount of rent expense incurred for leased assets, including but not limited to, furniture and equipment, that is not directly or indirectly associated with the manufacture, sale or creation of a product or product line.",
      "available_units": [
        "USD"
      ],
      "data_points_count": 33,
      "latest_value": {
        "value": 146000000,
        "date": "2018-12-31",
        "fiscal_year": 2018,
        "form": "10-K",
        "filed": "2019-02-22",
        "unit": "USD",
        "type": "annual"
      },
      "date_range": {
        "earliest": "2008-12-31",
        "latest": "2018-12-31"
      }
    },
    "Liabilities": {
      "taxonomy": "us-gaap",
      "label": "Liabilities",
      "description": "Sum of the carrying amounts as of the balance sheet date of all liabilities that are recognized. Liabilities are probable future sacrifices of economic benefits arising from present obligations of an entity to transfer assets or provide services to other entities in the future.",
      "available_units": [
        "USD"
      ],
      "data_points_count": 132,
      "latest_value": {
        "value": 431468000000,
        "date": "2024-12-31",
        "fiscal_year": 2024,
        "form": "10-K",
        "filed": "2025-02-26",
        "unit": "USD",
        "type": "annual"
      },
      "date_range": {
        "earliest": "2008-12-31",
        "latest": "2025-06-30"
      }
    },
    "OccupancyNet": {
      "taxonomy": "us-gaap",
      "label": "Occupancy, Net",
      "description": "Amount of net occupancy expense that may include items, such as depreciation of facilities and equipment, lease expenses, property taxes and property and casualty insurance expense.",
      "available_units": [
        "USD"
      ],
      "data_points_count": 215,
      "latest_value": {
        "value": 1060000000,
        "date": "2024-12-31",
        "fiscal_year": 2024,
        "form": "10-K",
        "filed": "2025-02-26",
        "unit": "USD",
        "type": "annual"
      },
      "date_range": {
        "earliest": "2007-12-31",
        "latest": "2025-06-30"
      }
    },
    "OperatingLeaseRightOfUseAsset": {
      "taxonomy": "us-gaap",
      "label": "Operating Lease, Right-of-Use Asset",
      "description": "Amount of lessee's right to use underlying asset under operating lease.",
      "available_units": [
        "USD"
      ],
      "data_points_count": 14,
      "latest_value": {
        "value": 591000000,
        "date": "2024-12-31",
        "fiscal_year": 2024,
        "form": "10-K",
        "filed": "2025-02-26",
        "unit": "USD",
        "type": "annual"
      },
      "date_range": {
        "earliest": "2019-03-31",
        "latest": "2024-12-31"
      }
    },
    "OperatingLeasesFutureMinimumPaymentsDueFutureMinimumSubleaseRentals": {
      "taxonomy": "us-gaap",
      "label": "Operating Leases, Future Minimum Payments Due, Future Minimum Sublease Rentals",
      "description": "Contractually required future rental payments receivable on noncancelable subleasing arrangements.",
      "available_units": [
        "USD"
      ],
      "data_points_count": 14,
      "latest_value": {
        "value": 15000000,
        "date": "2018-12-31",
        "fiscal_year": 2018,
        "form": "10-K",
        "filed": "2019-02-22",
        "unit": "USD",
        "type": "annual"
      },
      "date_range": {
        "earliest": "2010-12-31",
        "latest": "2018-12-31"
      }
    },
    "OtherAssets": {
      "taxonomy": "us-gaap",
      "label": "Other Assets",
      "description": "Amount of assets classified as other.",
      "available_units": [
        "USD"
      ],
      "data_points_count": 137,
      "latest_value": {
        "value": 14031000000,
        "date": "2024-12-31",
        "fiscal_year": 2024,
        "form": "10-K",
        "filed": "2025-02-26",
        "unit": "USD",
        "type": "annual"
      },
      "date_range": {
        "earliest": "2008-12-31",
        "latest": "2025-06-30"
      }
    },
    "OtherAssetsMiscellaneous": {
      "taxonomy": "us-gaap",
      "label": "Other Assets, Miscellaneous",
      "description": "Amount of other miscellaneous assets.",
      "available_units": [
        "USD"
      ],
      "data_points_count": 30,
      "latest_value": {
        "value": 739000000,
        "date": "2024-12-31",
        "fiscal_year": 2024,
        "form": "10-K",
        "filed": "2025-02-26",
        "unit": "USD",
        "type": "annual"
      },
      "date_range": {
        "earliest": "2010-12-31",
        "latest": "2024-12-31"
      }
    },
    "OtherReceivablesFromBrokerDealersAndClearingOrganizations": {
      "taxonomy": "us-gaap",
      "label": "Other Receivables from Broker-Dealers and Clearing Organizations",
      "description": "Amount of other receivables due from broker-dealers or clearing organizations.",
      "available_units": [
        "USD"
      ],
      "data_points_count": 16,
      "latest_value": {
        "value": 35000000,
        "date": "2024-12-31",
        "fiscal_year": 2024,
        "form": "10-K",
        "filed": "2025-02-26",
        "unit": "USD",
        "type": "annual"
      },
      "date_range": {
        "earliest": "2018-12-31",
        "latest": "2025-06-30"
      }
    },
    "PrepaidExpenseCurrentAndNoncurrent": {
      "taxonomy": "us-gaap",
      "label": "Prepaid Expense",
      "description": "Carrying amount as of the balance sheet date of expenditures made in advance of when the economic benefit of the cost will be realized, and which will be expensed in future periods with the passage of time or when a triggering event occurs.",
      "available_units": [
        "USD"
      ],
      "data_points_count": 20,
      "latest_value": {
        "value": 122000000,
        "date": "2018-12-31",
        "fiscal_year": 2018,
        "form": "10-K",
        "filed": "2019-02-22",
        "unit": "USD",
        "type": "annual"
      },
      "date_range": {
        "earliest": "2009-12-31",
        "latest": "2018-12-31"
      }
    },
    "PrepaidRent": {
      "taxonomy": "us-gaap",
      "label": "Prepaid Rent",
      "description": "Amount of asset related to consideration paid in advance for rent that provides economic benefits within a future period of one year or the normal operating cycle, if longer.",
      "available_units": [
        "USD"
      ],
      "data_points_count": 6,
      "latest_value": {
        "value": 2634000000,
        "date": "2019-01-01",
        "fiscal_year": 2019,
        "fiscal_period": "Q1",
        "form": "10-Q",
        "filed": "2019-05-08",
        "unit": "USD",
        "type": "quarterly"
      },
      "date_range": {
        "earliest": "2018-12-31",
        "latest": "2019-01-01"
      }
    },
    "PropertyPlantAndEquipmentGross": {
      "taxonomy": "us-gaap",
      "label": "Property, Plant and Equipment, Gross",
      "description": "Amount before accumulated depreciation, depletion and amortization of physical assets used in the normal conduct of business and not intended for resale. Examples include, but are not limited to, land, buildings, machinery and equipment, office equipment, and furniture and fixtures.",
      "available_units": [
        "USD"
      ],
      "data_points_count": 24,
      "latest_value": {
        "value": 5550000000,
        "date": "2020-12-31",
        "fiscal_year": 2020,
        "form": "10-K",
        "filed": "2021-02-24",
        "unit": "USD",
        "type": "annual"
      },
      "date_range": {
        "earliest": "2009-12-31",
        "latest": "2020-12-31"
      }
    },
    "PropertyPlantAndEquipmentNet": {
      "taxonomy": "us-gaap",
      "label": "Property, Plant and Equipment, Net",
      "description": "Amount after accumulated depreciation, depletion and amortization of physical assets used in the normal conduct of business to produce goods and services and not intended for resale. Examples include, but are not limited to, land, buildings, machinery and equipment, office equipment, and furniture and fixtures.",
      "available_units": [
        "USD"
      ],
      "data_points_count": 114,
      "latest_value": {
        "value": 2883000000,
        "date": "2020-12-31",
        "fiscal_year": 2020,
        "form": "10-K",
        "filed": "2021-02-24",
        "unit": "USD",
        "type": "annual"
      },
      "date_range": {
        "earliest": "2008-12-31",
        "latest": "2023-09-30"
      }
    },
    "ReceivablesFromCustomers": {
      "taxonomy": "us-gaap",
      "label": "Receivables from Customers",
      "description": "Amount due from customers for fees and charges arising from transactions related to the entity's brokerage activities and operations.",
      "available_units": [
        "USD"
      ],
      "data_points_count": 112,
      "latest_value": {
        "value": 85374000000,
        "date": "2024-12-31",
        "fiscal_year": 2024,
        "form": "10-K",
        "filed": "2025-02-26",
        "unit": "USD",
        "type": "annual"
      },
      "date_range": {
        "earliest": "2010-12-31",
        "latest": "2025-06-30"
      }
    },
    "RestructuringAndRelatedCostIncurredCost": {
      "taxonomy": "us-gaap",
      "label": "Restructuring and Related Cost, Incurred Cost",
      "description": "Discloses the amount charged against the accrued restructuring reserves, or earnings if not previously accrued, during the period for the specified type of restructuring cost.",
      "available_units": [
        "USD"
      ],
      "data_points_count": 15,
      "latest_value": {
        "value": 25000000,
        "date": "2022-12-31",
        "fiscal_year": 2022,
        "form": "10-K",
        "filed": "2023-02-24",
        "unit": "USD",
        "type": "annual"
      },
      "date_range": {
        "earliest": "2020-12-31",
        "latest": "2023-06-30"
      }
    },
    "RestructuringCharges": {
      "taxonomy": "us-gaap",
      "label": "Restructuring Charges",
      "description": "Amount of expenses associated with exit or disposal activities pursuant to an authorized plan. Excludes expenses related to a discontinued operation or an asset retirement obligation.",
      "available_units": [
        "USD"
      ],
      "data_points_count": 21,
      "latest_value": {
        "value": 328000000,
        "date": "2022-12-31",
        "fiscal_year": 2022,
        "form": "10-K",
        "filed": "2023-02-24",
        "unit": "USD",
        "type": "annual"
      },
      "date_range": {
        "earliest": "2020-12-31",
        "latest": "2023-06-30"
      }
    },
    "SeniorNotes": {
      "taxonomy": "us-gaap",
      "label": "Senior Notes",
      "description": "Including the current and noncurrent portions, carrying value as of the balance sheet date of Notes with the highest claim on the assets of the issuer in case of bankruptcy or liquidation (with maturities initially due after one year or beyond the operating cycle if longer). Senior note holders are paid off in full before any payments are made to junior note holders.",
      "available_units": [
        "USD"
      ],
      "data_points_count": 64,
      "latest_value": {
        "value": 9881000000,
        "date": "2020-12-31",
        "fiscal_year": 2020,
        "form": "10-K",
        "filed": "2021-02-24",
        "unit": "USD",
        "type": "annual"
      },
      "date_range": {
        "earliest": "2009-12-31",
        "latest": "2020-12-31"
      }
    },
    "TangibleCapitalRequiredForCapitalAdequacyToTangibleAssets": {
      "taxonomy": "us-gaap",
      "label": "Banking Regulation, Tangible Capital Ratio, Capital Adequacy, Minimum",
      "description": "Ratio of minimum tangible capital to tangible assets required for capital adequacy as defined by regulatory framework.",
      "available_units": [
        "pure"
      ],
      "data_points_count": 26,
      "latest_value": {
        "value": 0.02,
        "date": "2014-12-31",
        "fiscal_year": 2014,
        "form": "10-K",
        "filed": "2015-02-23",
        "unit": "pure",
        "type": "annual"
      },
      "date_range": {
        "earliest": "2009-12-31",
        "latest": "2014-12-31"
      }
    },
    "TangibleCapitalToTangibleAssets": {
      "taxonomy": "us-gaap",
      "label": "Banking Regulation, Tangible Capital Ratio, Actual",
      "description": "Ratio of tangible capital to tangible assets as defined by regulatory framework.",
      "available_units": [
        "pure"
      ],
      "data_points_count": 26,
      "latest_value": {
        "value": 0.069,
        "date": "2014-12-31",
        "fiscal_year": 2014,
        "form": "10-K",
        "filed": "2015-02-23",
        "unit": "pure",
        "type": "annual"
      },
      "date_range": {
        "earliest": "2009-12-31",
        "latest": "2014-12-31"
      }
    },
    "TaxCutsAndJobsActOf2017IncompleteAccountingChangeInTaxRateDeferredTaxAssetProvisionalIncomeTaxExpense": {
      "taxonomy": "us-gaap",
      "label": "Tax Cuts and Jobs Act, Incomplete Accounting, Change in Tax Rate, Deferred Tax Asset, Provisional Income Tax Expense (Deprecated 2020-01-31)",
      "description": "Amount of reasonable estimate for income tax expense for which accounting for tax effect for remeasurement of deferred tax asset from change in tax rate is incomplete pursuant to Tax Cuts and Jobs Act.",
      "available_units": [
        "USD"
      ],
      "data_points_count": 1,
      "latest_value": {
        "value": 46000000,
        "date": "2017-12-31",
        "fiscal_year": 2019,
        "form": "10-K",
        "filed": "2020-02-26",
        "unit": "USD",
        "type": "annual"
      },
      "date_range": {
        "earliest": "2017-12-31",
        "latest": "2017-12-31"
      }
    },
    "TierOneLeverageCapitalRequiredForCapitalAdequacyToAverageAssets": {
      "taxonomy": "us-gaap",
      "label": "Banking Regulation, Tier One Leverage Capital Ratio, Capital Adequacy, Minimum",
      "description": "Ratio of minimum Tier 1 leverage capital to average assets required for capital adequacy as defined by regulatory framework.",
      "available_units": [
        "pure"
      ],
      "data_points_count": 26,
      "latest_value": {
        "value": 0.04,
        "date": "2014-12-31",
        "fiscal_year": 2014,
        "form": "10-K",
        "filed": "2015-02-23",
        "unit": "pure",
        "type": "annual"
      },
      "date_range": {
        "earliest": "2009-12-31",
        "latest": "2014-12-31"
      }
    },
    "TierOneLeverageCapitalRequiredToBeWellCapitalizedToAverageAssets": {
      "taxonomy": "us-gaap",
      "label": "Banking Regulation, Tier One Leverage Capital Ratio, Well Capitalized, Minimum",
      "description": "Ratio of minimum Tier 1 leverage capital to average assets categorized as well capitalized as defined by regulatory framework for prompt corrective action.",
      "available_units": [
        "pure"
      ],
      "data_points_count": 26,
      "latest_value": {
        "value": 0.05,
        "date": "2014-12-31",
        "fiscal_year": 2014,
        "form": "10-K",
        "filed": "2015-02-23",
        "unit": "pure",
        "type": "annual"
      },
      "date_range": {
        "earliest": "2009-12-31",
        "latest": "2014-12-31"
      }
    },
    "TierOneLeverageCapitalToAverageAssets": {
      "taxonomy": "us-gaap",
      "label": "Banking Regulation, Tier One Leverage Capital Ratio, Actual",
      "description": "Ratio of Tier 1 capital to average assets as defined by regulatory framework.",
      "available_units": [
        "pure"
      ],
      "data_points_count": 26,
      "latest_value": {
        "value": 0.069,
        "date": "2014-12-31",
        "fiscal_year": 2014,
        "form": "10-K",
        "filed": "2015-02-23",
        "unit": "pure",
        "type": "annual"
      },
      "date_range": {
        "earliest": "2009-12-31",
        "latest": "2014-12-31"
      }
    },
    "TierOneRiskBasedCapitalRequiredForCapitalAdequacyToRiskWeightedAssets": {
      "taxonomy": "us-gaap",
      "label": "Banking Regulation, Tier One Risk-Based Capital Ratio, Capital Adequacy, Minimum",
      "description": "Ratio of minimum Tier 1 risk-based capital to risk-weighted assets required for capital adequacy as defined by regulatory framework.",
      "available_units": [
        "pure"
      ],
      "data_points_count": 26,
      "latest_value": {
        "value": 0.04,
        "date": "2014-12-31",
        "fiscal_year": 2014,
        "form": "10-K",
        "filed": "2015-02-23",
        "unit": "pure",
        "type": "annual"
      },
      "date_range": {
        "earliest": "2009-12-31",
        "latest": "2014-12-31"
      }
    },
    "TierOneRiskBasedCapitalRequiredToBeWellCapitalizedToRiskWeightedAssets": {
      "taxonomy": "us-gaap",
      "label": "Banking Regulation, Tier One Risk-Based Capital Ratio, Well Capitalized, Minimum",
      "description": "Ratio of minimum Tier 1 risk-based capital to risk-weighted assets categorized as well capitalized as defined by regulatory framework for prompt corrective action.",
      "available_units": [
        "pure"
      ],
      "data_points_count": 26,
      "latest_value": {
        "value": 0.06,
        "date": "2014-12-31",
        "fiscal_year": 2014,
        "form": "10-K",
        "filed": "2015-02-23",
        "unit": "pure",
        "type": "annual"
      },
      "date_range": {
        "earliest": "2009-12-31",
        "latest": "2014-12-31"
      }
    },
    "TierOneRiskBasedCapitalToRiskWeightedAssets": {
      "taxonomy": "us-gaap",
      "label": "Banking Regulation, Tier One Risk-Based Capital Ratio, Actual",
      "description": "Ratio of Tier 1 risk-based capital to risk-weighted assets as defined by regulatory framework.",
      "available_units": [
        "pure"
      ],
      "data_points_count": 26,
      "latest_value": {
        "value": 0.221,
        "date": "2014-12-31",
        "fiscal_year": 2014,
        "form": "10-K",
        "filed": "2015-02-23",
        "unit": "pure",
        "type": "annual"
      },
      "date_range": {
        "earliest": "2009-12-31",
        "latest": "2014-12-31"
      }
    },
    "UnrecognizedTaxBenefitsIncomeTaxPenaltiesAndInterestAccrued": {
      "taxonomy": "us-gaap",
      "label": "Unrecognized Tax Benefits, Income Tax Penalties and Interest Accrued",
      "description": "Amount accrued for interest on an underpayment of income taxes and penalties related to a tax position claimed or expected to be claimed in the tax return.",
      "available_units": [
        "USD"
      ],
      "data_points_count": 20,
      "latest_value": {
        "value": 81000000,
        "date": "2024-12-31",
        "fiscal_year": 2024,
        "form": "10-K",
        "filed": "2025-02-26",
        "unit": "USD",
        "type": "annual"
      },
      "date_range": {
        "earliest": "2014-12-31",
        "latest": "2024-12-31"
      }
    },
    "FinanceLeaseRightOfUseAsset": {
      "taxonomy": "us-gaap",
      "label": "Finance Lease, Right-of-Use Asset, after Accumulated Amortization",
      "description": "Amount, after accumulated amortization, of right-of-use asset from finance lease.",
      "available_units": [
        "USD"
      ],
      "data_points_count": 7,
      "latest_value": {
        "value": 47000000,
        "date": "2024-12-31",
        "fiscal_year": 2024,
        "form": "10-K",
        "filed": "2025-02-26",
        "unit": "USD",
        "type": "annual"
      },
      "date_range": {
        "earliest": "2021-12-31",
        "latest": "2024-12-31"
      }
    },
    "InterestIncomeOther": {
      "taxonomy": "us-gaap",
      "label": "Interest Income, Other",
      "description": "Amount of interest income earned from interest bearing assets classified as other.",
      "available_units": [
        "USD"
      ],
      "data_points_count": 48,
      "latest_value": {
        "value": 136000000,
        "date": "2024-12-31",
        "fiscal_year": 2024,
        "form": "10-K",
        "filed": "2025-02-26",
        "unit": "USD",
        "type": "annual"
      },
      "date_range": {
        "earliest": "2019-12-31",
        "latest": "2025-06-30"
      }
    },
    "PropertyPlantAndEquipmentAndFinanceLeaseRightOfUseAssetAccumulatedDepreciationAndAmortization": {
      "taxonomy": "us-gaap",
      "label": "Property, Plant, and Equipment and Finance Lease Right-of-Use Asset, Accumulated Depreciation and Amortization",
      "description": "Amount of accumulated depreciation and amortization from plant, property, and equipment and right-of-use asset from finance lease.",
      "available_units": [
        "USD"
      ],
      "data_points_count": 8,
      "latest_value": {
        "value": 4459000000,
        "date": "2024-12-31",
        "fiscal_year": 2024,
        "form": "10-K",
        "filed": "2025-02-26",
        "unit": "USD",
        "type": "annual"
      },
      "date_range": {
        "earliest": "2020-12-31",
        "latest": "2024-12-31"
      }
    },
    "PropertyPlantAndEquipmentAndFinanceLeaseRightOfUseAssetAfterAccumulatedDepreciationAndAmortization": {
      "taxonomy": "us-gaap",
      "label": "Property, Plant, and Equipment and Finance Lease Right-of-Use Asset, after Accumulated Depreciation and Amortization",
      "description": "Amount, after accumulated depreciation and amortization, of property, plant, and equipment and finance lease right-of-use asset.",
      "available_units": [
        "USD"
      ],
      "data_points_count": 18,
      "latest_value": {
        "value": 3338000000,
        "date": "2024-12-31",
        "fiscal_year": 2024,
        "form": "10-K",
        "filed": "2025-02-26",
        "unit": "USD",
        "type": "annual"
      },
      "date_range": {
        "earliest": "2020-12-31",
        "latest": "2025-06-30"
      }
    },
    "PropertyPlantAndEquipmentAndFinanceLeaseRightOfUseAssetBeforeAccumulatedDepreciationAndAmortization": {
      "taxonomy": "us-gaap",
      "label": "Property, Plant, and Equipment and Finance Lease Right-of-Use Asset, before Accumulated Depreciation and Amortization",
      "description": "Amount, before accumulated depreciation and amortization, of property, plant, and equipment and finance lease right-of-use asset.",
      "available_units": [
        "USD"
      ],
      "data_points_count": 8,
      "latest_value": {
        "value": 7797000000,
        "date": "2024-12-31",
        "fiscal_year": 2024,
        "form": "10-K",
        "filed": "2025-02-26",
        "unit": "USD",
        "type": "annual"
      },
      "date_range": {
        "earliest": "2020-12-31",
        "latest": "2024-12-31"
      }
    },
    "HedgedAssetFairValueHedgeLastOfLayerCumulativeIncreaseDecrease": {
      "taxonomy": "us-gaap",
      "label": "Hedged Asset, Fair Value Hedge, Last-of-Layer, Cumulative Increase (Decrease)",
      "description": "Amount of cumulative increase (decrease) in fair value of hedged asset in fair value hedge, attributable to hedged risk, in last-of-layer hedging relationship.",
      "available_units": [
        "USD"
      ],
      "data_points_count": 15,
      "latest_value": {
        "value": -47000000,
        "date": "2024-12-31",
        "fiscal_year": 2024,
        "form": "10-K",
        "filed": "2025-02-26",
        "unit": "USD",
        "type": "annual"
      },
      "date_range": {
        "earliest": "2023-06-30",
        "latest": "2025-06-30"
      }
    },
    "OperatingLeaseImpairmentLoss": {
      "taxonomy": "us-gaap",
      "label": "Operating Lease, Impairment Loss",
      "description": "Amount of loss from impairment of right-of-use asset from operating lease.",
      "available_units": [
        "USD"
      ],
      "data_points_count": 2,
      "latest_value": {
        "value": 157000000,
        "date": "2023-12-31",
        "fiscal_year": 2023,
        "form": "10-K",
        "filed": "2024-02-23",
        "unit": "USD",
        "type": "annual"
      },
      "date_range": {
        "earliest": "2023-12-31",
        "latest": "2023-12-31"
      }
    },
    "HedgedAssetFairValueHedge": {
      "taxonomy": "us-gaap",
      "label": "Hedged Asset, Fair Value Hedge",
      "description": "Amount of asset hedged in fair value hedging relationship.",
      "available_units": [
        "USD"
      ],
      "data_points_count": 6,
      "latest_value": {
        "value": 15686000000,
        "date": "2024-12-31",
        "fiscal_year": 2024,
        "form": "10-K",
        "filed": "2025-02-26",
        "unit": "USD",
        "type": "annual"
      },
      "date_range": {
        "earliest": "2023-12-31",
        "latest": "2025-06-30"
      }
    },
    "HedgedAssetFairValueHedgeCumulativeIncreaseDecrease": {
      "taxonomy": "us-gaap",
      "label": "Hedged Asset, Fair Value Hedge, Cumulative Increase (Decrease)",
      "description": "Amount of cumulative increase (decrease) in fair value of hedged asset in fair value hedge, attributable to hedged risk.",
      "available_units": [
        "USD"
      ],
      "data_points_count": 2,
      "latest_value": {
        "value": 115000000,
        "date": "2025-06-30",
        "fiscal_year": 2025,
        "fiscal_period": "Q2",
        "form": "10-Q",
        "filed": "2025-08-08",
        "unit": "USD",
        "type": "quarterly"
      },
      "date_range": {
        "earliest": "2024-12-31",
        "latest": "2025-06-30"
      }
    }
  }
}