{
  "chunk_metadata": {
    "domain": "public",
    "CIK": "895421",
    "data_type": "SEC",
    "ticker": "MS",
    "chunk_name": "Loans & Credit",
    "chunk_id": "loans_credit",
    "company_name": "MORGAN STANLEY",
    "extraction_date": "2025-09-30T11:01:43.931857",
    "metrics_count": 122,
    "total_company_metrics": 0,
    "chunking_strategy": "context_aware_balanced"
  },
  "metrics": {
    "AccumulatedOtherComprehensiveIncomeLossDefinedBenefitPensionAndOtherPostretirementPlansNetOfTax": {
      "taxonomy": "us-gaap",
      "label": "Accumulated Other Comprehensive (Income) Loss, Defined Benefit Plan, after Tax",
      "description": "Amount, after tax, of accumulated other comprehensive (income) loss for defined benefit plan, that has not been recognized in net periodic benefit cost (credit).",
      "available_units": [
        "USD"
      ],
      "data_points_count": 6,
      "latest_value": {
        "value": 539000000,
        "date": "2012-12-31",
        "fiscal_year": 2012,
        "form": "10-K",
        "filed": "2013-02-26",
        "unit": "USD",
        "type": "annual"
      },
      "date_range": {
        "earliest": "2009-12-31",
        "latest": "2012-12-31"
      }
    },
    "AllowanceForLoanAndLeaseLossesAdjustmentsNet": {
      "taxonomy": "us-gaap",
      "label": "Allowance for Loan and Lease Losses, Adjustments, Other",
      "description": "Amount of other addition (reduction) in allowance reserve for credit loss.",
      "available_units": [
        "USD"
      ],
      "data_points_count": 2,
      "latest_value": {
        "value": 2000000,
        "date": "2017-06-30",
        "fiscal_year": 2017,
        "fiscal_period": "Q2",
        "form": "10-Q",
        "filed": "2017-08-03",
        "unit": "USD",
        "type": "quarterly"
      },
      "date_range": {
        "earliest": "2016-06-30",
        "latest": "2017-06-30"
      }
    },
    "AllowanceForLoanAndLeaseLossesLoansAcquired": {
      "taxonomy": "us-gaap",
      "label": "Allowance for Loan and Lease Losses, Loans Acquired",
      "description": "Amount of addition to allowance reserve for credit loss arising from purchase of loan and lease portfolios.",
      "available_units": [
        "USD"
      ],
      "data_points_count": 1,
      "latest_value": {
        "value": 51000000,
        "date": "2016-09-30",
        "fiscal_year": 2016,
        "fiscal_period": "Q3",
        "form": "10-Q",
        "filed": "2016-11-02",
        "unit": "USD",
        "type": "quarterly"
      },
      "date_range": {
        "earliest": "2016-09-30",
        "latest": "2016-09-30"
      }
    },
    "AllowanceForLoanAndLeaseLossesWriteOffs": {
      "taxonomy": "us-gaap",
      "label": "Allowance for Loan and Lease Losses, Write-offs",
      "description": "Amount of loans and leases that have been written off from both loan receivables and allowance reserve for credit loss.",
      "available_units": [
        "USD"
      ],
      "data_points_count": 19,
      "latest_value": {
        "value": 17000000,
        "date": "2016-12-31",
        "fiscal_year": 2016,
        "form": "10-K",
        "filed": "2017-02-27",
        "unit": "USD",
        "type": "annual"
      },
      "date_range": {
        "earliest": "2013-09-30",
        "latest": "2016-12-31"
      }
    },
    "AllowanceForLoanAndLeaseLossesWriteoffsNet": {
      "taxonomy": "us-gaap",
      "label": "Allowance for Loan and Lease Losses Write-offs, Net",
      "description": "Amount, after recoveries, of loans and leases that have been written-off.",
      "available_units": [
        "USD"
      ],
      "data_points_count": 24,
      "latest_value": {
        "value": 14000000,
        "date": "2016-12-31",
        "fiscal_year": 2016,
        "form": "10-K",
        "filed": "2017-02-27",
        "unit": "USD",
        "type": "annual"
      },
      "date_range": {
        "earliest": "2013-03-31",
        "latest": "2016-12-31"
      }
    },
    "AllowanceForNotesAndLoansReceivableNoncurrent": {
      "taxonomy": "us-gaap",
      "label": "Financing Receivable, Allowance for Credit Loss, Noncurrent",
      "description": "Amount of allowance for credit loss on financing receivable, classified as noncurrent.",
      "available_units": [
        "USD"
      ],
      "data_points_count": 18,
      "latest_value": {
        "value": 106000000,
        "date": "2012-12-31",
        "fiscal_year": 2012,
        "form": "10-K",
        "filed": "2013-02-26",
        "unit": "USD",
        "type": "annual"
      },
      "date_range": {
        "earliest": "2009-12-31",
        "latest": "2012-12-31"
      }
    },
    "AvailableForSaleSecuritiesIncomeTaxExpenseOnChangeInUnrealizedHoldingGainOrLoss": {
      "taxonomy": "us-gaap",
      "label": "Available-for-sale Securities, Income Tax Expense on Change in Unrealized Holding Gain (Loss) (Deprecated 2018-01-31)",
      "description": "This item represents the tax effects occurring during the period which are related to the net unrealized gain (loss) resulting from changes in the fair [carrying] value during the period of available-for-sale securities. Such tax affects would have been charged or credited directly to other comprehensive income or to related components of shareholders' equity.",
      "available_units": [
        "USD"
      ],
      "data_points_count": 53,
      "latest_value": {
        "value": -143000000,
        "date": "2015-12-31",
        "fiscal_year": 2015,
        "form": "10-K",
        "filed": "2016-02-23",
        "unit": "USD",
        "type": "annual"
      },
      "date_range": {
        "earliest": "2010-03-31",
        "latest": "2016-09-30"
      }
    },
    "CashFlowsBetweenSecuritizationSpecialPurposeEntitySPEAndTransferorProceedsFromNewlySecuritizedAssets": {
      "taxonomy": "us-gaap",
      "label": "Cash Flows Between Securitization or Asset-backed Financing Arrangement Special Purpose Entity (SPE) and Transferor, Proceeds from Newly Securitized Assets (Deprecated 2009-01-31)",
      "description": "The amount of proceeds from new securitizations or asset-backed financing arrangements during this reporting period for this class of securitization or asset-backed financing arrangement.",
      "available_units": [
        "USD"
      ],
      "data_points_count": 5,
      "latest_value": {
        "value": 25600000000,
        "date": "2010-12-31",
        "fiscal_year": 2010,
        "form": "10-K",
        "filed": "2011-02-28",
        "unit": "USD",
        "type": "annual"
      },
      "date_range": {
        "earliest": "2008-12-31",
        "latest": "2010-12-31"
      }
    },
    "CashFlowsBetweenSecuritizationSpecialPurposeEntitySPEAndTransferorServicingAdvances": {
      "taxonomy": "us-gaap",
      "label": "Cash Flows Between Securitization or Asset-backed Financing Arrangement Special Purpose Entity (SPE) and Transferor, Servicing Advances (Deprecated 2009-01-31)",
      "description": "The amount of cash outflow used for servicing in advance of the completion of the securitization or asset-backed financing arrangement.",
      "available_units": [
        "USD"
      ],
      "data_points_count": 2,
      "latest_value": {
        "value": 10000000,
        "date": "2010-12-31",
        "fiscal_year": 2010,
        "form": "10-K",
        "filed": "2011-02-28",
        "unit": "USD",
        "type": "annual"
      },
      "date_range": {
        "earliest": "2009-12-31",
        "latest": "2010-12-31"
      }
    },
    "CashFlowsBetweenTransfereeAndTransferorProceedsFromNewTransfers": {
      "taxonomy": "us-gaap",
      "label": "Cash Flows Between Transferor and Transferee, Proceeds from New Transfers",
      "description": "Cash Flows between a transferor and a transferee attributable to newly transferred assets related to either a securitization, asset-backed financing arrangement, or similar transfer in which the transferor has continuing involvement with the transferred financial assets underlying the transaction (including, but not limited to, servicing, recourse, and restrictions on transferor's interests in the transferred financial assets).",
      "available_units": [
        "USD"
      ],
      "data_points_count": 155,
      "latest_value": {
        "value": 36326000000,
        "date": "2024-12-31",
        "fiscal_year": 2024,
        "form": "10-K",
        "filed": "2025-02-21",
        "unit": "USD",
        "type": "annual"
      },
      "date_range": {
        "earliest": "2009-12-31",
        "latest": "2025-06-30"
      }
    },
    "CashFlowsBetweenTransfereeAndTransferorReceiptsOnInterestsThatContinueToBeHeldOther": {
      "taxonomy": "us-gaap",
      "label": "Cash Flows Between Transferor and Transferee, Receipts on Transferor's Interest in Transferred Financial Assets, Other",
      "description": "Cash flows between transferor and a transferee attributable to the transferor's interests related to a securitization, asset-backed financing arrangement, or similar transfer in which the transferor will have continuing involvement with the transferred financial assets underlying the transaction (including, but not limited to, servicing, recourse, and restrictions on transferor's interests in the transferred financial assets).",
      "available_units": [
        "USD"
      ],
      "data_points_count": 96,
      "latest_value": {
        "value": 7956000000,
        "date": "2024-12-31",
        "fiscal_year": 2024,
        "form": "10-K",
        "filed": "2025-02-21",
        "unit": "USD",
        "type": "annual"
      },
      "date_range": {
        "earliest": "2014-12-31",
        "latest": "2025-06-30"
      }
    },
    "CashFlowsBetweenTransfereeAndTransferorServicingFeeAdvances": {
      "taxonomy": "us-gaap",
      "label": "Cash Flows Between Transferor and Transferee, Servicing Fee Advances",
      "description": "Cash flows between transferor and transferee in payment of service fees in advance, prior to or in contemplation of a securitization, asset-backed financing arrangement, or similar transfer in which the transferor will have continuing involvement with the transferred financial assets underlying the transaction (including, but not limited to, servicing, recourse, and restrictions on transferor's interests in the transferred financial assets).",
      "available_units": [
        "USD"
      ],
      "data_points_count": 20,
      "latest_value": {
        "value": 49000000,
        "date": "2012-12-31",
        "fiscal_year": 2012,
        "form": "10-K",
        "filed": "2013-02-26",
        "unit": "USD",
        "type": "annual"
      },
      "date_range": {
        "earliest": "2010-12-31",
        "latest": "2013-06-30"
      }
    },
    "CollateralAlreadyPostedAggregateFairValue": {
      "taxonomy": "us-gaap",
      "label": "Collateral Already Posted, Aggregate Fair Value",
      "description": "The aggregate fair value of assets that are already posted, at the end of the reporting period, as collateral for derivative instruments with credit-risk-related contingent features.",
      "available_units": [
        "USD"
      ],
      "data_points_count": 103,
      "latest_value": {
        "value": 16252000000,
        "date": "2024-12-31",
        "fiscal_year": 2024,
        "form": "10-K",
        "filed": "2025-02-21",
        "unit": "USD",
        "type": "annual"
      },
      "date_range": {
        "earliest": "2009-12-31",
        "latest": "2025-06-30"
      }
    },
    "CommitmentsFairValueDisclosure": {
      "taxonomy": "us-gaap",
      "label": "Commitments, Fair Value Disclosure",
      "description": "Fair value portion of arrangements with third parties, including, but not limited to, operating lease arrangement and arrangement in which the entity has agreed to expend funds to procure goods or services, or has agreed to commit resources to supply goods or services.",
      "available_units": [
        "USD"
      ],
      "data_points_count": 9,
      "latest_value": {
        "value": 115612000000,
        "date": "2011-12-31",
        "fiscal_year": 2011,
        "form": "10-K",
        "filed": "2012-02-27",
        "unit": "USD",
        "type": "annual"
      },
      "date_range": {
        "earliest": "2010-06-30",
        "latest": "2012-06-30"
      }
    },
    "CreditDerivativeMaximumExposureUndiscounted": {
      "taxonomy": "us-gaap",
      "label": "Credit Derivative, Maximum Exposure, Undiscounted",
      "description": "Maximum potential amount of future undiscounted payments that could be required under the credit derivative, before reduction for potential recoveries under recourse or collateralization provisions.",
      "available_units": [
        "USD"
      ],
      "data_points_count": 21,
      "latest_value": {
        "value": 1926000000,
        "date": "2012-12-31",
        "fiscal_year": 2012,
        "form": "10-K",
        "filed": "2013-02-26",
        "unit": "USD",
        "type": "annual"
      },
      "date_range": {
        "earliest": "2009-12-31",
        "latest": "2013-09-30"
      }
    },
    "DeferredIncomeTaxesAndTaxCredits": {
      "taxonomy": "us-gaap",
      "label": "Deferred Income Taxes and Tax Credits",
      "description": "Amount of deferred income tax expense (benefit) and income tax credits.",
      "available_units": [
        "USD"
      ],
      "data_points_count": 46,
      "latest_value": {
        "value": 152000000,
        "date": "2024-12-31",
        "fiscal_year": 2024,
        "form": "10-K",
        "filed": "2025-02-21",
        "unit": "USD",
        "type": "annual"
      },
      "date_range": {
        "earliest": "2009-12-31",
        "latest": "2024-12-31"
      }
    },
    "DeferredTaxAssetsTaxCreditCarryforwards": {
      "taxonomy": "us-gaap",
      "label": "Deferred Tax Assets, Tax Credit Carryforwards",
      "description": "Amount, before allocation of a valuation allowances, of deferred tax assets attributable to deductible tax credit carryforwards including, but not limited to, research, foreign, general business, alternative minimum tax, and other deductible tax credit carryforwards.",
      "available_units": [
        "USD"
      ],
      "data_points_count": 15,
      "latest_value": {
        "value": 465000000,
        "date": "2016-12-31",
        "fiscal_year": 2016,
        "form": "10-K",
        "filed": "2017-02-27",
        "unit": "USD",
        "type": "annual"
      },
      "date_range": {
        "earliest": "2009-12-31",
        "latest": "2016-12-31"
      }
    },
    "DefinedBenefitPlanAmortizationOfGainsLosses": {
      "taxonomy": "us-gaap",
      "label": "Defined Benefit Plan, Amortization of Gain (Loss)",
      "description": "Amount of gain (loss) recognized in net periodic benefit (cost) credit of defined benefit plan.",
      "available_units": [
        "USD"
      ],
      "data_points_count": 72,
      "latest_value": {
        "value": -12000000,
        "date": "2017-09-30",
        "fiscal_year": 2017,
        "fiscal_period": "Q3",
        "form": "10-Q",
        "filed": "2017-11-03",
        "unit": "USD",
        "type": "quarterly"
      },
      "date_range": {
        "earliest": "2009-06-30",
        "latest": "2017-09-30"
      }
    },
    "DefinedBenefitPlanAmortizationOfPriorServiceCostCredit": {
      "taxonomy": "us-gaap",
      "label": "Defined Benefit Plan, Amortization of Prior Service Cost (Credit)",
      "description": "Amount of prior service cost (credit) recognized in net periodic benefit cost (credit) of defined benefit plan.",
      "available_units": [
        "USD"
      ],
      "data_points_count": 71,
      "latest_value": {
        "value": -12000000,
        "date": "2017-09-30",
        "fiscal_year": 2017,
        "fiscal_period": "Q3",
        "form": "10-Q",
        "filed": "2017-11-03",
        "unit": "USD",
        "type": "quarterly"
      },
      "date_range": {
        "earliest": "2009-06-30",
        "latest": "2017-09-30"
      }
    },
    "DefinedBenefitPlanExpectedReturnOnPlanAssets": {
      "taxonomy": "us-gaap",
      "label": "Defined Benefit Plan, Expected Return (Loss) on Plan Assets",
      "description": "Amount of expected return (loss) recognized in net periodic benefit (cost) credit, calculated based on expected long-term rate of return and market-related value of plan assets of defined benefit plan.",
      "available_units": [
        "USD"
      ],
      "data_points_count": 72,
      "latest_value": {
        "value": 87000000,
        "date": "2017-09-30",
        "fiscal_year": 2017,
        "fiscal_period": "Q3",
        "form": "10-Q",
        "filed": "2017-11-03",
        "unit": "USD",
        "type": "quarterly"
      },
      "date_range": {
        "earliest": "2009-06-30",
        "latest": "2017-09-30"
      }
    },
    "DefinedBenefitPlanNetPeriodicBenefitCost": {
      "taxonomy": "us-gaap",
      "label": "Defined Benefit Plan, Net Periodic Benefit Cost (Credit)",
      "description": "Amount of net periodic benefit cost (credit) for defined benefit plan.",
      "available_units": [
        "USD"
      ],
      "data_points_count": 72,
      "latest_value": {
        "value": 37000000,
        "date": "2017-09-30",
        "fiscal_year": 2017,
        "fiscal_period": "Q3",
        "form": "10-Q",
        "filed": "2017-11-03",
        "unit": "USD",
        "type": "quarterly"
      },
      "date_range": {
        "earliest": "2009-06-30",
        "latest": "2017-09-30"
      }
    },
    "DiscontinuedOperationProvisionForLossGainOnDisposalNetOfTax": {
      "taxonomy": "us-gaap",
      "label": "Discontinued Operation, Provision for Loss (Gain) on Disposal, Net of Tax",
      "description": "Amount after tax of (gain) loss recognized for the (reversal of write-down) write-down to fair value, less cost to sell, of a discontinued operation.",
      "available_units": [
        "USD"
      ],
      "data_points_count": 10,
      "latest_value": {
        "value": 0,
        "date": "2012-12-31",
        "fiscal_year": 2012,
        "form": "10-K",
        "filed": "2013-02-26",
        "unit": "USD",
        "type": "annual"
      },
      "date_range": {
        "earliest": "2009-12-31",
        "latest": "2012-12-31"
      }
    },
    "EffectiveIncomeTaxRateReconciliationTaxCredits": {
      "taxonomy": "us-gaap",
      "label": "Effective Income Tax Rate Reconciliation, Tax Credit, Percent",
      "description": "Percentage of the difference between reported income tax expense (benefit) and expected income tax expense (benefit) computed by applying the domestic federal statutory income tax rates to pretax income (loss) from continuing operations attributable to tax credits. Including, but not limited to, research credit, foreign tax credit, investment tax credit, and other tax credits.",
      "available_units": [
        "pure"
      ],
      "data_points_count": 46,
      "latest_value": {
        "value": 0.006,
        "date": "2024-12-31",
        "fiscal_year": 2024,
        "form": "10-K",
        "filed": "2025-02-21",
        "unit": "pure",
        "type": "annual"
      },
      "date_range": {
        "earliest": "2008-11-30",
        "latest": "2024-12-31"
      }
    },
    "ExcessTaxBenefitFromShareBasedCompensationFinancingActivities": {
      "taxonomy": "us-gaap",
      "label": "Excess Tax Benefit from Share-based Compensation, Financing Activities",
      "description": "Amount of cash inflow from realized tax benefit related to deductible compensation cost reported on the entity's tax return for equity instruments in excess of the compensation cost for those instruments recognized for financial reporting purposes.",
      "available_units": [
        "USD"
      ],
      "data_points_count": 71,
      "latest_value": {
        "value": 61000000,
        "date": "2016-12-31",
        "fiscal_year": 2016,
        "form": "10-K",
        "filed": "2017-02-27",
        "unit": "USD",
        "type": "annual"
      },
      "date_range": {
        "earliest": "2007-11-30",
        "latest": "2016-12-31"
      }
    },
    "FairValueOfAssetsAcquired": {
      "taxonomy": "us-gaap",
      "label": "Fair Value of Assets Acquired",
      "description": "The fair value of assets acquired in noncash investing or financing activities.",
      "available_units": [
        "USD"
      ],
      "data_points_count": 8,
      "latest_value": {
        "value": 500000000,
        "date": "2010-12-31",
        "fiscal_year": 2011,
        "form": "10-K",
        "filed": "2012-02-27",
        "unit": "USD",
        "type": "annual"
      },
      "date_range": {
        "earliest": "2009-06-30",
        "latest": "2010-12-31"
      }
    },
    "FairValueOptionAggregateDifferencesLoansAndLongTermReceivables": {
      "taxonomy": "us-gaap",
      "label": "Fair Value, Option, Aggregate Differences, Loans and Long-term Receivables",
      "description": "This item represents the difference between the aggregate fair value and the aggregate unpaid principal balance of loans and long-term receivables (other than securities categorized as trading, available-for-sale or held-to-maturity) that have contractual principal amounts and for which the fair value option has been elected.",
      "available_units": [
        "USD"
      ],
      "data_points_count": 116,
      "latest_value": {
        "value": 10207000000,
        "date": "2024-12-31",
        "fiscal_year": 2024,
        "form": "10-K",
        "filed": "2025-02-21",
        "unit": "USD",
        "type": "annual"
      },
      "date_range": {
        "earliest": "2010-12-31",
        "latest": "2025-06-30"
      }
    },
    "FairValueOptionLoansHeldAsAssetsAggregateAmountInNonaccrualStatus": {
      "taxonomy": "us-gaap",
      "label": "Fair Value, Option, Loans Held as Assets, Aggregate Amount in Nonaccrual Status",
      "description": "This item represents the aggregate fair value of loans held as assets that are in nonaccrual status for which the fair value option has been elected, if the entity's policy is to recognize interest income separately from other changes in fair value.",
      "available_units": [
        "USD"
      ],
      "data_points_count": 122,
      "latest_value": {
        "value": 647000000,
        "date": "2024-12-31",
        "fiscal_year": 2024,
        "form": "10-K",
        "filed": "2025-02-21",
        "unit": "USD",
        "type": "annual"
      },
      "date_range": {
        "earliest": "2009-12-31",
        "latest": "2025-06-30"
      }
    },
    "FinancialInstrumentsOwnedAndPledgedAsCollateralAmountNotEligibleToBeRepledgedByCounterparty": {
      "taxonomy": "us-gaap",
      "label": "Financial Instruments Owned and Pledged as Collateral, Amount Not Eligible to be Repledged by Counterparty",
      "description": "Fair value of financial instrument held by the entity for its own account (proprietary securities) for trading or investment purposes that are carried at fair value and pledged to counterparties as collateral for financing transactions where counterparty does not have the right to re-pledge such.",
      "available_units": [
        "USD"
      ],
      "data_points_count": 26,
      "latest_value": {
        "value": 32458000000,
        "date": "2021-12-31",
        "fiscal_year": 2021,
        "form": "10-K",
        "filed": "2022-02-24",
        "unit": "USD",
        "type": "annual"
      },
      "date_range": {
        "earliest": "2018-12-31",
        "latest": "2022-03-31"
      }
    },
    "FinancialInstrumentsOwnedCorporateEquitiesAtFairValue": {
      "taxonomy": "us-gaap",
      "label": "Financial Instruments, Owned, Corporate Equities, at Fair Value",
      "description": "The fair value as of the balance sheet date of firm holdings in corporate stocks (common and preferred), stock options, warrants and any other financial instrument which represents, or provides the ability to obtain, ownership rights in a corporation. Includes both pledged (to counterparties as collateral for financing transactions) and unpledged holdings.",
      "available_units": [
        "USD"
      ],
      "data_points_count": 32,
      "latest_value": {
        "value": 69427000000,
        "date": "2012-12-31",
        "fiscal_year": 2012,
        "form": "10-K",
        "filed": "2013-02-26",
        "unit": "USD",
        "type": "annual"
      },
      "date_range": {
        "earliest": "2008-11-30",
        "latest": "2012-12-31"
      }
    },
    "FinancialInstrumentsOwnedDerivativesAndOtherContractualAgreementsAtFairValue": {
      "taxonomy": "us-gaap",
      "label": "Financial Instruments, Owned, Derivatives and Other Contractual Agreements, at Fair Value",
      "description": "The fair value as of the balance sheet date of firm holdings in all assets resulting from contracts that meet the criteria of being accounted for as derivative instruments. Their value is derived from the values of one or more underlying assets, reference rates, or indices of asset values. Includes both pledged (to counterparties as collateral for financing transactions) and unpledged holdings.",
      "available_units": [
        "USD"
      ],
      "data_points_count": 32,
      "latest_value": {
        "value": 36197000000,
        "date": "2012-12-31",
        "fiscal_year": 2012,
        "form": "10-K",
        "filed": "2013-02-26",
        "unit": "USD",
        "type": "annual"
      },
      "date_range": {
        "earliest": "2008-11-30",
        "latest": "2012-12-31"
      }
    },
    "FinancialInstrumentsOwnedPhysicalCommoditiesAtFairValue": {
      "taxonomy": "us-gaap",
      "label": "Financial Instruments, Owned, Physical Commodities, at Fair Value",
      "description": "The fair value as of the balance sheet date of firm holdings in physical commodity contracts (for example, agricultural products, metals and energy). Includes both pledged (to counterparties as collateral for financing transactions) and unpledged holdings.",
      "available_units": [
        "USD"
      ],
      "data_points_count": 32,
      "latest_value": {
        "value": 7299000000,
        "date": "2012-12-31",
        "fiscal_year": 2012,
        "form": "10-K",
        "filed": "2013-02-26",
        "unit": "USD",
        "type": "annual"
      },
      "date_range": {
        "earliest": "2008-11-30",
        "latest": "2012-12-31"
      }
    },
    "FinancialInstrumentsOwnedPrincipalInvestmentsAtFairValue": {
      "taxonomy": "us-gaap",
      "label": "Financial Instruments, Owned, Principal Investments, at Fair Value",
      "description": "The fair value as of the balance sheet date of firm holdings in private equity, mezzanine, venture capital, merchant banking, real estate and special situations investments. Includes both pledged (to counterparties as collateral for financing transactions) and unpledged holdings.",
      "available_units": [
        "USD"
      ],
      "data_points_count": 54,
      "latest_value": {
        "value": 6651000000,
        "date": "2014-12-31",
        "fiscal_year": 2014,
        "form": "10-K",
        "filed": "2015-03-02",
        "unit": "USD",
        "type": "annual"
      },
      "date_range": {
        "earliest": "2008-11-30",
        "latest": "2015-09-30"
      }
    },
    "FinancingReceivableAllowanceForCreditLosses": {
      "taxonomy": "us-gaap",
      "label": "Financing Receivable, Allowance for Credit Loss",
      "description": "Amount of allowance for credit loss on financing receivable. Excludes allowance for financing receivable covered under loss sharing agreement.",
      "available_units": [
        "USD"
      ],
      "data_points_count": 138,
      "latest_value": {
        "value": 654000000,
        "date": "2021-12-31",
        "fiscal_year": 2021,
        "form": "10-K",
        "filed": "2022-02-24",
        "unit": "USD",
        "type": "annual"
      },
      "date_range": {
        "earliest": "2011-12-31",
        "latest": "2021-12-31"
      }
    },
    "FinancingReceivableAllowanceForCreditLossesCollectivelyEvaluatedForImpairment": {
      "taxonomy": "us-gaap",
      "label": "Financing Receivable, Allowance for Credit Losses, Collectively Evaluated for Impairment",
      "description": "The valuation allowance for financing receivables that are expected to be uncollectible that were collectively evaluated for impairment.",
      "available_units": [
        "USD"
      ],
      "data_points_count": 60,
      "latest_value": {
        "value": 318000000,
        "date": "2019-12-31",
        "fiscal_year": 2019,
        "form": "10-K",
        "filed": "2020-02-27",
        "unit": "USD",
        "type": "annual"
      },
      "date_range": {
        "earliest": "2012-12-31",
        "latest": "2019-12-31"
      }
    },
    "FinancingReceivableAllowanceForCreditLossesIndividuallyEvaluatedForImpairment1": {
      "taxonomy": "us-gaap",
      "label": "Financing Receivable, Allowance for Credit Losses, Individually Evaluated for Impairment",
      "description": "Amount of valuation allowance for financing receivables that are expected to be uncollectible that were individually evaluated for impairment.",
      "available_units": [
        "USD"
      ],
      "data_points_count": 60,
      "latest_value": {
        "value": 31000000,
        "date": "2019-12-31",
        "fiscal_year": 2019,
        "form": "10-K",
        "filed": "2020-02-27",
        "unit": "USD",
        "type": "annual"
      },
      "date_range": {
        "earliest": "2012-12-31",
        "latest": "2019-12-31"
      }
    },
    "FinancingReceivableAllowanceForCreditLossesRecovery": {
      "taxonomy": "us-gaap",
      "label": "Financing Receivable, Allowance for Credit Loss, Recovery",
      "description": "Amount of increase in allowance for credit loss on financing receivable from recovery.",
      "available_units": [
        "USD"
      ],
      "data_points_count": 57,
      "latest_value": {
        "value": 7000000,
        "date": "2022-12-31",
        "fiscal_year": 2022,
        "form": "10-K",
        "filed": "2023-02-24",
        "unit": "USD",
        "type": "annual"
      },
      "date_range": {
        "earliest": "2012-03-31",
        "latest": "2022-12-31"
      }
    },
    "FinancingReceivableAllowanceForCreditLossesWriteOffs": {
      "taxonomy": "us-gaap",
      "label": "Financing Receivable, Allowance for Credit Loss, Writeoff",
      "description": "Amount of writeoff of financing receivable, charged against allowance for credit loss.",
      "available_units": [
        "USD"
      ],
      "data_points_count": 52,
      "latest_value": {
        "value": 31000000,
        "date": "2022-12-31",
        "fiscal_year": 2022,
        "form": "10-K",
        "filed": "2023-02-24",
        "unit": "USD",
        "type": "annual"
      },
      "date_range": {
        "earliest": "2012-03-31",
        "latest": "2022-12-31"
      }
    },
    "FinancingReceivableAllowanceForCreditLossWriteoffAfterRecovery": {
      "taxonomy": "us-gaap",
      "label": "Financing Receivable, Allowance for Credit Loss, Writeoff, after Recovery",
      "description": "Amount, after recovery, of writeoff of financing receivable, charged against allowance for credit loss.",
      "available_units": [
        "USD"
      ],
      "data_points_count": 2,
      "latest_value": {
        "value": 54000000,
        "date": "2020-09-30",
        "fiscal_year": 2021,
        "fiscal_period": "Q3",
        "form": "10-Q",
        "filed": "2021-11-03",
        "unit": "USD",
        "type": "quarterly"
      },
      "date_range": {
        "earliest": "2020-06-30",
        "latest": "2020-09-30"
      }
    },
    "FinancingReceivableCollectivelyEvaluatedForImpairment": {
      "taxonomy": "us-gaap",
      "label": "Financing Receivable, Collectively Evaluated for Impairment",
      "description": "The balance of financing receivables that were collectively evaluated for impairment.",
      "available_units": [
        "USD"
      ],
      "data_points_count": 36,
      "latest_value": {
        "value": 81633000000,
        "date": "2016-12-31",
        "fiscal_year": 2016,
        "form": "10-K",
        "filed": "2017-02-27",
        "unit": "USD",
        "type": "annual"
      },
      "date_range": {
        "earliest": "2012-12-31",
        "latest": "2017-06-30"
      }
    },
    "FinancingReceivableIndividuallyEvaluatedForImpairment": {
      "taxonomy": "us-gaap",
      "label": "Financing Receivable, Individually Evaluated for Impairment",
      "description": "The balance of financing receivables that were individually evaluated for impairment.",
      "available_units": [
        "USD"
      ],
      "data_points_count": 36,
      "latest_value": {
        "value": 345000000,
        "date": "2016-12-31",
        "fiscal_year": 2016,
        "form": "10-K",
        "filed": "2017-02-27",
        "unit": "USD",
        "type": "annual"
      },
      "date_range": {
        "earliest": "2012-12-31",
        "latest": "2017-06-30"
      }
    },
    "FinancingReceivableNonaccrualNoAllowance": {
      "taxonomy": "us-gaap",
      "label": "Financing Receivable, Nonaccrual, No Allowance",
      "description": "Amount of financing receivable on nonaccrual status with no allowance for credit loss.",
      "available_units": [
        "USD"
      ],
      "data_points_count": 16,
      "latest_value": {
        "value": 117000000,
        "date": "2022-12-31",
        "fiscal_year": 2022,
        "form": "10-K",
        "filed": "2023-02-24",
        "unit": "USD",
        "type": "annual"
      },
      "date_range": {
        "earliest": "2019-12-31",
        "latest": "2022-12-31"
      }
    },
    "FinancingReceivableReclassificationToHeldForSale": {
      "taxonomy": "us-gaap",
      "label": "Financing Receivable, Reclassification to Held-for-sale",
      "description": "Amount of financing receivable reclassified to held-for-sale.",
      "available_units": [
        "USD"
      ],
      "data_points_count": 1,
      "latest_value": {
        "value": 492000000,
        "date": "2016-12-31",
        "fiscal_year": 2017,
        "form": "10-K",
        "filed": "2018-02-27",
        "unit": "USD",
        "type": "annual"
      },
      "date_range": {
        "earliest": "2016-12-31",
        "latest": "2016-12-31"
      }
    },
    "FinancingReceivableRecordedInvestmentNonaccrualStatus": {
      "taxonomy": "us-gaap",
      "label": "Financing Receivable, Nonaccrual",
      "description": "Amount of financing receivable on nonaccrual status.",
      "available_units": [
        "USD"
      ],
      "data_points_count": 16,
      "latest_value": {
        "value": 502000000,
        "date": "2022-12-31",
        "fiscal_year": 2022,
        "form": "10-K",
        "filed": "2023-02-24",
        "unit": "USD",
        "type": "annual"
      },
      "date_range": {
        "earliest": "2019-12-31",
        "latest": "2022-12-31"
      }
    },
    "ImpairedFinancingReceivableRecordedInvestment": {
      "taxonomy": "us-gaap",
      "label": "Impaired Financing Receivable, Recorded Investment",
      "description": "Amount of investment of impaired financing receivables with related allowance for credit losses and without a related allowance for credit losses.",
      "available_units": [
        "USD"
      ],
      "data_points_count": 23,
      "latest_value": {
        "value": 477000000,
        "date": "2019-12-31",
        "fiscal_year": 2019,
        "form": "10-K",
        "filed": "2020-02-27",
        "unit": "USD",
        "type": "annual"
      },
      "date_range": {
        "earliest": "2016-12-31",
        "latest": "2019-12-31"
      }
    },
    "ImpairedFinancingReceivableUnpaidPrincipalBalance": {
      "taxonomy": "us-gaap",
      "label": "Impaired Financing Receivable, Unpaid Principal Balance",
      "description": "Amount of unpaid principal balance of impaired financing receivables with related allowance for credit losses and without related allowance for credit losses.",
      "available_units": [
        "USD"
      ],
      "data_points_count": 51,
      "latest_value": {
        "value": 489000000,
        "date": "2019-12-31",
        "fiscal_year": 2019,
        "form": "10-K",
        "filed": "2020-02-27",
        "unit": "USD",
        "type": "annual"
      },
      "date_range": {
        "earliest": "2012-12-31",
        "latest": "2019-12-31"
      }
    },
    "ImpairedFinancingReceivableWithNoRelatedAllowanceRecordedInvestment": {
      "taxonomy": "us-gaap",
      "label": "Impaired Financing Receivable, with No Related Allowance, Recorded Investment",
      "description": "Amount of investment in impaired financing receivables for which there is no related allowance for credit losses.",
      "available_units": [
        "USD"
      ],
      "data_points_count": 23,
      "latest_value": {
        "value": 124000000,
        "date": "2019-12-31",
        "fiscal_year": 2019,
        "form": "10-K",
        "filed": "2020-02-27",
        "unit": "USD",
        "type": "annual"
      },
      "date_range": {
        "earliest": "2016-12-31",
        "latest": "2019-12-31"
      }
    },
    "ImpairedFinancingReceivableWithNoRelatedAllowanceUnpaidPrincipalBalance": {
      "taxonomy": "us-gaap",
      "label": "Impaired Financing Receivable, with No Related Allowance, Unpaid Principal Balance",
      "description": "Amount of unpaid principal balance of impaired financing receivables for which there is no related allowance for credit losses.",
      "available_units": [
        "USD"
      ],
      "data_points_count": 28,
      "latest_value": {
        "value": 241000000,
        "date": "2016-12-31",
        "fiscal_year": 2016,
        "form": "10-K",
        "filed": "2017-02-27",
        "unit": "USD",
        "type": "annual"
      },
      "date_range": {
        "earliest": "2012-12-31",
        "latest": "2017-03-31"
      }
    },
    "ImpairedFinancingReceivableWithRelatedAllowanceRecordedInvestment": {
      "taxonomy": "us-gaap",
      "label": "Impaired Financing Receivable, with Related Allowance, Recorded Investment",
      "description": "Amount of investment in impaired financing receivables for which there is a related allowance for credit losses.",
      "available_units": [
        "USD"
      ],
      "data_points_count": 23,
      "latest_value": {
        "value": 353000000,
        "date": "2019-12-31",
        "fiscal_year": 2019,
        "form": "10-K",
        "filed": "2020-02-27",
        "unit": "USD",
        "type": "annual"
      },
      "date_range": {
        "earliest": "2016-12-31",
        "latest": "2019-12-31"
      }
    },
    "ImpairedFinancingReceivableWithRelatedAllowanceUnpaidPrincipalBalance": {
      "taxonomy": "us-gaap",
      "label": "Impaired Financing Receivable, with Related Allowance, Unpaid Principal Balance",
      "description": "Unpaid principal balance of impaired financing receivables for which there is a related allowance for credit losses.",
      "available_units": [
        "USD"
      ],
      "data_points_count": 28,
      "latest_value": {
        "value": 104000000,
        "date": "2016-12-31",
        "fiscal_year": 2016,
        "form": "10-K",
        "filed": "2017-02-27",
        "unit": "USD",
        "type": "annual"
      },
      "date_range": {
        "earliest": "2012-12-31",
        "latest": "2017-03-31"
      }
    },
    "InterestAndFeeIncomeLoansAndLeases": {
      "taxonomy": "us-gaap",
      "label": "Interest and Fee Income, Loans and Leases",
      "description": "The aggregate interest and fee income generated by: (1) loans the Entity has positive intent and ability to hold for the foreseeable future, or until maturity or payoff, including commercial and consumer loans, whether domestic or foreign, which may consist of: (a) industrial and agricultural; (b) real estate; and (c) real estate construction loans; (d) trade financing; (e) lease financing; (f) home equity lines-of-credit; (g) automobile and other vehicle loans; and (h) credit card and other revolving-type loans and (2) loans and leases held-for-sale which may include mortgage loans, direct financing, and sales-type leases.",
      "available_units": [
        "USD"
      ],
      "data_points_count": 151,
      "latest_value": {
        "value": 13771000000,
        "date": "2024-12-31",
        "fiscal_year": 2024,
        "form": "10-K",
        "filed": "2025-02-21",
        "unit": "USD",
        "type": "annual"
      },
      "date_range": {
        "earliest": "2009-06-30",
        "latest": "2025-06-30"
      }
    },
    "InterestAndFeeIncomeOtherLoans": {
      "taxonomy": "us-gaap",
      "label": "Interest and Fee Income, Other Loans",
      "description": "Amount of interest and fee income from loans classified as other.",
      "available_units": [
        "USD"
      ],
      "data_points_count": 49,
      "latest_value": {
        "value": 1121000000,
        "date": "2013-12-31",
        "fiscal_year": 2013,
        "form": "10-K",
        "filed": "2014-02-25",
        "unit": "USD",
        "type": "annual"
      },
      "date_range": {
        "earliest": "2008-11-30",
        "latest": "2014-06-30"
      }
    },
    "LeaseCost": {
      "taxonomy": "us-gaap",
      "label": "Lease, Cost",
      "description": "Amount of lease cost recognized by lessee for lease contract.",
      "available_units": [
        "USD"
      ],
      "data_points_count": 20,
      "latest_value": {
        "value": 1092000000,
        "date": "2024-12-31",
        "fiscal_year": 2024,
        "form": "10-K",
        "filed": "2025-02-21",
        "unit": "USD",
        "type": "annual"
      },
      "date_range": {
        "earliest": "2019-03-31",
        "latest": "2024-12-31"
      }
    },
    "LesseeOperatingLeaseDiscountRate": {
      "taxonomy": "us-gaap",
      "label": "Lessee, Operating Lease, Discount Rate",
      "description": "Discount rate used by lessee to determine present value of operating lease payments.",
      "available_units": [
        "pure"
      ],
      "data_points_count": 14,
      "latest_value": {
        "value": 0.043,
        "date": "2024-12-31",
        "fiscal_year": 2024,
        "form": "10-K",
        "filed": "2025-02-21",
        "unit": "pure",
        "type": "annual"
      },
      "date_range": {
        "earliest": "2019-03-31",
        "latest": "2024-12-31"
      }
    },
    "LiabilitiesAssumed": {
      "taxonomy": "us-gaap",
      "label": "Liabilities Assumed (Deprecated 2011-01-31)",
      "description": "The fair value of liabilities assumed in Noncash investing or financing activities.",
      "available_units": [
        "USD"
      ],
      "data_points_count": 7,
      "latest_value": {
        "value": 200000000,
        "date": "2010-12-31",
        "fiscal_year": 2010,
        "form": "10-K",
        "filed": "2011-02-28",
        "unit": "USD",
        "type": "annual"
      },
      "date_range": {
        "earliest": "2008-11-30",
        "latest": "2010-12-31"
      }
    },
    "LiabilitiesAssumed1": {
      "taxonomy": "us-gaap",
      "label": "Liabilities Assumed",
      "description": "The fair value of liabilities assumed in noncash investing or financing activities.",
      "available_units": [
        "USD"
      ],
      "data_points_count": 2,
      "latest_value": {
        "value": 200000000,
        "date": "2010-12-31",
        "fiscal_year": 2011,
        "form": "10-K",
        "filed": "2012-02-27",
        "unit": "USD",
        "type": "annual"
      },
      "date_range": {
        "earliest": "2009-12-31",
        "latest": "2010-12-31"
      }
    },
    "LoansAndLeasesReceivableAllowance": {
      "taxonomy": "us-gaap",
      "label": "Loans and Leases Receivable, Allowance",
      "description": "Amount of allowance to cover probable credit losses on loans and leases. Includes carryover of or adjustments to the allowance for loan losses in connection with business combinations. Excludes allowance for loans and leases covered under loss sharing agreements.",
      "available_units": [
        "USD"
      ],
      "data_points_count": 73,
      "latest_value": {
        "value": 349000000,
        "date": "2019-12-31",
        "fiscal_year": 2019,
        "form": "10-K",
        "filed": "2020-02-27",
        "unit": "USD",
        "type": "annual"
      },
      "date_range": {
        "earliest": "2010-12-31",
        "latest": "2020-09-30"
      }
    },
    "LoansAndLeasesReceivableGrossCarryingAmount": {
      "taxonomy": "us-gaap",
      "label": "Loans and Leases Receivable, Gross",
      "description": "Amount before allowance of loans and leases held in portfolio, including but not limited to, commercial and consumer loans. Includes deferred interest and fees, undisbursed portion of loan balance, unamortized costs and premiums and discounts from face amounts. Excludes loans and leases covered under loss sharing agreements.",
      "available_units": [
        "USD"
      ],
      "data_points_count": 56,
      "latest_value": {
        "value": 130986000000,
        "date": "2019-12-31",
        "fiscal_year": 2019,
        "form": "10-K",
        "filed": "2020-02-27",
        "unit": "USD",
        "type": "annual"
      },
      "date_range": {
        "earliest": "2012-12-31",
        "latest": "2020-09-30"
      }
    },
    "LoansAndLeasesReceivableNetReportedAmount": {
      "taxonomy": "us-gaap",
      "label": "Loans and Leases Receivable, Net Amount",
      "description": "Amount after allowance and deduction of deferred interest and fees, unamortized costs and premiums and discounts from face amounts, of loans and leases held in portfolio, including but not limited to, commercial and consumer loans. Excludes loans and leases covered under loss sharing agreements and loans held for sale.",
      "available_units": [
        "USD"
      ],
      "data_points_count": 62,
      "latest_value": {
        "value": 130637000000,
        "date": "2019-12-31",
        "fiscal_year": 2019,
        "form": "10-K",
        "filed": "2020-02-27",
        "unit": "USD",
        "type": "annual"
      },
      "date_range": {
        "earliest": "2009-12-31",
        "latest": "2020-09-30"
      }
    },
    "LoansAndLeasesReceivableNetReportedAmountForeign": {
      "taxonomy": "us-gaap",
      "label": "Loans and Leases Receivable, Net Amount, Foreign (Deprecated 2016-01-31)",
      "description": "Amount after allowance and deduction of deferred interest and fees, undisbursed portion of loan balance, unamortized costs and premiums and discounts from face amounts, of loans and leases to borrowers not within the country of domicile of the reporting entity. Excludes loans and leases covered under loss sharing agreements.",
      "available_units": [
        "USD"
      ],
      "data_points_count": 24,
      "latest_value": {
        "value": 9789000000,
        "date": "2015-12-31",
        "fiscal_year": 2015,
        "form": "10-K",
        "filed": "2016-02-23",
        "unit": "USD",
        "type": "annual"
      },
      "date_range": {
        "earliest": "2012-12-31",
        "latest": "2016-09-30"
      }
    },
    "LoansAndLeasesReceivableOther": {
      "taxonomy": "us-gaap",
      "label": "Loans and Leases Receivable, Gross, Other (Deprecated 2016-01-31)",
      "description": "Amount before allowance of other loans and leases not otherwise specified in the taxonomy. Includes deferred interest and fees, undisbursed portion of loan balance, unamortized costs and premiums and discounts from face amounts. Excludes loans and leases covered under loss sharing agreements.",
      "available_units": [
        "USD"
      ],
      "data_points_count": 8,
      "latest_value": {
        "value": 7259000000,
        "date": "2009-12-31",
        "fiscal_year": 2009,
        "form": "10-K",
        "filed": "2010-02-26",
        "unit": "USD",
        "type": "annual"
      },
      "date_range": {
        "earliest": "2008-11-30",
        "latest": "2009-12-31"
      }
    },
    "LoansReceivableFairValueDisclosure": {
      "taxonomy": "us-gaap",
      "label": "Loans Receivable, Fair Value Disclosure",
      "description": "Fair value portion of loan receivable, including, but not limited to, mortgage loans held for investment, finance receivables held for investment, policy loans on insurance contracts.",
      "available_units": [
        "USD"
      ],
      "data_points_count": 12,
      "latest_value": {
        "value": 11962000000,
        "date": "2014-12-31",
        "fiscal_year": 2014,
        "form": "10-K",
        "filed": "2015-03-02",
        "unit": "USD",
        "type": "annual"
      },
      "date_range": {
        "earliest": "2012-12-31",
        "latest": "2015-09-30"
      }
    },
    "LoansReceivableHeldForSaleAmount": {
      "taxonomy": "us-gaap",
      "label": "Financing Receivable, Held-for-Sale",
      "description": "Amount, before valuation allowance, of financing receivable classified as held-for-sale.",
      "available_units": [
        "USD"
      ],
      "data_points_count": 94,
      "latest_value": {
        "value": 12319000000,
        "date": "2024-12-31",
        "fiscal_year": 2024,
        "form": "10-K",
        "filed": "2025-02-21",
        "unit": "USD",
        "type": "annual"
      },
      "date_range": {
        "earliest": "2012-12-31",
        "latest": "2025-06-30"
      }
    },
    "LoansReceivableNet": {
      "taxonomy": "us-gaap",
      "label": "Loans Receivable, Net (Deprecated 2019-01-31)",
      "description": "Amount after allowance and deduction of deferred interest and fees, unamortized costs and premiums and discounts from face amounts, of loans and leases held in portfolio, including but not limited to, commercial and consumer loans. Includes loans held for sale. Excludes loans and leases covered under loss sharing agreements.",
      "available_units": [
        "USD"
      ],
      "data_points_count": 17,
      "latest_value": {
        "value": 23917000000,
        "date": "2012-12-31",
        "fiscal_year": 2012,
        "form": "10-K",
        "filed": "2013-02-26",
        "unit": "USD",
        "type": "annual"
      },
      "date_range": {
        "earliest": "2010-12-31",
        "latest": "2012-12-31"
      }
    },
    "LoansReceivableWithFixedRatesOfInterest1": {
      "taxonomy": "us-gaap",
      "label": "Loans Receivable with Fixed Rates of Interest",
      "description": "Amount of loan with fixed rate of interest.",
      "available_units": [
        "USD"
      ],
      "data_points_count": 48,
      "latest_value": {
        "value": 22716000000,
        "date": "2019-12-31",
        "fiscal_year": 2019,
        "form": "10-K",
        "filed": "2020-02-27",
        "unit": "USD",
        "type": "annual"
      },
      "date_range": {
        "earliest": "2013-12-31",
        "latest": "2020-09-30"
      }
    },
    "LoansReceivableWithVariableRatesOfInterest1": {
      "taxonomy": "us-gaap",
      "label": "Loans Receivable with Variable Rates of Interest",
      "description": "Amount of loan with variable or adjustable rate of interest.",
      "available_units": [
        "USD"
      ],
      "data_points_count": 48,
      "latest_value": {
        "value": 107921000000,
        "date": "2019-12-31",
        "fiscal_year": 2019,
        "form": "10-K",
        "filed": "2020-02-27",
        "unit": "USD",
        "type": "annual"
      },
      "date_range": {
        "earliest": "2013-12-31",
        "latest": "2020-09-30"
      }
    },
    "MaximumPotentialFutureExposureOnCreditRiskDerivatives": {
      "taxonomy": "us-gaap",
      "label": "Maximum Potential Future Exposure on Credit Risk Derivatives (Deprecated 2013-01-31)",
      "description": "Maximum amount the entity would be obligated to pay on the credit risk derivatives upon occurrence of a credit event.",
      "available_units": [
        "USD"
      ],
      "data_points_count": 12,
      "latest_value": {
        "value": 2300406000000,
        "date": "2010-12-31",
        "fiscal_year": 2010,
        "form": "10-K",
        "filed": "2011-02-28",
        "unit": "USD",
        "type": "annual"
      },
      "date_range": {
        "earliest": "2009-12-31",
        "latest": "2011-09-30"
      }
    },
    "NetCashProvidedByUsedInOperatingActivities": {
      "taxonomy": "us-gaap",
      "label": "Net Cash Provided by (Used in) Operating Activities",
      "description": "Amount of cash inflow (outflow) from operating activities, including discontinued operations. Operating activity cash flows include transactions, adjustments, and changes in value not defined as investing or financing activities.",
      "available_units": [
        "USD"
      ],
      "data_points_count": 110,
      "latest_value": {
        "value": 1362000000,
        "date": "2024-12-31",
        "fiscal_year": 2024,
        "form": "10-K",
        "filed": "2025-02-21",
        "unit": "USD",
        "type": "annual"
      },
      "date_range": {
        "earliest": "2007-11-30",
        "latest": "2025-06-30"
      }
    },
    "NetCashProvidedByUsedInOperatingActivitiesContinuingOperations": {
      "taxonomy": "us-gaap",
      "label": "Net Cash Provided by (Used in) Operating Activities, Continuing Operations",
      "description": "Amount of cash inflow (outflow) from operating activities, excluding discontinued operations. Operating activity cash flows include transactions, adjustments, and changes in value not defined as investing or financing activities.",
      "available_units": [
        "USD"
      ],
      "data_points_count": 38,
      "latest_value": {
        "value": 2447000000,
        "date": "2016-12-31",
        "fiscal_year": 2016,
        "form": "10-K",
        "filed": "2017-02-27",
        "unit": "USD",
        "type": "annual"
      },
      "date_range": {
        "earliest": "2011-12-31",
        "latest": "2017-06-30"
      }
    },
    "NoncashOrPartNoncashAcquisitionInvestmentsAcquired": {
      "taxonomy": "us-gaap",
      "label": "Noncash or Part Noncash Acquisition, Investments Acquired (Deprecated 2011-01-31)",
      "description": "The amount of investments that an Entity acquires in a noncash (or part noncash) acquisition. Noncash is defined as information about all investing and financing activities of an enterprise during a period that affect recognized assets or liabilities but that do not result in cash receipts or cash payments in the period. \"Part noncash\" refers to that portion of the transaction not resulting in cash receipts or cash payments in the period.",
      "available_units": [
        "USD"
      ],
      "data_points_count": 3,
      "latest_value": {
        "value": 600000000,
        "date": "2010-12-31",
        "fiscal_year": 2010,
        "form": "10-K",
        "filed": "2011-02-28",
        "unit": "USD",
        "type": "annual"
      },
      "date_range": {
        "earliest": "2010-06-30",
        "latest": "2010-12-31"
      }
    },
    "NoncashOrPartNoncashAcquisitionInvestmentsAcquired1": {
      "taxonomy": "us-gaap",
      "label": "Noncash or Part Noncash Acquisition, Investments Acquired",
      "description": "\"The amount of investments that an Entity acquires in a noncash (or part noncash) acquisition. Noncash is defined as information about all investing and financing activities of an enterprise during a period that affect recognized assets or liabilities but that do not result in cash receipts or cash payments in the period. \"\"Part noncash\"\" refers to that portion of the transaction not resulting in cash receipts or cash payments in the period.\"",
      "available_units": [
        "USD"
      ],
      "data_points_count": 1,
      "latest_value": {
        "value": 600000000,
        "date": "2010-12-31",
        "fiscal_year": 2011,
        "form": "10-K",
        "filed": "2012-02-27",
        "unit": "USD",
        "type": "annual"
      },
      "date_range": {
        "earliest": "2010-12-31",
        "latest": "2010-12-31"
      }
    },
    "NoncashOrPartNoncashAcquisitionValueOfAssetsAcquired1": {
      "taxonomy": "us-gaap",
      "label": "Noncash or Part Noncash Acquisition, Value of Assets Acquired",
      "description": "\"The value of an asset or business acquired in a noncash (or part noncash) acquisition. Noncash is defined as information about all investing and financing activities of an enterprise during a period that affect recognized assets or liabilities but that do not result in cash receipts or cash payments in the period. \"\"Part noncash\"\" refers to that portion of the transaction not resulting in cash receipts or cash payments in the period.\"",
      "available_units": [
        "USD"
      ],
      "data_points_count": 3,
      "latest_value": {
        "value": 500000000,
        "date": "2010-12-31",
        "fiscal_year": 2012,
        "form": "10-K",
        "filed": "2013-02-26",
        "unit": "USD",
        "type": "annual"
      },
      "date_range": {
        "earliest": "2010-06-30",
        "latest": "2011-09-30"
      }
    },
    "NotesAndLoansReceivableNetNoncurrent": {
      "taxonomy": "us-gaap",
      "label": "Financing Receivable, after Allowance for Credit Loss, Noncurrent",
      "description": "Amount, after allowance for credit loss, of financing receivable, classified as noncurrent.",
      "available_units": [
        "USD"
      ],
      "data_points_count": 18,
      "latest_value": {
        "value": 29046000000,
        "date": "2012-12-31",
        "fiscal_year": 2012,
        "form": "10-K",
        "filed": "2013-02-26",
        "unit": "USD",
        "type": "annual"
      },
      "date_range": {
        "earliest": "2009-12-31",
        "latest": "2012-12-31"
      }
    },
    "NotesReceivableGross": {
      "taxonomy": "us-gaap",
      "label": "Financing Receivable, before Allowance for Credit Loss",
      "description": "Amount, before allowance for credit loss, of financing receivable.",
      "available_units": [
        "USD"
      ],
      "data_points_count": 75,
      "latest_value": {
        "value": 174956000000,
        "date": "2021-12-31",
        "fiscal_year": 2021,
        "form": "10-K",
        "filed": "2022-02-24",
        "unit": "USD",
        "type": "annual"
      },
      "date_range": {
        "earliest": "2012-12-31",
        "latest": "2021-12-31"
      }
    },
    "NotesReceivableNet": {
      "taxonomy": "us-gaap",
      "label": "Financing Receivable, after Allowance for Credit Loss",
      "description": "Amount, after allowance for credit loss, of financing receivable. Excludes financing receivable covered under loss sharing agreement.",
      "available_units": [
        "USD"
      ],
      "data_points_count": 72,
      "latest_value": {
        "value": 174302000000,
        "date": "2021-12-31",
        "fiscal_year": 2021,
        "form": "10-K",
        "filed": "2022-02-24",
        "unit": "USD",
        "type": "annual"
      },
      "date_range": {
        "earliest": "2012-12-31",
        "latest": "2021-12-31"
      }
    },
    "OtherComprehensiveIncomeAvailableForSaleSecuritiesAdjustmentNetOfTaxPeriodIncreaseDecrease": {
      "taxonomy": "us-gaap",
      "label": "Other Comprehensive Income (Loss), Available-for-sale Securities Adjustment, Net of Tax (Deprecated 2012-01-31)",
      "description": "Gross appreciation or the gross loss in value of the total unsold securities. While for technical reasons this element has no balance attribute, the default assumption is a credit balance consistent with its label.",
      "available_units": [
        "USD"
      ],
      "data_points_count": 5,
      "latest_value": {
        "value": 232000000,
        "date": "2010-09-30",
        "fiscal_year": 2010,
        "fiscal_period": "Q3",
        "form": "10-Q",
        "filed": "2010-11-08",
        "unit": "USD",
        "type": "quarterly"
      },
      "date_range": {
        "earliest": "2010-03-31",
        "latest": "2010-09-30"
      }
    },
    "OtherComprehensiveIncomeDefinedBenefitPlanNetPriorServiceCostsArisingDuringPeriodTax": {
      "taxonomy": "us-gaap",
      "label": "Other Comprehensive Income (Loss), Pension and Other Postretirement Benefit Plans, Net Prior Service Costs Arising During Period ,Tax (Deprecated 2011-01-31)",
      "description": "Tax effect on the cost of benefit improvement resulting from a plan amendment that occurred during the period. The cost has not been recognized in net periodic benefit cost pursuant. A plan amendment includes provisions that grant increased benefits based on service rendered in prior periods.",
      "available_units": [
        "USD"
      ],
      "data_points_count": 4,
      "latest_value": {
        "value": 6000000,
        "date": "2009-12-31",
        "fiscal_year": 2009,
        "form": "10-K",
        "filed": "2010-02-26",
        "unit": "USD",
        "type": "annual"
      },
      "date_range": {
        "earliest": "2007-11-30",
        "latest": "2009-12-31"
      }
    },
    "OtherComprehensiveIncomeDefinedBenefitPlanNetPriorServiceCostsCreditArisingDuringPeriodNetOfTax": {
      "taxonomy": "us-gaap",
      "label": "Other Comprehensive (Income) Loss, Defined Benefit Plan, Prior Service Cost (Credit), after Tax",
      "description": "Amount, after tax, of cost (credit) of benefit change attributable to participants' prior service from plan amendment or plan initiation of defined benefit plan, that has not been recognized in net periodic benefit cost (credit).",
      "available_units": [
        "USD"
      ],
      "data_points_count": 4,
      "latest_value": {
        "value": -10000000,
        "date": "2009-12-31",
        "fiscal_year": 2009,
        "form": "10-K",
        "filed": "2010-02-26",
        "unit": "USD",
        "type": "annual"
      },
      "date_range": {
        "earliest": "2007-11-30",
        "latest": "2009-12-31"
      }
    },
    "OtherComprehensiveIncomeDefinedBenefitPlansAdjustmentNetOfTaxPeriodIncreaseDecrease": {
      "taxonomy": "us-gaap",
      "label": "Other Comprehensive Income (Loss), Pension and Other Postretirement Benefit Plans, Adjustment, Net of Tax (Deprecated 2012-01-31)",
      "description": "The increase (decrease) in accumulated comprehensive income during the period related to pension and other postretirement benefit plans, after tax. While for technical reasons this element has no balance attribute, the default assumption is a credit balance consistent with its label.",
      "available_units": [
        "USD"
      ],
      "data_points_count": 19,
      "latest_value": {
        "value": -20000000,
        "date": "2010-12-31",
        "fiscal_year": 2010,
        "form": "10-K",
        "filed": "2011-02-28",
        "unit": "USD",
        "type": "annual"
      },
      "date_range": {
        "earliest": "2008-06-30",
        "latest": "2010-12-31"
      }
    },
    "OtherComprehensiveIncomeDerivativesQualifyingAsHedgesTaxEffectPeriodIncreaseDecrease": {
      "taxonomy": "us-gaap",
      "label": "Other Comprehensive Income (Loss), Derivatives Qualifying as Hedges, Tax Effect (Deprecated 2012-01-31)",
      "description": "Total tax effect of the change in accumulated gains and losses from derivative instruments designated and qualifying as the effective portion of cash flow hedges. The change includes an entity's share of an equity investee's increase or decrease in deferred hedging gains or losses. While for technical reasons this element has no balance attribute, the default assumption is a credit balance consistent with its label.",
      "available_units": [
        "USD"
      ],
      "data_points_count": 38,
      "latest_value": {
        "value": 3000000,
        "date": "2012-12-31",
        "fiscal_year": 2012,
        "form": "10-K",
        "filed": "2013-02-26",
        "unit": "USD",
        "type": "annual"
      },
      "date_range": {
        "earliest": "2007-11-30",
        "latest": "2012-12-31"
      }
    },
    "OtherComprehensiveIncomeForeignCurrencyTranslationAdjustmentTax": {
      "taxonomy": "us-gaap",
      "label": "Other Comprehensive Income (Loss), Foreign Currency Translation Adjustment, Tax (Deprecated 2012-01-31)",
      "description": "Tax effect of the adjustment that results from the process of translating subsidiary financial statements and foreign equity investments into functional currency of the reporting entity. While for technical reasons this element has no balance attribute, the default assumption is a credit balance consistent with its label.",
      "available_units": [
        "USD"
      ],
      "data_points_count": 30,
      "latest_value": {
        "value": 120000000,
        "date": "2012-12-31",
        "fiscal_year": 2012,
        "form": "10-K",
        "filed": "2013-02-26",
        "unit": "USD",
        "type": "annual"
      },
      "date_range": {
        "earliest": "2007-11-30",
        "latest": "2012-12-31"
      }
    },
    "OtherComprehensiveIncomeLossPensionAndOtherPostretirementBenefitPlansAdjustmentBeforeReclassificationAdjustmentsAndTax": {
      "taxonomy": "us-gaap",
      "label": "Other Comprehensive (Income) Loss, Defined Benefit Plan, before Reclassification Adjustment and Tax",
      "description": "Amount, before tax and reclassification adjustment, of (increase) decrease in accumulated other comprehensive income of defined benefit plan, that has not been recognized in net periodic benefit cost (credit).",
      "available_units": [
        "USD"
      ],
      "data_points_count": 30,
      "latest_value": {
        "value": -156000000,
        "date": "2018-12-31",
        "fiscal_year": 2018,
        "form": "10-K",
        "filed": "2019-02-26",
        "unit": "USD",
        "type": "annual"
      },
      "date_range": {
        "earliest": "2014-12-31",
        "latest": "2019-03-31"
      }
    },
    "OtherComprehensiveIncomeLossPensionAndOtherPostretirementBenefitPlansAdjustmentBeforeReclassificationAdjustmentsNetOfTax": {
      "taxonomy": "us-gaap",
      "label": "Other Comprehensive (Income) Loss, Defined Benefit Plan, before Reclassification Adjustment, after Tax",
      "description": "Amount, after tax, before reclassification adjustment, of (increase) decrease in accumulated other comprehensive income of defined benefit plan, that has not been recognized in net periodic benefit cost (credit).",
      "available_units": [
        "USD"
      ],
      "data_points_count": 30,
      "latest_value": {
        "value": -119000000,
        "date": "2018-12-31",
        "fiscal_year": 2018,
        "form": "10-K",
        "filed": "2019-02-26",
        "unit": "USD",
        "type": "annual"
      },
      "date_range": {
        "earliest": "2014-12-31",
        "latest": "2019-03-31"
      }
    },
    "OtherComprehensiveIncomeLossReclassificationAdjustmentFromAOCIPensionAndOtherPostretirementBenefitPlansBeforeTax": {
      "taxonomy": "us-gaap",
      "label": "Other Comprehensive (Income) Loss, Defined Benefit Plan, Reclassification Adjustment from AOCI, before Tax",
      "description": "Amount before tax of reclassification adjustment from accumulated other comprehensive (income) loss related to net period benefit cost (credit) for pension and other postretirement defined benefit plans.",
      "available_units": [
        "USD"
      ],
      "data_points_count": 30,
      "latest_value": {
        "value": 26000000,
        "date": "2018-12-31",
        "fiscal_year": 2018,
        "form": "10-K",
        "filed": "2019-02-26",
        "unit": "USD",
        "type": "annual"
      },
      "date_range": {
        "earliest": "2014-12-31",
        "latest": "2019-03-31"
      }
    },
    "OtherComprehensiveIncomeLossReclassificationAdjustmentFromAOCIPensionAndOtherPostretirementBenefitPlansNetOfTax": {
      "taxonomy": "us-gaap",
      "label": "Other Comprehensive (Income) Loss, Defined Benefit Plan, Reclassification Adjustment from AOCI, after Tax",
      "description": "Amount, after tax, of reclassification adjustment from accumulated other comprehensive (income) loss for net periodic benefit cost (credit) of defined benefit plan.",
      "available_units": [
        "USD"
      ],
      "data_points_count": 30,
      "latest_value": {
        "value": 18000000,
        "date": "2018-12-31",
        "fiscal_year": 2018,
        "form": "10-K",
        "filed": "2019-02-26",
        "unit": "USD",
        "type": "annual"
      },
      "date_range": {
        "earliest": "2014-12-31",
        "latest": "2019-03-31"
      }
    },
    "OtherSecuredFinancings": {
      "taxonomy": "us-gaap",
      "label": "Other Secured Financings",
      "description": "Secured financing other than securities sold under agreements to repurchase and securities loaned.",
      "available_units": [
        "USD"
      ],
      "data_points_count": 132,
      "latest_value": {
        "value": 21602000000,
        "date": "2024-12-31",
        "fiscal_year": 2024,
        "form": "10-K",
        "filed": "2025-02-21",
        "unit": "USD",
        "type": "annual"
      },
      "date_range": {
        "earliest": "2008-11-30",
        "latest": "2025-06-30"
      }
    },
    "PaymentsForDerivativeInstrumentFinancingActivities": {
      "taxonomy": "us-gaap",
      "label": "Payments for Derivative Instrument, Financing Activities",
      "description": "The cash outflow for derivative instruments during the period, which are classified as financing activities, excluding those designated as hedging instruments.",
      "available_units": [
        "USD"
      ],
      "data_points_count": 49,
      "latest_value": {
        "value": 73000000,
        "date": "2017-12-31",
        "fiscal_year": 2017,
        "form": "10-K",
        "filed": "2018-02-27",
        "unit": "USD",
        "type": "annual"
      },
      "date_range": {
        "earliest": "2011-12-31",
        "latest": "2018-09-30"
      }
    },
    "PaymentsForProceedsFromDerivativeInstrumentFinancingActivities": {
      "taxonomy": "us-gaap",
      "label": "Payments for (Proceeds from) Derivative Instrument, Financing Activities",
      "description": "The net cash outflow or inflow from derivative instruments during the period, which are classified as financing activities, excluding those designated as hedging instruments.",
      "available_units": [
        "USD"
      ],
      "data_points_count": 20,
      "latest_value": {
        "value": -118000000,
        "date": "2012-12-31",
        "fiscal_year": 2012,
        "form": "10-K",
        "filed": "2013-02-26",
        "unit": "USD",
        "type": "annual"
      },
      "date_range": {
        "earliest": "2009-12-31",
        "latest": "2013-03-31"
      }
    },
    "PaymentsForProceedsFromLoansReceivable": {
      "taxonomy": "us-gaap",
      "label": "Payments for (Proceeds from) Loans Receivable",
      "description": "The net amount paid or received by the reporting entity associated with purchase (sale or collection) of loans receivable arising from the financing of goods and services.",
      "available_units": [
        "USD"
      ],
      "data_points_count": 111,
      "latest_value": {
        "value": 22618000000,
        "date": "2024-12-31",
        "fiscal_year": 2024,
        "form": "10-K",
        "filed": "2025-02-21",
        "unit": "USD",
        "type": "annual"
      },
      "date_range": {
        "earliest": "2010-12-31",
        "latest": "2025-06-30"
      }
    },
    "PaymentsToAcquireLoansReceivable": {
      "taxonomy": "us-gaap",
      "label": "Payments to Acquire Loans Receivable",
      "description": "The cash outflow for the purchase of loan receivable arising from the financing of goods and services.",
      "available_units": [
        "USD"
      ],
      "data_points_count": 6,
      "latest_value": {
        "value": 0,
        "date": "2009-12-31",
        "fiscal_year": 2009,
        "form": "10-K",
        "filed": "2010-02-26",
        "unit": "USD",
        "type": "annual"
      },
      "date_range": {
        "earliest": "2007-11-30",
        "latest": "2015-03-31"
      }
    },
    "ProceedsFromDerivativeInstrumentFinancingActivities": {
      "taxonomy": "us-gaap",
      "label": "Proceeds from Derivative Instrument, Financing Activities",
      "description": "The cash inflow provided by derivative instruments during the period, which are classified as financing activities, excluding those designated as hedging instruments.",
      "available_units": [
        "USD"
      ],
      "data_points_count": 49,
      "latest_value": {
        "value": 73000000,
        "date": "2017-12-31",
        "fiscal_year": 2017,
        "form": "10-K",
        "filed": "2018-02-27",
        "unit": "USD",
        "type": "annual"
      },
      "date_range": {
        "earliest": "2011-12-31",
        "latest": "2018-09-30"
      }
    },
    "ProceedsFromPaymentsForOtherFinancingActivities": {
      "taxonomy": "us-gaap",
      "label": "Proceeds from (Payments for) Other Financing Activities",
      "description": "Amount of cash inflow (outflow) from financing activities classified as other.",
      "available_units": [
        "USD"
      ],
      "data_points_count": 79,
      "latest_value": {
        "value": -350000000,
        "date": "2024-12-31",
        "fiscal_year": 2024,
        "form": "10-K",
        "filed": "2025-02-21",
        "unit": "USD",
        "type": "annual"
      },
      "date_range": {
        "earliest": "2014-12-31",
        "latest": "2025-06-30"
      }
    },
    "ProceedsFromSaleOfLoansReceivable": {
      "taxonomy": "us-gaap",
      "label": "Proceeds from Sale of Loans Receivable",
      "description": "The cash inflow associated with the sale of loans receivables arising from the financing of goods and services.",
      "available_units": [
        "USD"
      ],
      "data_points_count": 6,
      "latest_value": {
        "value": 0,
        "date": "2009-12-31",
        "fiscal_year": 2009,
        "form": "10-K",
        "filed": "2010-02-26",
        "unit": "USD",
        "type": "annual"
      },
      "date_range": {
        "earliest": "2007-11-30",
        "latest": "2015-03-31"
      }
    },
    "ProvisionForLoanAndLeaseLosses": {
      "taxonomy": "us-gaap",
      "label": "Provision for Loan and Lease Losses",
      "description": "Amount of expense related to estimated loss from loan and lease transactions.",
      "available_units": [
        "USD"
      ],
      "data_points_count": 51,
      "latest_value": {
        "value": -48000000,
        "date": "2021-12-31",
        "fiscal_year": 2021,
        "form": "10-K",
        "filed": "2022-02-24",
        "unit": "USD",
        "type": "annual"
      },
      "date_range": {
        "earliest": "2007-11-30",
        "latest": "2021-12-31"
      }
    },
    "ProvisionForLoanLeaseAndOtherLosses": {
      "taxonomy": "us-gaap",
      "label": "Provision for Loan, Lease, and Other Losses",
      "description": "Amount of expense related loan transactions, lease transactions, credit loss from transactions other than loan and lease transactions, and other loss based on assessment of uncollectability from the counterparty to reduce the account to their net realizable value.",
      "available_units": [
        "USD"
      ],
      "data_points_count": 75,
      "latest_value": {
        "value": 120000000,
        "date": "2019-12-31",
        "fiscal_year": 2019,
        "form": "10-K",
        "filed": "2020-02-27",
        "unit": "USD",
        "type": "annual"
      },
      "date_range": {
        "earliest": "2012-03-31",
        "latest": "2020-03-31"
      }
    },
    "ProvisionForLoanLossesExpensed": {
      "taxonomy": "us-gaap",
      "label": "Financing Receivable, Credit Loss, Expense (Reversal)",
      "description": "Amount of credit loss expense (reversal of expense) for financing receivable.",
      "available_units": [
        "USD"
      ],
      "data_points_count": 10,
      "latest_value": {
        "value": 39000000,
        "date": "2022-03-31",
        "fiscal_year": 2022,
        "fiscal_period": "Q1",
        "form": "10-Q",
        "filed": "2022-05-04",
        "unit": "USD",
        "type": "quarterly"
      },
      "date_range": {
        "earliest": "2020-06-30",
        "latest": "2022-03-31"
      }
    },
    "SecuritiesLoaned": {
      "taxonomy": "us-gaap",
      "label": "Securities Loaned",
      "description": "Amount, after the effects of master netting arrangements, of securities loaned to entities in exchange for collateral. Includes liabilities not subject to a master netting arrangement and not elected to be offset.",
      "available_units": [
        "USD"
      ],
      "data_points_count": 132,
      "latest_value": {
        "value": 15226000000,
        "date": "2024-12-31",
        "fiscal_year": 2024,
        "form": "10-K",
        "filed": "2025-02-21",
        "unit": "USD",
        "type": "annual"
      },
      "date_range": {
        "earliest": "2008-11-30",
        "latest": "2025-06-30"
      }
    },
    "SecuritiesLoanedAmountOffsetAgainstCollateral": {
      "taxonomy": "us-gaap",
      "label": "Securities Loaned, Amount Offset Against Collateral",
      "description": "Amount, after effects of master netting arrangements, of securities loaned to entities in exchange for collateral offset against a right to receive collateral. Includes liabilities not subject to a master netting arrangement and not elected to be offset.",
      "available_units": [
        "USD"
      ],
      "data_points_count": 92,
      "latest_value": {
        "value": 15000000,
        "date": "2024-12-31",
        "fiscal_year": 2024,
        "form": "10-K",
        "filed": "2025-02-21",
        "unit": "USD",
        "type": "annual"
      },
      "date_range": {
        "earliest": "2013-12-31",
        "latest": "2025-06-30"
      }
    },
    "SecuritiesLoanedAndSecuritiesSoldUnderAgreementToRepurchaseGrossIncludingNotSubjectToMasterNettingArrangement": {
      "taxonomy": "us-gaap",
      "label": "Securities Loaned and Securities Sold under Agreement to Repurchase, Gross Including Not Subject to Master Netting Arrangement",
      "description": "Amount, before effects of master netting arrangements, of securities loaned to entities in exchange for collateral and funds outstanding borrowed in the form of a security repurchase agreement between the entity and another party for the sale and repurchase of identical or substantially the same securities at a date certain for a specified price. Includes liabilities not subject to a master netting arrangement.",
      "available_units": [
        "USD"
      ],
      "data_points_count": 77,
      "latest_value": {
        "value": 398146000000,
        "date": "2024-12-31",
        "fiscal_year": 2024,
        "form": "10-K",
        "filed": "2025-02-21",
        "unit": "USD",
        "type": "annual"
      },
      "date_range": {
        "earliest": "2015-12-31",
        "latest": "2025-06-30"
      }
    },
    "SecuritiesLoanedAsset": {
      "taxonomy": "us-gaap",
      "label": "Securities Loaned, Asset",
      "description": "Amount of asset associated with securities loaned to entities in exchange for collateral.",
      "available_units": [
        "USD"
      ],
      "data_points_count": 56,
      "latest_value": {
        "value": 41783000000,
        "date": "2024-12-31",
        "fiscal_year": 2024,
        "form": "10-K",
        "filed": "2025-02-21",
        "unit": "USD",
        "type": "annual"
      },
      "date_range": {
        "earliest": "2017-12-31",
        "latest": "2025-06-30"
      }
    },
    "SecuritiesLoanedCollateralRightToReclaimCash": {
      "taxonomy": "us-gaap",
      "label": "Securities Loaned, Collateral, Right to Reclaim Cash",
      "description": "Amount of right to receive cash collateral under master netting arrangements that have not been offset against securities loaned.",
      "available_units": [
        "USD"
      ],
      "data_points_count": 56,
      "latest_value": {
        "value": 15211000000,
        "date": "2024-12-31",
        "fiscal_year": 2024,
        "form": "10-K",
        "filed": "2025-02-21",
        "unit": "USD",
        "type": "annual"
      },
      "date_range": {
        "earliest": "2017-12-31",
        "latest": "2025-06-30"
      }
    },
    "SecuritiesLoanedGross": {
      "taxonomy": "us-gaap",
      "label": "Securities Loaned, Gross",
      "description": "Amount, before effects of master netting arrangements, of securities loaned to entities in exchange for collateral. Includes liabilities elected not to be offset. Excludes liabilities not subject to a master netting arrangement.",
      "available_units": [
        "USD"
      ],
      "data_points_count": 10,
      "latest_value": {
        "value": 34067000000,
        "date": "2014-12-31",
        "fiscal_year": 2014,
        "form": "10-K",
        "filed": "2015-03-02",
        "unit": "USD",
        "type": "annual"
      },
      "date_range": {
        "earliest": "2013-12-31",
        "latest": "2015-03-31"
      }
    },
    "SecuritiesLoanedGrossIncludingNotSubjectToMasterNettingArrangement": {
      "taxonomy": "us-gaap",
      "label": "Securities Loaned, Gross Including Not Subject to Master Netting Arrangement",
      "description": "Amount, before effects of master netting arrangements, of securities loaned to entities in exchange for collateral. Includes liabilities not subject to a master netting arrangement and elected not to be offset.",
      "available_units": [
        "USD"
      ],
      "data_points_count": 82,
      "latest_value": {
        "value": 57009000000,
        "date": "2024-12-31",
        "fiscal_year": 2024,
        "form": "10-K",
        "filed": "2025-02-21",
        "unit": "USD",
        "type": "annual"
      },
      "date_range": {
        "earliest": "2014-12-31",
        "latest": "2025-06-30"
      }
    },
    "SecuritiesLoanedNotOffsetPolicyElectionDeduction": {
      "taxonomy": "us-gaap",
      "label": "Securities Loaned, Not Offset, Policy Election Deduction",
      "description": "Amount of securities loaned to entities in exchange for collateral, elected not to be offset, deducted from securities loaned.",
      "available_units": [
        "USD"
      ],
      "data_points_count": 26,
      "latest_value": {
        "value": 13271000000,
        "date": "2017-12-31",
        "fiscal_year": 2017,
        "form": "10-K",
        "filed": "2018-02-27",
        "unit": "USD",
        "type": "annual"
      },
      "date_range": {
        "earliest": "2014-12-31",
        "latest": "2018-06-30"
      }
    },
    "SecuritiesLoanedNotSubjectToMasterNettingArrangement": {
      "taxonomy": "us-gaap",
      "label": "Securities Loaned, Not Subject to Master Netting Arrangement",
      "description": "Amount of securities loaned to entities in exchange for collateral, not subject to a master netting arrangement.",
      "available_units": [
        "USD"
      ],
      "data_points_count": 84,
      "latest_value": {
        "value": 0,
        "date": "2024-12-31",
        "fiscal_year": 2024,
        "form": "10-K",
        "filed": "2025-02-21",
        "unit": "USD",
        "type": "annual"
      },
      "date_range": {
        "earliest": "2013-12-31",
        "latest": "2024-12-31"
      }
    },
    "SecuritiesLoanedOffsetAgainstCollateralNetOfNotSubjectToMasterNettingArrangementPolicyElection": {
      "taxonomy": "us-gaap",
      "label": "Securities Loaned, Offset Against Collateral, Net of Not Subject to Master Netting Arrangement, Policy Election",
      "description": "Amount, after effects of master netting arrangements, deduction of liabilities not subject to a master netting arrangement and elected not to be offset, of securities loaned to entities in exchange for collateral, offset against a right to receive collateral.",
      "available_units": [
        "USD"
      ],
      "data_points_count": 26,
      "latest_value": {
        "value": 321000000,
        "date": "2017-12-31",
        "fiscal_year": 2017,
        "form": "10-K",
        "filed": "2018-02-27",
        "unit": "USD",
        "type": "annual"
      },
      "date_range": {
        "earliest": "2014-12-31",
        "latest": "2018-06-30"
      }
    },
    "SecuritiesLoanedOrSoldUnderAgreementsToRepurchaseFairValueDisclosure": {
      "taxonomy": "us-gaap",
      "label": "Securities Loaned or Sold under Agreements to Repurchase, Fair Value Disclosure",
      "description": "Fair value portion of securities that an entity sells and agrees to repurchase at a specified date for a specified price.",
      "available_units": [
        "USD"
      ],
      "data_points_count": 117,
      "latest_value": {
        "value": 956000000,
        "date": "2024-12-31",
        "fiscal_year": 2024,
        "form": "10-K",
        "filed": "2025-02-21",
        "unit": "USD",
        "type": "annual"
      },
      "date_range": {
        "earliest": "2010-09-30",
        "latest": "2025-06-30"
      }
    },
    "SecuritiesPurchasedUnderAgreementsToResell": {
      "taxonomy": "us-gaap",
      "label": "Securities Purchased under Agreements to Resell",
      "description": "Amount, after the effects of master netting arrangements, of funds outstanding loaned in the form of a security resale agreement between the entity and another party for the purchase and resale of identical or substantially the same securities at a date certain for a specified price. Includes purchases of participations in pools of securities that are subject to a resale agreement, assets not subject to a master netting arrangement and not elected to be offset.",
      "available_units": [
        "USD"
      ],
      "data_points_count": 56,
      "latest_value": {
        "value": 118565000000,
        "date": "2024-12-31",
        "fiscal_year": 2024,
        "form": "10-K",
        "filed": "2025-02-21",
        "unit": "USD",
        "type": "annual"
      },
      "date_range": {
        "earliest": "2017-12-31",
        "latest": "2025-06-30"
      }
    },
    "SecuritiesPurchasedUnderAgreementsToResellGrossIncludingNotSubjectToMasterNettingArrangement": {
      "taxonomy": "us-gaap",
      "label": "Securities Purchased under Agreements to Resell, Gross Including Not Subject to Master Netting Arrangement",
      "description": "Amount, before effects of master netting arrangements, of funds outstanding loaned in the form of a security resale agreement between the entity and another party for the purchase and resale of identical or substantially the same securities at a date certain for a specified price. Includes assets not subject to a master netting arrangement and elected not to be offset.",
      "available_units": [
        "USD"
      ],
      "data_points_count": 82,
      "latest_value": {
        "value": 409635000000,
        "date": "2024-12-31",
        "fiscal_year": 2024,
        "form": "10-K",
        "filed": "2025-02-21",
        "unit": "USD",
        "type": "annual"
      },
      "date_range": {
        "earliest": "2014-12-31",
        "latest": "2025-06-30"
      }
    },
    "SecuritiesPurchasedUnderAgreementsToResellNotOffsetPolicyElectionDeduction": {
      "taxonomy": "us-gaap",
      "label": "Securities Purchased under Agreements to Resell, Not Offset, Policy Election Deduction",
      "description": "Amount of funds outstanding loaned in the form of a security resale agreement between the entity and another party for the purchase and resale of identical or substantially the same securities at a date certain for a specified price, elected not to be offset, deducted from securities purchased under agreements to resell.",
      "available_units": [
        "USD"
      ],
      "data_points_count": 26,
      "latest_value": {
        "value": 78009000000,
        "date": "2017-12-31",
        "fiscal_year": 2017,
        "form": "10-K",
        "filed": "2018-02-27",
        "unit": "USD",
        "type": "annual"
      },
      "date_range": {
        "earliest": "2014-12-31",
        "latest": "2018-06-30"
      }
    },
    "SecuritiesPurchasedUnderAgreementsToResellNotSubjectToMasterNettingArrangement": {
      "taxonomy": "us-gaap",
      "label": "Securities Purchased under Agreements to Resell, Not Subject to Master Netting Arrangement",
      "description": "Amount of funds outstanding loaned in the form of a security resale agreement between the entity and another party for the purchase and resale of identical or substantially the same securities at a date certain for a specified price, not subject to a master netting arrangement.",
      "available_units": [
        "USD"
      ],
      "data_points_count": 82,
      "latest_value": {
        "value": 2054000000,
        "date": "2024-12-31",
        "fiscal_year": 2024,
        "form": "10-K",
        "filed": "2025-02-21",
        "unit": "USD",
        "type": "annual"
      },
      "date_range": {
        "earliest": "2014-12-31",
        "latest": "2025-06-30"
      }
    },
    "SubleaseIncome": {
      "taxonomy": "us-gaap",
      "label": "Sublease Income",
      "description": "Amount of sublease income excluding finance and operating lease expense.",
      "available_units": [
        "USD"
      ],
      "data_points_count": 20,
      "latest_value": {
        "value": 6000000,
        "date": "2024-12-31",
        "fiscal_year": 2024,
        "form": "10-K",
        "filed": "2025-02-21",
        "unit": "USD",
        "type": "annual"
      },
      "date_range": {
        "earliest": "2019-03-31",
        "latest": "2024-12-31"
      }
    },
    "TransferOfPortfolioLoansAndLeasesToHeldForSale1": {
      "taxonomy": "us-gaap",
      "label": "Transfer of Portfolio Loans and Leases to Held-for-sale",
      "description": "Value of loans and leases held in the entity's portfolio transferred to loans and leases held-for-sale in noncash transactions.",
      "available_units": [
        "USD"
      ],
      "data_points_count": 1,
      "latest_value": {
        "value": 492000000,
        "date": "2016-12-31",
        "fiscal_year": 2016,
        "form": "10-K",
        "filed": "2017-02-27",
        "unit": "USD",
        "type": "annual"
      },
      "date_range": {
        "earliest": "2016-12-31",
        "latest": "2016-12-31"
      }
    },
    "FinancingReceivableOriginatedMoreThanFiveYearsBeforeCurrentFiscalYearWriteoff": {
      "taxonomy": "us-gaap",
      "label": null,
      "description": null,
      "available_units": [
        "USD"
      ],
      "data_points_count": 11,
      "latest_value": {
        "value": 158000000,
        "date": "2024-12-31",
        "fiscal_year": 2024,
        "form": "10-K",
        "filed": "2025-02-21",
        "unit": "USD",
        "type": "annual"
      },
      "date_range": {
        "earliest": "2023-06-30",
        "latest": "2025-06-30"
      }
    },
    "FinancingReceivableRevolvingWriteoff": {
      "taxonomy": "us-gaap",
      "label": null,
      "description": null,
      "available_units": [
        "USD"
      ],
      "data_points_count": 10,
      "latest_value": {
        "value": 39000000,
        "date": "2024-12-31",
        "fiscal_year": 2024,
        "form": "10-K",
        "filed": "2025-02-21",
        "unit": "USD",
        "type": "annual"
      },
      "date_range": {
        "earliest": "2023-06-30",
        "latest": "2024-12-31"
      }
    },
    "FinancingReceivableYearFiveOriginatedFourYearsBeforeCurrentFiscalYearWriteoff": {
      "taxonomy": "us-gaap",
      "label": null,
      "description": null,
      "available_units": [
        "USD"
      ],
      "data_points_count": 14,
      "latest_value": {
        "value": 11000000,
        "date": "2024-12-31",
        "fiscal_year": 2024,
        "form": "10-K",
        "filed": "2025-02-21",
        "unit": "USD",
        "type": "annual"
      },
      "date_range": {
        "earliest": "2023-06-30",
        "latest": "2025-06-30"
      }
    },
    "FinancingReceivableYearFourOriginatedThreeYearsBeforeCurrentFiscalYearWriteoff": {
      "taxonomy": "us-gaap",
      "label": null,
      "description": null,
      "available_units": [
        "USD"
      ],
      "data_points_count": 11,
      "latest_value": {
        "value": 16000000,
        "date": "2024-12-31",
        "fiscal_year": 2024,
        "form": "10-K",
        "filed": "2025-02-21",
        "unit": "USD",
        "type": "annual"
      },
      "date_range": {
        "earliest": "2023-06-30",
        "latest": "2025-06-30"
      }
    },
    "AffordableHousingTaxCreditsAndOtherTaxBenefitsAmount": {
      "taxonomy": "us-gaap",
      "label": "Affordable Housing Tax Credits and Other Tax Benefits, Amount",
      "description": "Amount of affordable housing tax credits and other tax benefits recognized.",
      "available_units": [
        "USD"
      ],
      "data_points_count": 17,
      "latest_value": {
        "value": 301000000,
        "date": "2024-12-31",
        "fiscal_year": 2024,
        "form": "10-K",
        "filed": "2025-02-21",
        "unit": "USD",
        "type": "annual"
      },
      "date_range": {
        "earliest": "2022-12-31",
        "latest": "2025-06-30"
      }
    },
    "InvestmentProgramProportionalAmortizationMethodElectedIncomeTaxCreditAndOtherIncomeTaxBenefitAfterAmortizationExpense": {
      "taxonomy": "us-gaap",
      "label": null,
      "description": null,
      "available_units": [
        "USD"
      ],
      "data_points_count": 17,
      "latest_value": {
        "value": 62000000,
        "date": "2024-12-31",
        "fiscal_year": 2024,
        "form": "10-K",
        "filed": "2025-02-21",
        "unit": "USD",
        "type": "annual"
      },
      "date_range": {
        "earliest": "2022-12-31",
        "latest": "2025-06-30"
      }
    },
    "FinancingReceivableYearThreeOriginatedTwoYearsBeforeCurrentFiscalYearWriteoff": {
      "taxonomy": "us-gaap",
      "label": null,
      "description": null,
      "available_units": [
        "USD"
      ],
      "data_points_count": 3,
      "latest_value": {
        "value": 18000000,
        "date": "2024-12-31",
        "fiscal_year": 2024,
        "form": "10-K",
        "filed": "2025-02-21",
        "unit": "USD",
        "type": "annual"
      },
      "date_range": {
        "earliest": "2024-09-30",
        "latest": "2024-12-31"
      }
    },
    "FinancingReceivableAllowanceForCreditLossToNonaccrualPercent": {
      "taxonomy": "srt",
      "label": null,
      "description": null,
      "available_units": [
        "pure"
      ],
      "data_points_count": 30,
      "latest_value": {
        "value": 1.046,
        "date": "2024-12-31",
        "fiscal_year": 2024,
        "form": "10-K",
        "filed": "2025-02-21",
        "unit": "pure",
        "type": "annual"
      },
      "date_range": {
        "earliest": "2020-12-31",
        "latest": "2025-06-30"
      }
    },
    "FinancingReceivableAllowanceForCreditLossToOutstandingPercent": {
      "taxonomy": "srt",
      "label": null,
      "description": null,
      "available_units": [
        "pure"
      ],
      "data_points_count": 30,
      "latest_value": {
        "value": 0.005,
        "date": "2024-12-31",
        "fiscal_year": 2024,
        "form": "10-K",
        "filed": "2025-02-21",
        "unit": "pure",
        "type": "annual"
      },
      "date_range": {
        "earliest": "2020-12-31",
        "latest": "2025-06-30"
      }
    },
    "FinancingReceivableNonaccrualToOutstandingPercent": {
      "taxonomy": "srt",
      "label": null,
      "description": null,
      "available_units": [
        "pure"
      ],
      "data_points_count": 30,
      "latest_value": {
        "value": 0.004,
        "date": "2024-12-31",
        "fiscal_year": 2024,
        "form": "10-K",
        "filed": "2025-02-21",
        "unit": "pure",
        "type": "annual"
      },
      "date_range": {
        "earliest": "2020-12-31",
        "latest": "2025-06-30"
      }
    }
  }
}