{
  "chunk_metadata": {
    "domain": "public",
    "CIK": "927971",
    "data_type": "SEC",
    "ticker": "BMO",
    "chunk_name": "Risk & Capital Management",
    "chunk_id": "risk_capital",
    "company_name": "BANK OF MONTREAL",
    "extraction_date": "2025-09-30T11:01:43.451580",
    "metrics_count": 2,
    "total_company_metrics": 0,
    "chunking_strategy": "context_aware_balanced"
  },
  "metrics": {
    "AdditionalPaidinCapital": {
      "taxonomy": "ifrs-full",
      "label": null,
      "description": null,
      "available_units": [
        "CAD"
      ],
      "data_points_count": 72,
      "latest_value": {
        "value": 368000000,
        "date": "2025-07-31",
        "fiscal_year": 2025,
        "fiscal_period": "Q3",
        "form": "6-K",
        "filed": "2025-08-26",
        "unit": "CAD",
        "type": "other"
      },
      "date_range": {
        "earliest": "2017-10-31",
        "latest": "2025-07-31"
      }
    },
    "ContingentConsiderationRecognisedAsOfAcquisitionDate": {
      "taxonomy": "ifrs-full",
      "label": null,
      "description": null,
      "available_units": [
        "GBP"
      ],
      "data_points_count": 1,
      "latest_value": {
        "value": 615000000,
        "date": "2021-04-12",
        "fiscal_year": 2021,
        "fiscal_period": "Q2",
        "form": "6-K",
        "filed": "2021-05-26",
        "unit": "GBP",
        "type": "other"
      },
      "date_range": {
        "earliest": "2021-04-12",
        "latest": "2021-04-12"
      }
    }
  }
}