{
  "chunk_metadata": {
    "domain": "public",
    "CIK": "91576",
    "data_type": "SEC",
    "ticker": "KEY",
    "chunk_name": "Cash & Cash Equivalents",
    "chunk_id": "cash_equivalents",
    "company_name": "KeyCorp",
    "extraction_date": "2025-09-30T11:01:43.881520",
    "metrics_count": 113,
    "total_company_metrics": 0,
    "chunking_strategy": "context_aware_balanced"
  },
  "metrics": {
    "AcceleratedShareRepurchasesSettlementPaymentOrReceipt": {
      "taxonomy": "us-gaap",
      "label": "Accelerated Share Repurchases, Settlement (Payment) or Receipt",
      "description": "Amount of cash receipt from (payment to) bank; or stock received from (issuance to) bank in the settlement of the accelerated share repurchase agreement.",
      "available_units": [
        "USD"
      ],
      "data_points_count": 2,
      "latest_value": {
        "value": -585000000,
        "date": "2021-12-31",
        "fiscal_year": 2022,
        "form": "10-K",
        "filed": "2023-02-22",
        "unit": "USD",
        "type": "annual"
      },
      "date_range": {
        "earliest": "2021-09-10",
        "latest": "2021-12-31"
      }
    },
    "AccumulatedOtherComprehensiveIncomeLossCumulativeChangesInNetGainLossFromCashFlowHedgesEffectNetOfTax": {
      "taxonomy": "us-gaap",
      "label": "Accumulated Other Comprehensive Income (Loss), Cumulative Changes in Net Gain (Loss) from Cash Flow Hedges, Effect Net of Tax",
      "description": "Accumulated change, net of tax, in accumulated gains and losses from derivative instruments designated and qualifying as the effective portion of cash flow hedges. Includes an entity's share of an equity investee's Increase or Decrease in deferred hedging gains or losses.",
      "available_units": [
        "USD"
      ],
      "data_points_count": 58,
      "latest_value": {
        "value": -86000000,
        "date": "2017-12-31",
        "fiscal_year": 2017,
        "form": "10-K",
        "filed": "2018-02-26",
        "unit": "USD",
        "type": "annual"
      },
      "date_range": {
        "earliest": "2009-12-31",
        "latest": "2017-12-31"
      }
    },
    "AmortizationOfIntangibleAssets": {
      "taxonomy": "us-gaap",
      "label": "Amortization of Intangible Assets",
      "description": "The aggregate expense charged against earnings to allocate the cost of intangible assets (nonphysical assets not used in production) in a systematic and rational manner to the periods expected to benefit from such assets. As a noncash expense, this element is added back to net income when calculating cash provided by or used in operations using the indirect method.",
      "available_units": [
        "USD"
      ],
      "data_points_count": 116,
      "latest_value": {
        "value": 58000000,
        "date": "2021-12-31",
        "fiscal_year": 2021,
        "form": "10-K",
        "filed": "2022-02-22",
        "unit": "USD",
        "type": "annual"
      },
      "date_range": {
        "earliest": "2010-12-31",
        "latest": "2021-12-31"
      }
    },
    "AmortizationOfMortgageServicingRightsMSRs": {
      "taxonomy": "us-gaap",
      "label": "Amortization of Mortgage Servicing Rights (MSRs)",
      "description": "The periodic amortization (in proportion to and over the period of estimated net servicing income or loss) of capitalized servicing rights, which contractually entitle the servicer to receive fees and ancillary revenues for performing billing, collection, disbursement and recordkeeping services in connection with a mortgage portfolio. As a noncash expense, this element is added back to net income when calculating cash provided by or used in operations using the indirect method.",
      "available_units": [
        "USD"
      ],
      "data_points_count": 4,
      "latest_value": {
        "value": 44000000,
        "date": "2016-06-30",
        "fiscal_year": 2016,
        "fiscal_period": "Q2",
        "form": "10-Q",
        "filed": "2016-08-05",
        "unit": "USD",
        "type": "quarterly"
      },
      "date_range": {
        "earliest": "2015-03-31",
        "latest": "2016-06-30"
      }
    },
    "BankOwnedLifeInsuranceIncome": {
      "taxonomy": "us-gaap",
      "label": "Bank Owned Life Insurance Income",
      "description": "Earnings on or other increases in the value of the cash surrender value of bank owned life insurance policies.",
      "available_units": [
        "USD"
      ],
      "data_points_count": 212,
      "latest_value": {
        "value": 138000000,
        "date": "2024-12-31",
        "fiscal_year": 2024,
        "form": "10-K",
        "filed": "2025-02-21",
        "unit": "USD",
        "type": "annual"
      },
      "date_range": {
        "earliest": "2007-12-31",
        "latest": "2025-06-30"
      }
    },
    "CashAndCashEquivalentsPeriodIncreaseDecrease": {
      "taxonomy": "us-gaap",
      "label": "Cash and Cash Equivalents, Period Increase (Decrease)",
      "description": "Amount of increase (decrease) in cash and cash equivalents. Cash and cash equivalents are the amount of currency on hand as well as demand deposits with banks or financial institutions. Includes other kinds of accounts that have the general characteristics of demand deposits. Also includes short-term, highly liquid investments that are both readily convertible to known amounts of cash and so near their maturity that they present insignificant risk of changes in value because of changes in interest rates. Includes effect from exchange rate changes.",
      "available_units": [
        "USD"
      ],
      "data_points_count": 88,
      "latest_value": {
        "value": 7000000,
        "date": "2018-12-31",
        "fiscal_year": 2018,
        "form": "10-K",
        "filed": "2019-02-25",
        "unit": "USD",
        "type": "annual"
      },
      "date_range": {
        "earliest": "2007-12-31",
        "latest": "2018-12-31"
      }
    },
    "CashCashEquivalentsRestrictedCashAndRestrictedCashEquivalents": {
      "taxonomy": "us-gaap",
      "label": "Cash, Cash Equivalents, Restricted Cash and Restricted Cash Equivalents",
      "description": "Amount of cash and cash equivalents, and cash and cash equivalents restricted to withdrawal or usage. Excludes amount for disposal group and discontinued operations. Cash includes, but is not limited to, currency on hand, demand deposits with banks or financial institutions, and other accounts with general characteristics of demand deposits. Cash equivalents include, but are not limited to, short-term, highly liquid investments that are both readily convertible to known amounts of cash and so near their maturity that they present insignificant risk of changes in value because of changes in interest rates.",
      "available_units": [
        "USD"
      ],
      "data_points_count": 104,
      "latest_value": {
        "value": 1743000000,
        "date": "2024-12-31",
        "fiscal_year": 2024,
        "form": "10-K",
        "filed": "2025-02-21",
        "unit": "USD",
        "type": "annual"
      },
      "date_range": {
        "earliest": "2016-12-31",
        "latest": "2025-06-30"
      }
    },
    "CashCashEquivalentsRestrictedCashAndRestrictedCashEquivalentsPeriodIncreaseDecreaseIncludingExchangeRateEffect": {
      "taxonomy": "us-gaap",
      "label": "Cash, Cash Equivalents, Restricted Cash and Restricted Cash Equivalents, Period Increase (Decrease), Including Exchange Rate Effect",
      "description": "Amount of increase (decrease) in cash, cash equivalents, and cash and cash equivalents restricted to withdrawal or usage; including effect from exchange rate change. Cash includes, but is not limited to, currency on hand, demand deposits with banks or financial institutions, and other accounts with general characteristics of demand deposits. Cash equivalents include, but are not limited to, short-term, highly liquid investments that are both readily convertible to known amounts of cash and so near their maturity that they present insignificant risk of changes in value because of changes in interest rates.",
      "available_units": [
        "USD"
      ],
      "data_points_count": 58,
      "latest_value": {
        "value": 802000000,
        "date": "2024-12-31",
        "fiscal_year": 2024,
        "form": "10-K",
        "filed": "2025-02-21",
        "unit": "USD",
        "type": "annual"
      },
      "date_range": {
        "earliest": "2017-12-31",
        "latest": "2025-06-30"
      }
    },
    "CommonStockSharesIssued": {
      "taxonomy": "us-gaap",
      "label": "Common Stock, Shares, Issued",
      "description": "Total number of common shares of an entity that have been sold or granted to shareholders (includes common shares that were issued, repurchased and remain in the treasury). These shares represent capital invested by the firm's shareholders and owners, and may be all or only a portion of the number of shares authorized. Shares issued include shares outstanding and shares held in the treasury.",
      "available_units": [
        "shares"
      ],
      "data_points_count": 153,
      "latest_value": {
        "value": 1256702081,
        "date": "2024-12-31",
        "fiscal_year": 2024,
        "form": "10-K",
        "filed": "2025-02-21",
        "unit": "shares",
        "type": "annual"
      },
      "date_range": {
        "earliest": "2008-06-30",
        "latest": "2025-06-30"
      }
    },
    "CommonStockValue": {
      "taxonomy": "us-gaap",
      "label": "Common Stock, Value, Issued",
      "description": "Aggregate par or stated value of issued nonredeemable common stock (or common stock redeemable solely at the option of the issuer). This item includes treasury stock repurchased by the entity. Note: elements for number of nonredeemable common shares, par value and other disclosure concepts are in another section within stockholders' equity.",
      "available_units": [
        "USD"
      ],
      "data_points_count": 128,
      "latest_value": {
        "value": 1257000000,
        "date": "2024-12-31",
        "fiscal_year": 2024,
        "form": "10-K",
        "filed": "2025-02-21",
        "unit": "USD",
        "type": "annual"
      },
      "date_range": {
        "earliest": "2010-09-30",
        "latest": "2025-06-30"
      }
    },
    "CurrentFederalTaxExpenseBenefit": {
      "taxonomy": "us-gaap",
      "label": "Current Federal Tax Expense (Benefit)",
      "description": "Amount of current federal tax expense (benefit) pertaining to income (loss) from continuing operations.",
      "available_units": [
        "USD"
      ],
      "data_points_count": 45,
      "latest_value": {
        "value": 211000000,
        "date": "2024-12-31",
        "fiscal_year": 2024,
        "form": "10-K",
        "filed": "2025-02-21",
        "unit": "USD",
        "type": "annual"
      },
      "date_range": {
        "earliest": "2008-12-31",
        "latest": "2024-12-31"
      }
    },
    "DeferredFederalIncomeTaxExpenseBenefit": {
      "taxonomy": "us-gaap",
      "label": "Deferred Federal Income Tax Expense (Benefit)",
      "description": "Amount of deferred federal income tax expense (benefit) pertaining to income (loss) from continuing operations.",
      "available_units": [
        "USD"
      ],
      "data_points_count": 45,
      "latest_value": {
        "value": -307000000,
        "date": "2024-12-31",
        "fiscal_year": 2024,
        "form": "10-K",
        "filed": "2025-02-21",
        "unit": "USD",
        "type": "annual"
      },
      "date_range": {
        "earliest": "2008-12-31",
        "latest": "2024-12-31"
      }
    },
    "DefinedBenefitPlanAssumptionsUsedCalculatingBenefitObligationDiscountRate": {
      "taxonomy": "us-gaap",
      "label": "Defined Benefit Plan, Assumptions Used Calculating Benefit Obligation, Discount Rate",
      "description": "Weighted average rate for present value of future retirement benefits cash flows, used to determine benefit obligation of defined benefit plan.",
      "available_units": [
        "pure"
      ],
      "data_points_count": 14,
      "latest_value": {
        "value": 0.0375,
        "date": "2016-12-31",
        "fiscal_year": 2016,
        "form": "10-K",
        "filed": "2017-02-28",
        "unit": "pure",
        "type": "annual"
      },
      "date_range": {
        "earliest": "2009-12-31",
        "latest": "2016-12-31"
      }
    },
    "DefinedBenefitPlanAssumptionsUsedCalculatingNetPeriodicBenefitCostDiscountRate": {
      "taxonomy": "us-gaap",
      "label": "Defined Benefit Plan, Assumptions Used Calculating Net Periodic Benefit Cost, Discount Rate",
      "description": "Weighted average rate for present value of future retirement benefits cash flows, used to determine net periodic benefit cost of defined benefit plan.",
      "available_units": [
        "pure"
      ],
      "data_points_count": 39,
      "latest_value": {
        "value": 0.0485,
        "date": "2023-12-31",
        "fiscal_year": 2023,
        "form": "10-K",
        "filed": "2024-02-22",
        "unit": "pure",
        "type": "annual"
      },
      "date_range": {
        "earliest": "2009-12-31",
        "latest": "2023-12-31"
      }
    },
    "DefinedBenefitPlanEstimatedFutureEmployerContributionsInNextFiscalYear": {
      "taxonomy": "us-gaap",
      "label": "Defined Benefit Plan, Estimated Future Employer Contributions in Next Fiscal Year (Deprecated 2013-01-31)",
      "description": "The employer's best estimate, as soon as it can be reasonably determined, of contributions expected to be paid to the plan during the next fiscal year beginning after the date of the latest statement of financial position. Estimated contributions may be presented in the aggregate combining (1) contributions required by funding regulations or laws, (2) discretionary contributions, and (3) noncash contributions.",
      "available_units": [
        "USD"
      ],
      "data_points_count": 1,
      "latest_value": {
        "value": 100000000,
        "date": "2010-12-31",
        "fiscal_year": 2010,
        "form": "10-K",
        "filed": "2011-02-24",
        "unit": "USD",
        "type": "annual"
      },
      "date_range": {
        "earliest": "2010-12-31",
        "latest": "2010-12-31"
      }
    },
    "Deposits": {
      "taxonomy": "us-gaap",
      "label": "Deposits",
      "description": "The aggregate of all deposit liabilities held by the entity, including foreign and domestic, interest and noninterest bearing; may include demand deposits, saving deposits, Negotiable Order of Withdrawal (NOW) and time deposits among others.",
      "available_units": [
        "USD"
      ],
      "data_points_count": 148,
      "latest_value": {
        "value": 149760000000,
        "date": "2024-12-31",
        "fiscal_year": 2024,
        "form": "10-K",
        "filed": "2025-02-21",
        "unit": "USD",
        "type": "annual"
      },
      "date_range": {
        "earliest": "2008-06-30",
        "latest": "2025-06-30"
      }
    },
    "DepositsSavingsDeposits": {
      "taxonomy": "us-gaap",
      "label": "Deposits, Savings Deposits",
      "description": "Amount of interest bearing deposits with no stated maturity, which may include passbook and statement savings accounts and money-market deposit accounts (MMDAs).",
      "available_units": [
        "USD"
      ],
      "data_points_count": 100,
      "latest_value": {
        "value": 7681000000,
        "date": "2022-12-31",
        "fiscal_year": 2022,
        "form": "10-K",
        "filed": "2023-02-22",
        "unit": "USD",
        "type": "annual"
      },
      "date_range": {
        "earliest": "2011-06-30",
        "latest": "2022-12-31"
      }
    },
    "DepreciationAmortizationAndAccretionNet": {
      "taxonomy": "us-gaap",
      "label": "Depreciation, Amortization and Accretion, Net",
      "description": "The aggregate net amount of depreciation, amortization, and accretion recognized during an accounting period. As a noncash item, the net amount is added back to net income when calculating cash provided by or used in operations using the indirect method.",
      "available_units": [
        "USD"
      ],
      "data_points_count": 146,
      "latest_value": {
        "value": 73000000,
        "date": "2024-12-31",
        "fiscal_year": 2024,
        "form": "10-K",
        "filed": "2025-02-21",
        "unit": "USD",
        "type": "annual"
      },
      "date_range": {
        "earliest": "2007-12-31",
        "latest": "2025-06-30"
      }
    },
    "DerivativeAssetCollateralObligationToReturnCashOffset": {
      "taxonomy": "us-gaap",
      "label": "Derivative Asset, Collateral, Obligation to Return Cash, Offset",
      "description": "Amount of obligation to return cash collateral under master netting arrangements offset against derivative assets.",
      "available_units": [
        "USD"
      ],
      "data_points_count": 98,
      "latest_value": {
        "value": 363000000,
        "date": "2024-12-31",
        "fiscal_year": 2024,
        "form": "10-K",
        "filed": "2025-02-21",
        "unit": "USD",
        "type": "annual"
      },
      "date_range": {
        "earliest": "2013-06-30",
        "latest": "2025-06-30"
      }
    },
    "DerivativeLiabilityCollateralRightToReclaimCashOffset": {
      "taxonomy": "us-gaap",
      "label": "Derivative Liability, Collateral, Right to Reclaim Cash, Offset",
      "description": "Amount of right to receive cash collateral under master netting arrangements offset against derivative liabilities.",
      "available_units": [
        "USD"
      ],
      "data_points_count": 98,
      "latest_value": {
        "value": 411000000,
        "date": "2024-12-31",
        "fiscal_year": 2024,
        "form": "10-K",
        "filed": "2025-02-21",
        "unit": "USD",
        "type": "annual"
      },
      "date_range": {
        "earliest": "2013-06-30",
        "latest": "2025-06-30"
      }
    },
    "Dividends": {
      "taxonomy": "us-gaap",
      "label": "Dividends",
      "description": "Amount of paid and unpaid cash, stock, and paid-in-kind (PIK) dividends declared, for example, but not limited to, common and preferred stock.",
      "available_units": [
        "USD"
      ],
      "data_points_count": 3,
      "latest_value": {
        "value": 0,
        "date": "2009-12-31",
        "fiscal_year": 2009,
        "form": "10-K",
        "filed": "2010-03-01",
        "unit": "USD",
        "type": "annual"
      },
      "date_range": {
        "earliest": "2007-12-31",
        "latest": "2009-12-31"
      }
    },
    "DividendsCommonStockCash": {
      "taxonomy": "us-gaap",
      "label": "Dividends, Common Stock, Cash",
      "description": "Amount of paid and unpaid common stock dividends declared with the form of settlement in cash.",
      "available_units": [
        "USD"
      ],
      "data_points_count": 52,
      "latest_value": {
        "value": 784000000,
        "date": "2024-12-31",
        "fiscal_year": 2024,
        "form": "10-K",
        "filed": "2025-02-21",
        "unit": "USD",
        "type": "annual"
      },
      "date_range": {
        "earliest": "2019-12-31",
        "latest": "2025-06-30"
      }
    },
    "DividendsPreferredStock": {
      "taxonomy": "us-gaap",
      "label": "Dividends, Preferred Stock",
      "description": "Amount of paid and unpaid preferred stock dividends declared with the form of settlement in cash, stock and payment-in-kind (PIK).",
      "available_units": [
        "USD"
      ],
      "data_points_count": 110,
      "latest_value": {
        "value": 143000000,
        "date": "2024-12-31",
        "fiscal_year": 2024,
        "form": "10-K",
        "filed": "2025-02-21",
        "unit": "USD",
        "type": "annual"
      },
      "date_range": {
        "earliest": "2015-12-31",
        "latest": "2025-06-30"
      }
    },
    "EffectiveIncomeTaxRateReconciliationAtFederalStatutoryIncomeTaxRate": {
      "taxonomy": "us-gaap",
      "label": "Effective Income Tax Rate Reconciliation, at Federal Statutory Income Tax Rate, Percent",
      "description": "Percentage of domestic federal statutory tax rate applicable to pretax income (loss).",
      "available_units": [
        "pure"
      ],
      "data_points_count": 68,
      "latest_value": {
        "value": 0.21,
        "date": "2024-12-31",
        "fiscal_year": 2024,
        "form": "10-K",
        "filed": "2025-02-21",
        "unit": "pure",
        "type": "annual"
      },
      "date_range": {
        "earliest": "2008-12-31",
        "latest": "2024-12-31"
      }
    },
    "EffectiveIncomeTaxRateReconciliationChangeInDeferredTaxAssetsValuationAllowance": {
      "taxonomy": "us-gaap",
      "label": "Effective Income Tax Rate Reconciliation, Change in Deferred Tax Assets Valuation Allowance, Percent",
      "description": "Percentage of the difference between reported income tax expense (benefit) and expected income tax expense (benefit) computed by applying the domestic federal statutory income tax rates to pretax income (loss) from continuing operations attributable to changes in the valuation allowance for deferred tax assets.",
      "available_units": [
        "pure"
      ],
      "data_points_count": 9,
      "latest_value": {
        "value": 0.002,
        "date": "2011-12-31",
        "fiscal_year": 2013,
        "form": "10-K",
        "filed": "2014-02-26",
        "unit": "pure",
        "type": "annual"
      },
      "date_range": {
        "earliest": "2008-12-31",
        "latest": "2011-12-31"
      }
    },
    "EffectiveIncomeTaxRateReconciliationChangeInEnactedTaxRate": {
      "taxonomy": "us-gaap",
      "label": "Effective Income Tax Rate Reconciliation, Change in Enacted Tax Rate, Percent",
      "description": "Percentage of the difference between reported income tax expense (benefit) and expected income tax expense (benefit) computed by applying the domestic federal statutory income tax rates to pretax income (loss) from continuing operations attributable to changes in the income tax rates.",
      "available_units": [
        "pure"
      ],
      "data_points_count": 9,
      "latest_value": {
        "value": 0.055,
        "date": "2024-12-31",
        "fiscal_year": 2024,
        "form": "10-K",
        "filed": "2025-02-21",
        "unit": "pure",
        "type": "annual"
      },
      "date_range": {
        "earliest": "2017-12-31",
        "latest": "2024-12-31"
      }
    },
    "EffectiveIncomeTaxRateReconciliationNondeductibleExpenseAmortization": {
      "taxonomy": "us-gaap",
      "label": "Effective Income Tax Rate Reconciliation, Nondeductible Expense, Amortization, Percent",
      "description": "Percentage of the difference between reported income tax expense (benefit) and expected income tax expense (benefit) computed by applying the domestic federal statutory income tax rates to pretax income (loss) from continuing operations attributable to amortization.",
      "available_units": [
        "pure"
      ],
      "data_points_count": 4,
      "latest_value": {
        "value": 0,
        "date": "2011-12-31",
        "fiscal_year": 2011,
        "form": "10-K",
        "filed": "2012-02-27",
        "unit": "pure",
        "type": "annual"
      },
      "date_range": {
        "earliest": "2008-12-31",
        "latest": "2011-12-31"
      }
    },
    "EffectiveIncomeTaxRateReconciliationOtherAdjustments": {
      "taxonomy": "us-gaap",
      "label": "Effective Income Tax Rate Reconciliation, Other Adjustments, Percent",
      "description": "Percentage of the difference between reported income tax expense (benefit) and expected income tax expense (benefit) computed by applying the domestic federal statutory income tax rates to pretax income (loss) from continuing operations attributable to other adjustments.",
      "available_units": [
        "pure"
      ],
      "data_points_count": 45,
      "latest_value": {
        "value": -0.049,
        "date": "2024-12-31",
        "fiscal_year": 2024,
        "form": "10-K",
        "filed": "2025-02-21",
        "unit": "pure",
        "type": "annual"
      },
      "date_range": {
        "earliest": "2008-12-31",
        "latest": "2024-12-31"
      }
    },
    "EffectiveIncomeTaxRateReconciliationStateAndLocalIncomeTaxes": {
      "taxonomy": "us-gaap",
      "label": "Effective Income Tax Rate Reconciliation, State and Local Income Taxes, Percent",
      "description": "Percentage of the difference between reported income tax expense (benefit) and expected income tax expense (benefit) computed by applying the domestic federal statutory income tax rates to pretax income (loss) from continuing operations applicable to state and local income tax expense (benefit), net of federal tax expense (benefit).",
      "available_units": [
        "pure"
      ],
      "data_points_count": 58,
      "latest_value": {
        "value": 0.066,
        "date": "2024-12-31",
        "fiscal_year": 2024,
        "form": "10-K",
        "filed": "2025-02-21",
        "unit": "pure",
        "type": "annual"
      },
      "date_range": {
        "earliest": "2008-12-31",
        "latest": "2024-12-31"
      }
    },
    "EffectiveIncomeTaxRateReconciliationTaxCutsAndJobsActOf2017Amount": {
      "taxonomy": "us-gaap",
      "label": "Effective Income Tax Rate Reconciliation, Tax Cuts and Jobs Act, Amount",
      "description": "Amount of reported income tax expense (benefit) in excess of (less than) expected income tax expense (benefit) computed by applying domestic federal statutory income tax rate to pretax income (loss) from continuing operations, attributable to Tax Cuts and Jobs Act.",
      "available_units": [
        "USD"
      ],
      "data_points_count": 6,
      "latest_value": {
        "value": 0,
        "date": "2020-12-31",
        "fiscal_year": 2020,
        "form": "10-K",
        "filed": "2021-02-22",
        "unit": "USD",
        "type": "annual"
      },
      "date_range": {
        "earliest": "2017-12-31",
        "latest": "2020-12-31"
      }
    },
    "EffectiveIncomeTaxRateReconciliationTaxCutsAndJobsActOf2017Percent": {
      "taxonomy": "us-gaap",
      "label": "Effective Income Tax Rate Reconciliation, Tax Cuts and Jobs Act, Percent",
      "description": "Percentage of reported income tax expense (benefit) in excess of (less than) expected income tax expense (benefit) computed by applying domestic federal statutory income tax rate to pretax income (loss) from continuing operations, attributable to Tax Cuts and Jobs Act.",
      "available_units": [
        "pure"
      ],
      "data_points_count": 6,
      "latest_value": {
        "value": 0,
        "date": "2020-12-31",
        "fiscal_year": 2020,
        "form": "10-K",
        "filed": "2021-02-22",
        "unit": "pure",
        "type": "annual"
      },
      "date_range": {
        "earliest": "2017-12-31",
        "latest": "2020-12-31"
      }
    },
    "EmployeeServiceShareBasedCompensationCashReceivedFromExerciseOfStockOptions": {
      "taxonomy": "us-gaap",
      "label": "Employee Service Share-based Compensation, Cash Received from Exercise of Stock Options (Deprecated 2017-01-31)",
      "description": "Aggregate proceeds received by the entity during the annual period from exercises of stock or unit options and conversion of similar instruments granted under equity-based payment arrangements.",
      "available_units": [
        "USD"
      ],
      "data_points_count": 19,
      "latest_value": {
        "value": 32000000,
        "date": "2016-12-31",
        "fiscal_year": 2016,
        "form": "10-K",
        "filed": "2017-02-28",
        "unit": "USD",
        "type": "annual"
      },
      "date_range": {
        "earliest": "2008-12-31",
        "latest": "2016-12-31"
      }
    },
    "EscrowDeposit": {
      "taxonomy": "us-gaap",
      "label": "Escrow Deposit",
      "description": "The designation of funds furnished by a borrower to a lender to assure future payments of the borrower's real estate taxes and insurance obligations with respect to a mortgaged property. Escrow deposits may be made for a variety of other purposes such as earnest money and contingent payments. This element excludes replacement reserves which are an escrow separately provided for within the US GAAP taxonomy.",
      "available_units": [
        "USD"
      ],
      "data_points_count": 7,
      "latest_value": {
        "value": 1500000000,
        "date": "2011-03-31",
        "fiscal_year": 2012,
        "form": "10-K",
        "filed": "2013-02-26",
        "unit": "USD",
        "type": "annual"
      },
      "date_range": {
        "earliest": "2011-03-31",
        "latest": "2011-03-31"
      }
    },
    "FederalDepositInsuranceCorporationPremiumExpense": {
      "taxonomy": "us-gaap",
      "label": "Federal Deposit Insurance Corporation Premium Expense",
      "description": "Amount of expense for Federal Deposit Insurance Corporation (FDIC) insurance.",
      "available_units": [
        "USD"
      ],
      "data_points_count": 98,
      "latest_value": {
        "value": 32000000,
        "date": "2020-12-31",
        "fiscal_year": 2020,
        "form": "10-K",
        "filed": "2021-02-22",
        "unit": "USD",
        "type": "annual"
      },
      "date_range": {
        "earliest": "2011-12-31",
        "latest": "2020-12-31"
      }
    },
    "FederalFundsPurchased": {
      "taxonomy": "us-gaap",
      "label": "Federal Funds Purchased",
      "description": "Amount of short term borrowing where a bank borrows, at the federal funds rate, from another bank.",
      "available_units": [
        "USD"
      ],
      "data_points_count": 12,
      "latest_value": {
        "value": 18000000,
        "date": "2013-12-31",
        "fiscal_year": 2013,
        "form": "10-K",
        "filed": "2014-02-26",
        "unit": "USD",
        "type": "annual"
      },
      "date_range": {
        "earliest": "2008-12-31",
        "latest": "2013-12-31"
      }
    },
    "FederalIncomeTaxExpenseBenefitContinuingOperations": {
      "taxonomy": "us-gaap",
      "label": "Federal Income Tax Expense (Benefit), Continuing Operations",
      "description": "Amount of current and deferred federal income tax expense (benefit) attributable to income (loss) from continuing operations.",
      "available_units": [
        "USD"
      ],
      "data_points_count": 8,
      "latest_value": {
        "value": -1000000,
        "date": "2014-12-31",
        "fiscal_year": 2014,
        "form": "10-K",
        "filed": "2015-03-02",
        "unit": "USD",
        "type": "annual"
      },
      "date_range": {
        "earliest": "2011-12-31",
        "latest": "2014-12-31"
      }
    },
    "FeesAndCommissionsDepositorAccounts": {
      "taxonomy": "us-gaap",
      "label": "Fees and Commissions, Depositor Accounts (Deprecated 2018-01-31)",
      "description": "Includes amounts charged depositors for: (1) maintenance of their accounts (maintenance charges); (2) failure to maintain specified minimum balances on account; (3) exceeding the number of checks or transactions allowed to be processed in a given period; (4) checks drawn on no minimum balance deposit accounts; (5) withdrawals from nontransaction deposit accounts; (6) closing savings accounts before a specified minimum period of time has elapsed; (7) accounts which have remained inactive for extended periods of time or which have become dormant; (8) use of automated teller machines or remote service units; (9) checks drawn against insufficient funds that the bank assesses regardless of whether it decides to pay, return or hold the check; (10) issuing stop payment orders; (11) certifying checks; and (12) accumulating or disbursing funds deposited in IRAs or Keogh Plan accounts when not handled by the bank's trust department. This item does not include penalties assessed on the early withdrawal of time deposits.",
      "available_units": [
        "USD"
      ],
      "data_points_count": 117,
      "latest_value": {
        "value": 357000000,
        "date": "2017-12-31",
        "fiscal_year": 2017,
        "form": "10-K",
        "filed": "2018-02-26",
        "unit": "USD",
        "type": "annual"
      },
      "date_range": {
        "earliest": "2007-12-31",
        "latest": "2018-03-31"
      }
    },
    "FinanceLeasePrincipalPayments": {
      "taxonomy": "us-gaap",
      "label": "Finance Lease, Principal Payments",
      "description": "Amount of cash outflow for principal payment on finance lease.",
      "available_units": [
        "USD"
      ],
      "data_points_count": 16,
      "latest_value": {
        "value": 1000000,
        "date": "2024-12-31",
        "fiscal_year": 2024,
        "form": "10-K",
        "filed": "2025-02-21",
        "unit": "USD",
        "type": "annual"
      },
      "date_range": {
        "earliest": "2019-03-31",
        "latest": "2024-12-31"
      }
    },
    "IncomeTaxesPaidNet": {
      "taxonomy": "us-gaap",
      "label": "Income Taxes Paid, Net",
      "description": "The amount of cash paid during the current period to foreign, federal, state, and local authorities as taxes on income, net of any cash received during the current period as refunds for the overpayment of taxes.",
      "available_units": [
        "USD"
      ],
      "data_points_count": 146,
      "latest_value": {
        "value": 68000000,
        "date": "2024-12-31",
        "fiscal_year": 2024,
        "form": "10-K",
        "filed": "2025-02-21",
        "unit": "USD",
        "type": "annual"
      },
      "date_range": {
        "earliest": "2007-12-31",
        "latest": "2025-06-30"
      }
    },
    "IncomeTaxReconciliationChangeInDeferredTaxAssetsValuationAllowance": {
      "taxonomy": "us-gaap",
      "label": "Effective Income Tax Rate Reconciliation, Change in Deferred Tax Assets Valuation Allowance, Amount",
      "description": "Amount of the difference between reported income tax expense (benefit) and expected income tax expense (benefit) computed by applying the domestic federal statutory income tax rates to pretax income (loss) from continuing operations attributable to increase (decrease) in the valuation allowance for deferred tax assets.",
      "available_units": [
        "USD"
      ],
      "data_points_count": 9,
      "latest_value": {
        "value": 2000000,
        "date": "2011-12-31",
        "fiscal_year": 2013,
        "form": "10-K",
        "filed": "2014-02-26",
        "unit": "USD",
        "type": "annual"
      },
      "date_range": {
        "earliest": "2008-12-31",
        "latest": "2011-12-31"
      }
    },
    "IncomeTaxReconciliationIncomeTaxExpenseBenefitAtFederalStatutoryIncomeTaxRate": {
      "taxonomy": "us-gaap",
      "label": "Effective Income Tax Rate Reconciliation at Federal Statutory Income Tax Rate, Amount",
      "description": "The amount of income tax expense or benefit for the period computed by applying the domestic federal statutory tax rates to pretax income from continuing operations.",
      "available_units": [
        "USD"
      ],
      "data_points_count": 45,
      "latest_value": {
        "value": -64000000,
        "date": "2024-12-31",
        "fiscal_year": 2024,
        "form": "10-K",
        "filed": "2025-02-21",
        "unit": "USD",
        "type": "annual"
      },
      "date_range": {
        "earliest": "2008-12-31",
        "latest": "2024-12-31"
      }
    },
    "IncomeTaxReconciliationNondeductibleExpenseAmortization": {
      "taxonomy": "us-gaap",
      "label": "Effective Income Tax Rate Reconciliation, Nondeductible Expense, Amortization, Amount",
      "description": "Amount of the difference between reported income tax expense (benefit) and expected income tax expense (benefit) computed by applying the domestic federal statutory income tax rates to pretax income (loss) from continuing operations attributable to nondeductible amortization.",
      "available_units": [
        "USD"
      ],
      "data_points_count": 4,
      "latest_value": {
        "value": 0,
        "date": "2011-12-31",
        "fiscal_year": 2011,
        "form": "10-K",
        "filed": "2012-02-27",
        "unit": "USD",
        "type": "annual"
      },
      "date_range": {
        "earliest": "2008-12-31",
        "latest": "2011-12-31"
      }
    },
    "IncomeTaxReconciliationOtherAdjustments": {
      "taxonomy": "us-gaap",
      "label": "Effective Income Tax Rate Reconciliation, Other Adjustments, Amount",
      "description": "Amount of the difference between reported income tax expense (benefit) and expected income tax expense (benefit) computed by applying the domestic federal statutory income tax rates to pretax income (loss) from continuing operations attributable to other adjustments.",
      "available_units": [
        "USD"
      ],
      "data_points_count": 45,
      "latest_value": {
        "value": 15000000,
        "date": "2024-12-31",
        "fiscal_year": 2024,
        "form": "10-K",
        "filed": "2025-02-21",
        "unit": "USD",
        "type": "annual"
      },
      "date_range": {
        "earliest": "2008-12-31",
        "latest": "2024-12-31"
      }
    },
    "IncomeTaxReconciliationStateAndLocalIncomeTaxes": {
      "taxonomy": "us-gaap",
      "label": "Effective Income Tax Rate Reconciliation, State and Local Income Taxes, Amount",
      "description": "Amount of the difference between reported income tax expense (benefit) and expected income tax expense (benefit) computed by applying the domestic federal statutory income tax rates to pretax income (loss) from continuing operations attributable to state and local income tax expense (benefit).",
      "available_units": [
        "USD"
      ],
      "data_points_count": 45,
      "latest_value": {
        "value": -20000000,
        "date": "2024-12-31",
        "fiscal_year": 2024,
        "form": "10-K",
        "filed": "2025-02-21",
        "unit": "USD",
        "type": "annual"
      },
      "date_range": {
        "earliest": "2008-12-31",
        "latest": "2024-12-31"
      }
    },
    "IncreaseDecreaseInDeposits": {
      "taxonomy": "us-gaap",
      "label": "Increase (Decrease) in Deposits",
      "description": "The net cash inflow or outflow for the increase (decrease) in the beginning and end of period deposits balances.",
      "available_units": [
        "USD"
      ],
      "data_points_count": 146,
      "latest_value": {
        "value": 4173000000,
        "date": "2024-12-31",
        "fiscal_year": 2024,
        "form": "10-K",
        "filed": "2025-02-21",
        "unit": "USD",
        "type": "annual"
      },
      "date_range": {
        "earliest": "2007-12-31",
        "latest": "2025-06-30"
      }
    },
    "IncrementalCommonSharesAttributableToShareBasedPaymentArrangements": {
      "taxonomy": "us-gaap",
      "label": "Incremental Common Shares Attributable to Dilutive Effect of Share-based Payment Arrangements",
      "description": "Additional shares included in the calculation of diluted EPS as a result of the potentially dilutive effect of share based payment arrangements using the treasury stock method.",
      "available_units": [
        "shares"
      ],
      "data_points_count": 147,
      "latest_value": {
        "value": 0,
        "date": "2024-12-31",
        "fiscal_year": 2024,
        "form": "10-K",
        "filed": "2025-02-21",
        "unit": "shares",
        "type": "annual"
      },
      "date_range": {
        "earliest": "2012-12-31",
        "latest": "2025-06-30"
      }
    },
    "InterestBearingDepositLiabilitiesDomestic": {
      "taxonomy": "us-gaap",
      "label": "Interest-bearing Deposit Liabilities, Domestic",
      "description": "Total amount of interest-bearing domestic deposit liabilities, which may include brokered, retail, demand, checking, notice of withdrawal, money market and other interest-bearing deposits.",
      "available_units": [
        "USD"
      ],
      "data_points_count": 148,
      "latest_value": {
        "value": 120132000000,
        "date": "2024-12-31",
        "fiscal_year": 2024,
        "form": "10-K",
        "filed": "2025-02-21",
        "unit": "USD",
        "type": "annual"
      },
      "date_range": {
        "earliest": "2008-06-30",
        "latest": "2025-06-30"
      }
    },
    "InterestBearingDepositLiabilitiesForeign": {
      "taxonomy": "us-gaap",
      "label": "Interest-bearing Deposit Liabilities, Foreign",
      "description": "Amount of foreign interest-bearing deposits held by the entity.",
      "available_units": [
        "USD"
      ],
      "data_points_count": 71,
      "latest_value": {
        "value": 564000000,
        "date": "2014-12-31",
        "fiscal_year": 2014,
        "form": "10-K",
        "filed": "2015-03-02",
        "unit": "USD",
        "type": "annual"
      },
      "date_range": {
        "earliest": "2008-06-30",
        "latest": "2015-09-30"
      }
    },
    "InterestBearingDomesticDepositCertificatesOfDeposits": {
      "taxonomy": "us-gaap",
      "label": "Interest-bearing Domestic Deposit, Certificates of Deposits",
      "description": "Amount of interest-bearing domestic certificate of deposit liabilities.",
      "available_units": [
        "USD"
      ],
      "data_points_count": 97,
      "latest_value": {
        "value": 1708000000,
        "date": "2022-12-31",
        "fiscal_year": 2022,
        "form": "10-K",
        "filed": "2023-02-22",
        "unit": "USD",
        "type": "annual"
      },
      "date_range": {
        "earliest": "2011-09-30",
        "latest": "2022-12-31"
      }
    },
    "InterestExpenseDeposits": {
      "taxonomy": "us-gaap",
      "label": "Interest Expense, Deposits",
      "description": "Aggregate amount of interest expense on all deposits.",
      "available_units": [
        "USD"
      ],
      "data_points_count": 212,
      "latest_value": {
        "value": 3307000000,
        "date": "2024-12-31",
        "fiscal_year": 2024,
        "form": "10-K",
        "filed": "2025-02-21",
        "unit": "USD",
        "type": "annual"
      },
      "date_range": {
        "earliest": "2007-12-31",
        "latest": "2025-06-30"
      }
    },
    "InterestPaid": {
      "taxonomy": "us-gaap",
      "label": "Interest Paid, Including Capitalized Interest, Operating and Investing Activities",
      "description": "Amount of cash paid for interest, including, but not limited to, capitalized interest and payment to settle zero-coupon bond attributable to accreted interest of debt discount and debt instrument with insignificant coupon interest rate in relation to effective interest rate of borrowing attributable to accreted interest of debt discount; classified as operating and investing activities.",
      "available_units": [
        "USD"
      ],
      "data_points_count": 21,
      "latest_value": {
        "value": 120000000,
        "date": "2017-12-31",
        "fiscal_year": 2017,
        "form": "10-K",
        "filed": "2018-02-26",
        "unit": "USD",
        "type": "annual"
      },
      "date_range": {
        "earliest": "2009-12-31",
        "latest": "2017-12-31"
      }
    },
    "InterestPaidNet": {
      "taxonomy": "us-gaap",
      "label": "Interest Paid, Excluding Capitalized Interest, Operating Activities",
      "description": "Amount of cash paid for interest, excluding capitalized interest, classified as operating activity. Includes, but is not limited to, payment to settle zero-coupon bond for accreted interest of debt discount and debt instrument with insignificant coupon interest rate in relation to effective interest rate of borrowing attributable to accreted interest of debt discount.",
      "available_units": [
        "USD"
      ],
      "data_points_count": 146,
      "latest_value": {
        "value": 4160000000,
        "date": "2024-12-31",
        "fiscal_year": 2024,
        "form": "10-K",
        "filed": "2025-02-21",
        "unit": "USD",
        "type": "annual"
      },
      "date_range": {
        "earliest": "2007-12-31",
        "latest": "2025-06-30"
      }
    },
    "LifeInsuranceCorporateOrBankOwnedChangeInValue": {
      "taxonomy": "us-gaap",
      "label": "Life Insurance, Corporate or Bank Owned, Change in Value",
      "description": "The change in cash surrender or contract value during the period which adjusted the amount of premiums paid in determining the expense or income recognized under the contract for the period.",
      "available_units": [
        "USD"
      ],
      "data_points_count": 106,
      "latest_value": {
        "value": 118000000,
        "date": "2024-12-31",
        "fiscal_year": 2024,
        "form": "10-K",
        "filed": "2025-02-21",
        "unit": "USD",
        "type": "annual"
      },
      "date_range": {
        "earliest": "2011-12-31",
        "latest": "2025-06-30"
      }
    },
    "NoncashOrPartNoncashAcquisitionValueOfLiabilitiesAssumed": {
      "taxonomy": "us-gaap",
      "label": "Noncash or Part Noncash Acquisition, Value of Liabilities Assumed (Deprecated 2011-01-31)",
      "description": "The total amount of [all] liabilities that an Entity assumes in acquiring a business or in consideration for an asset received in a noncash (or part noncash) acquisition. Noncash is defined as transactions during a period that affect recognized assets or liabilities but that do not result in cash receipts or cash payments in the period. \"Part noncash\" refers to that portion of the transaction not resulting in cash receipts or cash payments in the period.",
      "available_units": [
        "USD"
      ],
      "data_points_count": 2,
      "latest_value": {
        "value": 0,
        "date": "2009-06-30",
        "fiscal_year": 2009,
        "fiscal_period": "Q2",
        "form": "10-Q",
        "filed": "2009-08-10",
        "unit": "USD",
        "type": "quarterly"
      },
      "date_range": {
        "earliest": "2008-06-30",
        "latest": "2009-06-30"
      }
    },
    "NoncashOrPartNoncashDivestitureAmountOfConsiderationReceived1": {
      "taxonomy": "us-gaap",
      "label": "Noncash or Part Noncash Divestiture, Amount of Consideration Received",
      "description": "Amount of noncash consideration received for selling an asset or business through a noncash (or part noncash) transaction.",
      "available_units": [
        "USD"
      ],
      "data_points_count": 13,
      "latest_value": {
        "value": 0,
        "date": "2023-12-31",
        "fiscal_year": 2023,
        "form": "10-K",
        "filed": "2024-02-22",
        "unit": "USD",
        "type": "annual"
      },
      "date_range": {
        "earliest": "2019-12-31",
        "latest": "2023-12-31"
      }
    },
    "NoninterestBearingDepositLiabilitiesDomestic": {
      "taxonomy": "us-gaap",
      "label": "Noninterest-bearing Deposit Liabilities, Domestic",
      "description": "Amount of domestic noninterest-bearing deposits held by the entity, which may include demand deposits, checking, brokered and retail deposits.",
      "available_units": [
        "USD"
      ],
      "data_points_count": 120,
      "latest_value": {
        "value": 29628000000,
        "date": "2024-12-31",
        "fiscal_year": 2024,
        "form": "10-K",
        "filed": "2025-02-21",
        "unit": "USD",
        "type": "annual"
      },
      "date_range": {
        "earliest": "2011-06-30",
        "latest": "2025-06-30"
      }
    },
    "OperatingLeasePayments": {
      "taxonomy": "us-gaap",
      "label": "Operating Lease, Payments",
      "description": "Amount of cash outflow from operating lease, excluding payments to bring another asset to condition and location necessary for its intended use.",
      "available_units": [
        "USD"
      ],
      "data_points_count": 16,
      "latest_value": {
        "value": 133000000,
        "date": "2024-12-31",
        "fiscal_year": 2024,
        "form": "10-K",
        "filed": "2025-02-21",
        "unit": "USD",
        "type": "annual"
      },
      "date_range": {
        "earliest": "2019-03-31",
        "latest": "2024-12-31"
      }
    },
    "OtherComprehensiveIncomeLossCashFlowHedgeGainLossBeforeReclassificationAndTax": {
      "taxonomy": "us-gaap",
      "label": "Other Comprehensive Income (Loss), Cash Flow Hedge, Gain (Loss), before Reclassification and Tax",
      "description": "Amount, before tax and reclassification, of gain (loss) from derivative instrument designated and qualifying cash flow hedge included in assessment of hedge effectiveness.",
      "available_units": [
        "USD"
      ],
      "data_points_count": 95,
      "latest_value": {
        "value": -448000000,
        "date": "2024-12-31",
        "fiscal_year": 2024,
        "form": "10-K",
        "filed": "2025-02-21",
        "unit": "USD",
        "type": "annual"
      },
      "date_range": {
        "earliest": "2016-12-31",
        "latest": "2025-06-30"
      }
    },
    "OtherComprehensiveIncomeLossCashFlowHedgeGainLossReclassificationAfterTax": {
      "taxonomy": "us-gaap",
      "label": "Other Comprehensive Income (Loss), Cash Flow Hedge, Gain (Loss), Reclassification, after Tax",
      "description": "Amount, after tax, of reclassification of gain (loss) from accumulated other comprehensive income (AOCI) for derivative instrument designated and qualifying as cash flow hedge included in assessment of hedge effectiveness.",
      "available_units": [
        "USD"
      ],
      "data_points_count": 75,
      "latest_value": {
        "value": -735000000,
        "date": "2024-12-31",
        "fiscal_year": 2024,
        "form": "10-K",
        "filed": "2025-02-21",
        "unit": "USD",
        "type": "annual"
      },
      "date_range": {
        "earliest": "2016-12-31",
        "latest": "2024-12-31"
      }
    },
    "OtherComprehensiveIncomeLossDerivativesQualifyingAsHedgesNetOfTax": {
      "taxonomy": "us-gaap",
      "label": "Other Comprehensive Income (Loss), Derivatives Qualifying as Hedges, Net of Tax",
      "description": "Amount after tax and reclassification adjustments, of increase (decrease) in accumulated gain (loss) from derivative instruments designated and qualifying as the effective portion of cash flow hedges and an entity's share of an equity investee's increase (decrease) in deferred hedging gain (loss).",
      "available_units": [
        "USD"
      ],
      "data_points_count": 22,
      "latest_value": {
        "value": 17000000,
        "date": "2016-12-31",
        "fiscal_year": 2016,
        "form": "10-K",
        "filed": "2017-02-28",
        "unit": "USD",
        "type": "annual"
      },
      "date_range": {
        "earliest": "2012-06-30",
        "latest": "2017-09-30"
      }
    },
    "OtherComprehensiveIncomeLossReclassificationAdjustmentFromAOCIOnDerivativesNetOfTax": {
      "taxonomy": "us-gaap",
      "label": "Other Comprehensive Income (Loss), Reclassification Adjustment from AOCI on Derivatives, Net of Tax",
      "description": "Amount after tax of reclassification adjustment from accumulated other comprehensive income of accumulated gain (loss) realized from derivative instruments designated and qualifying as the effective portion of cash flow hedges and an entity's share of an equity investee's deferred hedging gain (loss).",
      "available_units": [
        "USD"
      ],
      "data_points_count": 14,
      "latest_value": {
        "value": 51000000,
        "date": "2016-12-31",
        "fiscal_year": 2016,
        "form": "10-K",
        "filed": "2017-02-28",
        "unit": "USD",
        "type": "annual"
      },
      "date_range": {
        "earliest": "2014-06-30",
        "latest": "2017-09-30"
      }
    },
    "OtherComprehensiveIncomeLossReclassificationAdjustmentOnDerivativesIncludedInNetIncomeNetOfTax": {
      "taxonomy": "us-gaap",
      "label": "Other Comprehensive Income (Loss), Reclassification Adjustment on Derivatives Included in Net Income, Net of Tax (Deprecated 2013-01-31)",
      "description": "Net of tax amount of the income statement impact of the reclassification adjustment of accumulated gain (loss) from derivative instruments designated and qualifying as the effective portion of cash flow hedges realized in net income. Also includes reclassification adjustments of an entity's share of an equity investee's deferred hedging gain (loss) realized in net income.",
      "available_units": [
        "USD"
      ],
      "data_points_count": 8,
      "latest_value": {
        "value": -35000000,
        "date": "2013-12-31",
        "fiscal_year": 2013,
        "form": "10-K",
        "filed": "2014-02-26",
        "unit": "USD",
        "type": "annual"
      },
      "date_range": {
        "earliest": "2012-06-30",
        "latest": "2014-03-31"
      }
    },
    "OtherComprehensiveIncomeReclassificationAdjustmentOnDerivativesIncludedInNetIncomeNetOfTax": {
      "taxonomy": "us-gaap",
      "label": "Other Comprehensive Income (Loss), Reclassification Adjustment on Derivatives Included in Net Income, Net of Tax (Deprecated 2012-01-31)",
      "description": "Net of tax effect of the reclassification adjustment for accumulated gains and losses from derivative instrument designated and qualifying as the effective portion of cash flow hedges included in accumulated comprehensive income that was realized in net income during the period.",
      "available_units": [
        "USD"
      ],
      "data_points_count": 6,
      "latest_value": {
        "value": -26000000,
        "date": "2011-12-31",
        "fiscal_year": 2011,
        "form": "10-K",
        "filed": "2012-02-27",
        "unit": "USD",
        "type": "annual"
      },
      "date_range": {
        "earliest": "2010-12-31",
        "latest": "2012-03-31"
      }
    },
    "OtherComprehensiveIncomeUnrealizedGainLossOnDerivativesArisingDuringPeriodNetOfTax": {
      "taxonomy": "us-gaap",
      "label": "Other Comprehensive Income (Loss), Unrealized Gain (Loss) on Derivatives Arising During Period, Net of Tax",
      "description": "Amount after tax of increase (decrease) in accumulated gain (loss) from derivative instruments designated and qualifying as the effective portion of cash flow hedges and an entity's share of an equity investee's increase (decrease) in deferred hedging gain (loss).",
      "available_units": [
        "USD"
      ],
      "data_points_count": 80,
      "latest_value": {
        "value": -72000000,
        "date": "2017-12-31",
        "fiscal_year": 2017,
        "form": "10-K",
        "filed": "2018-02-26",
        "unit": "USD",
        "type": "annual"
      },
      "date_range": {
        "earliest": "2010-12-31",
        "latest": "2018-03-31"
      }
    },
    "OtherComprehensiveIncomeUnrealizedGainLossOnDerivativesArisingDuringPeriodTax": {
      "taxonomy": "us-gaap",
      "label": "Other Comprehensive Income (Loss), Unrealized Gain (Loss) on Derivatives Arising During Period, Tax",
      "description": "Amount of tax expense (benefit), before reclassification adjustments, related to increase (decrease) in accumulated gain (loss) from derivative instruments designated and qualifying as the effective portion of cash flow hedges and an entity's share of an equity investee's increase (decrease) in deferred hedging gain (loss).",
      "available_units": [
        "USD"
      ],
      "data_points_count": 81,
      "latest_value": {
        "value": -19000000,
        "date": "2017-12-31",
        "fiscal_year": 2017,
        "form": "10-K",
        "filed": "2018-02-26",
        "unit": "USD",
        "type": "annual"
      },
      "date_range": {
        "earliest": "2010-12-31",
        "latest": "2018-03-31"
      }
    },
    "OtherNoncashIncome": {
      "taxonomy": "us-gaap",
      "label": "Other Noncash Income",
      "description": "Amount of income or gain included in net income that result in no cash inflow (outflow), classified as other.",
      "available_units": [
        "USD"
      ],
      "data_points_count": 6,
      "latest_value": {
        "value": 0,
        "date": "2009-12-31",
        "fiscal_year": 2009,
        "form": "10-K",
        "filed": "2010-03-01",
        "unit": "USD",
        "type": "annual"
      },
      "date_range": {
        "earliest": "2007-12-31",
        "latest": "2009-12-31"
      }
    },
    "OtherShortTermInvestments": {
      "taxonomy": "us-gaap",
      "label": "Other Short-term Investments",
      "description": "Amount of short-term investments classified as other.",
      "available_units": [
        "USD"
      ],
      "data_points_count": 96,
      "latest_value": {
        "value": 666000000,
        "date": "2018-12-31",
        "fiscal_year": 2018,
        "form": "10-K",
        "filed": "2019-02-25",
        "unit": "USD",
        "type": "annual"
      },
      "date_range": {
        "earliest": "2009-06-30",
        "latest": "2019-09-30"
      }
    },
    "PaymentsForMergerRelatedCosts": {
      "taxonomy": "us-gaap",
      "label": "Payments for Merger Related Costs",
      "description": "The amount of cash paid during the reporting period for charges associated with the mergers.",
      "available_units": [
        "USD"
      ],
      "data_points_count": 12,
      "latest_value": {
        "value": 0,
        "date": "2018-12-31",
        "fiscal_year": 2018,
        "form": "10-K",
        "filed": "2019-02-25",
        "unit": "USD",
        "type": "annual"
      },
      "date_range": {
        "earliest": "2014-12-31",
        "latest": "2018-12-31"
      }
    },
    "PaymentsForRepurchaseOfCommonStock": {
      "taxonomy": "us-gaap",
      "label": "Payments for Repurchase of Common Stock",
      "description": "The cash outflow to reacquire common stock during the period.",
      "available_units": [
        "USD"
      ],
      "data_points_count": 88,
      "latest_value": {
        "value": 0,
        "date": "2023-12-31",
        "fiscal_year": 2023,
        "form": "10-K",
        "filed": "2024-02-22",
        "unit": "USD",
        "type": "annual"
      },
      "date_range": {
        "earliest": "2012-06-30",
        "latest": "2023-12-31"
      }
    },
    "PaymentsForRepurchaseOfEquity": {
      "taxonomy": "us-gaap",
      "label": "Payments for Repurchase of Equity",
      "description": "The cash outflow to reacquire common and preferred stock.",
      "available_units": [
        "USD"
      ],
      "data_points_count": 24,
      "latest_value": {
        "value": 47000000,
        "date": "2018-12-31",
        "fiscal_year": 2018,
        "form": "10-K",
        "filed": "2019-02-25",
        "unit": "USD",
        "type": "annual"
      },
      "date_range": {
        "earliest": "2015-12-31",
        "latest": "2019-09-30"
      }
    },
    "PaymentsForRepurchaseOfOtherEquity": {
      "taxonomy": "us-gaap",
      "label": "Payments for Repurchase of Other Equity",
      "description": "Amount of cash outflow to reacquire equity classified as other.",
      "available_units": [
        "USD"
      ],
      "data_points_count": 52,
      "latest_value": {
        "value": 28000000,
        "date": "2024-12-31",
        "fiscal_year": 2024,
        "form": "10-K",
        "filed": "2025-02-21",
        "unit": "USD",
        "type": "annual"
      },
      "date_range": {
        "earliest": "2017-12-31",
        "latest": "2025-06-30"
      }
    },
    "PaymentsForRepurchaseOfRedeemablePreferredStock": {
      "taxonomy": "us-gaap",
      "label": "Payments for Repurchase of Redeemable Preferred Stock",
      "description": "The cash outflow for reacquisition of callable preferred stock.",
      "available_units": [
        "USD"
      ],
      "data_points_count": 11,
      "latest_value": {
        "value": 0,
        "date": "2019-12-31",
        "fiscal_year": 2019,
        "form": "10-K",
        "filed": "2020-02-26",
        "unit": "USD",
        "type": "annual"
      },
      "date_range": {
        "earliest": "2011-03-31",
        "latest": "2019-12-31"
      }
    },
    "PaymentsOfDividends": {
      "taxonomy": "us-gaap",
      "label": "Payments of Dividends",
      "description": "Cash outflow in the form of capital distributions and dividends to common shareholders, preferred shareholders and noncontrolling interests.",
      "available_units": [
        "USD"
      ],
      "data_points_count": 146,
      "latest_value": {
        "value": 927000000,
        "date": "2024-12-31",
        "fiscal_year": 2024,
        "form": "10-K",
        "filed": "2025-02-21",
        "unit": "USD",
        "type": "annual"
      },
      "date_range": {
        "earliest": "2007-12-31",
        "latest": "2025-06-30"
      }
    },
    "PaymentsToAcquireBusinessesNetOfCashAcquired": {
      "taxonomy": "us-gaap",
      "label": "Payments to Acquire Businesses, Net of Cash Acquired",
      "description": "The cash outflow associated with the acquisition of a business, net of the cash acquired from the purchase.",
      "available_units": [
        "USD"
      ],
      "data_points_count": 86,
      "latest_value": {
        "value": 0,
        "date": "2024-12-31",
        "fiscal_year": 2024,
        "form": "10-K",
        "filed": "2025-02-21",
        "unit": "USD",
        "type": "annual"
      },
      "date_range": {
        "earliest": "2007-12-31",
        "latest": "2024-12-31"
      }
    },
    "PaymentsToAcquireOtherInvestments": {
      "taxonomy": "us-gaap",
      "label": "Payments to Acquire Other Investments",
      "description": "Amount of cash outflow to acquire investments classified as other.",
      "available_units": [
        "USD"
      ],
      "data_points_count": 138,
      "latest_value": {
        "value": 599000000,
        "date": "2023-12-31",
        "fiscal_year": 2023,
        "form": "10-K",
        "filed": "2024-02-22",
        "unit": "USD",
        "type": "annual"
      },
      "date_range": {
        "earliest": "2007-12-31",
        "latest": "2025-06-30"
      }
    },
    "PaymentsToAcquireProductiveAssets": {
      "taxonomy": "us-gaap",
      "label": "Payments to Acquire Productive Assets",
      "description": "The cash outflow for purchases of and capital improvements on property, plant and equipment (capital expenditures), software, and other intangible assets.",
      "available_units": [
        "USD"
      ],
      "data_points_count": 106,
      "latest_value": {
        "value": 65000000,
        "date": "2024-12-31",
        "fiscal_year": 2024,
        "form": "10-K",
        "filed": "2025-02-21",
        "unit": "USD",
        "type": "annual"
      },
      "date_range": {
        "earliest": "2011-12-31",
        "latest": "2025-06-30"
      }
    },
    "PaymentsToAcquirePropertyPlantAndEquipment": {
      "taxonomy": "us-gaap",
      "label": "Payments to Acquire Property, Plant, and Equipment",
      "description": "The cash outflow associated with the acquisition of long-lived, physical assets that are used in the normal conduct of business to produce goods and services and not intended for resale; includes cash outflows to pay for construction of self-constructed assets.",
      "available_units": [
        "USD"
      ],
      "data_points_count": 40,
      "latest_value": {
        "value": 152000000,
        "date": "2012-12-31",
        "fiscal_year": 2012,
        "form": "10-K",
        "filed": "2013-02-26",
        "unit": "USD",
        "type": "annual"
      },
      "date_range": {
        "earliest": "2007-12-31",
        "latest": "2013-09-30"
      }
    },
    "PreferredStockValue": {
      "taxonomy": "us-gaap",
      "label": "Preferred Stock, Value, Issued",
      "description": "Aggregate par or stated value of issued nonredeemable preferred stock (or preferred stock redeemable solely at the option of the issuer). This item includes treasury stock repurchased by the entity. Note: elements for number of nonredeemable preferred shares, par value and other disclosure concepts are in another section within stockholders' equity.",
      "available_units": [
        "USD"
      ],
      "data_points_count": 76,
      "latest_value": {
        "value": 2500000000,
        "date": "2024-12-31",
        "fiscal_year": 2024,
        "form": "10-K",
        "filed": "2025-02-21",
        "unit": "USD",
        "type": "annual"
      },
      "date_range": {
        "earliest": "2011-09-30",
        "latest": "2025-06-30"
      }
    },
    "ProceedsAndExcessTaxBenefitFromSharebasedCompensation": {
      "taxonomy": "us-gaap",
      "label": "Proceeds and Excess Tax Benefit from Share-based Compensation",
      "description": "The aggregate cash inflow comprised of the amount received from (a) employees to acquire the entity's shares under incentive awards, including stock option exercises and restricted stock arrangements, and (b) the excess tax benefit arising from such transactions.",
      "available_units": [
        "USD"
      ],
      "data_points_count": 1,
      "latest_value": {
        "value": 1000000,
        "date": "2013-09-30",
        "fiscal_year": 2013,
        "fiscal_period": "Q3",
        "form": "10-Q",
        "filed": "2013-10-31",
        "unit": "USD",
        "type": "quarterly"
      },
      "date_range": {
        "earliest": "2013-09-30",
        "latest": "2013-09-30"
      }
    },
    "ProceedsFromDivestitureOfBusinesses": {
      "taxonomy": "us-gaap",
      "label": "Proceeds from Divestiture of Businesses",
      "description": "The cash inflow associated with the amount received from the sale of a portion of the company's business, for example a segment, division, branch or other business, during the period.",
      "available_units": [
        "USD"
      ],
      "data_points_count": 17,
      "latest_value": {
        "value": 0,
        "date": "2020-12-31",
        "fiscal_year": 2020,
        "form": "10-K",
        "filed": "2021-02-22",
        "unit": "USD",
        "type": "annual"
      },
      "date_range": {
        "earliest": "2016-12-31",
        "latest": "2020-12-31"
      }
    },
    "ProceedsFromIssuanceOfCommonStock": {
      "taxonomy": "us-gaap",
      "label": "Proceeds from Issuance of Common Stock",
      "description": "The cash inflow from the additional capital contribution to the entity.",
      "available_units": [
        "USD"
      ],
      "data_points_count": 117,
      "latest_value": {
        "value": 10000000,
        "date": "2024-12-31",
        "fiscal_year": 2024,
        "form": "10-K",
        "filed": "2025-02-21",
        "unit": "USD",
        "type": "annual"
      },
      "date_range": {
        "earliest": "2009-12-31",
        "latest": "2025-06-30"
      }
    },
    "ProceedsFromIssuanceOfLongTermDebt": {
      "taxonomy": "us-gaap",
      "label": "Proceeds from Issuance of Long-term Debt",
      "description": "The cash inflow from a debt initially having maturity due after one year or beyond the operating cycle, if longer.",
      "available_units": [
        "USD"
      ],
      "data_points_count": 144,
      "latest_value": {
        "value": 1646000000,
        "date": "2024-12-31",
        "fiscal_year": 2024,
        "form": "10-K",
        "filed": "2025-02-21",
        "unit": "USD",
        "type": "annual"
      },
      "date_range": {
        "earliest": "2007-12-31",
        "latest": "2025-06-30"
      }
    },
    "ProceedsFromIssuanceOfWarrants": {
      "taxonomy": "us-gaap",
      "label": "Proceeds from Issuance of Warrants",
      "description": "The cash inflow from issuance of rights to purchase common shares at predetermined price (usually issued together with corporate debt).",
      "available_units": [
        "USD"
      ],
      "data_points_count": 4,
      "latest_value": {
        "value": 0,
        "date": "2009-12-31",
        "fiscal_year": 2009,
        "form": "10-K",
        "filed": "2010-03-01",
        "unit": "USD",
        "type": "annual"
      },
      "date_range": {
        "earliest": "2007-12-31",
        "latest": "2009-12-31"
      }
    },
    "ProceedsFromLifeInsurancePolicies": {
      "taxonomy": "us-gaap",
      "label": "Proceeds from Life Insurance Policy",
      "description": "Amount of cash inflow for proceeds from settlement of corporate-owned life insurance policy, classified as investing activities. Includes, but is not limited to, bank-owned life insurance policy.",
      "available_units": [
        "USD"
      ],
      "data_points_count": 106,
      "latest_value": {
        "value": 107000000,
        "date": "2024-12-31",
        "fiscal_year": 2024,
        "form": "10-K",
        "filed": "2025-02-21",
        "unit": "USD",
        "type": "annual"
      },
      "date_range": {
        "earliest": "2011-12-31",
        "latest": "2025-06-30"
      }
    },
    "ProceedsFromMaturitiesPrepaymentsAndCallsOfOtherInvestments": {
      "taxonomy": "us-gaap",
      "label": "Proceeds from Maturities, Prepayments and Calls of Other Investments",
      "description": "The cash inflow associated with the maturity (principal being due), prepayment and call (request of early payment) of other investments not otherwise defined in the taxonomy.",
      "available_units": [
        "USD"
      ],
      "data_points_count": 132,
      "latest_value": {
        "value": 11000000,
        "date": "2023-12-31",
        "fiscal_year": 2023,
        "form": "10-K",
        "filed": "2024-02-22",
        "unit": "USD",
        "type": "annual"
      },
      "date_range": {
        "earliest": "2007-12-31",
        "latest": "2023-12-31"
      }
    },
    "ProceedsFromRepaymentsOfShortTermDebt": {
      "taxonomy": "us-gaap",
      "label": "Proceeds from (Repayments of) Short-term Debt",
      "description": "The net cash inflow or outflow for borrowing having initial term of repayment within one year or the normal operating cycle, if longer.",
      "available_units": [
        "USD"
      ],
      "data_points_count": 84,
      "latest_value": {
        "value": -6372000000,
        "date": "2023-12-31",
        "fiscal_year": 2023,
        "form": "10-K",
        "filed": "2024-02-22",
        "unit": "USD",
        "type": "annual"
      },
      "date_range": {
        "earliest": "2007-12-31",
        "latest": "2023-12-31"
      }
    },
    "ProceedsFromSaleOfInvestmentProjects": {
      "taxonomy": "us-gaap",
      "label": "Proceeds from Sale of Investment Projects",
      "description": "The cash inflow from the sale of investment projects held by an entity in hopes of getting a future return or interest from it.",
      "available_units": [
        "USD"
      ],
      "data_points_count": 12,
      "latest_value": {
        "value": 0,
        "date": "2016-12-31",
        "fiscal_year": 2016,
        "form": "10-K",
        "filed": "2017-02-28",
        "unit": "USD",
        "type": "annual"
      },
      "date_range": {
        "earliest": "2013-09-30",
        "latest": "2016-12-31"
      }
    },
    "ProceedsFromSaleOfOtherInvestments": {
      "taxonomy": "us-gaap",
      "label": "Proceeds from Sale of Other Investments",
      "description": "The cash inflow associated with the sale of other investments not otherwise defined in the taxonomy.",
      "available_units": [
        "USD"
      ],
      "data_points_count": 135,
      "latest_value": {
        "value": 202000000,
        "date": "2024-12-31",
        "fiscal_year": 2024,
        "form": "10-K",
        "filed": "2025-02-21",
        "unit": "USD",
        "type": "annual"
      },
      "date_range": {
        "earliest": "2007-12-31",
        "latest": "2024-12-31"
      }
    },
    "ProceedsFromSaleOfPropertyPlantAndEquipment": {
      "taxonomy": "us-gaap",
      "label": "Proceeds from Sale of Property, Plant, and Equipment",
      "description": "The cash inflow from the sale of long-lived, physical assets that are used in the normal conduct of business to produce goods and services and not intended for resale.",
      "available_units": [
        "USD"
      ],
      "data_points_count": 128,
      "latest_value": {
        "value": 24000000,
        "date": "2024-12-31",
        "fiscal_year": 2024,
        "form": "10-K",
        "filed": "2025-02-21",
        "unit": "USD",
        "type": "annual"
      },
      "date_range": {
        "earliest": "2007-12-31",
        "latest": "2025-06-30"
      }
    },
    "ProceedsFromSaleOfTreasuryStock": {
      "taxonomy": "us-gaap",
      "label": "Proceeds from Sale of Treasury Stock",
      "description": "The cash inflow from the issuance of an equity stock that has been previously reacquired by the entity.",
      "available_units": [
        "USD"
      ],
      "data_points_count": 13,
      "latest_value": {
        "value": 2771000000,
        "date": "2024-12-31",
        "fiscal_year": 2024,
        "form": "10-K",
        "filed": "2025-02-21",
        "unit": "USD",
        "type": "annual"
      },
      "date_range": {
        "earliest": "2007-12-31",
        "latest": "2024-12-31"
      }
    },
    "ProceedsFromShortTermDebt": {
      "taxonomy": "us-gaap",
      "label": "Proceeds from Short-term Debt",
      "description": "The cash inflow from a borrowing having initial term of repayment within one year or the normal operating cycle, if longer.",
      "available_units": [
        "USD"
      ],
      "data_points_count": 50,
      "latest_value": {
        "value": -947000000,
        "date": "2024-12-31",
        "fiscal_year": 2024,
        "form": "10-K",
        "filed": "2025-02-21",
        "unit": "USD",
        "type": "annual"
      },
      "date_range": {
        "earliest": "2017-06-30",
        "latest": "2025-06-30"
      }
    },
    "ProceedsFromStockOptionsExercised": {
      "taxonomy": "us-gaap",
      "label": "Proceeds from Stock Options Exercised",
      "description": "Amount of cash inflow from exercise of option under share-based payment arrangement.",
      "available_units": [
        "USD"
      ],
      "data_points_count": 24,
      "latest_value": {
        "value": 10000000,
        "date": "2024-12-31",
        "fiscal_year": 2024,
        "form": "10-K",
        "filed": "2025-02-21",
        "unit": "USD",
        "type": "annual"
      },
      "date_range": {
        "earliest": "2015-12-31",
        "latest": "2024-12-31"
      }
    },
    "RepaymentsOfLongTermDebt": {
      "taxonomy": "us-gaap",
      "label": "Repayments of Long-term Debt",
      "description": "The cash outflow for debt initially having maturity due after one year or beyond the normal operating cycle, if longer.",
      "available_units": [
        "USD"
      ],
      "data_points_count": 146,
      "latest_value": {
        "value": 9057000000,
        "date": "2024-12-31",
        "fiscal_year": 2024,
        "form": "10-K",
        "filed": "2025-02-21",
        "unit": "USD",
        "type": "annual"
      },
      "date_range": {
        "earliest": "2007-12-31",
        "latest": "2025-06-30"
      }
    },
    "RepaymentsOfShortTermDebt": {
      "taxonomy": "us-gaap",
      "label": "Repayments of Short-term Debt",
      "description": "The cash outflow for a borrowing having initial term of repayment within one year or the normal operating cycle, if longer.",
      "available_units": [
        "USD"
      ],
      "data_points_count": 12,
      "latest_value": {
        "value": 218000000,
        "date": "2021-12-31",
        "fiscal_year": 2021,
        "form": "10-K",
        "filed": "2022-02-22",
        "unit": "USD",
        "type": "annual"
      },
      "date_range": {
        "earliest": "2016-12-31",
        "latest": "2021-12-31"
      }
    },
    "ShareBasedCompensation": {
      "taxonomy": "us-gaap",
      "label": "Share-based Payment Arrangement, Noncash Expense",
      "description": "Amount of noncash expense for share-based payment arrangement.",
      "available_units": [
        "USD"
      ],
      "data_points_count": 110,
      "latest_value": {
        "value": 104000000,
        "date": "2024-12-31",
        "fiscal_year": 2024,
        "form": "10-K",
        "filed": "2025-02-21",
        "unit": "USD",
        "type": "annual"
      },
      "date_range": {
        "earliest": "2011-12-31",
        "latest": "2025-06-30"
      }
    },
    "ShareBasedCompensationArrangementByShareBasedPaymentAwardEquityInstrumentsOtherThanOptionsVestedInPeriodTotalFairValue": {
      "taxonomy": "us-gaap",
      "label": "Share-based Compensation Arrangement by Share-based Payment Award, Equity Instruments Other than Options, Vested in Period, Fair Value",
      "description": "Fair value of share-based awards for which the grantee gained the right by satisfying service and performance requirements, to receive or retain shares or units, other instruments, or cash.",
      "available_units": [
        "USD"
      ],
      "data_points_count": 2,
      "latest_value": {
        "value": 7000000,
        "date": "2010-12-31",
        "fiscal_year": 2011,
        "form": "10-K",
        "filed": "2012-02-27",
        "unit": "USD",
        "type": "annual"
      },
      "date_range": {
        "earliest": "2009-12-31",
        "latest": "2010-12-31"
      }
    },
    "ShortTermBorrowings": {
      "taxonomy": "us-gaap",
      "label": "Short-term Debt",
      "description": "Reflects the total carrying amount as of the balance sheet date of debt having initial terms less than one year or the normal operating cycle, if longer.",
      "available_units": [
        "USD"
      ],
      "data_points_count": 57,
      "latest_value": {
        "value": 343000000,
        "date": "2013-12-31",
        "fiscal_year": 2013,
        "form": "10-K",
        "filed": "2014-02-26",
        "unit": "USD",
        "type": "annual"
      },
      "date_range": {
        "earliest": "2008-06-30",
        "latest": "2014-06-30"
      }
    },
    "ShortTermLeaseCost": {
      "taxonomy": "us-gaap",
      "label": "Short-term Lease, Cost",
      "description": "Amount of short-term lease cost, excluding expense for lease with term of one month or less.",
      "available_units": [
        "USD"
      ],
      "data_points_count": 16,
      "latest_value": {
        "value": 1000000,
        "date": "2024-12-31",
        "fiscal_year": 2024,
        "form": "10-K",
        "filed": "2025-02-21",
        "unit": "USD",
        "type": "annual"
      },
      "date_range": {
        "earliest": "2019-03-31",
        "latest": "2024-12-31"
      }
    },
    "StockRepurchasedDuringPeriodValue": {
      "taxonomy": "us-gaap",
      "label": "Stock Repurchased During Period, Value",
      "description": "Equity impact of the value of stock that has been repurchased during the period and has not been retired and is not held in treasury. Some state laws may mandate the circumstances under which an entity may acquire its own stock and prescribe the accounting treatment therefore. This element is used when state law does not recognize treasury stock.",
      "available_units": [
        "USD"
      ],
      "data_points_count": 49,
      "latest_value": {
        "value": 28000000,
        "date": "2024-12-31",
        "fiscal_year": 2024,
        "form": "10-K",
        "filed": "2025-02-21",
        "unit": "USD",
        "type": "annual"
      },
      "date_range": {
        "earliest": "2013-03-31",
        "latest": "2025-06-30"
      }
    },
    "TimeDeposits": {
      "taxonomy": "us-gaap",
      "label": "Time Deposits",
      "description": "Amount of time deposit liabilities, including certificates of deposit.",
      "available_units": [
        "USD"
      ],
      "data_points_count": 25,
      "latest_value": {
        "value": 3648000000,
        "date": "2013-12-31",
        "fiscal_year": 2013,
        "form": "10-K",
        "filed": "2014-02-26",
        "unit": "USD",
        "type": "annual"
      },
      "date_range": {
        "earliest": "2011-06-30",
        "latest": "2014-06-30"
      }
    },
    "TransferOfOtherRealEstate": {
      "taxonomy": "us-gaap",
      "label": "Real Estate Owned, Transfer from Real Estate Owned",
      "description": "Value transferred out of real estate owned (REO) in noncash transactions.",
      "available_units": [
        "USD"
      ],
      "data_points_count": 85,
      "latest_value": {
        "value": 6000000,
        "date": "2022-12-31",
        "fiscal_year": 2022,
        "form": "10-K",
        "filed": "2023-02-22",
        "unit": "USD",
        "type": "annual"
      },
      "date_range": {
        "earliest": "2010-12-31",
        "latest": "2022-12-31"
      }
    },
    "TransferOtherRealEstate": {
      "taxonomy": "us-gaap",
      "label": "Transfer Other Real Estate (Deprecated 2011-01-31)",
      "description": "Value of real estate transferred in noncash transactions during the reporting period.",
      "available_units": [
        "USD"
      ],
      "data_points_count": 27,
      "latest_value": {
        "value": 49000000,
        "date": "2011-12-31",
        "fiscal_year": 2011,
        "form": "10-K",
        "filed": "2012-02-27",
        "unit": "USD",
        "type": "annual"
      },
      "date_range": {
        "earliest": "2007-12-31",
        "latest": "2012-03-31"
      }
    },
    "TreasuryStockShares": {
      "taxonomy": "us-gaap",
      "label": "Treasury Stock, Shares",
      "description": "Number of common and preferred shares that were previously issued and that were repurchased by the issuing entity and held in treasury on the financial statement date. This stock has no voting rights and receives no dividends.",
      "available_units": [
        "shares"
      ],
      "data_points_count": 133,
      "latest_value": {
        "value": 323377500,
        "date": "2022-12-31",
        "fiscal_year": 2022,
        "form": "10-K",
        "filed": "2023-02-22",
        "unit": "shares",
        "type": "annual"
      },
      "date_range": {
        "earliest": "2008-06-30",
        "latest": "2022-12-31"
      }
    },
    "TreasuryStockValue": {
      "taxonomy": "us-gaap",
      "label": "Treasury Stock, Value",
      "description": "The amount allocated to treasury stock. Treasury stock is common and preferred shares of an entity that were issued, repurchased by the entity, and are held in its treasury.",
      "available_units": [
        "USD"
      ],
      "data_points_count": 108,
      "latest_value": {
        "value": 5910000000,
        "date": "2022-12-31",
        "fiscal_year": 2022,
        "form": "10-K",
        "filed": "2023-02-22",
        "unit": "USD",
        "type": "annual"
      },
      "date_range": {
        "earliest": "2010-09-30",
        "latest": "2022-12-31"
      }
    },
    "TreasuryStockValueAcquiredCostMethod": {
      "taxonomy": "us-gaap",
      "label": "Treasury Stock, Value, Acquired, Cost Method",
      "description": "Equity impact of the cost of common and preferred stock that were repurchased during the period. Recorded using the cost method.",
      "available_units": [
        "USD"
      ],
      "data_points_count": 31,
      "latest_value": {
        "value": 38000000,
        "date": "2023-12-31",
        "fiscal_year": 2023,
        "form": "10-K",
        "filed": "2024-02-22",
        "unit": "USD",
        "type": "annual"
      },
      "date_range": {
        "earliest": "2019-12-31",
        "latest": "2025-03-31"
      }
    },
    "PaymentsForRepurchaseOfPreferredStockAndPreferenceStock": {
      "taxonomy": "us-gaap",
      "label": "Payments for Repurchase of Preferred Stock and Preference Stock",
      "description": "The cash outflow to reacquire preferred stock during the period.",
      "available_units": [
        "USD"
      ],
      "data_points_count": 6,
      "latest_value": {
        "value": 0,
        "date": "2022-12-31",
        "fiscal_year": 2022,
        "form": "10-K",
        "filed": "2023-02-22",
        "unit": "USD",
        "type": "annual"
      },
      "date_range": {
        "earliest": "2019-12-31",
        "latest": "2022-12-31"
      }
    },
    "TreasuryStockCommonShares": {
      "taxonomy": "us-gaap",
      "label": "Treasury Stock, Common, Shares",
      "description": "Number of previously issued common shares repurchased by the issuing entity and held in treasury.",
      "available_units": [
        "shares"
      ],
      "data_points_count": 20,
      "latest_value": {
        "value": 149915630,
        "date": "2024-12-31",
        "fiscal_year": 2024,
        "form": "10-K",
        "filed": "2025-02-21",
        "unit": "shares",
        "type": "annual"
      },
      "date_range": {
        "earliest": "2022-12-31",
        "latest": "2025-06-30"
      }
    },
    "TreasuryStockCommonValue": {
      "taxonomy": "us-gaap",
      "label": "Treasury Stock, Common, Value",
      "description": "Amount allocated to previously issued common shares repurchased by the issuing entity and held in treasury.",
      "available_units": [
        "USD"
      ],
      "data_points_count": 20,
      "latest_value": {
        "value": 2733000000,
        "date": "2024-12-31",
        "fiscal_year": 2024,
        "form": "10-K",
        "filed": "2025-02-21",
        "unit": "USD",
        "type": "annual"
      },
      "date_range": {
        "earliest": "2022-12-31",
        "latest": "2025-06-30"
      }
    },
    "CashFlowHedgeGainLossToBeReclassifiedWithinTwelveMonths": {
      "taxonomy": "us-gaap",
      "label": "Cash Flow Hedge Gain (Loss) to be Reclassified within Twelve Months",
      "description": "The estimated net amount of existing gains or losses on cash flow hedges at the reporting date expected to be reclassified to earnings within the next 12 months.",
      "available_units": [
        "USD"
      ],
      "data_points_count": 9,
      "latest_value": {
        "value": -231000000,
        "date": "2024-12-31",
        "fiscal_year": 2024,
        "form": "10-K",
        "filed": "2025-02-21",
        "unit": "USD",
        "type": "annual"
      },
      "date_range": {
        "earliest": "2023-06-30",
        "latest": "2025-06-30"
      }
    },
    "OtherComprehensiveIncomeLossCashFlowHedgeGainLossReclassificationBeforeTax": {
      "taxonomy": "us-gaap",
      "label": "Other Comprehensive Income (Loss), Cash Flow Hedge, Gain (Loss), Reclassification, before Tax",
      "description": "Amount, before tax, of reclassification of gain (loss) from accumulated other comprehensive income (AOCI) for derivative instrument designated and qualifying as cash flow hedge included in assessment of hedge effectiveness.",
      "available_units": [
        "USD"
      ],
      "data_points_count": 20,
      "latest_value": {
        "value": -185000000,
        "date": "2025-06-30",
        "fiscal_year": 2025,
        "fiscal_period": "Q2",
        "form": "10-Q",
        "filed": "2025-08-05",
        "unit": "USD",
        "type": "quarterly"
      },
      "date_range": {
        "earliest": "2022-09-30",
        "latest": "2025-06-30"
      }
    },
    "StockIssuedDuringPeriodValueTreasuryStockReissued": {
      "taxonomy": "us-gaap",
      "label": "Stock Issued During Period, Value, Treasury Stock Reissued",
      "description": "Value of treasury shares or units reissued. Excludes reissuance of shares or units in treasury for award under share-based payment arrangement.",
      "available_units": [
        "USD"
      ],
      "data_points_count": 3,
      "latest_value": {
        "value": 2771000000,
        "date": "2024-12-31",
        "fiscal_year": 2024,
        "form": "10-K",
        "filed": "2025-02-21",
        "unit": "USD",
        "type": "annual"
      },
      "date_range": {
        "earliest": "2024-09-30",
        "latest": "2024-12-31"
      }
    },
    "DefinedBenefitPlanSettlementsBenefitObligation": {
      "taxonomy": "us-gaap",
      "label": "Defined Benefit Plan, Benefit Obligation, (Increase) Decrease for Settlement",
      "description": "Amount of (increase) decrease to benefit obligation of defined benefit plan from irrevocable action relieving primary responsibility for benefit obligation and eliminating risk for obligation and assets used to effect settlement. Includes, but is not limited to, lump-sum cash payment to participant in exchange for right to receive specified benefits, purchase of nonparticipating annuity contract and change from remeasurement.",
      "available_units": [
        "USD"
      ],
      "data_points_count": 1,
      "latest_value": {
        "value": 0,
        "date": "2024-12-31",
        "fiscal_year": 2024,
        "form": "10-K",
        "filed": "2025-02-21",
        "unit": "USD",
        "type": "annual"
      },
      "date_range": {
        "earliest": "2024-12-31",
        "latest": "2024-12-31"
      }
    },
    "IncomeTaxReconciliationChangeInEnactedTaxRate": {
      "taxonomy": "us-gaap",
      "label": "Effective Income Tax Rate Reconciliation, Change in Enacted Tax Rate, Amount",
      "description": "Amount of the difference between reported income tax expense (benefit) and expected income tax expense (benefit) computed by applying the domestic federal statutory income tax rates to pretax income (loss) from continuing operations, attributable to increase (decrease) in the income tax rates.",
      "available_units": [
        "USD"
      ],
      "data_points_count": 3,
      "latest_value": {
        "value": -17000000,
        "date": "2024-12-31",
        "fiscal_year": 2024,
        "form": "10-K",
        "filed": "2025-02-21",
        "unit": "USD",
        "type": "annual"
      },
      "date_range": {
        "earliest": "2022-12-31",
        "latest": "2024-12-31"
      }
    }
  }
}