{
  "chunk_metadata": {
    "domain": "public",
    "CIK": "73124",
    "data_type": "SEC",
    "ticker": "NTRS",
    "chunk_name": "Loans & Credit",
    "chunk_id": "loans_credit",
    "company_name": "NORTHERN TRUST CORPORATION",
    "extraction_date": "2025-09-30T11:01:44.007016",
    "metrics_count": 106,
    "total_company_metrics": 0,
    "chunking_strategy": "context_aware_balanced"
  },
  "metrics": {
    "AffordableHousingTaxCreditsAndOtherTaxBenefitsAmount": {
      "taxonomy": "us-gaap",
      "label": "Affordable Housing Tax Credits and Other Tax Benefits, Amount",
      "description": "Amount of affordable housing tax credits and other tax benefits recognized.",
      "available_units": [
        "USD"
      ],
      "data_points_count": 83,
      "latest_value": {
        "value": 107100000,
        "date": "2024-12-31",
        "fiscal_year": 2024,
        "form": "10-K",
        "filed": "2025-02-24",
        "unit": "USD",
        "type": "annual"
      },
      "date_range": {
        "earliest": "2016-09-30",
        "latest": "2025-06-30"
      }
    },
    "AllowanceForLoanAndLeaseLossesAdjustmentsNet": {
      "taxonomy": "us-gaap",
      "label": "Allowance for Loan and Lease Losses, Adjustments, Other",
      "description": "Amount of other addition (reduction) in allowance reserve for credit loss.",
      "available_units": [
        "USD"
      ],
      "data_points_count": 128,
      "latest_value": {
        "value": 700000,
        "date": "2019-12-31",
        "fiscal_year": 2019,
        "form": "10-K",
        "filed": "2020-02-25",
        "unit": "USD",
        "type": "annual"
      },
      "date_range": {
        "earliest": "2008-12-31",
        "latest": "2019-12-31"
      }
    },
    "AllowanceForLoanAndLeaseLossesForeignCurrencyTranslation": {
      "taxonomy": "us-gaap",
      "label": "Allowance for Loan and Lease Losses, Foreign Currency Translation",
      "description": "Amount of gain (loss) from converting allowance reserve for credit loss to currency of reporting entity from amount denominated or measured in a different currency, which decreases (increases) the allowance for loan and lease losses.",
      "available_units": [
        "USD"
      ],
      "data_points_count": 61,
      "latest_value": {
        "value": 0,
        "date": "2018-12-31",
        "fiscal_year": 2018,
        "form": "10-K",
        "filed": "2019-02-26",
        "unit": "USD",
        "type": "annual"
      },
      "date_range": {
        "earliest": "2008-12-31",
        "latest": "2018-12-31"
      }
    },
    "AllowanceForLoanAndLeaseLossesWriteOffs": {
      "taxonomy": "us-gaap",
      "label": "Allowance for Loan and Lease Losses, Write-offs",
      "description": "Amount of loans and leases that have been written off from both loan receivables and allowance reserve for credit loss.",
      "available_units": [
        "USD"
      ],
      "data_points_count": 128,
      "latest_value": {
        "value": 6500000,
        "date": "2019-12-31",
        "fiscal_year": 2019,
        "form": "10-K",
        "filed": "2020-02-25",
        "unit": "USD",
        "type": "annual"
      },
      "date_range": {
        "earliest": "2008-12-31",
        "latest": "2019-12-31"
      }
    },
    "AmortizationOfESOPAward": {
      "taxonomy": "us-gaap",
      "label": "Amortization of ESOP Award",
      "description": "Value of shares committed to be released under an Employee Stock Ownership Plan (ESOP).",
      "available_units": [
        "USD"
      ],
      "data_points_count": 11,
      "latest_value": {
        "value": 108500000,
        "date": "2019-12-31",
        "fiscal_year": 2019,
        "form": "10-K",
        "filed": "2020-02-25",
        "unit": "USD",
        "type": "annual"
      },
      "date_range": {
        "earliest": "2017-12-31",
        "latest": "2020-03-31"
      }
    },
    "AssetsNeededForImmediateSettlementAggregateFairValue": {
      "taxonomy": "us-gaap",
      "label": "Assets Needed for Immediate Settlement, Aggregate Fair Value",
      "description": "The aggregate fair value of assets needed to immediately settle the derivative instruments with credit-risk-related contingent features if the credit-risk-related contingent features were triggered at the end of the reporting period.",
      "available_units": [
        "USD"
      ],
      "data_points_count": 58,
      "latest_value": {
        "value": 158800000,
        "date": "2024-12-31",
        "fiscal_year": 2024,
        "form": "10-K",
        "filed": "2025-02-24",
        "unit": "USD",
        "type": "annual"
      },
      "date_range": {
        "earliest": "2017-12-31",
        "latest": "2025-06-30"
      }
    },
    "CapitalLeasesFutureMinimumPaymentsInterestIncludedInPayments": {
      "taxonomy": "us-gaap",
      "label": "Capital Leases, Future Minimum Payments, Interest Included in Payments",
      "description": "Amount necessary to reduce net minimum lease payments to present value for capital leases.",
      "available_units": [
        "USD"
      ],
      "data_points_count": 8,
      "latest_value": {
        "value": 1000000,
        "date": "2017-12-31",
        "fiscal_year": 2017,
        "form": "10-K",
        "filed": "2018-02-27",
        "unit": "USD",
        "type": "annual"
      },
      "date_range": {
        "earliest": "2010-12-31",
        "latest": "2017-12-31"
      }
    },
    "CapitalLeasesFutureMinimumPaymentsNetMinimumPayments": {
      "taxonomy": "us-gaap",
      "label": "Capital Leases, Future Minimum Payments, Net Minimum Payments (Deprecated 2012-01-31)",
      "description": "The total contractually required rental payments on capitalized leases net of deductions for: (i) executory costs, including any profit thereon, included in the minimum lease payments and (ii) the amount of imputed interest necessary to reduce the net minimum lease payments to present value.",
      "available_units": [
        "USD"
      ],
      "data_points_count": 1,
      "latest_value": {
        "value": 71400000,
        "date": "2010-12-31",
        "fiscal_year": 2010,
        "form": "10-K",
        "filed": "2011-02-25",
        "unit": "USD",
        "type": "annual"
      },
      "date_range": {
        "earliest": "2010-12-31",
        "latest": "2010-12-31"
      }
    },
    "CapitalLeasesFutureMinimumPaymentsPresentValueOfNetMinimumPayments": {
      "taxonomy": "us-gaap",
      "label": "Capital Leases, Future Minimum Payments, Present Value of Net Minimum Payments",
      "description": "Present value of minimum lease payments for capital leases net of executory costs, including amounts paid by the lessee to the lessor for insurance, maintenance and taxes.",
      "available_units": [
        "USD"
      ],
      "data_points_count": 8,
      "latest_value": {
        "value": 14400000,
        "date": "2017-12-31",
        "fiscal_year": 2017,
        "form": "10-K",
        "filed": "2018-02-27",
        "unit": "USD",
        "type": "annual"
      },
      "date_range": {
        "earliest": "2010-12-31",
        "latest": "2017-12-31"
      }
    },
    "CapitalLeasesNetInvestmentInDirectFinancingLeasesDeferredIncome": {
      "taxonomy": "us-gaap",
      "label": "Capital Leases, Net Investment in Direct Financing Leases, Deferred Income",
      "description": "The remaining (unamortized) difference between the gross investment in a direct financing lease and the cost or carrying amount, if different, of the leased property as of the balance sheet date.",
      "available_units": [
        "USD"
      ],
      "data_points_count": 18,
      "latest_value": {
        "value": 0,
        "date": "2018-12-31",
        "fiscal_year": 2018,
        "form": "10-K",
        "filed": "2019-02-26",
        "unit": "USD",
        "type": "annual"
      },
      "date_range": {
        "earliest": "2009-12-31",
        "latest": "2018-12-31"
      }
    },
    "CapitalLeasesNetInvestmentInDirectFinancingLeasesInitialDirectCosts": {
      "taxonomy": "us-gaap",
      "label": "Capital Leases, Net Investment in Direct Financing Leases, Initial Direct Costs",
      "description": "Remaining unamortized costs as of the balance sheet date that were essential to acquiring the lease, and that would not otherwise have been incurred without the lease agreement, including evaluating the lessee's credit condition, guarantees, and collateral and costs incurred negotiating, processing, and closing the lease agreement.",
      "available_units": [
        "USD"
      ],
      "data_points_count": 19,
      "latest_value": {
        "value": 300000,
        "date": "2018-12-31",
        "fiscal_year": 2018,
        "form": "10-K",
        "filed": "2019-02-26",
        "unit": "USD",
        "type": "annual"
      },
      "date_range": {
        "earliest": "2009-12-31",
        "latest": "2018-12-31"
      }
    },
    "CapitalLeasesNetInvestmentInDirectFinancingLeasesMinimumPaymentsToBeReceived": {
      "taxonomy": "us-gaap",
      "label": "Capital Leases, Net Investment in Direct Financing Leases, Minimum Payments to be Received",
      "description": "Amount of remaining payments as of the balance sheet date that lessees are obligated to make or can be required to make under direct financing leases, including any guarantee of residual value and executory costs. The amount also includes any guaranteed rental payments by an unrelated third-party provided that are financially capable of making such payments.",
      "available_units": [
        "USD"
      ],
      "data_points_count": 18,
      "latest_value": {
        "value": 9800000,
        "date": "2018-12-31",
        "fiscal_year": 2018,
        "form": "10-K",
        "filed": "2019-02-26",
        "unit": "USD",
        "type": "annual"
      },
      "date_range": {
        "earliest": "2009-12-31",
        "latest": "2018-12-31"
      }
    },
    "CapitalLeasesNetInvestmentInDirectFinancingLeasesUnguaranteedResidualValuesOfLeasedProperty": {
      "taxonomy": "us-gaap",
      "label": "Capital Leases, Net Investment in Direct Financing Leases, Unguaranteed Residual Values of Leased Property",
      "description": "The estimate of the lease property's economic value at the end of the direct financing lease term excluding any amounts guaranteed by either the lessee or a third-party.",
      "available_units": [
        "USD"
      ],
      "data_points_count": 18,
      "latest_value": {
        "value": 23800000,
        "date": "2018-12-31",
        "fiscal_year": 2018,
        "form": "10-K",
        "filed": "2019-02-26",
        "unit": "USD",
        "type": "annual"
      },
      "date_range": {
        "earliest": "2009-12-31",
        "latest": "2018-12-31"
      }
    },
    "CollateralAlreadyPostedAggregateFairValue": {
      "taxonomy": "us-gaap",
      "label": "Collateral Already Posted, Aggregate Fair Value",
      "description": "The aggregate fair value of assets that are already posted, at the end of the reporting period, as collateral for derivative instruments with credit-risk-related contingent features.",
      "available_units": [
        "USD"
      ],
      "data_points_count": 120,
      "latest_value": {
        "value": 1400000000,
        "date": "2024-12-31",
        "fiscal_year": 2024,
        "form": "10-K",
        "filed": "2025-02-24",
        "unit": "USD",
        "type": "annual"
      },
      "date_range": {
        "earliest": "2009-12-31",
        "latest": "2025-06-30"
      }
    },
    "DeferredTaxAssetsTaxDeferredExpenseReservesAndAccrualsLossReserves": {
      "taxonomy": "us-gaap",
      "label": "Deferred Tax Assets, Tax Deferred Expense, Reserves and Accruals, Loss Reserves",
      "description": "Amount before allocation of valuation allowances of deferred tax asset attributable to deductible temporary differences from loss reserves other than estimated credit losses.",
      "available_units": [
        "USD"
      ],
      "data_points_count": 9,
      "latest_value": {
        "value": 114700000,
        "date": "2012-12-31",
        "fiscal_year": 2012,
        "form": "10-K",
        "filed": "2013-02-26",
        "unit": "USD",
        "type": "annual"
      },
      "date_range": {
        "earliest": "2008-12-31",
        "latest": "2012-12-31"
      }
    },
    "DeferredTaxAssetsTaxDeferredExpenseReservesAndAccrualsProvisionForLoanLosses": {
      "taxonomy": "us-gaap",
      "label": "Deferred Tax Assets, Tax Deferred Expense, Reserves and Accruals, Provision for Loan Losses",
      "description": "Amount before allocation of valuation allowances of deferred tax asset attributable to deductible temporary differences from the provision for loan losses.",
      "available_units": [
        "USD"
      ],
      "data_points_count": 29,
      "latest_value": {
        "value": 43200000,
        "date": "2024-12-31",
        "fiscal_year": 2024,
        "form": "10-K",
        "filed": "2025-02-24",
        "unit": "USD",
        "type": "annual"
      },
      "date_range": {
        "earliest": "2011-12-31",
        "latest": "2024-12-31"
      }
    },
    "DirectFinancingLeaseDeferredSellingProfit": {
      "taxonomy": "us-gaap",
      "label": "Direct Financing Lease, Deferred Selling Profit",
      "description": "Amount of deferred selling profit from direct financing lease.",
      "available_units": [
        "USD"
      ],
      "data_points_count": 4,
      "latest_value": {
        "value": 0,
        "date": "2020-12-31",
        "fiscal_year": 2020,
        "form": "10-K",
        "filed": "2021-02-23",
        "unit": "USD",
        "type": "annual"
      },
      "date_range": {
        "earliest": "2018-12-31",
        "latest": "2020-12-31"
      }
    },
    "DirectFinancingLeaseLeaseReceivable": {
      "taxonomy": "us-gaap",
      "label": "Direct Financing Lease, Lease Receivable",
      "description": "Present value of lease payments not yet received by lessor and amount expected to be derived from underlying asset, following end of lease term, guaranteed by lessee or other third party unrelated to lessor, from direct financing lease.",
      "available_units": [
        "USD"
      ],
      "data_points_count": 4,
      "latest_value": {
        "value": 0,
        "date": "2020-12-31",
        "fiscal_year": 2020,
        "form": "10-K",
        "filed": "2021-02-23",
        "unit": "USD",
        "type": "annual"
      },
      "date_range": {
        "earliest": "2018-12-31",
        "latest": "2020-12-31"
      }
    },
    "DirectFinancingLeaseNetInvestmentInLease": {
      "taxonomy": "us-gaap",
      "label": "Direct Financing Lease, Net Investment in Lease",
      "description": "Amount of net investment in direct financing lease.",
      "available_units": [
        "USD"
      ],
      "data_points_count": 4,
      "latest_value": {
        "value": 0,
        "date": "2020-12-31",
        "fiscal_year": 2020,
        "form": "10-K",
        "filed": "2021-02-23",
        "unit": "USD",
        "type": "annual"
      },
      "date_range": {
        "earliest": "2018-12-31",
        "latest": "2020-12-31"
      }
    },
    "DirectFinancingLeaseUnguaranteedResidualAsset": {
      "taxonomy": "us-gaap",
      "label": "Direct Financing Lease, Unguaranteed Residual Asset",
      "description": "Present value expected to be derived from underlying asset, following end of lease term, not guaranteed by lessee or other third party unrelated to lessor.",
      "available_units": [
        "USD"
      ],
      "data_points_count": 4,
      "latest_value": {
        "value": 0,
        "date": "2020-12-31",
        "fiscal_year": 2020,
        "form": "10-K",
        "filed": "2021-02-23",
        "unit": "USD",
        "type": "annual"
      },
      "date_range": {
        "earliest": "2018-12-31",
        "latest": "2020-12-31"
      }
    },
    "EffectiveIncomeTaxRateReconciliationTaxCredits": {
      "taxonomy": "us-gaap",
      "label": "Effective Income Tax Rate Reconciliation, Tax Credit, Percent",
      "description": "Percentage of the difference between reported income tax expense (benefit) and expected income tax expense (benefit) computed by applying the domestic federal statutory income tax rates to pretax income (loss) from continuing operations attributable to tax credits. Including, but not limited to, research credit, foreign tax credit, investment tax credit, and other tax credits.",
      "available_units": [
        "pure"
      ],
      "data_points_count": 15,
      "latest_value": {
        "value": 0.007,
        "date": "2024-12-31",
        "fiscal_year": 2024,
        "form": "10-K",
        "filed": "2025-02-24",
        "unit": "pure",
        "type": "annual"
      },
      "date_range": {
        "earliest": "2018-12-31",
        "latest": "2024-12-31"
      }
    },
    "ExcessTaxBenefitFromShareBasedCompensationFinancingActivities": {
      "taxonomy": "us-gaap",
      "label": "Excess Tax Benefit from Share-based Compensation, Financing Activities",
      "description": "Amount of cash inflow from realized tax benefit related to deductible compensation cost reported on the entity's tax return for equity instruments in excess of the compensation cost for those instruments recognized for financial reporting purposes.",
      "available_units": [
        "USD"
      ],
      "data_points_count": 13,
      "latest_value": {
        "value": 4200000,
        "date": "2009-12-31",
        "fiscal_year": 2009,
        "form": "10-K",
        "filed": "2010-02-26",
        "unit": "USD",
        "type": "annual"
      },
      "date_range": {
        "earliest": "2007-12-31",
        "latest": "2010-09-30"
      }
    },
    "FederalHomeLoanBankAdvancesMaturitiesSummary": {
      "taxonomy": "us-gaap",
      "label": "Federal Home Loan Bank, Advances (Deprecated 2013-01-31)",
      "description": "Amount of federal home loan bank advances. Advances are loans from the federal home loan bank system to a member (shareholder).",
      "available_units": [
        "USD"
      ],
      "data_points_count": 6,
      "latest_value": {
        "value": 335000000,
        "date": "2012-12-31",
        "fiscal_year": 2012,
        "form": "10-K",
        "filed": "2013-02-26",
        "unit": "USD",
        "type": "annual"
      },
      "date_range": {
        "earliest": "2009-12-31",
        "latest": "2012-12-31"
      }
    },
    "FederalHomeLoanBankStock": {
      "taxonomy": "us-gaap",
      "label": "Federal Home Loan Bank Stock",
      "description": "Federal Home Loan Bank (FHLB) stock represents an equity interest in a FHLB. It does not have a readily determinable fair value because its ownership is restricted and it lacks a market (liquidity).",
      "available_units": [
        "USD"
      ],
      "data_points_count": 2,
      "latest_value": {
        "value": 66600000,
        "date": "2010-12-31",
        "fiscal_year": 2010,
        "form": "10-K",
        "filed": "2011-02-25",
        "unit": "USD",
        "type": "annual"
      },
      "date_range": {
        "earliest": "2009-12-31",
        "latest": "2010-12-31"
      }
    },
    "FinancialInstrumentsOwnedAndPledgedAsCollateralAmountEligibleToBeRepledgedByCounterparty": {
      "taxonomy": "us-gaap",
      "label": "Financial Instruments Owned and Pledged as Collateral, Amount Eligible to be Repledged by Counterparty",
      "description": "Fair value of financial instrument held by the entity for its own account (proprietary securities) for trading or investment purposes that are carried at fair value and pledged to counterparties as collateral for financing transactions where counterparty has the right to re-pledge such.",
      "available_units": [
        "USD"
      ],
      "data_points_count": 32,
      "latest_value": {
        "value": 524100000,
        "date": "2021-12-31",
        "fiscal_year": 2021,
        "form": "10-K",
        "filed": "2022-02-28",
        "unit": "USD",
        "type": "annual"
      },
      "date_range": {
        "earliest": "2017-12-31",
        "latest": "2022-03-31"
      }
    },
    "FinancingReceivableAllowanceForCreditLosses": {
      "taxonomy": "us-gaap",
      "label": "Financing Receivable, Allowance for Credit Loss",
      "description": "Amount of allowance for credit loss on financing receivable. Excludes allowance for financing receivable covered under loss sharing agreement.",
      "available_units": [
        "USD"
      ],
      "data_points_count": 23,
      "latest_value": {
        "value": 190700000,
        "date": "2020-12-31",
        "fiscal_year": 2020,
        "form": "10-K",
        "filed": "2021-02-23",
        "unit": "USD",
        "type": "annual"
      },
      "date_range": {
        "earliest": "2017-12-31",
        "latest": "2021-03-31"
      }
    },
    "FinancingReceivableAllowanceForCreditLossesCollectivelyEvaluatedForImpairment": {
      "taxonomy": "us-gaap",
      "label": "Financing Receivable, Allowance for Credit Losses, Collectively Evaluated for Impairment",
      "description": "The valuation allowance for financing receivables that are expected to be uncollectible that were collectively evaluated for impairment.",
      "available_units": [
        "USD"
      ],
      "data_points_count": 114,
      "latest_value": {
        "value": 164800000,
        "date": "2024-12-31",
        "fiscal_year": 2024,
        "form": "10-K",
        "filed": "2025-02-24",
        "unit": "USD",
        "type": "annual"
      },
      "date_range": {
        "earliest": "2010-12-31",
        "latest": "2025-06-30"
      }
    },
    "FinancingReceivableAllowanceForCreditLossesIndividuallyEvaluatedForImpairment": {
      "taxonomy": "us-gaap",
      "label": "Financing Receivable, Allowance for Credit Losses, Individually Evaluated for Impairment (Deprecated 2012-01-31)",
      "description": "The valuation allowance for financing receivables that are expected to be uncollectible that were individually evaluated for impairment.",
      "available_units": [
        "USD"
      ],
      "data_points_count": 4,
      "latest_value": {
        "value": 34800000,
        "date": "2011-09-30",
        "fiscal_year": 2011,
        "fiscal_period": "Q3",
        "form": "10-Q",
        "filed": "2011-10-28",
        "unit": "USD",
        "type": "quarterly"
      },
      "date_range": {
        "earliest": "2010-12-31",
        "latest": "2011-09-30"
      }
    },
    "FinancingReceivableAllowanceForCreditLossesIndividuallyEvaluatedForImpairment1": {
      "taxonomy": "us-gaap",
      "label": "Financing Receivable, Allowance for Credit Losses, Individually Evaluated for Impairment",
      "description": "Amount of valuation allowance for financing receivables that are expected to be uncollectible that were individually evaluated for impairment.",
      "available_units": [
        "USD"
      ],
      "data_points_count": 106,
      "latest_value": {
        "value": 3200000,
        "date": "2024-12-31",
        "fiscal_year": 2024,
        "form": "10-K",
        "filed": "2025-02-24",
        "unit": "USD",
        "type": "annual"
      },
      "date_range": {
        "earliest": "2011-12-31",
        "latest": "2025-06-30"
      }
    },
    "FinancingReceivableAllowanceForCreditLossesRecovery": {
      "taxonomy": "us-gaap",
      "label": "Financing Receivable, Allowance for Credit Loss, Recovery",
      "description": "Amount of increase in allowance for credit loss on financing receivable from recovery.",
      "available_units": [
        "USD"
      ],
      "data_points_count": 28,
      "latest_value": {
        "value": 7000000,
        "date": "2021-12-31",
        "fiscal_year": 2021,
        "form": "10-K",
        "filed": "2022-02-28",
        "unit": "USD",
        "type": "annual"
      },
      "date_range": {
        "earliest": "2018-12-31",
        "latest": "2022-03-31"
      }
    },
    "FinancingReceivableAllowanceForCreditLossesWriteOffs": {
      "taxonomy": "us-gaap",
      "label": "Financing Receivable, Allowance for Credit Loss, Writeoff",
      "description": "Amount of writeoff of financing receivable, charged against allowance for credit loss.",
      "available_units": [
        "USD"
      ],
      "data_points_count": 28,
      "latest_value": {
        "value": 700000,
        "date": "2021-12-31",
        "fiscal_year": 2021,
        "form": "10-K",
        "filed": "2022-02-28",
        "unit": "USD",
        "type": "annual"
      },
      "date_range": {
        "earliest": "2018-12-31",
        "latest": "2022-03-31"
      }
    },
    "FinancingReceivableAllowanceForCreditLossWriteoffAfterRecovery": {
      "taxonomy": "us-gaap",
      "label": "Financing Receivable, Allowance for Credit Loss, Writeoff, after Recovery",
      "description": "Amount, after recovery, of writeoff of financing receivable, charged against allowance for credit loss.",
      "available_units": [
        "USD"
      ],
      "data_points_count": 28,
      "latest_value": {
        "value": -6300000,
        "date": "2021-12-31",
        "fiscal_year": 2021,
        "form": "10-K",
        "filed": "2022-02-28",
        "unit": "USD",
        "type": "annual"
      },
      "date_range": {
        "earliest": "2018-12-31",
        "latest": "2022-03-31"
      }
    },
    "FinancingReceivableCollectivelyEvaluatedForImpairment": {
      "taxonomy": "us-gaap",
      "label": "Financing Receivable, Collectively Evaluated for Impairment",
      "description": "The balance of financing receivables that were collectively evaluated for impairment.",
      "available_units": [
        "USD"
      ],
      "data_points_count": 114,
      "latest_value": {
        "value": 43324700000,
        "date": "2024-12-31",
        "fiscal_year": 2024,
        "form": "10-K",
        "filed": "2025-02-24",
        "unit": "USD",
        "type": "annual"
      },
      "date_range": {
        "earliest": "2010-12-31",
        "latest": "2025-06-30"
      }
    },
    "FinancingReceivableDeferredIncome": {
      "taxonomy": "us-gaap",
      "label": "Financing Receivable, Deferred Commitment Fee",
      "description": "Amount of fee received for commitment to originate or purchase financing receivable where likelihood of commitment being exercised is remote. Excludes financing receivable covered under loss sharing agreement.",
      "available_units": [
        "USD"
      ],
      "data_points_count": 44,
      "latest_value": {
        "value": 6300000,
        "date": "2024-12-31",
        "fiscal_year": 2024,
        "form": "10-K",
        "filed": "2025-02-24",
        "unit": "USD",
        "type": "annual"
      },
      "date_range": {
        "earliest": "2019-12-31",
        "latest": "2025-06-30"
      }
    },
    "FinancingReceivableIndividuallyEvaluatedForImpairment": {
      "taxonomy": "us-gaap",
      "label": "Financing Receivable, Individually Evaluated for Impairment",
      "description": "The balance of financing receivables that were individually evaluated for impairment.",
      "available_units": [
        "USD"
      ],
      "data_points_count": 114,
      "latest_value": {
        "value": 65900000,
        "date": "2024-12-31",
        "fiscal_year": 2024,
        "form": "10-K",
        "filed": "2025-02-24",
        "unit": "USD",
        "type": "annual"
      },
      "date_range": {
        "earliest": "2010-12-31",
        "latest": "2025-06-30"
      }
    },
    "FinancingReceivableNonaccrualInterestIncome": {
      "taxonomy": "us-gaap",
      "label": "Financing Receivable, Nonaccrual, Interest Income",
      "description": "Amount of interest income on financing receivable on nonaccrual status.",
      "available_units": [
        "USD"
      ],
      "data_points_count": 57,
      "latest_value": {
        "value": 2100000,
        "date": "2024-12-31",
        "fiscal_year": 2024,
        "form": "10-K",
        "filed": "2025-02-24",
        "unit": "USD",
        "type": "annual"
      },
      "date_range": {
        "earliest": "2018-12-31",
        "latest": "2025-06-30"
      }
    },
    "FinancingReceivableNonaccrualNoAllowance": {
      "taxonomy": "us-gaap",
      "label": "Financing Receivable, Nonaccrual, No Allowance",
      "description": "Amount of financing receivable on nonaccrual status with no allowance for credit loss.",
      "available_units": [
        "USD"
      ],
      "data_points_count": 18,
      "latest_value": {
        "value": 97300000,
        "date": "2021-12-31",
        "fiscal_year": 2021,
        "form": "10-K",
        "filed": "2022-02-28",
        "unit": "USD",
        "type": "annual"
      },
      "date_range": {
        "earliest": "2019-12-31",
        "latest": "2022-03-31"
      }
    },
    "FinancingReceivableOriginatedFiveOrMoreYearsBeforeLatestFiscalYear": {
      "taxonomy": "us-gaap",
      "label": "Financing Receivable, Originated, More than Five Years before Current Fiscal Year",
      "description": "Amount of financing receivable originated more than five years prior to current fiscal year.",
      "available_units": [
        "USD"
      ],
      "data_points_count": 8,
      "latest_value": {
        "value": 2490300000,
        "date": "2021-12-31",
        "fiscal_year": 2021,
        "form": "10-K",
        "filed": "2022-02-28",
        "unit": "USD",
        "type": "annual"
      },
      "date_range": {
        "earliest": "2020-03-31",
        "latest": "2021-12-31"
      }
    },
    "FinancingReceivableOriginatedFourYearsBeforeLatestFiscalYear": {
      "taxonomy": "us-gaap",
      "label": "Financing Receivable, Year Five, Originated, Four Years before Current Fiscal Year",
      "description": "Amount of financing receivable originated four years prior to current fiscal year.",
      "available_units": [
        "USD"
      ],
      "data_points_count": 8,
      "latest_value": {
        "value": 675700000,
        "date": "2021-12-31",
        "fiscal_year": 2021,
        "form": "10-K",
        "filed": "2022-02-28",
        "unit": "USD",
        "type": "annual"
      },
      "date_range": {
        "earliest": "2020-03-31",
        "latest": "2021-12-31"
      }
    },
    "FinancingReceivableOriginatedInCurrentFiscalYear": {
      "taxonomy": "us-gaap",
      "label": "Financing Receivable, Year One, Originated, Current Fiscal Year",
      "description": "Amount of financing receivable originated in current fiscal year.",
      "available_units": [
        "USD"
      ],
      "data_points_count": 8,
      "latest_value": {
        "value": 8703300000,
        "date": "2021-12-31",
        "fiscal_year": 2021,
        "form": "10-K",
        "filed": "2022-02-28",
        "unit": "USD",
        "type": "annual"
      },
      "date_range": {
        "earliest": "2020-03-31",
        "latest": "2021-12-31"
      }
    },
    "FinancingReceivableOriginatedInFiscalYearBeforeLatestFiscalYear": {
      "taxonomy": "us-gaap",
      "label": "Financing Receivable, Year Two, Originated, Fiscal Year before Current Fiscal Year",
      "description": "Amount of financing receivable originated in fiscal year prior to current fiscal year.",
      "available_units": [
        "USD"
      ],
      "data_points_count": 8,
      "latest_value": {
        "value": 4382700000,
        "date": "2021-12-31",
        "fiscal_year": 2021,
        "form": "10-K",
        "filed": "2022-02-28",
        "unit": "USD",
        "type": "annual"
      },
      "date_range": {
        "earliest": "2020-03-31",
        "latest": "2021-12-31"
      }
    },
    "FinancingReceivableOriginatedThreeYearsBeforeLatestFiscalYear": {
      "taxonomy": "us-gaap",
      "label": "Financing Receivable, Year Four, Originated, Three Years before Current Fiscal Year",
      "description": "Amount of financing receivable originated three years prior to current fiscal year.",
      "available_units": [
        "USD"
      ],
      "data_points_count": 8,
      "latest_value": {
        "value": 931600000,
        "date": "2021-12-31",
        "fiscal_year": 2021,
        "form": "10-K",
        "filed": "2022-02-28",
        "unit": "USD",
        "type": "annual"
      },
      "date_range": {
        "earliest": "2020-03-31",
        "latest": "2021-12-31"
      }
    },
    "FinancingReceivableOriginatedTwoYearsBeforeLatestFiscalYear": {
      "taxonomy": "us-gaap",
      "label": "Financing Receivable, Year Three, Originated, Two Years before Current Fiscal Year",
      "description": "Amount of financing receivable originated two years prior to current fiscal year.",
      "available_units": [
        "USD"
      ],
      "data_points_count": 8,
      "latest_value": {
        "value": 2626700000,
        "date": "2021-12-31",
        "fiscal_year": 2021,
        "form": "10-K",
        "filed": "2022-02-28",
        "unit": "USD",
        "type": "annual"
      },
      "date_range": {
        "earliest": "2020-03-31",
        "latest": "2021-12-31"
      }
    },
    "FinancingReceivableReclassificationToHeldForSale": {
      "taxonomy": "us-gaap",
      "label": "Financing Receivable, Reclassification to Held-for-sale",
      "description": "Amount of financing receivable reclassified to held-for-sale.",
      "available_units": [
        "USD"
      ],
      "data_points_count": 6,
      "latest_value": {
        "value": 0,
        "date": "2021-12-31",
        "fiscal_year": 2021,
        "form": "10-K",
        "filed": "2022-02-28",
        "unit": "USD",
        "type": "annual"
      },
      "date_range": {
        "earliest": "2018-12-31",
        "latest": "2021-12-31"
      }
    },
    "FinancingReceivableRecordedInvestmentNonaccrualStatus": {
      "taxonomy": "us-gaap",
      "label": "Financing Receivable, Nonaccrual",
      "description": "Amount of financing receivable on nonaccrual status.",
      "available_units": [
        "USD"
      ],
      "data_points_count": 18,
      "latest_value": {
        "value": 122300000,
        "date": "2021-12-31",
        "fiscal_year": 2021,
        "form": "10-K",
        "filed": "2022-02-28",
        "unit": "USD",
        "type": "annual"
      },
      "date_range": {
        "earliest": "2019-12-31",
        "latest": "2022-03-31"
      }
    },
    "FinancingReceivableRevolving": {
      "taxonomy": "us-gaap",
      "label": "Financing Receivable, Revolving",
      "description": "Amount of financing receivable that can be withdrawn, repaid and redrawn.",
      "available_units": [
        "USD"
      ],
      "data_points_count": 8,
      "latest_value": {
        "value": 20378900000,
        "date": "2021-12-31",
        "fiscal_year": 2021,
        "form": "10-K",
        "filed": "2022-02-28",
        "unit": "USD",
        "type": "annual"
      },
      "date_range": {
        "earliest": "2020-03-31",
        "latest": "2021-12-31"
      }
    },
    "FinancingReceivableRevolvingConvertedToTermLoan": {
      "taxonomy": "us-gaap",
      "label": "Financing Receivable, Revolving, Converted to Term Loan",
      "description": "Amount of revolving financing receivable converted to term loan.",
      "available_units": [
        "USD"
      ],
      "data_points_count": 7,
      "latest_value": {
        "value": 291400000,
        "date": "2021-12-31",
        "fiscal_year": 2021,
        "form": "10-K",
        "filed": "2022-02-28",
        "unit": "USD",
        "type": "annual"
      },
      "date_range": {
        "earliest": "2020-06-30",
        "latest": "2021-12-31"
      }
    },
    "GainLossOnSaleOfLoansAndLeases": {
      "taxonomy": "us-gaap",
      "label": "Gain (Loss) on Sale of Loans and Leases",
      "description": "The gains (losses) included in earnings that represent the difference between the sale price and the carrying value of loans and leases that were sold during the reporting period. This element refers to the gain (loss) and not to the cash proceeds of the sales. This element is a noncash adjustment to net income when calculating net cash generated by operating activities using the indirect method.",
      "available_units": [
        "USD"
      ],
      "data_points_count": 1,
      "latest_value": {
        "value": 25900000,
        "date": "2015-12-31",
        "fiscal_year": 2015,
        "form": "10-K",
        "filed": "2016-02-29",
        "unit": "USD",
        "type": "annual"
      },
      "date_range": {
        "earliest": "2015-12-31",
        "latest": "2015-12-31"
      }
    },
    "ImpairedFinancingReceivableAverageRecordedInvestment": {
      "taxonomy": "us-gaap",
      "label": "Impaired Financing Receivable, Average Recorded Investment",
      "description": "Average amount of investment of impaired financing receivables with related allowance for credit losses and without a related allowance for credit losses.",
      "available_units": [
        "USD"
      ],
      "data_points_count": 106,
      "latest_value": {
        "value": 120200000,
        "date": "2019-12-31",
        "fiscal_year": 2019,
        "form": "10-K",
        "filed": "2020-02-25",
        "unit": "USD",
        "type": "annual"
      },
      "date_range": {
        "earliest": "2010-06-30",
        "latest": "2019-12-31"
      }
    },
    "ImpairedFinancingReceivableInterestIncomeAccrualMethod": {
      "taxonomy": "us-gaap",
      "label": "Impaired Financing Receivable, Interest Income, Accrual Method",
      "description": "Amount of interest income recognized that the financing receivables (with related allowance for credit losses and without a related allowance for credit losses) were impaired.",
      "available_units": [
        "USD"
      ],
      "data_points_count": 101,
      "latest_value": {
        "value": 2200000,
        "date": "2019-12-31",
        "fiscal_year": 2019,
        "form": "10-K",
        "filed": "2020-02-25",
        "unit": "USD",
        "type": "annual"
      },
      "date_range": {
        "earliest": "2011-03-31",
        "latest": "2019-12-31"
      }
    },
    "ImpairedFinancingReceivableRecordedInvestment": {
      "taxonomy": "us-gaap",
      "label": "Impaired Financing Receivable, Recorded Investment",
      "description": "Amount of investment of impaired financing receivables with related allowance for credit losses and without a related allowance for credit losses.",
      "available_units": [
        "USD"
      ],
      "data_points_count": 71,
      "latest_value": {
        "value": 92200000,
        "date": "2019-12-31",
        "fiscal_year": 2019,
        "form": "10-K",
        "filed": "2020-02-25",
        "unit": "USD",
        "type": "annual"
      },
      "date_range": {
        "earliest": "2010-12-31",
        "latest": "2019-12-31"
      }
    },
    "ImpairedFinancingReceivableRelatedAllowance": {
      "taxonomy": "us-gaap",
      "label": "Impaired Financing Receivable, Related Allowance",
      "description": "Amount of allowance for credit losses related to recorded investment.",
      "available_units": [
        "USD"
      ],
      "data_points_count": 70,
      "latest_value": {
        "value": 5000000,
        "date": "2019-12-31",
        "fiscal_year": 2019,
        "form": "10-K",
        "filed": "2020-02-25",
        "unit": "USD",
        "type": "annual"
      },
      "date_range": {
        "earliest": "2010-12-31",
        "latest": "2019-12-31"
      }
    },
    "ImpairedFinancingReceivableUnpaidPrincipalBalance": {
      "taxonomy": "us-gaap",
      "label": "Impaired Financing Receivable, Unpaid Principal Balance",
      "description": "Amount of unpaid principal balance of impaired financing receivables with related allowance for credit losses and without related allowance for credit losses.",
      "available_units": [
        "USD"
      ],
      "data_points_count": 71,
      "latest_value": {
        "value": 123700000,
        "date": "2019-12-31",
        "fiscal_year": 2019,
        "form": "10-K",
        "filed": "2020-02-25",
        "unit": "USD",
        "type": "annual"
      },
      "date_range": {
        "earliest": "2010-12-31",
        "latest": "2019-12-31"
      }
    },
    "IncomeTaxReconciliationTaxCreditsForeign": {
      "taxonomy": "us-gaap",
      "label": "Effective Income Tax Rate Reconciliation, Tax Credit, Foreign, Amount",
      "description": "Amount of the difference between reported income tax expense (benefit) and expected income tax expense (benefit) computed by applying the domestic federal statutory income tax rates to pretax income (loss) from continuing operations attributable to foreign tax credit.",
      "available_units": [
        "USD"
      ],
      "data_points_count": 4,
      "latest_value": {
        "value": 18500000,
        "date": "2019-09-30",
        "fiscal_year": 2019,
        "fiscal_period": "Q3",
        "form": "10-Q",
        "filed": "2019-10-28",
        "unit": "USD",
        "type": "quarterly"
      },
      "date_range": {
        "earliest": "2019-06-30",
        "latest": "2019-09-30"
      }
    },
    "InterestAndFeeIncomeLoansAndLeases": {
      "taxonomy": "us-gaap",
      "label": "Interest and Fee Income, Loans and Leases",
      "description": "The aggregate interest and fee income generated by: (1) loans the Entity has positive intent and ability to hold for the foreseeable future, or until maturity or payoff, including commercial and consumer loans, whether domestic or foreign, which may consist of: (a) industrial and agricultural; (b) real estate; and (c) real estate construction loans; (d) trade financing; (e) lease financing; (f) home equity lines-of-credit; (g) automobile and other vehicle loans; and (h) credit card and other revolving-type loans and (2) loans and leases held-for-sale which may include mortgage loans, direct financing, and sales-type leases.",
      "available_units": [
        "USD"
      ],
      "data_points_count": 199,
      "latest_value": {
        "value": 2567100000,
        "date": "2024-12-31",
        "fiscal_year": 2024,
        "form": "10-K",
        "filed": "2025-02-24",
        "unit": "USD",
        "type": "annual"
      },
      "date_range": {
        "earliest": "2008-12-31",
        "latest": "2025-06-30"
      }
    },
    "InterestIncomeExpenseAfterProvisionForLoanLoss": {
      "taxonomy": "us-gaap",
      "label": "Interest Income (Expense), after Provision for Loan Loss",
      "description": "Amount of interest income or expense, including any amortization and accretion (as applicable) of discounts and premiums, including consideration of the provisions for loan, lease, credit, and other related losses.",
      "available_units": [
        "USD"
      ],
      "data_points_count": 212,
      "latest_value": {
        "value": 2180100000,
        "date": "2024-12-31",
        "fiscal_year": 2024,
        "form": "10-K",
        "filed": "2025-02-24",
        "unit": "USD",
        "type": "annual"
      },
      "date_range": {
        "earliest": "2007-12-31",
        "latest": "2025-06-30"
      }
    },
    "LeaseCost": {
      "taxonomy": "us-gaap",
      "label": "Lease, Cost",
      "description": "Amount of lease cost recognized by lessee for lease contract.",
      "available_units": [
        "USD"
      ],
      "data_points_count": 16,
      "latest_value": {
        "value": 139800000,
        "date": "2024-12-31",
        "fiscal_year": 2024,
        "form": "10-K",
        "filed": "2025-02-24",
        "unit": "USD",
        "type": "annual"
      },
      "date_range": {
        "earliest": "2019-03-31",
        "latest": "2024-12-31"
      }
    },
    "LeasesReceivableCommercialLeaseFinancing": {
      "taxonomy": "us-gaap",
      "label": "Leases Receivable, Gross, Commercial, Lease Financing (Deprecated 2019-01-31)",
      "description": "Amount before allowance of commercial leases and leveraged lease transactions where the entity is long-term creditor. Includes deferred interest and fees, undisbursed portion of loan balance, unamortized costs and premiums and discounts from face amounts. Excludes leases covered under loss sharing agreements.",
      "available_units": [
        "USD"
      ],
      "data_points_count": 24,
      "latest_value": {
        "value": 90700000,
        "date": "2018-12-31",
        "fiscal_year": 2018,
        "form": "10-K",
        "filed": "2019-02-26",
        "unit": "USD",
        "type": "annual"
      },
      "date_range": {
        "earliest": "2009-06-30",
        "latest": "2018-12-31"
      }
    },
    "LeveragedLeasesNetInvestmentInLeveragedLeasesDisclosureDeferredIncome": {
      "taxonomy": "us-gaap",
      "label": "Leveraged Leases, Net Investment in Leveraged Leases Disclosure, Deferred Income",
      "description": "The estimated portion of pretax income and investment tax credit remaining to be allocated to income over the lease term.",
      "available_units": [
        "USD"
      ],
      "data_points_count": 24,
      "latest_value": {
        "value": 400000,
        "date": "2021-12-31",
        "fiscal_year": 2021,
        "form": "10-K",
        "filed": "2022-02-28",
        "unit": "USD",
        "type": "annual"
      },
      "date_range": {
        "earliest": "2009-12-31",
        "latest": "2021-12-31"
      }
    },
    "LoansAndLeasesReceivableAllowance": {
      "taxonomy": "us-gaap",
      "label": "Loans and Leases Receivable, Allowance",
      "description": "Amount of allowance to cover probable credit losses on loans and leases. Includes carryover of or adjustments to the allowance for loan losses in connection with business combinations. Excludes allowance for loans and leases covered under loss sharing agreements.",
      "available_units": [
        "USD"
      ],
      "data_points_count": 103,
      "latest_value": {
        "value": 104500000,
        "date": "2019-12-31",
        "fiscal_year": 2019,
        "form": "10-K",
        "filed": "2020-02-25",
        "unit": "USD",
        "type": "annual"
      },
      "date_range": {
        "earliest": "2008-06-30",
        "latest": "2019-12-31"
      }
    },
    "LoansAndLeasesReceivableCommercial": {
      "taxonomy": "us-gaap",
      "label": "Loans and Leases Receivable, Gross, Commercial (Deprecated 2016-01-31)",
      "description": "Amount before allowance of commercial loans and leases receivable includes, but not limited to, commercial and industrial loans, agricultural loans, mortgage loans, promissory notes, interbank and other loans to financial institutions, draws against credit facilities, trade financing, lease financings. Includes deferred interest and fees, undisbursed portion of loan balance, unamortized costs and premiums and discounts from face amounts. Excludes loans and leases covered under loss sharing agreements.",
      "available_units": [
        "USD"
      ],
      "data_points_count": 42,
      "latest_value": {
        "value": 15156500000,
        "date": "2015-12-31",
        "fiscal_year": 2015,
        "form": "10-K",
        "filed": "2016-02-29",
        "unit": "USD",
        "type": "annual"
      },
      "date_range": {
        "earliest": "2009-12-31",
        "latest": "2015-12-31"
      }
    },
    "LoansAndLeasesReceivableConsumer": {
      "taxonomy": "us-gaap",
      "label": "Loans and Leases Receivable, Gross, Consumer (Deprecated 2016-01-31)",
      "description": "Amount before allowance of consumer loans, including, but not limited to, mortgage, home equity, vehicles, credit card, installment, and lease financing. Includes deferred interest and fees, undisbursed portion of loan balance, unamortized costs and premiums and discounts from face amounts. Excludes loans and leases covered under loss sharing agreements.",
      "available_units": [
        "USD"
      ],
      "data_points_count": 42,
      "latest_value": {
        "value": 18024400000,
        "date": "2015-12-31",
        "fiscal_year": 2015,
        "form": "10-K",
        "filed": "2016-02-29",
        "unit": "USD",
        "type": "annual"
      },
      "date_range": {
        "earliest": "2009-12-31",
        "latest": "2015-12-31"
      }
    },
    "LoansAndLeasesReceivableConsumerOther": {
      "taxonomy": "us-gaap",
      "label": "Loans and Leases Receivable, Gross, Consumer, Other (Deprecated 2019-01-31)",
      "description": "Amount before allowance of consumer loans and leases not otherwise specified in the taxonomy. Includes deferred interest and fees, undisbursed portion of loan balance, unamortized costs and premiums and discounts from face amounts. Excludes loans and leases covered under loss sharing agreements.",
      "available_units": [
        "USD"
      ],
      "data_points_count": 6,
      "latest_value": {
        "value": 5050600000,
        "date": "2010-09-30",
        "fiscal_year": 2010,
        "fiscal_period": "Q3",
        "form": "10-Q",
        "filed": "2010-10-27",
        "unit": "USD",
        "type": "quarterly"
      },
      "date_range": {
        "earliest": "2009-06-30",
        "latest": "2010-09-30"
      }
    },
    "LoansAndLeasesReceivableConsumerRealEstate": {
      "taxonomy": "us-gaap",
      "label": "Loans and Leases Receivable, Gross, Consumer, Real Estate (Deprecated 2019-01-31)",
      "description": "Amount before allowance of consumer real estate loans. Includes, but not limited to, construction financing, residential mortgage loans, and home equity lines of credit. Includes deferred interest and fees, undisbursed portion of loan balance, unamortized costs and premiums and discounts from face amounts. Excludes loans and leases covered under loss sharing agreements.",
      "available_units": [
        "USD"
      ],
      "data_points_count": 26,
      "latest_value": {
        "value": 10900000,
        "date": "2018-12-31",
        "fiscal_year": 2018,
        "form": "10-K",
        "filed": "2019-02-26",
        "unit": "USD",
        "type": "annual"
      },
      "date_range": {
        "earliest": "2009-06-30",
        "latest": "2019-03-31"
      }
    },
    "LoansAndLeasesReceivableDeferredIncome": {
      "taxonomy": "us-gaap",
      "label": "Loans and Leases Receivable, Deferred Income",
      "description": "Amount of deferred interest and fee income, unamortized costs incurred to originate loans and leases, unamortized loan commitments and loan syndication fees, and premiums over or discounts from face amounts of acquired loans. Excludes amounts for loans and leases covered under loss sharing agreements.",
      "available_units": [
        "USD"
      ],
      "data_points_count": 91,
      "latest_value": {
        "value": 14100000,
        "date": "2019-12-31",
        "fiscal_year": 2019,
        "form": "10-K",
        "filed": "2020-02-25",
        "unit": "USD",
        "type": "annual"
      },
      "date_range": {
        "earliest": "2008-06-30",
        "latest": "2019-12-31"
      }
    },
    "LoansAndLeasesReceivableForeignNetOfDeferredIncome": {
      "taxonomy": "us-gaap",
      "label": "Loans and Leases Receivable, Foreign, Net of Deferred Income (Deprecated 2016-01-31)",
      "description": "Reflects the net carrying amount of foreign loans and leases held in portfolio, after deducting deferred income, but before deducting the allowance for losses on foreign loans and leases.",
      "available_units": [
        "USD"
      ],
      "data_points_count": 6,
      "latest_value": {
        "value": 864000000,
        "date": "2010-09-30",
        "fiscal_year": 2010,
        "fiscal_period": "Q3",
        "form": "10-Q",
        "filed": "2010-10-27",
        "unit": "USD",
        "type": "quarterly"
      },
      "date_range": {
        "earliest": "2009-06-30",
        "latest": "2010-09-30"
      }
    },
    "LoansAndLeasesReceivableGrossCarryingAmount": {
      "taxonomy": "us-gaap",
      "label": "Loans and Leases Receivable, Gross",
      "description": "Amount before allowance of loans and leases held in portfolio, including but not limited to, commercial and consumer loans. Includes deferred interest and fees, undisbursed portion of loan balance, unamortized costs and premiums and discounts from face amounts. Excludes loans and leases covered under loss sharing agreements.",
      "available_units": [
        "USD"
      ],
      "data_points_count": 32,
      "latest_value": {
        "value": 31409600000,
        "date": "2019-12-31",
        "fiscal_year": 2019,
        "form": "10-K",
        "filed": "2020-02-25",
        "unit": "USD",
        "type": "annual"
      },
      "date_range": {
        "earliest": "2015-12-31",
        "latest": "2019-12-31"
      }
    },
    "LoansAndLeasesReceivableImpairedAllowanceForLoanLosses": {
      "taxonomy": "us-gaap",
      "label": "Loans and Leases Receivable, Impaired, Allowance for Loan Losses (Deprecated 2011-01-31)",
      "description": "Reflects amount of allowance for credit losses pertaining to impaired loans.",
      "available_units": [
        "USD"
      ],
      "data_points_count": 6,
      "latest_value": {
        "value": 48100000,
        "date": "2010-09-30",
        "fiscal_year": 2010,
        "fiscal_period": "Q3",
        "form": "10-Q",
        "filed": "2010-10-27",
        "unit": "USD",
        "type": "quarterly"
      },
      "date_range": {
        "earliest": "2009-06-30",
        "latest": "2010-09-30"
      }
    },
    "LoansAndLeasesReceivableImpairedAverageInvestment": {
      "taxonomy": "us-gaap",
      "label": "Loans and Leases Receivable, Impaired, Average Investment (Deprecated 2011-01-31)",
      "description": "Reflects the average recorded investment in impaired loans during each period.",
      "available_units": [
        "USD"
      ],
      "data_points_count": 6,
      "latest_value": {
        "value": 257600000,
        "date": "2010-09-30",
        "fiscal_year": 2010,
        "fiscal_period": "Q3",
        "form": "10-Q",
        "filed": "2010-10-27",
        "unit": "USD",
        "type": "quarterly"
      },
      "date_range": {
        "earliest": "2009-06-30",
        "latest": "2010-09-30"
      }
    },
    "LoansAndLeasesReceivableImpairedEndOfPeriodInAllowanceForLoanLoss": {
      "taxonomy": "us-gaap",
      "label": "Loans and Leases Receivable, Impaired, End of Period, in Allowance for Loan Loss (Deprecated 2011-01-31)",
      "description": "Reflects the carrying amount of loans which have been written down and for which there is a related reserve for credit loss.",
      "available_units": [
        "USD"
      ],
      "data_points_count": 6,
      "latest_value": {
        "value": 135300000,
        "date": "2010-09-30",
        "fiscal_year": 2010,
        "fiscal_period": "Q3",
        "form": "10-Q",
        "filed": "2010-10-27",
        "unit": "USD",
        "type": "quarterly"
      },
      "date_range": {
        "earliest": "2009-06-30",
        "latest": "2010-09-30"
      }
    },
    "LoansAndLeasesReceivableImpairedEndOfPeriodNotInAllowanceForLoanLoss": {
      "taxonomy": "us-gaap",
      "label": "Loans and Leases Receivable, Impaired, End of Period, Not in Allowance for Loan Loss (Deprecated 2011-01-31)",
      "description": "Reflects the carrying amount of loans which have been written down and for which there is no related reserve for credit loss.",
      "available_units": [
        "USD"
      ],
      "data_points_count": 6,
      "latest_value": {
        "value": 138700000,
        "date": "2010-09-30",
        "fiscal_year": 2010,
        "fiscal_period": "Q3",
        "form": "10-Q",
        "filed": "2010-10-27",
        "unit": "USD",
        "type": "quarterly"
      },
      "date_range": {
        "earliest": "2009-06-30",
        "latest": "2010-09-30"
      }
    },
    "LoansAndLeasesReceivableImpairedInterestLostOnNonaccrualLoans": {
      "taxonomy": "us-gaap",
      "label": "Loans and Leases Receivable, Impaired, Interest Lost on Nonaccrual Loans",
      "description": "Reflects the amount of additional interest income that would have been recorded if impaired or nonperforming loans were instead current, in compliance with their original terms, and outstanding throughout the reporting period or since origination (if held for part of the period).",
      "available_units": [
        "USD"
      ],
      "data_points_count": 7,
      "latest_value": {
        "value": 3500000,
        "date": "2020-09-30",
        "fiscal_year": 2021,
        "fiscal_period": "Q3",
        "form": "10-Q",
        "filed": "2021-10-26",
        "unit": "USD",
        "type": "quarterly"
      },
      "date_range": {
        "earliest": "2019-03-31",
        "latest": "2020-09-30"
      }
    },
    "LoansAndLeasesReceivableImpairedNonperformingNonaccrualOfInterest": {
      "taxonomy": "us-gaap",
      "label": "Loans and Leases Receivable, Nonperforming, Nonaccrual of Interest",
      "description": "Reflects the carrying amount of loans deemed to be questionable as to collection on which no interest is continuing to be recognized.",
      "available_units": [
        "USD"
      ],
      "data_points_count": 30,
      "latest_value": {
        "value": 155300000,
        "date": "2017-12-31",
        "fiscal_year": 2017,
        "form": "10-K",
        "filed": "2018-02-27",
        "unit": "USD",
        "type": "annual"
      },
      "date_range": {
        "earliest": "2009-06-30",
        "latest": "2017-12-31"
      }
    },
    "LoansAndLeasesReceivableNetOfDeferredIncome": {
      "taxonomy": "us-gaap",
      "label": "Loans and Leases Receivable, Net of Deferred Income",
      "description": "Amount before allowance and after deduction of deferred interest and fees, unamortized costs and premiums and discounts from face amounts, of loans and leases held in portfolio, including but not limited to, commercial and consumer loans. Excludes loans and leases covered under loss sharing agreements.",
      "available_units": [
        "USD"
      ],
      "data_points_count": 91,
      "latest_value": {
        "value": 31409600000,
        "date": "2019-12-31",
        "fiscal_year": 2019,
        "form": "10-K",
        "filed": "2020-02-25",
        "unit": "USD",
        "type": "annual"
      },
      "date_range": {
        "earliest": "2008-06-30",
        "latest": "2019-12-31"
      }
    },
    "LoansAndLeasesReceivableNetReportedAmount": {
      "taxonomy": "us-gaap",
      "label": "Loans and Leases Receivable, Net Amount",
      "description": "Amount after allowance and deduction of deferred interest and fees, unamortized costs and premiums and discounts from face amounts, of loans and leases held in portfolio, including but not limited to, commercial and consumer loans. Excludes loans and leases covered under loss sharing agreements and loans held for sale.",
      "available_units": [
        "USD"
      ],
      "data_points_count": 80,
      "latest_value": {
        "value": 31305100000,
        "date": "2019-12-31",
        "fiscal_year": 2019,
        "form": "10-K",
        "filed": "2020-02-25",
        "unit": "USD",
        "type": "annual"
      },
      "date_range": {
        "earliest": "2009-06-30",
        "latest": "2019-12-31"
      }
    },
    "LoansAndLeasesReceivableOther": {
      "taxonomy": "us-gaap",
      "label": "Loans and Leases Receivable, Gross, Other (Deprecated 2016-01-31)",
      "description": "Amount before allowance of other loans and leases not otherwise specified in the taxonomy. Includes deferred interest and fees, undisbursed portion of loan balance, unamortized costs and premiums and discounts from face amounts. Excludes loans and leases covered under loss sharing agreements.",
      "available_units": [
        "USD"
      ],
      "data_points_count": 6,
      "latest_value": {
        "value": 751300000,
        "date": "2010-09-30",
        "fiscal_year": 2010,
        "fiscal_period": "Q3",
        "form": "10-Q",
        "filed": "2010-10-27",
        "unit": "USD",
        "type": "quarterly"
      },
      "date_range": {
        "earliest": "2009-06-30",
        "latest": "2010-09-30"
      }
    },
    "LoansReceivableCommercialFinancialAndAgricultural": {
      "taxonomy": "us-gaap",
      "label": "Loans Receivable, Gross, Commercial, Financial and Agricultural (Deprecated 2019-01-31)",
      "description": "Amount before allowance of loans issued to agricultural, commercial and industrial, and financial institutions. Includes deferred interest and fees, undisbursed portion of loan balance, unamortized costs and premiums and discounts from face amounts. Excludes loans covered under loss sharing agreements.",
      "available_units": [
        "USD"
      ],
      "data_points_count": 6,
      "latest_value": {
        "value": 6098300000,
        "date": "2010-09-30",
        "fiscal_year": 2010,
        "fiscal_period": "Q3",
        "form": "10-Q",
        "filed": "2010-10-27",
        "unit": "USD",
        "type": "quarterly"
      },
      "date_range": {
        "earliest": "2009-06-30",
        "latest": "2010-09-30"
      }
    },
    "LoansReceivableCommercialMortgage": {
      "taxonomy": "us-gaap",
      "label": "Loans Receivable, Gross, Commercial, Mortgage (Deprecated 2019-01-31)",
      "description": "Amount before allowance of mortgage loans on existing land or building. Includes deferred interest and fees, undisbursed portion of loan balance, unamortized costs and premiums and discounts from face amounts. Excludes loans covered under loss sharing agreements.",
      "available_units": [
        "USD"
      ],
      "data_points_count": 12,
      "latest_value": {
        "value": 2513100000,
        "date": "2018-12-31",
        "fiscal_year": 2018,
        "form": "10-K",
        "filed": "2019-02-26",
        "unit": "USD",
        "type": "annual"
      },
      "date_range": {
        "earliest": "2012-12-31",
        "latest": "2018-12-31"
      }
    },
    "LoansReceivableCommercialRealEstate": {
      "taxonomy": "us-gaap",
      "label": "Loans Receivable, Gross, Commercial, Real Estate (Deprecated 2019-01-31)",
      "description": "Amount before allowance of commercial loans issued to businesses to acquire, develop, construct, improve, or refinance land or building. Includes deferred interest and fees, undisbursed portion of loan balance, unamortized costs and premiums and discounts from face amounts. Excludes loans covered under loss sharing agreements.",
      "available_units": [
        "USD"
      ],
      "data_points_count": 24,
      "latest_value": {
        "value": 3228800000,
        "date": "2018-12-31",
        "fiscal_year": 2018,
        "form": "10-K",
        "filed": "2019-02-26",
        "unit": "USD",
        "type": "annual"
      },
      "date_range": {
        "earliest": "2009-06-30",
        "latest": "2018-12-31"
      }
    },
    "MortgageLoansInProcessOfForeclosureAmount": {
      "taxonomy": "us-gaap",
      "label": "Mortgage Loans in Process of Foreclosure, Amount",
      "description": "Recorded investment of consumer mortgage loan receivables secured by residential real estate properties for which formal foreclosure proceedings are in process.",
      "available_units": [
        "USD"
      ],
      "data_points_count": 38,
      "latest_value": {
        "value": 3500000,
        "date": "2024-12-31",
        "fiscal_year": 2024,
        "form": "10-K",
        "filed": "2025-02-24",
        "unit": "USD",
        "type": "annual"
      },
      "date_range": {
        "earliest": "2018-12-31",
        "latest": "2025-06-30"
      }
    },
    "NetCashProvidedByUsedInOperatingActivities": {
      "taxonomy": "us-gaap",
      "label": "Net Cash Provided by (Used in) Operating Activities",
      "description": "Amount of cash inflow (outflow) from operating activities, including discontinued operations. Operating activity cash flows include transactions, adjustments, and changes in value not defined as investing or financing activities.",
      "available_units": [
        "USD"
      ],
      "data_points_count": 146,
      "latest_value": {
        "value": -486000000,
        "date": "2024-12-31",
        "fiscal_year": 2024,
        "form": "10-K",
        "filed": "2025-02-24",
        "unit": "USD",
        "type": "annual"
      },
      "date_range": {
        "earliest": "2007-12-31",
        "latest": "2025-06-30"
      }
    },
    "NotesReceivableGross": {
      "taxonomy": "us-gaap",
      "label": "Financing Receivable, before Allowance for Credit Loss",
      "description": "Amount, before allowance for credit loss, of financing receivable.",
      "available_units": [
        "USD"
      ],
      "data_points_count": 12,
      "latest_value": {
        "value": 33759700000,
        "date": "2020-12-31",
        "fiscal_year": 2020,
        "form": "10-K",
        "filed": "2021-02-23",
        "unit": "USD",
        "type": "annual"
      },
      "date_range": {
        "earliest": "2018-12-31",
        "latest": "2021-03-31"
      }
    },
    "NotesReceivableNet": {
      "taxonomy": "us-gaap",
      "label": "Financing Receivable, after Allowance for Credit Loss",
      "description": "Amount, after allowance for credit loss, of financing receivable. Excludes financing receivable covered under loss sharing agreement.",
      "available_units": [
        "USD"
      ],
      "data_points_count": 2,
      "latest_value": {
        "value": 11400000,
        "date": "2020-12-31",
        "fiscal_year": 2020,
        "form": "10-K",
        "filed": "2021-02-23",
        "unit": "USD",
        "type": "annual"
      },
      "date_range": {
        "earliest": "2019-12-31",
        "latest": "2020-12-31"
      }
    },
    "NotionalAmountOfNonderivativeInstrumentsDesignatedAsNetInvestmentHedges": {
      "taxonomy": "us-gaap",
      "label": "Notional Amount of Nonderivative Instruments Designated as Net Investment Hedges (Deprecated 2013-01-31)",
      "description": "Aggregate notional amount of all nonderivative instruments that are designated as hedging instruments in a hedge of the net investment of foreign operations. For example, foreign currency denominated intercompany loans.",
      "available_units": [
        "USD"
      ],
      "data_points_count": 24,
      "latest_value": {
        "value": 242300000,
        "date": "2012-12-31",
        "fiscal_year": 2012,
        "form": "10-K",
        "filed": "2013-02-26",
        "unit": "USD",
        "type": "annual"
      },
      "date_range": {
        "earliest": "2009-12-31",
        "latest": "2013-03-31"
      }
    },
    "OperatingLeasesRentExpenseNet": {
      "taxonomy": "us-gaap",
      "label": "Operating Leases, Rent Expense, Net",
      "description": "Rental expense for the reporting period incurred under operating leases, including minimum and any contingent rent expense, net of related sublease income.",
      "available_units": [
        "USD"
      ],
      "data_points_count": 36,
      "latest_value": {
        "value": 79000000,
        "date": "2018-12-31",
        "fiscal_year": 2018,
        "form": "10-K",
        "filed": "2019-02-26",
        "unit": "USD",
        "type": "annual"
      },
      "date_range": {
        "earliest": "2009-12-31",
        "latest": "2018-12-31"
      }
    },
    "OtherComprehensiveIncomeDefinedBenefitPlansAdjustmentNetOfTaxPeriodIncreaseDecrease": {
      "taxonomy": "us-gaap",
      "label": "Other Comprehensive Income (Loss), Pension and Other Postretirement Benefit Plans, Adjustment, Net of Tax (Deprecated 2012-01-31)",
      "description": "The increase (decrease) in accumulated comprehensive income during the period related to pension and other postretirement benefit plans, after tax. While for technical reasons this element has no balance attribute, the default assumption is a credit balance consistent with its label.",
      "available_units": [
        "USD"
      ],
      "data_points_count": 39,
      "latest_value": {
        "value": -72700000,
        "date": "2011-12-31",
        "fiscal_year": 2011,
        "form": "10-K",
        "filed": "2012-02-24",
        "unit": "USD",
        "type": "annual"
      },
      "date_range": {
        "earliest": "2007-12-31",
        "latest": "2012-03-31"
      }
    },
    "OtherComprehensiveIncomeLossBeforeTaxPeriodIncreaseDecrease": {
      "taxonomy": "us-gaap",
      "label": "Other Comprehensive Income (Loss), before Tax (Deprecated 2012-01-31)",
      "description": "This element represents Other Comprehensive Income or Loss, Before Tax, for the period. The pretax revenues, expenses, gains, and losses that under generally accepted accounting principles are included in comprehensive income, but excluded from net income. Includes the entity's proportionate share of an investee's equity adjustments for other comprehensive income. While for technical reasons this element has no balance attribute, the default assumption is a credit balance consistent with its label.",
      "available_units": [
        "USD"
      ],
      "data_points_count": 21,
      "latest_value": {
        "value": 116300000,
        "date": "2010-12-31",
        "fiscal_year": 2010,
        "form": "10-K",
        "filed": "2011-02-25",
        "unit": "USD",
        "type": "annual"
      },
      "date_range": {
        "earliest": "2008-12-31",
        "latest": "2011-09-30"
      }
    },
    "PaymentsForProceedsFromLoansAndLeases": {
      "taxonomy": "us-gaap",
      "label": "Payments for (Proceeds from) Loans and Leases",
      "description": "The net cash outflow or inflow for the increase (decrease) in the beginning and end of period of loan and lease balances which are not originated or purchased specifically for resale. Includes cash payments and proceeds associated with (a) loans held-for-investment, (b) leases held-for-investment, and (c) both.",
      "available_units": [
        "USD"
      ],
      "data_points_count": 124,
      "latest_value": {
        "value": 2441600000,
        "date": "2022-12-31",
        "fiscal_year": 2022,
        "form": "10-K",
        "filed": "2023-02-28",
        "unit": "USD",
        "type": "annual"
      },
      "date_range": {
        "earliest": "2007-12-31",
        "latest": "2022-12-31"
      }
    },
    "PaymentsOfMergerRelatedCostsFinancingActivities": {
      "taxonomy": "us-gaap",
      "label": "Payments of Merger Related Costs, Financing Activities",
      "description": "The cash outflow for financing costs associated with business combinations.",
      "available_units": [
        "USD"
      ],
      "data_points_count": 12,
      "latest_value": {
        "value": 0,
        "date": "2016-12-31",
        "fiscal_year": 2016,
        "form": "10-K",
        "filed": "2017-02-28",
        "unit": "USD",
        "type": "annual"
      },
      "date_range": {
        "earliest": "2013-12-31",
        "latest": "2016-12-31"
      }
    },
    "ProceedsFromPaymentsForOtherFinancingActivities": {
      "taxonomy": "us-gaap",
      "label": "Proceeds from (Payments for) Other Financing Activities",
      "description": "Amount of cash inflow (outflow) from financing activities classified as other.",
      "available_units": [
        "USD"
      ],
      "data_points_count": 125,
      "latest_value": {
        "value": -6400000,
        "date": "2024-12-31",
        "fiscal_year": 2024,
        "form": "10-K",
        "filed": "2025-02-24",
        "unit": "USD",
        "type": "annual"
      },
      "date_range": {
        "earliest": "2007-12-31",
        "latest": "2025-06-30"
      }
    },
    "ProvisionForLoanAndLeaseLosses": {
      "taxonomy": "us-gaap",
      "label": "Provision for Loan and Lease Losses",
      "description": "Amount of expense related to estimated loss from loan and lease transactions.",
      "available_units": [
        "USD"
      ],
      "data_points_count": 79,
      "latest_value": {
        "value": -43000000,
        "date": "2015-12-31",
        "fiscal_year": 2015,
        "form": "10-K",
        "filed": "2016-02-29",
        "unit": "USD",
        "type": "annual"
      },
      "date_range": {
        "earliest": "2007-12-31",
        "latest": "2015-12-31"
      }
    },
    "ProvisionForLoanLossesExpensed": {
      "taxonomy": "us-gaap",
      "label": "Financing Receivable, Credit Loss, Expense (Reversal)",
      "description": "Amount of credit loss expense (reversal of expense) for financing receivable.",
      "available_units": [
        "USD"
      ],
      "data_points_count": 28,
      "latest_value": {
        "value": -58600000,
        "date": "2021-12-31",
        "fiscal_year": 2021,
        "form": "10-K",
        "filed": "2022-02-28",
        "unit": "USD",
        "type": "annual"
      },
      "date_range": {
        "earliest": "2018-12-31",
        "latest": "2022-03-31"
      }
    },
    "SecuritiesHeldAsCollateralAtFairValue": {
      "taxonomy": "us-gaap",
      "label": "Securities Held as Collateral, at Fair Value",
      "description": "The carrying amount (fair value) as of the balance sheet date of securities held that had been pledged by counterparties under financing and lending arrangements, pursuant to which the entity has the right by agreement or custom to sell or re-pledge such securities.",
      "available_units": [
        "USD"
      ],
      "data_points_count": 74,
      "latest_value": {
        "value": 707800000,
        "date": "2019-12-31",
        "fiscal_year": 2019,
        "form": "10-K",
        "filed": "2020-02-25",
        "unit": "USD",
        "type": "annual"
      },
      "date_range": {
        "earliest": "2009-12-31",
        "latest": "2020-09-30"
      }
    },
    "SecuritiesPurchasedUnderAgreementsToResell": {
      "taxonomy": "us-gaap",
      "label": "Securities Purchased under Agreements to Resell",
      "description": "Amount, after the effects of master netting arrangements, of funds outstanding loaned in the form of a security resale agreement between the entity and another party for the purchase and resale of identical or substantially the same securities at a date certain for a specified price. Includes purchases of participations in pools of securities that are subject to a resale agreement, assets not subject to a master netting arrangement and not elected to be offset.",
      "available_units": [
        "USD"
      ],
      "data_points_count": 86,
      "latest_value": {
        "value": 426000000,
        "date": "2024-12-31",
        "fiscal_year": 2024,
        "form": "10-K",
        "filed": "2025-02-24",
        "unit": "USD",
        "type": "annual"
      },
      "date_range": {
        "earliest": "2009-12-31",
        "latest": "2025-06-30"
      }
    },
    "SecuritiesPurchasedUnderAgreementsToResellGross": {
      "taxonomy": "us-gaap",
      "label": "Securities Purchased under Agreements to Resell, Gross",
      "description": "Amount, before effects of master netting arrangements, of funds outstanding loaned in the form of a security resale agreement between the entity and another party for the purchase and resale of identical or substantially the same securities at a date certain for a specified price. Includes assets elected not to be offset. Excludes assets not subject to a master netting arrangement.",
      "available_units": [
        "USD"
      ],
      "data_points_count": 74,
      "latest_value": {
        "value": 65338800000,
        "date": "2024-12-31",
        "fiscal_year": 2024,
        "form": "10-K",
        "filed": "2025-02-24",
        "unit": "USD",
        "type": "annual"
      },
      "date_range": {
        "earliest": "2015-12-31",
        "latest": "2025-06-30"
      }
    },
    "SecurityOwnedAndPledgedAsCollateralFairValue": {
      "taxonomy": "us-gaap",
      "label": "Security Owned and Pledged as Collateral, Fair Value",
      "description": "Fair value of financial instrument held by the entity for its own account (proprietary securities) for trading or investment purposes that are carried at fair value and pledged to counterparties as collateral for financing transactions.",
      "available_units": [
        "USD"
      ],
      "data_points_count": 75,
      "latest_value": {
        "value": 54600000000,
        "date": "2021-12-31",
        "fiscal_year": 2021,
        "form": "10-K",
        "filed": "2022-02-28",
        "unit": "USD",
        "type": "annual"
      },
      "date_range": {
        "earliest": "2011-12-31",
        "latest": "2022-03-31"
      }
    },
    "SubleaseIncome": {
      "taxonomy": "us-gaap",
      "label": "Sublease Income",
      "description": "Amount of sublease income excluding finance and operating lease expense.",
      "available_units": [
        "USD"
      ],
      "data_points_count": 16,
      "latest_value": {
        "value": 3000000,
        "date": "2024-12-31",
        "fiscal_year": 2024,
        "form": "10-K",
        "filed": "2025-02-24",
        "unit": "USD",
        "type": "annual"
      },
      "date_range": {
        "earliest": "2019-03-31",
        "latest": "2024-12-31"
      }
    },
    "TaxCutsAndJobsActOf2017IncompleteAccountingChangeInTaxRateProvisionalIncomeTaxExpenseBenefit": {
      "taxonomy": "us-gaap",
      "label": "Tax Cuts and Jobs Act, Incomplete Accounting, Change in Tax Rate, Provisional Income Tax Expense (Benefit) (Deprecated 2020-01-31)",
      "description": "Amount of reasonable estimate for income tax expense (benefit) for which accounting for tax effect for remeasurement of deferred tax from change in tax rate is incomplete pursuant to Tax Cuts and Jobs Act.",
      "available_units": [
        "USD"
      ],
      "data_points_count": 1,
      "latest_value": {
        "value": -53100000,
        "date": "2017-12-31",
        "fiscal_year": 2019,
        "form": "10-K",
        "filed": "2020-02-25",
        "unit": "USD",
        "type": "annual"
      },
      "date_range": {
        "earliest": "2017-12-31",
        "latest": "2017-12-31"
      }
    },
    "TaxCutsAndJobsActOf2017IncompleteAccountingTransitionTaxForAccumulatedForeignEarningsProvisionalIncomeTaxExpense": {
      "taxonomy": "us-gaap",
      "label": "Tax Cuts and Jobs Act, Incomplete Accounting, Transition Tax for Accumulated Foreign Earnings, Provisional Income Tax Expense (Deprecated 2020-01-31)",
      "description": "Amount of reasonable estimate for income tax expense for which accounting for tax effect from transition tax on accumulated earnings of controlled foreign corporation deemed repatriated is incomplete pursuant to Tax Cuts and Jobs Act.",
      "available_units": [
        "USD"
      ],
      "data_points_count": 1,
      "latest_value": {
        "value": 150000000,
        "date": "2017-12-31",
        "fiscal_year": 2019,
        "form": "10-K",
        "filed": "2020-02-25",
        "unit": "USD",
        "type": "annual"
      },
      "date_range": {
        "earliest": "2017-12-31",
        "latest": "2017-12-31"
      }
    },
    "TransferOfPortfolioLoansAndLeasesToHeldForSale1": {
      "taxonomy": "us-gaap",
      "label": "Transfer of Portfolio Loans and Leases to Held-for-sale",
      "description": "Value of loans and leases held in the entity's portfolio transferred to loans and leases held-for-sale in noncash transactions.",
      "available_units": [
        "USD"
      ],
      "data_points_count": 3,
      "latest_value": {
        "value": 53600000,
        "date": "2019-12-31",
        "fiscal_year": 2019,
        "form": "10-K",
        "filed": "2020-02-25",
        "unit": "USD",
        "type": "annual"
      },
      "date_range": {
        "earliest": "2017-12-31",
        "latest": "2019-12-31"
      }
    },
    "TransferToOtherRealEstate": {
      "taxonomy": "us-gaap",
      "label": "Real Estate Owned, Transfer to Real Estate Owned",
      "description": "Value transferred from mortgage loans to real estate owned (REO) in noncash transactions.",
      "available_units": [
        "USD"
      ],
      "data_points_count": 44,
      "latest_value": {
        "value": 0,
        "date": "2024-12-31",
        "fiscal_year": 2024,
        "form": "10-K",
        "filed": "2025-02-24",
        "unit": "USD",
        "type": "annual"
      },
      "date_range": {
        "earliest": "2017-12-31",
        "latest": "2024-12-31"
      }
    },
    "ValuationAllowancesAndReservesRecoveries": {
      "taxonomy": "us-gaap",
      "label": "SEC Schedule, 12-09, Valuation Allowances and Reserves, Addition, Recovery",
      "description": "Amount of increase in valuation and qualifying accounts and reserves from recovery of amount previously written off or reestablishment of reserve previously utilized.",
      "available_units": [
        "USD"
      ],
      "data_points_count": 21,
      "latest_value": {
        "value": 6900000,
        "date": "2010-12-31",
        "fiscal_year": 2010,
        "form": "10-K",
        "filed": "2011-02-25",
        "unit": "USD",
        "type": "annual"
      },
      "date_range": {
        "earliest": "2008-12-31",
        "latest": "2011-09-30"
      }
    },
    "FinancingReceivableAllowanceForCreditLossesPeriodIncreaseDecrease": {
      "taxonomy": "us-gaap",
      "label": "Financing Receivable, Allowance for Credit Loss, Period Increase (Decrease)",
      "description": "Amount of increase (decrease) in allowance for credit loss on financing receivable.",
      "available_units": [
        "USD"
      ],
      "data_points_count": 1,
      "latest_value": {
        "value": -2100000,
        "date": "2022-03-31",
        "fiscal_year": 2022,
        "fiscal_period": "Q1",
        "form": "10-Q",
        "filed": "2022-05-03",
        "unit": "USD",
        "type": "quarterly"
      },
      "date_range": {
        "earliest": "2022-03-31",
        "latest": "2022-03-31"
      }
    },
    "LoanProcessingFee": {
      "taxonomy": "us-gaap",
      "label": "Loan Processing Fee",
      "description": "Expenses paid for obtaining loans which includes expenses such as application and origination fees.",
      "available_units": [
        "USD"
      ],
      "data_points_count": 14,
      "latest_value": {
        "value": 2500000,
        "date": "2023-12-31",
        "fiscal_year": 2023,
        "form": "10-K",
        "filed": "2024-02-27",
        "unit": "USD",
        "type": "annual"
      },
      "date_range": {
        "earliest": "2021-12-31",
        "latest": "2023-12-31"
      }
    },
    "InterestIncomeFederalFundsSold": {
      "taxonomy": "us-gaap",
      "label": "Interest Income, Federal Funds Sold",
      "description": "Interest income on federal funds sold. Federal funds sold represent the excess federal funds held by one commercial bank which it lends to another commercial bank, usually at an agreed-upon (federal funds) rate of interest. Such loans generally are of short-duration (overnight).",
      "available_units": [
        "USD"
      ],
      "data_points_count": 26,
      "latest_value": {
        "value": 0,
        "date": "2024-12-31",
        "fiscal_year": 2024,
        "form": "10-K",
        "filed": "2025-02-24",
        "unit": "USD",
        "type": "annual"
      },
      "date_range": {
        "earliest": "2021-12-31",
        "latest": "2024-12-31"
      }
    },
    "PaymentsForProceedsFromLoansReceivable": {
      "taxonomy": "us-gaap",
      "label": "Payments for (Proceeds from) Loans Receivable",
      "description": "The net amount paid or received by the reporting entity associated with purchase (sale or collection) of loans receivable arising from the financing of goods and services.",
      "available_units": [
        "USD"
      ],
      "data_points_count": 22,
      "latest_value": {
        "value": -4165700000,
        "date": "2024-12-31",
        "fiscal_year": 2024,
        "form": "10-K",
        "filed": "2025-02-24",
        "unit": "USD",
        "type": "annual"
      },
      "date_range": {
        "earliest": "2021-12-31",
        "latest": "2025-06-30"
      }
    }
  }
}