{
  "chunk_metadata": {
    "domain": "public",
    "CIK": "798941",
    "data_type": "SEC",
    "ticker": "FCNCA",
    "chunk_name": "Risk & Capital Management",
    "chunk_id": "risk_capital",
    "company_name": "FIRST CITIZENS BANCSHARES INC /DE/",
    "extraction_date": "2025-09-30T11:01:43.722380",
    "metrics_count": 6,
    "total_company_metrics": 0,
    "chunking_strategy": "context_aware_balanced"
  },
  "metrics": {
    "TierTwoRiskBasedCapital": {
      "taxonomy": "us-gaap",
      "label": "Banking Regulation, Tier Two Risk-Based Capital, Actual",
      "description": "Amount of Tier 2 risk-based capital as defined by regulatory framework.",
      "available_units": [
        "USD"
      ],
      "data_points_count": 16,
      "latest_value": {
        "value": 32500000,
        "date": "2019-12-31",
        "fiscal_year": 2019,
        "form": "10-K",
        "filed": "2020-02-26",
        "unit": "USD",
        "type": "annual"
      },
      "date_range": {
        "earliest": "2011-12-31",
        "latest": "2019-12-31"
      }
    },
    "AdjustmentsToAdditionalPaidInCapitalSharebasedCompensationRequisiteServicePeriodRecognitionValue": {
      "taxonomy": "us-gaap",
      "label": "APIC, Share-based Payment Arrangement, Increase for Cost Recognition",
      "description": "Amount of increase to additional paid-in capital (APIC) for recognition of cost for award under share-based payment arrangement.",
      "available_units": [
        "USD"
      ],
      "data_points_count": 32,
      "latest_value": {
        "value": -12000000,
        "date": "2024-12-31",
        "fiscal_year": 2024,
        "form": "10-K",
        "filed": "2025-02-21",
        "unit": "USD",
        "type": "annual"
      },
      "date_range": {
        "earliest": "2022-03-31",
        "latest": "2024-12-31"
      }
    },
    "Capital": {
      "taxonomy": "us-gaap",
      "label": "Banking Regulation, Total Capital, Actual",
      "description": "Amount of total capital as defined by regulatory framework.",
      "available_units": [
        "USD"
      ],
      "data_points_count": 20,
      "latest_value": {
        "value": 24610000000,
        "date": "2024-12-31",
        "fiscal_year": 2024,
        "form": "10-K",
        "filed": "2025-02-21",
        "unit": "USD",
        "type": "annual"
      },
      "date_range": {
        "earliest": "2021-12-31",
        "latest": "2024-12-31"
      }
    },
    "OperatingExpenses": {
      "taxonomy": "us-gaap",
      "label": "Operating Expenses",
      "description": "Generally recurring costs associated with normal operations except for the portion of these expenses which can be clearly related to production and included in cost of sales or services. Includes selling, general and administrative expense.",
      "available_units": [
        "USD"
      ],
      "data_points_count": 10,
      "latest_value": {
        "value": 2315000000,
        "date": "2022-09-30",
        "fiscal_year": 2022,
        "fiscal_period": "Q3",
        "form": "10-Q",
        "filed": "2022-11-04",
        "unit": "USD",
        "type": "quarterly"
      },
      "date_range": {
        "earliest": "2021-03-31",
        "latest": "2022-09-30"
      }
    },
    "TierOneLeverageCapital": {
      "taxonomy": "us-gaap",
      "label": "Banking Regulation, Tier One Leverage Capital, Actual",
      "description": "Amount of Tier 1 leverage capital as defined by regulatory framework.",
      "available_units": [
        "USD"
      ],
      "data_points_count": 20,
      "latest_value": {
        "value": 22137000000,
        "date": "2024-12-31",
        "fiscal_year": 2024,
        "form": "10-K",
        "filed": "2025-02-21",
        "unit": "USD",
        "type": "annual"
      },
      "date_range": {
        "earliest": "2021-12-31",
        "latest": "2024-12-31"
      }
    },
    "TierOneRiskBasedCapital": {
      "taxonomy": "us-gaap",
      "label": "Banking Regulation, Tier One Risk-Based Capital, Actual",
      "description": "Amount of Tier 1 risk-based capital as defined by regulatory framework.",
      "available_units": [
        "USD"
      ],
      "data_points_count": 20,
      "latest_value": {
        "value": 22137000000,
        "date": "2024-12-31",
        "fiscal_year": 2024,
        "form": "10-K",
        "filed": "2025-02-21",
        "unit": "USD",
        "type": "annual"
      },
      "date_range": {
        "earliest": "2021-12-31",
        "latest": "2024-12-31"
      }
    }
  }
}