{
  "chunk_metadata": {
    "domain": "public",
    "CIK": "93751",
    "data_type": "SEC",
    "ticker": "STT",
    "chunk_name": "Loans & Credit",
    "chunk_id": "loans_credit",
    "company_name": "STATE STREET CORPORATION",
    "extraction_date": "2025-09-30T11:01:44.189416",
    "metrics_count": 77,
    "total_company_metrics": 0,
    "chunking_strategy": "context_aware_balanced"
  },
  "metrics": {
    "AccumulatedOtherComprehensiveIncomeLossDefinedBenefitPensionAndOtherPostretirementPlansNetOfTax": {
      "taxonomy": "us-gaap",
      "label": "Accumulated Other Comprehensive (Income) Loss, Defined Benefit Plan, after Tax",
      "description": "Amount, after tax, of accumulated other comprehensive (income) loss for defined benefit plan, that has not been recognized in net periodic benefit cost (credit).",
      "available_units": [
        "USD"
      ],
      "data_points_count": 115,
      "latest_value": {
        "value": 130000000,
        "date": "2021-12-31",
        "fiscal_year": 2021,
        "form": "10-K",
        "filed": "2022-02-17",
        "unit": "USD",
        "type": "annual"
      },
      "date_range": {
        "earliest": "2008-12-31",
        "latest": "2022-09-30"
      }
    },
    "AdditionalCollateralAggregateFairValue": {
      "taxonomy": "us-gaap",
      "label": "Additional Collateral, Aggregate Fair Value",
      "description": "The aggregate fair value of additional assets that would be required to be posted as collateral for derivative instruments with credit-risk-related contingent features if the credit-risk-related contingent features were triggered at the end of the reporting period.",
      "available_units": [
        "USD"
      ],
      "data_points_count": 15,
      "latest_value": {
        "value": 105000000,
        "date": "2014-12-31",
        "fiscal_year": 2014,
        "form": "10-K",
        "filed": "2015-02-20",
        "unit": "USD",
        "type": "annual"
      },
      "date_range": {
        "earliest": "2010-06-30",
        "latest": "2015-03-31"
      }
    },
    "AllowanceForLoanAndLeaseLossesAdjustmentsNet": {
      "taxonomy": "us-gaap",
      "label": "Allowance for Loan and Lease Losses, Adjustments, Other",
      "description": "Amount of other addition (reduction) in allowance reserve for credit loss.",
      "available_units": [
        "USD"
      ],
      "data_points_count": 7,
      "latest_value": {
        "value": -1000000,
        "date": "2019-09-30",
        "fiscal_year": 2019,
        "fiscal_period": "Q3",
        "form": "10-Q",
        "filed": "2019-10-25",
        "unit": "USD",
        "type": "quarterly"
      },
      "date_range": {
        "earliest": "2010-09-30",
        "latest": "2019-09-30"
      }
    },
    "AllowanceForLoanAndLeaseLossesWriteOffs": {
      "taxonomy": "us-gaap",
      "label": "Allowance for Loan and Lease Losses, Write-offs",
      "description": "Amount of loans and leases that have been written off from both loan receivables and allowance reserve for credit loss.",
      "available_units": [
        "USD"
      ],
      "data_points_count": 74,
      "latest_value": {
        "value": 2000000,
        "date": "2018-12-31",
        "fiscal_year": 2018,
        "form": "10-K",
        "filed": "2019-02-21",
        "unit": "USD",
        "type": "annual"
      },
      "date_range": {
        "earliest": "2009-12-31",
        "latest": "2019-09-30"
      }
    },
    "CapitalLeasesFutureMinimumPaymentsInterestIncludedInPayments": {
      "taxonomy": "us-gaap",
      "label": "Capital Leases, Future Minimum Payments, Interest Included in Payments",
      "description": "Amount necessary to reduce net minimum lease payments to present value for capital leases.",
      "available_units": [
        "USD"
      ],
      "data_points_count": 10,
      "latest_value": {
        "value": 31000000,
        "date": "2018-12-31",
        "fiscal_year": 2018,
        "form": "10-K",
        "filed": "2019-02-21",
        "unit": "USD",
        "type": "annual"
      },
      "date_range": {
        "earliest": "2010-12-31",
        "latest": "2018-12-31"
      }
    },
    "CapitalLeasesFutureMinimumPaymentsPresentValueOfNetMinimumPayments": {
      "taxonomy": "us-gaap",
      "label": "Capital Leases, Future Minimum Payments, Present Value of Net Minimum Payments",
      "description": "Present value of minimum lease payments for capital leases net of executory costs, including amounts paid by the lessee to the lessor for insurance, maintenance and taxes.",
      "available_units": [
        "USD"
      ],
      "data_points_count": 10,
      "latest_value": {
        "value": 120000000,
        "date": "2018-12-31",
        "fiscal_year": 2018,
        "form": "10-K",
        "filed": "2019-02-21",
        "unit": "USD",
        "type": "annual"
      },
      "date_range": {
        "earliest": "2010-12-31",
        "latest": "2018-12-31"
      }
    },
    "CapitalLeasesNetInvestmentInDirectFinancingLeasesAccumulatedAmortization": {
      "taxonomy": "us-gaap",
      "label": "Capital Leases, Net Investment in Direct Financing Leases, Accumulated Amortization",
      "description": "Accumulated amortization of deferred income and initial direct costs pertaining to direct financing leases, which resulted from producing constant periodic rates of return on the net investments in the leases over their respective lease terms.",
      "available_units": [
        "USD"
      ],
      "data_points_count": 20,
      "latest_value": {
        "value": 352000000,
        "date": "2018-12-31",
        "fiscal_year": 2018,
        "form": "10-K",
        "filed": "2019-02-21",
        "unit": "USD",
        "type": "annual"
      },
      "date_range": {
        "earliest": "2009-12-31",
        "latest": "2018-12-31"
      }
    },
    "CollateralAlreadyPostedAggregateFairValue": {
      "taxonomy": "us-gaap",
      "label": "Collateral Already Posted, Aggregate Fair Value",
      "description": "The aggregate fair value of assets that are already posted, at the end of the reporting period, as collateral for derivative instruments with credit-risk-related contingent features.",
      "available_units": [
        "USD"
      ],
      "data_points_count": 16,
      "latest_value": {
        "value": 32000000,
        "date": "2015-12-31",
        "fiscal_year": 2015,
        "form": "10-K",
        "filed": "2016-02-19",
        "unit": "USD",
        "type": "annual"
      },
      "date_range": {
        "earliest": "2010-06-30",
        "latest": "2016-03-31"
      }
    },
    "DeferredTaxAssetsTaxCreditCarryforwards": {
      "taxonomy": "us-gaap",
      "label": "Deferred Tax Assets, Tax Credit Carryforwards",
      "description": "Amount, before allocation of a valuation allowances, of deferred tax assets attributable to deductible tax credit carryforwards including, but not limited to, research, foreign, general business, alternative minimum tax, and other deductible tax credit carryforwards.",
      "available_units": [
        "USD"
      ],
      "data_points_count": 27,
      "latest_value": {
        "value": 577000000,
        "date": "2024-12-31",
        "fiscal_year": 2024,
        "form": "10-K",
        "filed": "2025-02-13",
        "unit": "USD",
        "type": "annual"
      },
      "date_range": {
        "earliest": "2011-12-31",
        "latest": "2024-12-31"
      }
    },
    "DeferredTaxAssetsTaxCreditCarryforwardsGeneralBusiness": {
      "taxonomy": "us-gaap",
      "label": "Deferred Tax Assets, Tax Credit Carryforwards, General Business",
      "description": "Amount before allocation of valuation allowances of deferred tax asset attributable to deductible general business tax credit carryforwards.",
      "available_units": [
        "USD"
      ],
      "data_points_count": 5,
      "latest_value": {
        "value": 577000000,
        "date": "2024-12-31",
        "fiscal_year": 2024,
        "form": "10-K",
        "filed": "2025-02-13",
        "unit": "USD",
        "type": "annual"
      },
      "date_range": {
        "earliest": "2020-12-31",
        "latest": "2024-12-31"
      }
    },
    "EffectiveIncomeTaxRateReconciliationTaxCredits": {
      "taxonomy": "us-gaap",
      "label": "Effective Income Tax Rate Reconciliation, Tax Credit, Percent",
      "description": "Percentage of the difference between reported income tax expense (benefit) and expected income tax expense (benefit) computed by applying the domestic federal statutory income tax rates to pretax income (loss) from continuing operations attributable to tax credits. Including, but not limited to, research credit, foreign tax credit, investment tax credit, and other tax credits.",
      "available_units": [
        "pure"
      ],
      "data_points_count": 48,
      "latest_value": {
        "value": 0.02,
        "date": "2024-12-31",
        "fiscal_year": 2024,
        "form": "10-K",
        "filed": "2025-02-13",
        "unit": "pure",
        "type": "annual"
      },
      "date_range": {
        "earliest": "2008-12-31",
        "latest": "2024-12-31"
      }
    },
    "ExcessTaxBenefitFromShareBasedCompensationFinancingActivities": {
      "taxonomy": "us-gaap",
      "label": "Excess Tax Benefit from Share-based Compensation, Financing Activities",
      "description": "Amount of cash inflow from realized tax benefit related to deductible compensation cost reported on the entity's tax return for equity instruments in excess of the compensation cost for those instruments recognized for financial reporting purposes.",
      "available_units": [
        "USD"
      ],
      "data_points_count": 38,
      "latest_value": {
        "value": 0,
        "date": "2019-12-31",
        "fiscal_year": 2019,
        "form": "10-K",
        "filed": "2020-02-20",
        "unit": "USD",
        "type": "annual"
      },
      "date_range": {
        "earliest": "2012-12-31",
        "latest": "2019-12-31"
      }
    },
    "FinancingReceivableAfterDeferredIncomeOffset": {
      "taxonomy": "us-gaap",
      "label": "Financing Receivable, after Deferred Income Offset (Deprecated 2020-01-31)",
      "description": "Amount, after fee received for commitment to originate or purchase, of financing receivable. Excludes financing receivable covered under loss sharing agreement.",
      "available_units": [
        "USD"
      ],
      "data_points_count": 2,
      "latest_value": {
        "value": 32379000000,
        "date": "2020-03-31",
        "fiscal_year": 2020,
        "fiscal_period": "Q1",
        "form": "10-Q",
        "filed": "2020-04-28",
        "unit": "USD",
        "type": "quarterly"
      },
      "date_range": {
        "earliest": "2019-12-31",
        "latest": "2020-03-31"
      }
    },
    "FinancingReceivableAllowanceForCreditLosses": {
      "taxonomy": "us-gaap",
      "label": "Financing Receivable, Allowance for Credit Loss",
      "description": "Amount of allowance for credit loss on financing receivable. Excludes allowance for financing receivable covered under loss sharing agreement.",
      "available_units": [
        "USD"
      ],
      "data_points_count": 174,
      "latest_value": {
        "value": 87000000,
        "date": "2021-12-31",
        "fiscal_year": 2021,
        "form": "10-K",
        "filed": "2022-02-17",
        "unit": "USD",
        "type": "annual"
      },
      "date_range": {
        "earliest": "2009-12-31",
        "latest": "2021-12-31"
      }
    },
    "FinancingReceivableAllowanceForCreditLossesAcquiredWithDeterioratedCreditQuality": {
      "taxonomy": "us-gaap",
      "label": "Financing Receivable, Allowance for Credit Losses, Acquired with Deteriorated Credit Quality (Deprecated 2015-01-31)",
      "description": "The valuation allowance for financing receivables acquired with deteriorated credit quality.",
      "available_units": [
        "USD"
      ],
      "data_points_count": 6,
      "latest_value": {
        "value": 0,
        "date": "2012-12-31",
        "fiscal_year": 2012,
        "form": "10-K",
        "filed": "2013-02-22",
        "unit": "USD",
        "type": "annual"
      },
      "date_range": {
        "earliest": "2011-12-31",
        "latest": "2012-12-31"
      }
    },
    "FinancingReceivableAllowanceForCreditLossesCollectivelyEvaluatedForImpairment": {
      "taxonomy": "us-gaap",
      "label": "Financing Receivable, Allowance for Credit Losses, Collectively Evaluated for Impairment",
      "description": "The valuation allowance for financing receivables that are expected to be uncollectible that were collectively evaluated for impairment.",
      "available_units": [
        "USD"
      ],
      "data_points_count": 20,
      "latest_value": {
        "value": 13280000000,
        "date": "2013-12-31",
        "fiscal_year": 2013,
        "form": "10-K",
        "filed": "2014-02-21",
        "unit": "USD",
        "type": "annual"
      },
      "date_range": {
        "earliest": "2011-12-31",
        "latest": "2014-09-30"
      }
    },
    "FinancingReceivableAllowanceForCreditLossesIndividuallyEvaluatedForImpairment": {
      "taxonomy": "us-gaap",
      "label": "Financing Receivable, Allowance for Credit Losses, Individually Evaluated for Impairment (Deprecated 2012-01-31)",
      "description": "The valuation allowance for financing receivables that are expected to be uncollectible that were individually evaluated for impairment.",
      "available_units": [
        "USD"
      ],
      "data_points_count": 4,
      "latest_value": {
        "value": 585000000,
        "date": "2012-09-30",
        "fiscal_year": 2012,
        "fiscal_period": "Q3",
        "form": "10-Q",
        "filed": "2012-11-02",
        "unit": "USD",
        "type": "quarterly"
      },
      "date_range": {
        "earliest": "2011-12-31",
        "latest": "2012-09-30"
      }
    },
    "FinancingReceivableAllowanceForCreditLossesIndividuallyEvaluatedForImpairment1": {
      "taxonomy": "us-gaap",
      "label": "Financing Receivable, Allowance for Credit Losses, Individually Evaluated for Impairment",
      "description": "Amount of valuation allowance for financing receivables that are expected to be uncollectible that were individually evaluated for impairment.",
      "available_units": [
        "USD"
      ],
      "data_points_count": 16,
      "latest_value": {
        "value": 206000000,
        "date": "2013-12-31",
        "fiscal_year": 2013,
        "form": "10-K",
        "filed": "2014-02-21",
        "unit": "USD",
        "type": "annual"
      },
      "date_range": {
        "earliest": "2011-12-31",
        "latest": "2014-09-30"
      }
    },
    "FinancingReceivableAllowanceForCreditLossesPeriodIncreaseDecrease": {
      "taxonomy": "us-gaap",
      "label": "Financing Receivable, Allowance for Credit Loss, Period Increase (Decrease)",
      "description": "Amount of increase (decrease) in allowance for credit loss on financing receivable.",
      "available_units": [
        "USD"
      ],
      "data_points_count": 9,
      "latest_value": {
        "value": 0,
        "date": "2022-03-31",
        "fiscal_year": 2022,
        "fiscal_period": "Q1",
        "form": "10-Q",
        "filed": "2022-04-27",
        "unit": "USD",
        "type": "quarterly"
      },
      "date_range": {
        "earliest": "2019-03-31",
        "latest": "2022-03-31"
      }
    },
    "FinancingReceivableAllowanceForCreditLossesRecovery": {
      "taxonomy": "us-gaap",
      "label": "Financing Receivable, Allowance for Credit Loss, Recovery",
      "description": "Amount of increase in allowance for credit loss on financing receivable from recovery.",
      "available_units": [
        "USD"
      ],
      "data_points_count": 27,
      "latest_value": {
        "value": 0,
        "date": "2014-12-31",
        "fiscal_year": 2014,
        "form": "10-K",
        "filed": "2015-02-20",
        "unit": "USD",
        "type": "annual"
      },
      "date_range": {
        "earliest": "2010-12-31",
        "latest": "2014-12-31"
      }
    },
    "FinancingReceivableAllowanceForCreditLossesWriteOffs": {
      "taxonomy": "us-gaap",
      "label": "Financing Receivable, Allowance for Credit Loss, Writeoff",
      "description": "Amount of writeoff of financing receivable, charged against allowance for credit loss.",
      "available_units": [
        "USD"
      ],
      "data_points_count": 18,
      "latest_value": {
        "value": 3000000,
        "date": "2019-12-31",
        "fiscal_year": 2020,
        "form": "10-K",
        "filed": "2021-02-19",
        "unit": "USD",
        "type": "annual"
      },
      "date_range": {
        "earliest": "2010-12-31",
        "latest": "2019-12-31"
      }
    },
    "FinancingReceivableAllowanceForCreditLossForeignCurrencyTranslation": {
      "taxonomy": "us-gaap",
      "label": "Financing Receivable, Allowance for Credit Loss, Foreign Currency Translation",
      "description": "Amount of foreign currency translation gain (loss) which (increases) decreases allowance for credit loss on financing receivable.",
      "available_units": [
        "USD"
      ],
      "data_points_count": 5,
      "latest_value": {
        "value": 5000000,
        "date": "2020-09-30",
        "fiscal_year": 2020,
        "fiscal_period": "Q3",
        "form": "10-Q",
        "filed": "2020-10-23",
        "unit": "USD",
        "type": "quarterly"
      },
      "date_range": {
        "earliest": "2019-06-30",
        "latest": "2020-09-30"
      }
    },
    "FinancingReceivableCollectivelyEvaluatedForImpairment": {
      "taxonomy": "us-gaap",
      "label": "Financing Receivable, Collectively Evaluated for Impairment",
      "description": "The balance of financing receivables that were collectively evaluated for impairment.",
      "available_units": [
        "USD"
      ],
      "data_points_count": 2,
      "latest_value": {
        "value": 51000000,
        "date": "2016-09-30",
        "fiscal_year": 2016,
        "fiscal_period": "Q3",
        "form": "10-Q",
        "filed": "2016-11-03",
        "unit": "USD",
        "type": "quarterly"
      },
      "date_range": {
        "earliest": "2015-12-31",
        "latest": "2016-09-30"
      }
    },
    "FinancingReceivableOriginatedFourYearsBeforeLatestFiscalYear": {
      "taxonomy": "us-gaap",
      "label": "Financing Receivable, Year Five, Originated, Four Years before Current Fiscal Year",
      "description": "Amount of financing receivable originated four years prior to current fiscal year.",
      "available_units": [
        "USD"
      ],
      "data_points_count": 12,
      "latest_value": {
        "value": 810000000,
        "date": "2021-12-31",
        "fiscal_year": 2021,
        "form": "10-K",
        "filed": "2022-02-17",
        "unit": "USD",
        "type": "annual"
      },
      "date_range": {
        "earliest": "2020-03-31",
        "latest": "2021-12-31"
      }
    },
    "FinancingReceivableOriginatedInCurrentFiscalYear": {
      "taxonomy": "us-gaap",
      "label": "Financing Receivable, Year One, Originated, Current Fiscal Year",
      "description": "Amount of financing receivable originated in current fiscal year.",
      "available_units": [
        "USD"
      ],
      "data_points_count": 12,
      "latest_value": {
        "value": 8336000000,
        "date": "2021-12-31",
        "fiscal_year": 2021,
        "form": "10-K",
        "filed": "2022-02-17",
        "unit": "USD",
        "type": "annual"
      },
      "date_range": {
        "earliest": "2020-03-31",
        "latest": "2021-12-31"
      }
    },
    "FinancingReceivableOriginatedInFiscalYearBeforeLatestFiscalYear": {
      "taxonomy": "us-gaap",
      "label": "Financing Receivable, Year Two, Originated, Fiscal Year before Current Fiscal Year",
      "description": "Amount of financing receivable originated in fiscal year prior to current fiscal year.",
      "available_units": [
        "USD"
      ],
      "data_points_count": 12,
      "latest_value": {
        "value": 794000000,
        "date": "2021-12-31",
        "fiscal_year": 2021,
        "form": "10-K",
        "filed": "2022-02-17",
        "unit": "USD",
        "type": "annual"
      },
      "date_range": {
        "earliest": "2020-03-31",
        "latest": "2021-12-31"
      }
    },
    "FinancingReceivableOriginatedThreeYearsBeforeLatestFiscalYear": {
      "taxonomy": "us-gaap",
      "label": "Financing Receivable, Year Four, Originated, Three Years before Current Fiscal Year",
      "description": "Amount of financing receivable originated three years prior to current fiscal year.",
      "available_units": [
        "USD"
      ],
      "data_points_count": 12,
      "latest_value": {
        "value": 1457000000,
        "date": "2021-12-31",
        "fiscal_year": 2021,
        "form": "10-K",
        "filed": "2022-02-17",
        "unit": "USD",
        "type": "annual"
      },
      "date_range": {
        "earliest": "2020-03-31",
        "latest": "2021-12-31"
      }
    },
    "FinancingReceivableOriginatedTwoYearsBeforeLatestFiscalYear": {
      "taxonomy": "us-gaap",
      "label": "Financing Receivable, Year Three, Originated, Two Years before Current Fiscal Year",
      "description": "Amount of financing receivable originated two years prior to current fiscal year.",
      "available_units": [
        "USD"
      ],
      "data_points_count": 12,
      "latest_value": {
        "value": 2012000000,
        "date": "2021-12-31",
        "fiscal_year": 2021,
        "form": "10-K",
        "filed": "2022-02-17",
        "unit": "USD",
        "type": "annual"
      },
      "date_range": {
        "earliest": "2020-03-31",
        "latest": "2021-12-31"
      }
    },
    "FinancingReceivableRevolving": {
      "taxonomy": "us-gaap",
      "label": "Financing Receivable, Revolving",
      "description": "Amount of financing receivable that can be withdrawn, repaid and redrawn.",
      "available_units": [
        "USD"
      ],
      "data_points_count": 12,
      "latest_value": {
        "value": 18852000000,
        "date": "2021-12-31",
        "fiscal_year": 2021,
        "form": "10-K",
        "filed": "2022-02-17",
        "unit": "USD",
        "type": "annual"
      },
      "date_range": {
        "earliest": "2020-03-31",
        "latest": "2021-12-31"
      }
    },
    "GainLossOnSaleOfNotesReceivable": {
      "taxonomy": "us-gaap",
      "label": "Gain (Loss) on Sale of Financing Receivable",
      "description": "Amount of gain (loss) on sale of financing receivable.",
      "available_units": [
        "USD"
      ],
      "data_points_count": 7,
      "latest_value": {
        "value": 5000000,
        "date": "2022-12-31",
        "fiscal_year": 2022,
        "form": "10-K",
        "filed": "2023-02-16",
        "unit": "USD",
        "type": "annual"
      },
      "date_range": {
        "earliest": "2020-09-30",
        "latest": "2022-12-31"
      }
    },
    "ImpairedFinancingReceivableAverageRecordedInvestment": {
      "taxonomy": "us-gaap",
      "label": "Impaired Financing Receivable, Average Recorded Investment",
      "description": "Average amount of investment of impaired financing receivables with related allowance for credit losses and without a related allowance for credit losses.",
      "available_units": [
        "USD"
      ],
      "data_points_count": 7,
      "latest_value": {
        "value": 243000000,
        "date": "2011-12-31",
        "fiscal_year": 2011,
        "form": "10-K",
        "filed": "2012-02-27",
        "unit": "USD",
        "type": "annual"
      },
      "date_range": {
        "earliest": "2011-03-31",
        "latest": "2012-03-31"
      }
    },
    "ImpairedFinancingReceivableInterestIncomeAccrualMethod": {
      "taxonomy": "us-gaap",
      "label": "Impaired Financing Receivable, Interest Income, Accrual Method",
      "description": "Amount of interest income recognized that the financing receivables (with related allowance for credit losses and without a related allowance for credit losses) were impaired.",
      "available_units": [
        "USD"
      ],
      "data_points_count": 21,
      "latest_value": {
        "value": 86000000,
        "date": "2021-12-31",
        "fiscal_year": 2021,
        "form": "10-K",
        "filed": "2022-02-17",
        "unit": "USD",
        "type": "annual"
      },
      "date_range": {
        "earliest": "2011-03-31",
        "latest": "2022-03-31"
      }
    },
    "ImpairedFinancingReceivableRecordedInvestment": {
      "taxonomy": "us-gaap",
      "label": "Impaired Financing Receivable, Recorded Investment",
      "description": "Amount of investment of impaired financing receivables with related allowance for credit losses and without a related allowance for credit losses.",
      "available_units": [
        "USD"
      ],
      "data_points_count": 6,
      "latest_value": {
        "value": 238000000,
        "date": "2011-12-31",
        "fiscal_year": 2011,
        "form": "10-K",
        "filed": "2012-02-27",
        "unit": "USD",
        "type": "annual"
      },
      "date_range": {
        "earliest": "2010-12-31",
        "latest": "2012-03-31"
      }
    },
    "ImpairedFinancingReceivableRelatedAllowance": {
      "taxonomy": "us-gaap",
      "label": "Impaired Financing Receivable, Related Allowance",
      "description": "Amount of allowance for credit losses related to recorded investment.",
      "available_units": [
        "USD"
      ],
      "data_points_count": 9,
      "latest_value": {
        "value": 0,
        "date": "2016-12-31",
        "fiscal_year": 2016,
        "form": "10-K",
        "filed": "2017-02-17",
        "unit": "USD",
        "type": "annual"
      },
      "date_range": {
        "earliest": "2010-12-31",
        "latest": "2017-03-31"
      }
    },
    "ImpairedFinancingReceivableUnpaidPrincipalBalance": {
      "taxonomy": "us-gaap",
      "label": "Impaired Financing Receivable, Unpaid Principal Balance",
      "description": "Amount of unpaid principal balance of impaired financing receivables with related allowance for credit losses and without related allowance for credit losses.",
      "available_units": [
        "USD"
      ],
      "data_points_count": 8,
      "latest_value": {
        "value": 367000000,
        "date": "2011-12-31",
        "fiscal_year": 2011,
        "form": "10-K",
        "filed": "2012-02-27",
        "unit": "USD",
        "type": "annual"
      },
      "date_range": {
        "earliest": "2010-12-31",
        "latest": "2012-03-31"
      }
    },
    "ImpairedFinancingReceivableWithRelatedAllowanceAverageRecordedInvestment": {
      "taxonomy": "us-gaap",
      "label": "Impaired Financing Receivable, with Related Allowance, Average Recorded Investment",
      "description": "Amount of average investment of impaired financing receivables for which there is a related allowance for credit losses.",
      "available_units": [
        "USD"
      ],
      "data_points_count": 1,
      "latest_value": {
        "value": 15000000,
        "date": "2016-12-31",
        "fiscal_year": 2016,
        "form": "10-K",
        "filed": "2017-02-17",
        "unit": "USD",
        "type": "annual"
      },
      "date_range": {
        "earliest": "2016-12-31",
        "latest": "2016-12-31"
      }
    },
    "ImpairedFinancingReceivableWithRelatedAllowanceInterestIncomeAccrualMethod": {
      "taxonomy": "us-gaap",
      "label": "Impaired Financing Receivable, with Related Allowance, Interest Income, Accrual Method",
      "description": "Amount of interest income, recognized on accrual basis, on financing receivables, for which there is a related allowance for credit losses and are recognized as impaired.",
      "available_units": [
        "USD"
      ],
      "data_points_count": 1,
      "latest_value": {
        "value": 0,
        "date": "2016-12-31",
        "fiscal_year": 2016,
        "form": "10-K",
        "filed": "2017-02-17",
        "unit": "USD",
        "type": "annual"
      },
      "date_range": {
        "earliest": "2016-12-31",
        "latest": "2016-12-31"
      }
    },
    "ImpairedFinancingReceivableWithRelatedAllowanceRecordedInvestment": {
      "taxonomy": "us-gaap",
      "label": "Impaired Financing Receivable, with Related Allowance, Recorded Investment",
      "description": "Amount of investment in impaired financing receivables for which there is a related allowance for credit losses.",
      "available_units": [
        "USD"
      ],
      "data_points_count": 3,
      "latest_value": {
        "value": 15000000,
        "date": "2016-12-31",
        "fiscal_year": 2016,
        "form": "10-K",
        "filed": "2017-02-17",
        "unit": "USD",
        "type": "annual"
      },
      "date_range": {
        "earliest": "2016-12-31",
        "latest": "2017-03-31"
      }
    },
    "ImpairedFinancingReceivableWithRelatedAllowanceUnpaidPrincipalBalance": {
      "taxonomy": "us-gaap",
      "label": "Impaired Financing Receivable, with Related Allowance, Unpaid Principal Balance",
      "description": "Unpaid principal balance of impaired financing receivables for which there is a related allowance for credit losses.",
      "available_units": [
        "USD"
      ],
      "data_points_count": 3,
      "latest_value": {
        "value": 15000000,
        "date": "2016-12-31",
        "fiscal_year": 2016,
        "form": "10-K",
        "filed": "2017-02-17",
        "unit": "USD",
        "type": "annual"
      },
      "date_range": {
        "earliest": "2016-12-31",
        "latest": "2017-03-31"
      }
    },
    "IncreaseDecreaseInCashCollateralForLoanedSecurities": {
      "taxonomy": "us-gaap",
      "label": "Increase (Decrease) in Cash Collateral for Loaned Securities",
      "description": "The increase (decrease) during the reporting period in the amount of cash that is received as security when loaning securities.",
      "available_units": [
        "USD"
      ],
      "data_points_count": 136,
      "latest_value": {
        "value": -12109000000,
        "date": "2024-12-31",
        "fiscal_year": 2024,
        "form": "10-K",
        "filed": "2025-02-13",
        "unit": "USD",
        "type": "annual"
      },
      "date_range": {
        "earliest": "2008-12-31",
        "latest": "2025-06-30"
      }
    },
    "InterestAndFeeIncomeLoansAndLeases": {
      "taxonomy": "us-gaap",
      "label": "Interest and Fee Income, Loans and Leases",
      "description": "The aggregate interest and fee income generated by: (1) loans the Entity has positive intent and ability to hold for the foreseeable future, or until maturity or payoff, including commercial and consumer loans, whether domestic or foreign, which may consist of: (a) industrial and agricultural; (b) real estate; and (c) real estate construction loans; (d) trade financing; (e) lease financing; (f) home equity lines-of-credit; (g) automobile and other vehicle loans; and (h) credit card and other revolving-type loans and (2) loans and leases held-for-sale which may include mortgage loans, direct financing, and sales-type leases.",
      "available_units": [
        "USD"
      ],
      "data_points_count": 202,
      "latest_value": {
        "value": 2271000000,
        "date": "2024-12-31",
        "fiscal_year": 2024,
        "form": "10-K",
        "filed": "2025-02-13",
        "unit": "USD",
        "type": "annual"
      },
      "date_range": {
        "earliest": "2008-12-31",
        "latest": "2025-06-30"
      }
    },
    "LeaseCost": {
      "taxonomy": "us-gaap",
      "label": "Lease, Cost",
      "description": "Amount of lease cost recognized by lessee for lease contract.",
      "available_units": [
        "USD"
      ],
      "data_points_count": 16,
      "latest_value": {
        "value": 202000000,
        "date": "2024-12-31",
        "fiscal_year": 2024,
        "form": "10-K",
        "filed": "2025-02-13",
        "unit": "USD",
        "type": "annual"
      },
      "date_range": {
        "earliest": "2019-03-31",
        "latest": "2024-12-31"
      }
    },
    "LiabilitiesAssumed": {
      "taxonomy": "us-gaap",
      "label": "Liabilities Assumed (Deprecated 2011-01-31)",
      "description": "The fair value of liabilities assumed in Noncash investing or financing activities.",
      "available_units": [
        "USD"
      ],
      "data_points_count": 4,
      "latest_value": {
        "value": 20919000000,
        "date": "2009-12-31",
        "fiscal_year": 2010,
        "form": "10-K",
        "filed": "2011-02-28",
        "unit": "USD",
        "type": "annual"
      },
      "date_range": {
        "earliest": "2007-12-31",
        "latest": "2009-12-31"
      }
    },
    "LiabilitiesAssumed1": {
      "taxonomy": "us-gaap",
      "label": "Liabilities Assumed",
      "description": "The fair value of liabilities assumed in noncash investing or financing activities.",
      "available_units": [
        "USD"
      ],
      "data_points_count": 1,
      "latest_value": {
        "value": 20919000000,
        "date": "2009-12-31",
        "fiscal_year": 2011,
        "form": "10-K",
        "filed": "2012-02-27",
        "unit": "USD",
        "type": "annual"
      },
      "date_range": {
        "earliest": "2009-12-31",
        "latest": "2009-12-31"
      }
    },
    "LineOfCreditFacilityAmountOutstanding": {
      "taxonomy": "us-gaap",
      "label": "Line of Credit Facility, Amount Outstanding (Deprecated 2014-01-31)",
      "description": "Amount borrowed under the credit facility as of the balance sheet date.",
      "available_units": [
        "USD"
      ],
      "data_points_count": 2,
      "latest_value": {
        "value": 0,
        "date": "2013-12-31",
        "fiscal_year": 2013,
        "form": "10-K",
        "filed": "2014-02-21",
        "unit": "USD",
        "type": "annual"
      },
      "date_range": {
        "earliest": "2010-12-31",
        "latest": "2013-12-31"
      }
    },
    "LoansAndLeasesReceivableAllowance": {
      "taxonomy": "us-gaap",
      "label": "Loans and Leases Receivable, Allowance",
      "description": "Amount of allowance to cover probable credit losses on loans and leases. Includes carryover of or adjustments to the allowance for loan losses in connection with business combinations. Excludes allowance for loans and leases covered under loss sharing agreements.",
      "available_units": [
        "USD"
      ],
      "data_points_count": 110,
      "latest_value": {
        "value": 67000000,
        "date": "2018-12-31",
        "fiscal_year": 2018,
        "form": "10-K",
        "filed": "2019-02-21",
        "unit": "USD",
        "type": "annual"
      },
      "date_range": {
        "earliest": "2007-12-31",
        "latest": "2019-09-30"
      }
    },
    "LoansAndLeasesReceivableCommercial": {
      "taxonomy": "us-gaap",
      "label": "Loans and Leases Receivable, Gross, Commercial (Deprecated 2016-01-31)",
      "description": "Amount before allowance of commercial loans and leases receivable includes, but not limited to, commercial and industrial loans, agricultural loans, mortgage loans, promissory notes, interbank and other loans to financial institutions, draws against credit facilities, trade financing, lease financings. Includes deferred interest and fees, undisbursed portion of loan balance, unamortized costs and premiums and discounts from face amounts. Excludes loans and leases covered under loss sharing agreements.",
      "available_units": [
        "USD"
      ],
      "data_points_count": 4,
      "latest_value": {
        "value": 10011000000,
        "date": "2010-09-30",
        "fiscal_year": 2010,
        "fiscal_period": "Q3",
        "form": "10-Q",
        "filed": "2010-11-05",
        "unit": "USD",
        "type": "quarterly"
      },
      "date_range": {
        "earliest": "2009-12-31",
        "latest": "2010-09-30"
      }
    },
    "LoansAndLeasesReceivableGrossCarryingAmount": {
      "taxonomy": "us-gaap",
      "label": "Loans and Leases Receivable, Gross",
      "description": "Amount before allowance of loans and leases held in portfolio, including but not limited to, commercial and consumer loans. Includes deferred interest and fees, undisbursed portion of loan balance, unamortized costs and premiums and discounts from face amounts. Excludes loans and leases covered under loss sharing agreements.",
      "available_units": [
        "USD"
      ],
      "data_points_count": 78,
      "latest_value": {
        "value": 25789000000,
        "date": "2018-12-31",
        "fiscal_year": 2018,
        "form": "10-K",
        "filed": "2019-02-21",
        "unit": "USD",
        "type": "annual"
      },
      "date_range": {
        "earliest": "2009-12-31",
        "latest": "2019-09-30"
      }
    },
    "LoansAndLeasesReceivableImpairedNonperformingNonaccrualOfInterest": {
      "taxonomy": "us-gaap",
      "label": "Loans and Leases Receivable, Nonperforming, Nonaccrual of Interest",
      "description": "Reflects the carrying amount of loans deemed to be questionable as to collection on which no interest is continuing to be recognized.",
      "available_units": [
        "USD"
      ],
      "data_points_count": 8,
      "latest_value": {
        "value": 5000000,
        "date": "2011-12-31",
        "fiscal_year": 2011,
        "form": "10-K",
        "filed": "2012-02-27",
        "unit": "USD",
        "type": "annual"
      },
      "date_range": {
        "earliest": "2010-06-30",
        "latest": "2011-12-31"
      }
    },
    "LoansAndLeasesReceivableNetReportedAmount": {
      "taxonomy": "us-gaap",
      "label": "Loans and Leases Receivable, Net Amount",
      "description": "Amount after allowance and deduction of deferred interest and fees, unamortized costs and premiums and discounts from face amounts, of loans and leases held in portfolio, including but not limited to, commercial and consumer loans. Excludes loans and leases covered under loss sharing agreements and loans held for sale.",
      "available_units": [
        "USD"
      ],
      "data_points_count": 86,
      "latest_value": {
        "value": 25722000000,
        "date": "2018-12-31",
        "fiscal_year": 2018,
        "form": "10-K",
        "filed": "2019-02-21",
        "unit": "USD",
        "type": "annual"
      },
      "date_range": {
        "earliest": "2008-12-31",
        "latest": "2019-09-30"
      }
    },
    "LoansAssumed": {
      "taxonomy": "us-gaap",
      "label": "Loans Assumed (Deprecated 2011-01-31)",
      "description": "The fair value of loans assumed in noncash investing or financing activities.",
      "available_units": [
        "USD"
      ],
      "data_points_count": 4,
      "latest_value": {
        "value": 2510000000,
        "date": "2009-12-31",
        "fiscal_year": 2010,
        "form": "10-K",
        "filed": "2011-02-28",
        "unit": "USD",
        "type": "annual"
      },
      "date_range": {
        "earliest": "2007-12-31",
        "latest": "2009-12-31"
      }
    },
    "LoansAssumed1": {
      "taxonomy": "us-gaap",
      "label": "Loans Assumed",
      "description": "The fair value of loans assumed in noncash investing or financing activities.",
      "available_units": [
        "USD"
      ],
      "data_points_count": 1,
      "latest_value": {
        "value": 2510000000,
        "date": "2009-12-31",
        "fiscal_year": 2011,
        "form": "10-K",
        "filed": "2012-02-27",
        "unit": "USD",
        "type": "annual"
      },
      "date_range": {
        "earliest": "2009-12-31",
        "latest": "2009-12-31"
      }
    },
    "LoansHeldForSaleFairValueDisclosure": {
      "taxonomy": "us-gaap",
      "label": "Loans Held-for-sale, Fair Value Disclosure",
      "description": "Fair value portion of loans held-for-sale including, but not limited to, mortgage loans and finance receivables.",
      "available_units": [
        "USD"
      ],
      "data_points_count": 10,
      "latest_value": {
        "value": 17131000000,
        "date": "2014-12-31",
        "fiscal_year": 2014,
        "form": "10-K",
        "filed": "2015-02-20",
        "unit": "USD",
        "type": "annual"
      },
      "date_range": {
        "earliest": "2013-12-31",
        "latest": "2015-09-30"
      }
    },
    "NetCashProvidedByUsedInOperatingActivities": {
      "taxonomy": "us-gaap",
      "label": "Net Cash Provided by (Used in) Operating Activities",
      "description": "Amount of cash inflow (outflow) from operating activities, including discontinued operations. Operating activity cash flows include transactions, adjustments, and changes in value not defined as investing or financing activities.",
      "available_units": [
        "USD"
      ],
      "data_points_count": 149,
      "latest_value": {
        "value": -13210000000,
        "date": "2024-12-31",
        "fiscal_year": 2024,
        "form": "10-K",
        "filed": "2025-02-13",
        "unit": "USD",
        "type": "annual"
      },
      "date_range": {
        "earliest": "2007-12-31",
        "latest": "2025-06-30"
      }
    },
    "NotesReceivableGross": {
      "taxonomy": "us-gaap",
      "label": "Financing Receivable, before Allowance for Credit Loss",
      "description": "Amount, before allowance for credit loss, of financing receivable.",
      "available_units": [
        "USD"
      ],
      "data_points_count": 16,
      "latest_value": {
        "value": 32532000000,
        "date": "2021-12-31",
        "fiscal_year": 2021,
        "form": "10-K",
        "filed": "2022-02-17",
        "unit": "USD",
        "type": "annual"
      },
      "date_range": {
        "earliest": "2018-12-31",
        "latest": "2021-12-31"
      }
    },
    "NotesReceivableNet": {
      "taxonomy": "us-gaap",
      "label": "Financing Receivable, after Allowance for Credit Loss",
      "description": "Amount, after allowance for credit loss, of financing receivable. Excludes financing receivable covered under loss sharing agreement.",
      "available_units": [
        "USD"
      ],
      "data_points_count": 18,
      "latest_value": {
        "value": 32445000000,
        "date": "2021-12-31",
        "fiscal_year": 2021,
        "form": "10-K",
        "filed": "2022-02-17",
        "unit": "USD",
        "type": "annual"
      },
      "date_range": {
        "earliest": "2018-12-31",
        "latest": "2021-12-31"
      }
    },
    "OperatingLeasesIncomeStatementSubleaseRevenue": {
      "taxonomy": "us-gaap",
      "label": "Operating Leases, Income Statement, Sublease Revenue",
      "description": "The amount of revenue recognized for the period under subleasing arrangements.",
      "available_units": [
        "USD"
      ],
      "data_points_count": 30,
      "latest_value": {
        "value": 5000000,
        "date": "2018-12-31",
        "fiscal_year": 2018,
        "form": "10-K",
        "filed": "2019-02-21",
        "unit": "USD",
        "type": "annual"
      },
      "date_range": {
        "earliest": "2008-12-31",
        "latest": "2018-12-31"
      }
    },
    "OperatingLeasesRentExpenseSubleaseRentals1": {
      "taxonomy": "us-gaap",
      "label": "Operating Leases, Rent Expense, Sublease Rentals",
      "description": "The total amount of sublease rental income recognized during the period that reduces the entity's rent expense incurred under operating leases.",
      "available_units": [
        "USD"
      ],
      "data_points_count": 27,
      "latest_value": {
        "value": 185000000,
        "date": "2018-12-31",
        "fiscal_year": 2018,
        "form": "10-K",
        "filed": "2019-02-21",
        "unit": "USD",
        "type": "annual"
      },
      "date_range": {
        "earliest": "2009-12-31",
        "latest": "2018-12-31"
      }
    },
    "OtherComprehensiveIncomeDefinedBenefitPlansAdjustmentNetOfTaxPeriodIncreaseDecrease": {
      "taxonomy": "us-gaap",
      "label": "Other Comprehensive Income (Loss), Pension and Other Postretirement Benefit Plans, Adjustment, Net of Tax (Deprecated 2012-01-31)",
      "description": "The increase (decrease) in accumulated comprehensive income during the period related to pension and other postretirement benefit plans, after tax. While for technical reasons this element has no balance attribute, the default assumption is a credit balance consistent with its label.",
      "available_units": [
        "USD"
      ],
      "data_points_count": 10,
      "latest_value": {
        "value": 9000000,
        "date": "2012-09-30",
        "fiscal_year": 2012,
        "fiscal_period": "Q3",
        "form": "10-Q",
        "filed": "2012-11-02",
        "unit": "USD",
        "type": "quarterly"
      },
      "date_range": {
        "earliest": "2011-03-31",
        "latest": "2012-09-30"
      }
    },
    "OtherComprehensiveIncomeForeignCurrencyTranslationAdjustmentTax": {
      "taxonomy": "us-gaap",
      "label": "Other Comprehensive Income (Loss), Foreign Currency Translation Adjustment, Tax (Deprecated 2012-01-31)",
      "description": "Tax effect of the adjustment that results from the process of translating subsidiary financial statements and foreign equity investments into functional currency of the reporting entity. While for technical reasons this element has no balance attribute, the default assumption is a credit balance consistent with its label.",
      "available_units": [
        "USD"
      ],
      "data_points_count": 35,
      "latest_value": {
        "value": 68000000,
        "date": "2011-12-31",
        "fiscal_year": 2011,
        "form": "10-K",
        "filed": "2012-02-27",
        "unit": "USD",
        "type": "annual"
      },
      "date_range": {
        "earliest": "2007-12-31",
        "latest": "2012-09-30"
      }
    },
    "PaymentsForProceedsFromLoansAndLeases": {
      "taxonomy": "us-gaap",
      "label": "Payments for (Proceeds from) Loans and Leases",
      "description": "The net cash outflow or inflow for the increase (decrease) in the beginning and end of period of loan and lease balances which are not originated or purchased specifically for resale. Includes cash payments and proceeds associated with (a) loans held-for-investment, (b) leases held-for-investment, and (c) both.",
      "available_units": [
        "USD"
      ],
      "data_points_count": 85,
      "latest_value": {
        "value": 3511000000,
        "date": "2017-12-31",
        "fiscal_year": 2017,
        "form": "10-K",
        "filed": "2018-02-26",
        "unit": "USD",
        "type": "annual"
      },
      "date_range": {
        "earliest": "2007-12-31",
        "latest": "2018-09-30"
      }
    },
    "PaymentsToAcquireLoansAndLeasesHeldForInvestment": {
      "taxonomy": "us-gaap",
      "label": "Payments to Acquire Loans and Leases Held-for-investment",
      "description": "The cash outflow from (a) purchases of loans held-for-investment, (b) purchases of leases held-for-investment, and (c) both.",
      "available_units": [
        "USD"
      ],
      "data_points_count": 58,
      "latest_value": {
        "value": 7369000000,
        "date": "2024-12-31",
        "fiscal_year": 2024,
        "form": "10-K",
        "filed": "2025-02-13",
        "unit": "USD",
        "type": "annual"
      },
      "date_range": {
        "earliest": "2016-12-31",
        "latest": "2025-06-30"
      }
    },
    "ProceedsFromPaymentsForOtherFinancingActivities": {
      "taxonomy": "us-gaap",
      "label": "Proceeds from (Payments for) Other Financing Activities",
      "description": "Amount of cash inflow (outflow) from financing activities classified as other.",
      "available_units": [
        "USD"
      ],
      "data_points_count": 39,
      "latest_value": {
        "value": -20000000,
        "date": "2024-12-31",
        "fiscal_year": 2024,
        "form": "10-K",
        "filed": "2025-02-13",
        "unit": "USD",
        "type": "annual"
      },
      "date_range": {
        "earliest": "2014-12-31",
        "latest": "2025-06-30"
      }
    },
    "ProceedsFromSaleOfLoansAndLeasesHeldForInvestment": {
      "taxonomy": "us-gaap",
      "label": "Proceeds from Sale of Loans and Leases Held-for-investment",
      "description": "The net cash inflow from (a) sales of loans held-for-investment, (b) sales of leases held-for-investment, and (c) both. Includes proceeds from securitizations of loans.",
      "available_units": [
        "USD"
      ],
      "data_points_count": 4,
      "latest_value": {
        "value": 369000000,
        "date": "2019-06-30",
        "fiscal_year": 2020,
        "fiscal_period": "Q2",
        "form": "10-Q",
        "filed": "2020-07-27",
        "unit": "USD",
        "type": "quarterly"
      },
      "date_range": {
        "earliest": "2019-03-31",
        "latest": "2019-06-30"
      }
    },
    "ProceedsFromSaleOfLoansReceivable": {
      "taxonomy": "us-gaap",
      "label": "Proceeds from Sale of Loans Receivable",
      "description": "The cash inflow associated with the sale of loans receivables arising from the financing of goods and services.",
      "available_units": [
        "USD"
      ],
      "data_points_count": 43,
      "latest_value": {
        "value": 246000000,
        "date": "2024-12-31",
        "fiscal_year": 2024,
        "form": "10-K",
        "filed": "2025-02-13",
        "unit": "USD",
        "type": "annual"
      },
      "date_range": {
        "earliest": "2018-12-31",
        "latest": "2025-06-30"
      }
    },
    "ProvisionForLoanAndLeaseLosses": {
      "taxonomy": "us-gaap",
      "label": "Provision for Loan and Lease Losses",
      "description": "Amount of expense related to estimated loss from loan and lease transactions.",
      "available_units": [
        "USD"
      ],
      "data_points_count": 159,
      "latest_value": {
        "value": -33000000,
        "date": "2021-12-31",
        "fiscal_year": 2021,
        "form": "10-K",
        "filed": "2022-02-17",
        "unit": "USD",
        "type": "annual"
      },
      "date_range": {
        "earliest": "2007-12-31",
        "latest": "2022-03-31"
      }
    },
    "ProvisionForLoanLeaseAndOtherLosses": {
      "taxonomy": "us-gaap",
      "label": "Provision for Loan, Lease, and Other Losses",
      "description": "Amount of expense related loan transactions, lease transactions, credit loss from transactions other than loan and lease transactions, and other loss based on assessment of uncollectability from the counterparty to reduce the account to their net realizable value.",
      "available_units": [
        "USD"
      ],
      "data_points_count": 56,
      "latest_value": {
        "value": -33000000,
        "date": "2021-12-31",
        "fiscal_year": 2021,
        "form": "10-K",
        "filed": "2022-02-17",
        "unit": "USD",
        "type": "annual"
      },
      "date_range": {
        "earliest": "2010-12-31",
        "latest": "2022-03-31"
      }
    },
    "ProvisionForLoanLossesExpensed": {
      "taxonomy": "us-gaap",
      "label": "Financing Receivable, Credit Loss, Expense (Reversal)",
      "description": "Amount of credit loss expense (reversal of expense) for financing receivable.",
      "available_units": [
        "USD"
      ],
      "data_points_count": 20,
      "latest_value": {
        "value": 33000000,
        "date": "2021-12-31",
        "fiscal_year": 2021,
        "form": "10-K",
        "filed": "2022-02-17",
        "unit": "USD",
        "type": "annual"
      },
      "date_range": {
        "earliest": "2018-12-31",
        "latest": "2021-12-31"
      }
    },
    "ProvisionForOtherLosses": {
      "taxonomy": "us-gaap",
      "label": "Provision for Other Losses",
      "description": "Amount of expense related to other loss.",
      "available_units": [
        "USD"
      ],
      "data_points_count": 3,
      "latest_value": {
        "value": 450000000,
        "date": "2008-12-31",
        "fiscal_year": 2010,
        "form": "10-K",
        "filed": "2011-02-28",
        "unit": "USD",
        "type": "annual"
      },
      "date_range": {
        "earliest": "2008-12-31",
        "latest": "2019-03-31"
      }
    },
    "SecuritiesLoanedAndSecuritiesSoldUnderAgreementToRepurchaseGrossIncludingNotSubjectToMasterNettingArrangement": {
      "taxonomy": "us-gaap",
      "label": "Securities Loaned and Securities Sold under Agreement to Repurchase, Gross Including Not Subject to Master Netting Arrangement",
      "description": "Amount, before effects of master netting arrangements, of securities loaned to entities in exchange for collateral and funds outstanding borrowed in the form of a security repurchase agreement between the entity and another party for the sale and repurchase of identical or substantially the same securities at a date certain for a specified price. Includes liabilities not subject to a master netting arrangement.",
      "available_units": [
        "USD"
      ],
      "data_points_count": 56,
      "latest_value": {
        "value": 250032000000,
        "date": "2024-12-31",
        "fiscal_year": 2024,
        "form": "10-K",
        "filed": "2025-02-13",
        "unit": "USD",
        "type": "annual"
      },
      "date_range": {
        "earliest": "2018-06-30",
        "latest": "2025-06-30"
      }
    },
    "SecuritiesLoanedGross": {
      "taxonomy": "us-gaap",
      "label": "Securities Loaned, Gross",
      "description": "Amount, before effects of master netting arrangements, of securities loaned to entities in exchange for collateral. Includes liabilities elected not to be offset. Excludes liabilities not subject to a master netting arrangement.",
      "available_units": [
        "USD"
      ],
      "data_points_count": 76,
      "latest_value": {
        "value": 22810000000,
        "date": "2024-12-31",
        "fiscal_year": 2024,
        "form": "10-K",
        "filed": "2025-02-13",
        "unit": "USD",
        "type": "annual"
      },
      "date_range": {
        "earliest": "2015-06-30",
        "latest": "2025-06-30"
      }
    },
    "SecuritiesPurchasedUnderAgreementsToResell": {
      "taxonomy": "us-gaap",
      "label": "Securities Purchased under Agreements to Resell",
      "description": "Amount, after the effects of master netting arrangements, of funds outstanding loaned in the form of a security resale agreement between the entity and another party for the purchase and resale of identical or substantially the same securities at a date certain for a specified price. Includes purchases of participations in pools of securities that are subject to a resale agreement, assets not subject to a master netting arrangement and not elected to be offset.",
      "available_units": [
        "USD"
      ],
      "data_points_count": 132,
      "latest_value": {
        "value": 6679000000,
        "date": "2024-12-31",
        "fiscal_year": 2024,
        "form": "10-K",
        "filed": "2025-02-13",
        "unit": "USD",
        "type": "annual"
      },
      "date_range": {
        "earliest": "2008-12-31",
        "latest": "2025-06-30"
      }
    },
    "SubleaseIncome": {
      "taxonomy": "us-gaap",
      "label": "Sublease Income",
      "description": "Amount of sublease income excluding finance and operating lease expense.",
      "available_units": [
        "USD"
      ],
      "data_points_count": 16,
      "latest_value": {
        "value": 0,
        "date": "2024-12-31",
        "fiscal_year": 2024,
        "form": "10-K",
        "filed": "2025-02-13",
        "unit": "USD",
        "type": "annual"
      },
      "date_range": {
        "earliest": "2019-03-31",
        "latest": "2024-12-31"
      }
    },
    "VariableInterestEntityCarryingAmountOfCollateralizedAssets": {
      "taxonomy": "us-gaap",
      "label": "Variable Interest Entity, Carrying Amount of Assets, Consolidated VIE (Deprecated 2009-01-31)",
      "description": "The carrying amount of the variable interest entity's assets consolidated into the statement of financial position. In general, a VIE is a corporation, partnership, trust, or any other legal structure used for business purposes that either (a) does not have equity investors with voting rights or (b) has equity investors that do not provide sufficient financial resources for the entity to support its activities. A VIE often holds financial assets, including loans or receivables, real estate or other property. A VIE may be essentially passive or it may engage in research and development or other activities on behalf of another company.",
      "available_units": [
        "USD"
      ],
      "data_points_count": 8,
      "latest_value": {
        "value": 2500000000,
        "date": "2010-12-31",
        "fiscal_year": 2010,
        "form": "10-K",
        "filed": "2011-02-28",
        "unit": "USD",
        "type": "annual"
      },
      "date_range": {
        "earliest": "2009-12-31",
        "latest": "2011-03-31"
      }
    },
    "LoansReceivableHeldForSaleAmount": {
      "taxonomy": "us-gaap",
      "label": "Financing Receivable, Held-for-Sale",
      "description": "Amount, before valuation allowance, of financing receivable classified as held-for-sale.",
      "available_units": [
        "USD"
      ],
      "data_points_count": 22,
      "latest_value": {
        "value": 14000000,
        "date": "2024-12-31",
        "fiscal_year": 2024,
        "form": "10-K",
        "filed": "2025-02-13",
        "unit": "USD",
        "type": "annual"
      },
      "date_range": {
        "earliest": "2021-12-31",
        "latest": "2025-06-30"
      }
    },
    "FinancingReceivableRecordedInvestmentNonaccrualStatus": {
      "taxonomy": "us-gaap",
      "label": "Financing Receivable, Nonaccrual",
      "description": "Amount of financing receivable on nonaccrual status.",
      "available_units": [
        "USD"
      ],
      "data_points_count": 16,
      "latest_value": {
        "value": 191000000,
        "date": "2024-12-31",
        "fiscal_year": 2024,
        "form": "10-K",
        "filed": "2025-02-13",
        "unit": "USD",
        "type": "annual"
      },
      "date_range": {
        "earliest": "2023-03-31",
        "latest": "2025-06-30"
      }
    },
    "FinancingReceivableSignificantPurchases": {
      "taxonomy": "us-gaap",
      "label": "Financing Receivable, Purchase",
      "description": "Amount of increase from purchase of financing receivable.",
      "available_units": [
        "USD"
      ],
      "data_points_count": 4,
      "latest_value": {
        "value": 1170000000,
        "date": "2025-06-30",
        "fiscal_year": 2025,
        "fiscal_period": "Q2",
        "form": "10-Q",
        "filed": "2025-07-31",
        "unit": "USD",
        "type": "quarterly"
      },
      "date_range": {
        "earliest": "2024-06-30",
        "latest": "2025-06-30"
      }
    }
  }
}