{
  "chunk_metadata": {
    "domain": "public",
    "CIK": "93751",
    "data_type": "SEC",
    "ticker": "STT",
    "chunk_name": "Cash & Cash Equivalents",
    "chunk_id": "cash_equivalents",
    "company_name": "STATE STREET CORPORATION",
    "extraction_date": "2025-09-30T11:01:44.178097",
    "metrics_count": 121,
    "total_company_metrics": 0,
    "chunking_strategy": "context_aware_balanced"
  },
  "metrics": {
    "AcceleratedShareRepurchasesSettlementPaymentOrReceipt": {
      "taxonomy": "us-gaap",
      "label": "Accelerated Share Repurchases, Settlement (Payment) or Receipt",
      "description": "Amount of cash receipt from (payment to) bank; or stock received from (issuance to) bank in the settlement of the accelerated share repurchase agreement.",
      "available_units": [
        "USD"
      ],
      "data_points_count": 1,
      "latest_value": {
        "value": 1000000000,
        "date": "2008-12-31",
        "fiscal_year": 2010,
        "form": "10-K",
        "filed": "2011-02-28",
        "unit": "USD",
        "type": "annual"
      },
      "date_range": {
        "earliest": "2008-12-31",
        "latest": "2008-12-31"
      }
    },
    "AccumulatedOtherComprehensiveIncomeLossCumulativeChangesInNetGainLossFromCashFlowHedgesEffectNetOfTax": {
      "taxonomy": "us-gaap",
      "label": "Accumulated Other Comprehensive Income (Loss), Cumulative Changes in Net Gain (Loss) from Cash Flow Hedges, Effect Net of Tax",
      "description": "Accumulated change, net of tax, in accumulated gains and losses from derivative instruments designated and qualifying as the effective portion of cash flow hedges. Includes an entity's share of an equity investee's Increase or Decrease in deferred hedging gains or losses.",
      "available_units": [
        "USD"
      ],
      "data_points_count": 76,
      "latest_value": {
        "value": -56000000,
        "date": "2017-12-31",
        "fiscal_year": 2017,
        "form": "10-K",
        "filed": "2018-02-26",
        "unit": "USD",
        "type": "annual"
      },
      "date_range": {
        "earliest": "2008-12-31",
        "latest": "2018-09-30"
      }
    },
    "AdjustmentsNoncashItemsToReconcileNetIncomeLossToCashProvidedByUsedInOperatingActivitiesOther": {
      "taxonomy": "us-gaap",
      "label": "Adjustments, Noncash Items, to Reconcile Net Income (Loss) to Cash Provided by (Used in) Operating Activities, Other (Deprecated 2011-01-31)",
      "description": "Transactions that do not result in cash inflows or outflows in the period in which they occur, but affect net income and thus are removed when calculating net cash flow from operating activities using the indirect cash flow method. This element is used when there is not a more specific and appropriate element.",
      "available_units": [
        "USD"
      ],
      "data_points_count": 16,
      "latest_value": {
        "value": -121000000,
        "date": "2010-12-31",
        "fiscal_year": 2010,
        "form": "10-K",
        "filed": "2011-02-28",
        "unit": "USD",
        "type": "annual"
      },
      "date_range": {
        "earliest": "2007-12-31",
        "latest": "2011-03-31"
      }
    },
    "AmortizationOfIntangibleAssets": {
      "taxonomy": "us-gaap",
      "label": "Amortization of Intangible Assets",
      "description": "The aggregate expense charged against earnings to allocate the cost of intangible assets (nonphysical assets not used in production) in a systematic and rational manner to the periods expected to benefit from such assets. As a noncash expense, this element is added back to net income when calculating cash provided by or used in operations using the indirect method.",
      "available_units": [
        "USD"
      ],
      "data_points_count": 242,
      "latest_value": {
        "value": 230000000,
        "date": "2024-12-31",
        "fiscal_year": 2024,
        "form": "10-K",
        "filed": "2025-02-13",
        "unit": "USD",
        "type": "annual"
      },
      "date_range": {
        "earliest": "2007-12-31",
        "latest": "2025-06-30"
      }
    },
    "AociLossCashFlowHedgeCumulativeGainLossAfterTax": {
      "taxonomy": "us-gaap",
      "label": "AOCI, Cash Flow Hedge, Cumulative Gain (Loss), after Tax",
      "description": "Amount, after tax, of accumulated gain (loss) on derivative instrument designated and qualifying as cash flow hedge included in assessment of hedge effectiveness.",
      "available_units": [
        "USD"
      ],
      "data_points_count": 39,
      "latest_value": {
        "value": -2000000,
        "date": "2021-12-31",
        "fiscal_year": 2021,
        "form": "10-K",
        "filed": "2022-02-17",
        "unit": "USD",
        "type": "annual"
      },
      "date_range": {
        "earliest": "2016-12-31",
        "latest": "2022-09-30"
      }
    },
    "BusinessAcquisitionContingentConsiderationAtFairValue": {
      "taxonomy": "us-gaap",
      "label": "Business Acquisition, Contingent Consideration, at Fair Value (Deprecated 2013-01-31)",
      "description": "Fair value, as of the acquisition date, of potential payments under the contingent consideration arrangement including cash and shares.",
      "available_units": [
        "USD"
      ],
      "data_points_count": 3,
      "latest_value": {
        "value": 72000000,
        "date": "2010-12-31",
        "fiscal_year": 2010,
        "form": "10-K",
        "filed": "2011-02-28",
        "unit": "USD",
        "type": "annual"
      },
      "date_range": {
        "earliest": "2010-06-30",
        "latest": "2010-12-31"
      }
    },
    "BusinessAcquisitionCostOfAcquiredEntityCashPaid": {
      "taxonomy": "us-gaap",
      "label": "Business Acquisition, Cost of Acquired Entity, Cash Paid (Deprecated 2013-01-31)",
      "description": "Amount of cash paid to acquire the entity.",
      "available_units": [
        "USD"
      ],
      "data_points_count": 3,
      "latest_value": {
        "value": 2176000000,
        "date": "2010-12-31",
        "fiscal_year": 2010,
        "form": "10-K",
        "filed": "2011-02-28",
        "unit": "USD",
        "type": "annual"
      },
      "date_range": {
        "earliest": "2010-06-30",
        "latest": "2010-12-31"
      }
    },
    "CashAndCashEquivalentsPeriodIncreaseDecrease": {
      "taxonomy": "us-gaap",
      "label": "Cash and Cash Equivalents, Period Increase (Decrease)",
      "description": "Amount of increase (decrease) in cash and cash equivalents. Cash and cash equivalents are the amount of currency on hand as well as demand deposits with banks or financial institutions. Includes other kinds of accounts that have the general characteristics of demand deposits. Also includes short-term, highly liquid investments that are both readily convertible to known amounts of cash and so near their maturity that they present insignificant risk of changes in value because of changes in interest rates. Includes effect from exchange rate changes.",
      "available_units": [
        "USD"
      ],
      "data_points_count": 91,
      "latest_value": {
        "value": 1490000000,
        "date": "2018-12-31",
        "fiscal_year": 2018,
        "form": "10-K",
        "filed": "2019-02-21",
        "unit": "USD",
        "type": "annual"
      },
      "date_range": {
        "earliest": "2007-12-31",
        "latest": "2018-12-31"
      }
    },
    "CashCashEquivalentsRestrictedCashAndRestrictedCashEquivalents": {
      "taxonomy": "us-gaap",
      "label": "Cash, Cash Equivalents, Restricted Cash and Restricted Cash Equivalents",
      "description": "Amount of cash and cash equivalents, and cash and cash equivalents restricted to withdrawal or usage. Excludes amount for disposal group and discontinued operations. Cash includes, but is not limited to, currency on hand, demand deposits with banks or financial institutions, and other accounts with general characteristics of demand deposits. Cash equivalents include, but are not limited to, short-term, highly liquid investments that are both readily convertible to known amounts of cash and so near their maturity that they present insignificant risk of changes in value because of changes in interest rates.",
      "available_units": [
        "USD"
      ],
      "data_points_count": 104,
      "latest_value": {
        "value": 3145000000,
        "date": "2024-12-31",
        "fiscal_year": 2024,
        "form": "10-K",
        "filed": "2025-02-13",
        "unit": "USD",
        "type": "annual"
      },
      "date_range": {
        "earliest": "2016-12-31",
        "latest": "2025-06-30"
      }
    },
    "CashCashEquivalentsRestrictedCashAndRestrictedCashEquivalentsPeriodIncreaseDecreaseIncludingExchangeRateEffect": {
      "taxonomy": "us-gaap",
      "label": "Cash, Cash Equivalents, Restricted Cash and Restricted Cash Equivalents, Period Increase (Decrease), Including Exchange Rate Effect",
      "description": "Amount of increase (decrease) in cash, cash equivalents, and cash and cash equivalents restricted to withdrawal or usage; including effect from exchange rate change. Cash includes, but is not limited to, currency on hand, demand deposits with banks or financial institutions, and other accounts with general characteristics of demand deposits. Cash equivalents include, but are not limited to, short-term, highly liquid investments that are both readily convertible to known amounts of cash and so near their maturity that they present insignificant risk of changes in value because of changes in interest rates.",
      "available_units": [
        "USD"
      ],
      "data_points_count": 58,
      "latest_value": {
        "value": -902000000,
        "date": "2024-12-31",
        "fiscal_year": 2024,
        "form": "10-K",
        "filed": "2025-02-13",
        "unit": "USD",
        "type": "annual"
      },
      "date_range": {
        "earliest": "2017-12-31",
        "latest": "2025-06-30"
      }
    },
    "CashDividends": {
      "taxonomy": "us-gaap",
      "label": "Cash Dividends (Deprecated 2009-01-31)",
      "description": "Cash dividend declared by an entity to shareholders during the period. This element includes paid and unpaid dividends declared during the period.",
      "available_units": [
        "USD"
      ],
      "data_points_count": 2,
      "latest_value": {
        "value": 11000000,
        "date": "2009-06-30",
        "fiscal_year": 2009,
        "fiscal_period": "Q2",
        "form": "10-Q",
        "filed": "2009-08-10",
        "unit": "USD",
        "type": "quarterly"
      },
      "date_range": {
        "earliest": "2008-06-30",
        "latest": "2009-06-30"
      }
    },
    "CashFlowHedgeGainLossReclassifiedToRevenueNet": {
      "taxonomy": "us-gaap",
      "label": "Cash Flow Hedge Gain (Loss) Reclassified to Revenue, Net (Deprecated 2013-01-31)",
      "description": "The amount of net gains or losses on a cash flow hedge reclassified to revenues from accumulated other comprehensive income.",
      "available_units": [
        "USD"
      ],
      "data_points_count": 2,
      "latest_value": {
        "value": -2000000,
        "date": "2012-03-31",
        "fiscal_year": 2012,
        "fiscal_period": "Q1",
        "form": "10-Q",
        "filed": "2012-05-04",
        "unit": "USD",
        "type": "quarterly"
      },
      "date_range": {
        "earliest": "2011-03-31",
        "latest": "2012-03-31"
      }
    },
    "CashFlowHedgeGainLossToBeReclassifiedWithinTwelveMonths": {
      "taxonomy": "us-gaap",
      "label": "Cash Flow Hedge Gain (Loss) to be Reclassified within Twelve Months",
      "description": "The estimated net amount of existing gains or losses on cash flow hedges at the reporting date expected to be reclassified to earnings within the next 12 months.",
      "available_units": [
        "USD"
      ],
      "data_points_count": 17,
      "latest_value": {
        "value": -136000000,
        "date": "2024-12-31",
        "fiscal_year": 2024,
        "form": "10-K",
        "filed": "2025-02-13",
        "unit": "USD",
        "type": "annual"
      },
      "date_range": {
        "earliest": "2021-06-30",
        "latest": "2025-06-30"
      }
    },
    "CommonStockSharesIssued": {
      "taxonomy": "us-gaap",
      "label": "Common Stock, Shares, Issued",
      "description": "Total number of common shares of an entity that have been sold or granted to shareholders (includes common shares that were issued, repurchased and remain in the treasury). These shares represent capital invested by the firm's shareholders and owners, and may be all or only a portion of the number of shares authorized. Shares issued include shares outstanding and shares held in the treasury.",
      "available_units": [
        "shares"
      ],
      "data_points_count": 132,
      "latest_value": {
        "value": 503879642,
        "date": "2024-12-31",
        "fiscal_year": 2024,
        "form": "10-K",
        "filed": "2025-02-13",
        "unit": "shares",
        "type": "annual"
      },
      "date_range": {
        "earliest": "2008-12-31",
        "latest": "2025-06-30"
      }
    },
    "CommonStockValue": {
      "taxonomy": "us-gaap",
      "label": "Common Stock, Value, Issued",
      "description": "Aggregate par or stated value of issued nonredeemable common stock (or common stock redeemable solely at the option of the issuer). This item includes treasury stock repurchased by the entity. Note: elements for number of nonredeemable common shares, par value and other disclosure concepts are in another section within stockholders' equity.",
      "available_units": [
        "USD"
      ],
      "data_points_count": 132,
      "latest_value": {
        "value": 504000000,
        "date": "2024-12-31",
        "fiscal_year": 2024,
        "form": "10-K",
        "filed": "2025-02-13",
        "unit": "USD",
        "type": "annual"
      },
      "date_range": {
        "earliest": "2008-12-31",
        "latest": "2025-06-30"
      }
    },
    "ContractualMaturitiesTimeDeposits100000OrMoreAfter12Months": {
      "taxonomy": "us-gaap",
      "label": "Contractual Maturities, Time Deposits, $100,000 or More, after 12 Months",
      "description": "Amount of time deposit liabilities, including certificates of deposit, in denominations of $100,000 or more, maturing after twelve months from the balance sheet date.",
      "available_units": [
        "USD"
      ],
      "data_points_count": 2,
      "latest_value": {
        "value": 41000000,
        "date": "2012-12-31",
        "fiscal_year": 2012,
        "form": "10-K",
        "filed": "2013-02-22",
        "unit": "USD",
        "type": "annual"
      },
      "date_range": {
        "earliest": "2011-12-31",
        "latest": "2012-12-31"
      }
    },
    "ContractualMaturitiesTimeDeposits100000OrMoreThreeMonthsOrLess": {
      "taxonomy": "us-gaap",
      "label": "Contractual Maturities, Time Deposits, $100,000 or More, Three Months or Less",
      "description": "Amount of time deposit liabilities, including certificates of deposit, in denominations of $100,000 or more, maturing within three months or fewer from the balance sheet date.",
      "available_units": [
        "USD"
      ],
      "data_points_count": 2,
      "latest_value": {
        "value": 10631000000,
        "date": "2012-12-31",
        "fiscal_year": 2012,
        "form": "10-K",
        "filed": "2013-02-22",
        "unit": "USD",
        "type": "annual"
      },
      "date_range": {
        "earliest": "2011-12-31",
        "latest": "2012-12-31"
      }
    },
    "CurrentFederalTaxExpenseBenefit": {
      "taxonomy": "us-gaap",
      "label": "Current Federal Tax Expense (Benefit)",
      "description": "Amount of current federal tax expense (benefit) pertaining to income (loss) from continuing operations.",
      "available_units": [
        "USD"
      ],
      "data_points_count": 48,
      "latest_value": {
        "value": 108000000,
        "date": "2024-12-31",
        "fiscal_year": 2024,
        "form": "10-K",
        "filed": "2025-02-13",
        "unit": "USD",
        "type": "annual"
      },
      "date_range": {
        "earliest": "2008-12-31",
        "latest": "2024-12-31"
      }
    },
    "DeferredFederalIncomeTaxExpenseBenefit": {
      "taxonomy": "us-gaap",
      "label": "Deferred Federal Income Tax Expense (Benefit)",
      "description": "Amount of deferred federal income tax expense (benefit) pertaining to income (loss) from continuing operations.",
      "available_units": [
        "USD"
      ],
      "data_points_count": 48,
      "latest_value": {
        "value": 77000000,
        "date": "2024-12-31",
        "fiscal_year": 2024,
        "form": "10-K",
        "filed": "2025-02-13",
        "unit": "USD",
        "type": "annual"
      },
      "date_range": {
        "earliest": "2008-12-31",
        "latest": "2024-12-31"
      }
    },
    "Deposits": {
      "taxonomy": "us-gaap",
      "label": "Deposits",
      "description": "The aggregate of all deposit liabilities held by the entity, including foreign and domestic, interest and noninterest bearing; may include demand deposits, saving deposits, Negotiable Order of Withdrawal (NOW) and time deposits among others.",
      "available_units": [
        "USD"
      ],
      "data_points_count": 132,
      "latest_value": {
        "value": 261920000000,
        "date": "2024-12-31",
        "fiscal_year": 2024,
        "form": "10-K",
        "filed": "2025-02-13",
        "unit": "USD",
        "type": "annual"
      },
      "date_range": {
        "earliest": "2008-12-31",
        "latest": "2025-06-30"
      }
    },
    "DerivativeAssetCollateralObligationToReturnCashOffset": {
      "taxonomy": "us-gaap",
      "label": "Derivative Asset, Collateral, Obligation to Return Cash, Offset",
      "description": "Amount of obligation to return cash collateral under master netting arrangements offset against derivative assets.",
      "available_units": [
        "USD"
      ],
      "data_points_count": 17,
      "latest_value": {
        "value": 776000000,
        "date": "2015-12-31",
        "fiscal_year": 2015,
        "form": "10-K",
        "filed": "2016-02-19",
        "unit": "USD",
        "type": "annual"
      },
      "date_range": {
        "earliest": "2013-12-31",
        "latest": "2016-09-30"
      }
    },
    "DerivativeCollateralObligationToReturnCash": {
      "taxonomy": "us-gaap",
      "label": "Derivative, Collateral, Obligation to Return Cash",
      "description": "Amount of obligation to return cash collateral under master netting arrangements that have not been offset against derivative assets.",
      "available_units": [
        "USD"
      ],
      "data_points_count": 30,
      "latest_value": {
        "value": 405000000,
        "date": "2015-12-31",
        "fiscal_year": 2015,
        "form": "10-K",
        "filed": "2016-02-19",
        "unit": "USD",
        "type": "annual"
      },
      "date_range": {
        "earliest": "2012-12-31",
        "latest": "2016-09-30"
      }
    },
    "DerivativeCollateralRightToReclaimCash": {
      "taxonomy": "us-gaap",
      "label": "Derivative, Collateral, Right to Reclaim Cash",
      "description": "Amount of right to receive cash collateral under master netting arrangements that have not been offset against derivative liabilities.",
      "available_units": [
        "USD"
      ],
      "data_points_count": 30,
      "latest_value": {
        "value": 64000000,
        "date": "2015-12-31",
        "fiscal_year": 2015,
        "form": "10-K",
        "filed": "2016-02-19",
        "unit": "USD",
        "type": "annual"
      },
      "date_range": {
        "earliest": "2012-12-31",
        "latest": "2016-09-30"
      }
    },
    "DerivativeInstrumentsGainLossRecognizedInIncomeNet": {
      "taxonomy": "us-gaap",
      "label": "Derivative Instruments, Gain (Loss) Recognized in Income, Net (Deprecated 2013-01-31)",
      "description": "The amount of net gains and losses recognized in income during the period on derivative instruments designated and qualifying as hedging instruments in fair value hedges and related hedged items designated and qualifying in fair value hedges, on derivative instruments designated and qualifying as hedging instruments in cash flow hedges, and on derivative instruments not designated as hedging instruments.",
      "available_units": [
        "USD"
      ],
      "data_points_count": 8,
      "latest_value": {
        "value": 14000000,
        "date": "2010-12-31",
        "fiscal_year": 2010,
        "form": "10-K",
        "filed": "2011-02-28",
        "unit": "USD",
        "type": "annual"
      },
      "date_range": {
        "earliest": "2009-09-30",
        "latest": "2012-03-31"
      }
    },
    "DerivativeLiabilityCollateralRightToReclaimCashOffset": {
      "taxonomy": "us-gaap",
      "label": "Derivative Liability, Collateral, Right to Reclaim Cash, Offset",
      "description": "Amount of right to receive cash collateral under master netting arrangements offset against derivative liabilities.",
      "available_units": [
        "USD"
      ],
      "data_points_count": 17,
      "latest_value": {
        "value": 1118000000,
        "date": "2015-12-31",
        "fiscal_year": 2015,
        "form": "10-K",
        "filed": "2016-02-19",
        "unit": "USD",
        "type": "annual"
      },
      "date_range": {
        "earliest": "2013-12-31",
        "latest": "2016-09-30"
      }
    },
    "DividendsCash": {
      "taxonomy": "us-gaap",
      "label": "Dividends, Cash",
      "description": "Amount of paid and unpaid cash dividends declared for classes of stock, for example, but not limited to, common and preferred.",
      "available_units": [
        "USD"
      ],
      "data_points_count": 14,
      "latest_value": {
        "value": -20000000,
        "date": "2010-12-31",
        "fiscal_year": 2010,
        "form": "10-K",
        "filed": "2011-02-28",
        "unit": "USD",
        "type": "annual"
      },
      "date_range": {
        "earliest": "2007-12-31",
        "latest": "2010-12-31"
      }
    },
    "DividendsCommonStockCash": {
      "taxonomy": "us-gaap",
      "label": "Dividends, Common Stock, Cash",
      "description": "Amount of paid and unpaid common stock dividends declared with the form of settlement in cash.",
      "available_units": [
        "USD"
      ],
      "data_points_count": 203,
      "latest_value": {
        "value": 859000000,
        "date": "2024-12-31",
        "fiscal_year": 2024,
        "form": "10-K",
        "filed": "2025-02-13",
        "unit": "USD",
        "type": "annual"
      },
      "date_range": {
        "earliest": "2009-06-30",
        "latest": "2025-06-30"
      }
    },
    "DividendsPreferredStock": {
      "taxonomy": "us-gaap",
      "label": "Dividends, Preferred Stock",
      "description": "Amount of paid and unpaid preferred stock dividends declared with the form of settlement in cash, stock and payment-in-kind (PIK).",
      "available_units": [
        "USD"
      ],
      "data_points_count": 193,
      "latest_value": {
        "value": 202000000,
        "date": "2024-12-31",
        "fiscal_year": 2024,
        "form": "10-K",
        "filed": "2025-02-13",
        "unit": "USD",
        "type": "annual"
      },
      "date_range": {
        "earliest": "2008-12-31",
        "latest": "2025-03-31"
      }
    },
    "DividendsPreferredStockCash": {
      "taxonomy": "us-gaap",
      "label": "Dividends, Preferred Stock, Cash",
      "description": "Amount of paid and unpaid preferred stock dividends declared with the form of settlement in cash.",
      "available_units": [
        "USD"
      ],
      "data_points_count": 197,
      "latest_value": {
        "value": 185000000,
        "date": "2024-12-31",
        "fiscal_year": 2024,
        "form": "10-K",
        "filed": "2025-02-13",
        "unit": "USD",
        "type": "annual"
      },
      "date_range": {
        "earliest": "2009-12-31",
        "latest": "2025-06-30"
      }
    },
    "EffectiveIncomeTaxRateReconciliationAtFederalStatutoryIncomeTaxRate": {
      "taxonomy": "us-gaap",
      "label": "Effective Income Tax Rate Reconciliation, at Federal Statutory Income Tax Rate, Percent",
      "description": "Percentage of domestic federal statutory tax rate applicable to pretax income (loss).",
      "available_units": [
        "pure"
      ],
      "data_points_count": 52,
      "latest_value": {
        "value": 0.21,
        "date": "2024-12-31",
        "fiscal_year": 2024,
        "form": "10-K",
        "filed": "2025-02-13",
        "unit": "pure",
        "type": "annual"
      },
      "date_range": {
        "earliest": "2008-12-31",
        "latest": "2024-12-31"
      }
    },
    "EffectiveIncomeTaxRateReconciliationDeductionsExtraterritorialIncomeExclusion": {
      "taxonomy": "us-gaap",
      "label": "Effective Income Tax Rate Reconciliation, Deduction, Extraterritorial Income Exclusion, Percent",
      "description": "Percentage of the difference between reported income tax expense (benefit) and the expected income tax expense (benefit) computed by applying the domestic federal statutory income tax rates to pretax income (loss) from continuing operations attributable to deduction for extraterritorial income exclusion.",
      "available_units": [
        "pure"
      ],
      "data_points_count": 15,
      "latest_value": {
        "value": 0,
        "date": "2019-12-31",
        "fiscal_year": 2019,
        "form": "10-K",
        "filed": "2020-02-20",
        "unit": "pure",
        "type": "annual"
      },
      "date_range": {
        "earliest": "2014-12-31",
        "latest": "2019-12-31"
      }
    },
    "EffectiveIncomeTaxRateReconciliationForeignIncomeTaxRateDifferential": {
      "taxonomy": "us-gaap",
      "label": "Effective Income Tax Rate Reconciliation, Foreign Income Tax Rate Differential, Percent",
      "description": "Percentage of the difference between reported income tax expense (benefit) and expected income tax expense (benefit) computed by applying the domestic federal statutory income tax rates to pretax income (loss) from continuing operations applicable to statutory income tax expense (benefit) outside of the country of domicile.",
      "available_units": [
        "pure"
      ],
      "data_points_count": 48,
      "latest_value": {
        "value": 0.01,
        "date": "2024-12-31",
        "fiscal_year": 2024,
        "form": "10-K",
        "filed": "2025-02-13",
        "unit": "pure",
        "type": "annual"
      },
      "date_range": {
        "earliest": "2008-12-31",
        "latest": "2024-12-31"
      }
    },
    "EffectiveIncomeTaxRateReconciliationNondeductibleExpenseOther": {
      "taxonomy": "us-gaap",
      "label": "Effective Income Tax Rate Reconciliation, Nondeductible Expense, Other, Percent",
      "description": "Percentage of the difference between reported income tax expense (benefit) and expected income tax expense (benefit) computed by applying the domestic federal statutory income tax rates to pretax income (loss) from continuing operations attributable to other nondeductible expenses.",
      "available_units": [
        "pure"
      ],
      "data_points_count": 2,
      "latest_value": {
        "value": 0.01,
        "date": "2009-12-31",
        "fiscal_year": 2011,
        "form": "10-K",
        "filed": "2012-02-27",
        "unit": "pure",
        "type": "annual"
      },
      "date_range": {
        "earliest": "2009-12-31",
        "latest": "2009-12-31"
      }
    },
    "EffectiveIncomeTaxRateReconciliationNondeductibleExpenseRestructuringCharges": {
      "taxonomy": "us-gaap",
      "label": "Effective Income Tax Rate Reconciliation, Nondeductible Expense, Restructuring Charges, Percent",
      "description": "Percentage of the difference between reported income tax expense (benefit) and expected income tax expense (benefit) computed by applying the domestic federal statutory income tax rates to pretax income (loss) from continuing operations attributable to restructuring charges.",
      "available_units": [
        "pure"
      ],
      "data_points_count": 10,
      "latest_value": {
        "value": 0,
        "date": "2021-12-31",
        "fiscal_year": 2021,
        "form": "10-K",
        "filed": "2022-02-17",
        "unit": "pure",
        "type": "annual"
      },
      "date_range": {
        "earliest": "2010-09-30",
        "latest": "2021-12-31"
      }
    },
    "EffectiveIncomeTaxRateReconciliationOtherAdjustments": {
      "taxonomy": "us-gaap",
      "label": "Effective Income Tax Rate Reconciliation, Other Adjustments, Percent",
      "description": "Percentage of the difference between reported income tax expense (benefit) and expected income tax expense (benefit) computed by applying the domestic federal statutory income tax rates to pretax income (loss) from continuing operations attributable to other adjustments.",
      "available_units": [
        "pure"
      ],
      "data_points_count": 46,
      "latest_value": {
        "value": -0.001,
        "date": "2024-12-31",
        "fiscal_year": 2024,
        "form": "10-K",
        "filed": "2025-02-13",
        "unit": "pure",
        "type": "annual"
      },
      "date_range": {
        "earliest": "2008-12-31",
        "latest": "2024-12-31"
      }
    },
    "EffectiveIncomeTaxRateReconciliationPriorYearIncomeTaxes": {
      "taxonomy": "us-gaap",
      "label": "Effective Income Tax Rate Reconciliation, Prior Year Income Taxes, Percent",
      "description": "Percentage of the difference between reported income tax expense (benefit) and expected income tax expense (benefit) computed by applying the domestic federal statutory income tax rates to pretax income (loss) from continuing operations attributable to revisions of previously reported income tax expense.",
      "available_units": [
        "pure"
      ],
      "data_points_count": 6,
      "latest_value": {
        "value": 0,
        "date": "2014-12-31",
        "fiscal_year": 2014,
        "form": "10-K",
        "filed": "2015-02-20",
        "unit": "pure",
        "type": "annual"
      },
      "date_range": {
        "earliest": "2011-12-31",
        "latest": "2014-12-31"
      }
    },
    "EffectiveIncomeTaxRateReconciliationStateAndLocalIncomeTaxes": {
      "taxonomy": "us-gaap",
      "label": "Effective Income Tax Rate Reconciliation, State and Local Income Taxes, Percent",
      "description": "Percentage of the difference between reported income tax expense (benefit) and expected income tax expense (benefit) computed by applying the domestic federal statutory income tax rates to pretax income (loss) from continuing operations applicable to state and local income tax expense (benefit), net of federal tax expense (benefit).",
      "available_units": [
        "pure"
      ],
      "data_points_count": 48,
      "latest_value": {
        "value": 0.018,
        "date": "2024-12-31",
        "fiscal_year": 2024,
        "form": "10-K",
        "filed": "2025-02-13",
        "unit": "pure",
        "type": "annual"
      },
      "date_range": {
        "earliest": "2008-12-31",
        "latest": "2024-12-31"
      }
    },
    "EffectiveIncomeTaxRateReconciliationTaxCutsAndJobsActOf2017TransitionTaxOnAccumulatedForeignEarningsPercent": {
      "taxonomy": "us-gaap",
      "label": "Effective Income Tax Rate Reconciliation, Tax Cuts and Jobs Act, Transition Tax on Accumulated Foreign Earnings, Percent",
      "description": "Percentage of reported income tax expense (benefit) in excess of (less than) expected income tax expense (benefit) computed by applying domestic federal statutory income tax rate to pretax income (loss) from continuing operations, attributable to increase (decrease) from transition tax on accumulated earnings of controlled foreign corporation deemed repatriated pursuant to Tax Cuts and Jobs Act.",
      "available_units": [
        "pure"
      ],
      "data_points_count": 3,
      "latest_value": {
        "value": 0,
        "date": "2019-12-31",
        "fiscal_year": 2019,
        "form": "10-K",
        "filed": "2020-02-20",
        "unit": "pure",
        "type": "annual"
      },
      "date_range": {
        "earliest": "2017-12-31",
        "latest": "2019-12-31"
      }
    },
    "EffectiveIncomeTaxRateReconciliationTaxExemptIncome": {
      "taxonomy": "us-gaap",
      "label": "Effective Income Tax Rate Reconciliation, Tax Exempt Income, Percent",
      "description": "Percentage of the difference between reported income tax expense (benefit) and expected income tax expense (benefit) computed by applying the domestic federal statutory income tax rates to pretax income (loss) from continuing operations attributable to income (loss) exempt from income taxes.",
      "available_units": [
        "pure"
      ],
      "data_points_count": 48,
      "latest_value": {
        "value": 0.01,
        "date": "2024-12-31",
        "fiscal_year": 2024,
        "form": "10-K",
        "filed": "2025-02-13",
        "unit": "pure",
        "type": "annual"
      },
      "date_range": {
        "earliest": "2008-12-31",
        "latest": "2024-12-31"
      }
    },
    "EffectiveIncomeTaxRateReconciliationTaxSettlements": {
      "taxonomy": "us-gaap",
      "label": "Effective Income Tax Rate Reconciliation, Tax Settlement, Percent",
      "description": "Percentage of the difference between reported income tax expense (benefit) and expected income tax expense (benefit) computed by applying the domestic federal statutory income tax rates to pretax income (loss) from continuing operations attributable to income tax settlements. Including, but not limited to, domestic tax settlement, foreign tax settlement, state and local tax settlement, and other tax settlements.",
      "available_units": [
        "pure"
      ],
      "data_points_count": 9,
      "latest_value": {
        "value": 0,
        "date": "2017-12-31",
        "fiscal_year": 2017,
        "form": "10-K",
        "filed": "2018-02-26",
        "unit": "pure",
        "type": "annual"
      },
      "date_range": {
        "earliest": "2013-12-31",
        "latest": "2017-12-31"
      }
    },
    "FederalFundsPurchased": {
      "taxonomy": "us-gaap",
      "label": "Federal Funds Purchased",
      "description": "Amount of short term borrowing where a bank borrows, at the federal funds rate, from another bank.",
      "available_units": [
        "USD"
      ],
      "data_points_count": 62,
      "latest_value": {
        "value": 1000000000,
        "date": "2023-12-31",
        "fiscal_year": 2023,
        "form": "10-K",
        "filed": "2024-02-15",
        "unit": "USD",
        "type": "annual"
      },
      "date_range": {
        "earliest": "2008-12-31",
        "latest": "2023-12-31"
      }
    },
    "FinanceLeasePrincipalPayments": {
      "taxonomy": "us-gaap",
      "label": "Finance Lease, Principal Payments",
      "description": "Amount of cash outflow for principal payment on finance lease.",
      "available_units": [
        "USD"
      ],
      "data_points_count": 16,
      "latest_value": {
        "value": 46000000,
        "date": "2024-12-31",
        "fiscal_year": 2024,
        "form": "10-K",
        "filed": "2025-02-13",
        "unit": "USD",
        "type": "annual"
      },
      "date_range": {
        "earliest": "2019-03-31",
        "latest": "2024-12-31"
      }
    },
    "IncomeTaxesPaid": {
      "taxonomy": "us-gaap",
      "label": "Income Taxes Paid",
      "description": "The amount of cash paid during the current period to foreign, federal, state, and local authorities as taxes on income.",
      "available_units": [
        "USD"
      ],
      "data_points_count": 3,
      "latest_value": {
        "value": 884000000,
        "date": "2009-12-31",
        "fiscal_year": 2009,
        "form": "10-K",
        "filed": "2010-02-22",
        "unit": "USD",
        "type": "annual"
      },
      "date_range": {
        "earliest": "2007-12-31",
        "latest": "2009-12-31"
      }
    },
    "IncomeTaxesPaidNet": {
      "taxonomy": "us-gaap",
      "label": "Income Taxes Paid, Net",
      "description": "The amount of cash paid during the current period to foreign, federal, state, and local authorities as taxes on income, net of any cash received during the current period as refunds for the overpayment of taxes.",
      "available_units": [
        "USD"
      ],
      "data_points_count": 61,
      "latest_value": {
        "value": 451000000,
        "date": "2024-12-31",
        "fiscal_year": 2024,
        "form": "10-K",
        "filed": "2025-02-13",
        "unit": "USD",
        "type": "annual"
      },
      "date_range": {
        "earliest": "2008-12-31",
        "latest": "2025-06-30"
      }
    },
    "IncomeTaxReceivable": {
      "taxonomy": "us-gaap",
      "label": "Income Taxes Receivable",
      "description": "Carrying amount as of the balance sheet date of income taxes previously overpaid to tax authorities (such as U.S. Federal, state and local tax authorities) representing refunds of overpayments or recoveries based on agreed-upon resolutions of disputes. Also called income tax refund receivable.",
      "available_units": [
        "USD"
      ],
      "data_points_count": 24,
      "latest_value": {
        "value": 416000000,
        "date": "2025-06-30",
        "fiscal_year": 2025,
        "fiscal_period": "Q2",
        "form": "10-Q",
        "filed": "2025-07-31",
        "unit": "USD",
        "type": "quarterly"
      },
      "date_range": {
        "earliest": "2020-12-31",
        "latest": "2025-06-30"
      }
    },
    "IncomeTaxReconciliationNondeductibleExpenseRestructuringCharges": {
      "taxonomy": "us-gaap",
      "label": "Effective Income Tax Rate Reconciliation, Nondeductible Expense, Restructuring Charges, Amount",
      "description": "Amount of the difference between reported income tax expense (benefit) and expected income tax expense (benefit) computed by applying the domestic federal statutory income tax rates to pretax income (loss) from continuing operations attributable to nondeductible restructuring charges.",
      "available_units": [
        "USD"
      ],
      "data_points_count": 2,
      "latest_value": {
        "value": 180000000,
        "date": "2010-06-30",
        "fiscal_year": 2010,
        "fiscal_period": "Q2",
        "form": "10-Q",
        "filed": "2010-08-06",
        "unit": "USD",
        "type": "quarterly"
      },
      "date_range": {
        "earliest": "2010-06-30",
        "latest": "2010-06-30"
      }
    },
    "IncomeTaxReconciliationOtherReconcilingItems": {
      "taxonomy": "us-gaap",
      "label": "Effective Income Tax Rate Reconciliation, Other Reconciling Items, Amount",
      "description": "Amount of the difference between reported income tax expense (benefit) and expected income tax expense (benefit) computed by applying the domestic federal statutory income tax rates to pretax income (loss) from continuing operations attributable to tax exempt income, equity in earnings (loss) of an unconsolidated subsidiary, minority noncontrolling interest income (loss), tax holiday, disposition of a business, disposition of an asset, repatriation of foreign earnings, repatriation of foreign earnings jobs creation act of 2004, increase (decrease) in enacted tax rate, prior year income taxes, increase (decrease) in deferred tax asset valuation allowance, and other adjustments.",
      "available_units": [
        "USD"
      ],
      "data_points_count": 1,
      "latest_value": {
        "value": -2.3,
        "date": "2010-12-31",
        "fiscal_year": 2010,
        "form": "10-K",
        "filed": "2011-02-28",
        "unit": "USD",
        "type": "annual"
      },
      "date_range": {
        "earliest": "2010-12-31",
        "latest": "2010-12-31"
      }
    },
    "IncreaseDecreaseInOtherDeposits": {
      "taxonomy": "us-gaap",
      "label": "Increase (Decrease) in Other Deposits",
      "description": "Amount of increase (decrease) in deposit liabilities classified as other.",
      "available_units": [
        "USD"
      ],
      "data_points_count": 149,
      "latest_value": {
        "value": 40971000000,
        "date": "2024-12-31",
        "fiscal_year": 2024,
        "form": "10-K",
        "filed": "2025-02-13",
        "unit": "USD",
        "type": "annual"
      },
      "date_range": {
        "earliest": "2007-12-31",
        "latest": "2025-06-30"
      }
    },
    "IncreaseDecreaseInTimeDeposits": {
      "taxonomy": "us-gaap",
      "label": "Increase (Decrease) in Time Deposits",
      "description": "Net cash inflow (outflow) of time deposits.",
      "available_units": [
        "USD"
      ],
      "data_points_count": 149,
      "latest_value": {
        "value": -19000000,
        "date": "2024-12-31",
        "fiscal_year": 2024,
        "form": "10-K",
        "filed": "2025-02-13",
        "unit": "USD",
        "type": "annual"
      },
      "date_range": {
        "earliest": "2007-12-31",
        "latest": "2025-06-30"
      }
    },
    "InterestBearingDepositLiabilitiesDomestic": {
      "taxonomy": "us-gaap",
      "label": "Interest-bearing Deposit Liabilities, Domestic",
      "description": "Total amount of interest-bearing domestic deposit liabilities, which may include brokered, retail, demand, checking, notice of withdrawal, money market and other interest-bearing deposits.",
      "available_units": [
        "USD"
      ],
      "data_points_count": 132,
      "latest_value": {
        "value": 166483000000,
        "date": "2024-12-31",
        "fiscal_year": 2024,
        "form": "10-K",
        "filed": "2025-02-13",
        "unit": "USD",
        "type": "annual"
      },
      "date_range": {
        "earliest": "2008-12-31",
        "latest": "2025-06-30"
      }
    },
    "InterestBearingDepositLiabilitiesForeign": {
      "taxonomy": "us-gaap",
      "label": "Interest-bearing Deposit Liabilities, Foreign",
      "description": "Amount of foreign interest-bearing deposits held by the entity.",
      "available_units": [
        "USD"
      ],
      "data_points_count": 132,
      "latest_value": {
        "value": 62257000000,
        "date": "2024-12-31",
        "fiscal_year": 2024,
        "form": "10-K",
        "filed": "2025-02-13",
        "unit": "USD",
        "type": "annual"
      },
      "date_range": {
        "earliest": "2008-12-31",
        "latest": "2025-06-30"
      }
    },
    "InterestBearingDepositsInBanks": {
      "taxonomy": "us-gaap",
      "label": "Interest-bearing Deposits in Banks and Other Financial Institutions",
      "description": "For banks and other depository institutions (including Federal Reserve Banks, if applicable): Interest-bearing deposits in other financial institutions for relatively short periods of time including, for example, certificates of deposits, which are presented separately from cash on the balance sheet.",
      "available_units": [
        "USD"
      ],
      "data_points_count": 132,
      "latest_value": {
        "value": 112957000000,
        "date": "2024-12-31",
        "fiscal_year": 2024,
        "form": "10-K",
        "filed": "2025-02-13",
        "unit": "USD",
        "type": "annual"
      },
      "date_range": {
        "earliest": "2008-12-31",
        "latest": "2025-06-30"
      }
    },
    "InterestExpenseDeposits": {
      "taxonomy": "us-gaap",
      "label": "Interest Expense, Deposits",
      "description": "Aggregate amount of interest expense on all deposits.",
      "available_units": [
        "USD"
      ],
      "data_points_count": 202,
      "latest_value": {
        "value": 6627000000,
        "date": "2024-12-31",
        "fiscal_year": 2024,
        "form": "10-K",
        "filed": "2025-02-13",
        "unit": "USD",
        "type": "annual"
      },
      "date_range": {
        "earliest": "2008-12-31",
        "latest": "2025-06-30"
      }
    },
    "InterestIncomeDepositsWithFinancialInstitutions": {
      "taxonomy": "us-gaap",
      "label": "Interest Income, Deposits with Financial Institutions",
      "description": "Interest income derived from funds deposited with both domestic and foreign financial institutions including funds in money market and other accounts.",
      "available_units": [
        "USD"
      ],
      "data_points_count": 202,
      "latest_value": {
        "value": 3634000000,
        "date": "2024-12-31",
        "fiscal_year": 2024,
        "form": "10-K",
        "filed": "2025-02-13",
        "unit": "USD",
        "type": "annual"
      },
      "date_range": {
        "earliest": "2008-12-31",
        "latest": "2025-06-30"
      }
    },
    "InterestPaid": {
      "taxonomy": "us-gaap",
      "label": "Interest Paid, Including Capitalized Interest, Operating and Investing Activities",
      "description": "Amount of cash paid for interest, including, but not limited to, capitalized interest and payment to settle zero-coupon bond attributable to accreted interest of debt discount and debt instrument with insignificant coupon interest rate in relation to effective interest rate of borrowing attributable to accreted interest of debt discount; classified as operating and investing activities.",
      "available_units": [
        "USD"
      ],
      "data_points_count": 24,
      "latest_value": {
        "value": 441000000,
        "date": "2016-12-31",
        "fiscal_year": 2016,
        "form": "10-K",
        "filed": "2017-02-17",
        "unit": "USD",
        "type": "annual"
      },
      "date_range": {
        "earliest": "2007-12-31",
        "latest": "2016-12-31"
      }
    },
    "InterestPaidNet": {
      "taxonomy": "us-gaap",
      "label": "Interest Paid, Excluding Capitalized Interest, Operating Activities",
      "description": "Amount of cash paid for interest, excluding capitalized interest, classified as operating activity. Includes, but is not limited to, payment to settle zero-coupon bond for accreted interest of debt discount and debt instrument with insignificant coupon interest rate in relation to effective interest rate of borrowing attributable to accreted interest of debt discount.",
      "available_units": [
        "USD"
      ],
      "data_points_count": 28,
      "latest_value": {
        "value": 8951000000,
        "date": "2024-12-31",
        "fiscal_year": 2024,
        "form": "10-K",
        "filed": "2025-02-13",
        "unit": "USD",
        "type": "annual"
      },
      "date_range": {
        "earliest": "2016-12-31",
        "latest": "2025-06-30"
      }
    },
    "NoninterestBearingDepositLiabilities": {
      "taxonomy": "us-gaap",
      "label": "Noninterest-bearing Deposit Liabilities",
      "description": "The aggregate amount of all domestic and foreign noninterest-bearing deposits liabilities held by the entity.",
      "available_units": [
        "USD"
      ],
      "data_points_count": 132,
      "latest_value": {
        "value": 33180000000,
        "date": "2024-12-31",
        "fiscal_year": 2024,
        "form": "10-K",
        "filed": "2025-02-13",
        "unit": "USD",
        "type": "annual"
      },
      "date_range": {
        "earliest": "2008-12-31",
        "latest": "2025-06-30"
      }
    },
    "NotionalAmountOfCashFlowHedgeInstruments": {
      "taxonomy": "us-gaap",
      "label": "Notional Amount of Cash Flow Hedge Instruments (Deprecated 2013-01-31)",
      "description": "Aggregate notional amount of all derivatives designated as cash flow hedging instruments. The notional amount relates to a number of currency units, shares, bushels, pounds, or other units specified in a derivative instrument.",
      "available_units": [
        "USD"
      ],
      "data_points_count": 24,
      "latest_value": {
        "value": 130000000,
        "date": "2012-12-31",
        "fiscal_year": 2012,
        "form": "10-K",
        "filed": "2013-02-22",
        "unit": "USD",
        "type": "annual"
      },
      "date_range": {
        "earliest": "2009-12-31",
        "latest": "2013-09-30"
      }
    },
    "OperatingLeasePayments": {
      "taxonomy": "us-gaap",
      "label": "Operating Lease, Payments",
      "description": "Amount of cash outflow from operating lease, excluding payments to bring another asset to condition and location necessary for its intended use.",
      "available_units": [
        "USD"
      ],
      "data_points_count": 16,
      "latest_value": {
        "value": 179000000,
        "date": "2024-12-31",
        "fiscal_year": 2024,
        "form": "10-K",
        "filed": "2025-02-13",
        "unit": "USD",
        "type": "annual"
      },
      "date_range": {
        "earliest": "2019-03-31",
        "latest": "2024-12-31"
      }
    },
    "OtherAdjustmentsForNoncashItemsIncludedInIncomeLossFromContinuingOperations": {
      "taxonomy": "us-gaap",
      "label": "Other Adjustments for Noncash Items Included in Income (Loss) from Continuing Operations (Deprecated 2009-01-31)",
      "description": "Transactions that result in no cash inflows or outflows in the period in which they occur, but affect net income and thus are removed when calculating net cash flow from operating activities using the indirect method. This element is used when there is not a more specific and appropriate element.",
      "available_units": [
        "USD"
      ],
      "data_points_count": 2,
      "latest_value": {
        "value": -6369000000,
        "date": "2009-06-30",
        "fiscal_year": 2009,
        "fiscal_period": "Q2",
        "form": "10-Q",
        "filed": "2009-08-10",
        "unit": "USD",
        "type": "quarterly"
      },
      "date_range": {
        "earliest": "2008-06-30",
        "latest": "2009-06-30"
      }
    },
    "OtherComprehensiveIncomeLossCashFlowHedgeGainLossAfterReclassificationAndTax": {
      "taxonomy": "us-gaap",
      "label": "Other Comprehensive Income (Loss), Cash Flow Hedge, Gain (Loss), after Reclassification and Tax",
      "description": "Amount, after tax and reclassification, of gain (loss) from derivative instrument designated and qualifying as cash flow hedge included in assessment of hedge effectiveness.",
      "available_units": [
        "USD"
      ],
      "data_points_count": 89,
      "latest_value": {
        "value": -1000000,
        "date": "2024-12-31",
        "fiscal_year": 2024,
        "form": "10-K",
        "filed": "2025-02-13",
        "unit": "USD",
        "type": "annual"
      },
      "date_range": {
        "earliest": "2016-12-31",
        "latest": "2025-06-30"
      }
    },
    "OtherComprehensiveIncomeLossCashFlowHedgeGainLossAfterReclassificationTax": {
      "taxonomy": "us-gaap",
      "label": "Other Comprehensive Income (Loss), Cash Flow Hedge, Gain (Loss), after Reclassification, Tax",
      "description": "Amount, after reclassification, of tax expense (benefit) for gain (loss) from derivative instrument designated and qualifying as cash flow hedge included in assessment of hedge effectiveness.",
      "available_units": [
        "USD"
      ],
      "data_points_count": 90,
      "latest_value": {
        "value": 0,
        "date": "2024-12-31",
        "fiscal_year": 2024,
        "form": "10-K",
        "filed": "2025-02-13",
        "unit": "USD",
        "type": "annual"
      },
      "date_range": {
        "earliest": "2016-12-31",
        "latest": "2025-06-30"
      }
    },
    "OtherComprehensiveIncomeLossCashFlowHedgeGainLossBeforeReclassificationAndTax": {
      "taxonomy": "us-gaap",
      "label": "Other Comprehensive Income (Loss), Cash Flow Hedge, Gain (Loss), before Reclassification and Tax",
      "description": "Amount, before tax and reclassification, of gain (loss) from derivative instrument designated and qualifying cash flow hedge included in assessment of hedge effectiveness.",
      "available_units": [
        "USD"
      ],
      "data_points_count": 90,
      "latest_value": {
        "value": 53000000,
        "date": "2024-12-31",
        "fiscal_year": 2024,
        "form": "10-K",
        "filed": "2025-02-13",
        "unit": "USD",
        "type": "annual"
      },
      "date_range": {
        "earliest": "2016-12-31",
        "latest": "2025-06-30"
      }
    },
    "OtherComprehensiveIncomeLossCashFlowHedgeGainLossReclassificationBeforeTax": {
      "taxonomy": "us-gaap",
      "label": "Other Comprehensive Income (Loss), Cash Flow Hedge, Gain (Loss), Reclassification, before Tax",
      "description": "Amount, before tax, of reclassification of gain (loss) from accumulated other comprehensive income (AOCI) for derivative instrument designated and qualifying as cash flow hedge included in assessment of hedge effectiveness.",
      "available_units": [
        "USD"
      ],
      "data_points_count": 90,
      "latest_value": {
        "value": 54000000,
        "date": "2024-12-31",
        "fiscal_year": 2024,
        "form": "10-K",
        "filed": "2025-02-13",
        "unit": "USD",
        "type": "annual"
      },
      "date_range": {
        "earliest": "2016-12-31",
        "latest": "2025-06-30"
      }
    },
    "OtherComprehensiveIncomeLossCashFlowHedgeGainLossReclassificationTax": {
      "taxonomy": "us-gaap",
      "label": "Other Comprehensive Income (Loss), Cash Flow Hedge, Gain (Loss), Reclassification, Tax",
      "description": "Amount of tax expense (benefit) for reclassification of gain (loss) from accumulated other comprehensive income (AOCI) for derivative instrument designated and qualifying as cash flow hedge included in assessment of hedge effectiveness.",
      "available_units": [
        "USD"
      ],
      "data_points_count": 53,
      "latest_value": {
        "value": -14000000,
        "date": "2024-12-31",
        "fiscal_year": 2024,
        "form": "10-K",
        "filed": "2025-02-13",
        "unit": "USD",
        "type": "annual"
      },
      "date_range": {
        "earliest": "2019-12-31",
        "latest": "2024-12-31"
      }
    },
    "OtherComprehensiveIncomeUnrealizedGainLossOnDerivativesArisingDuringPeriodNetOfTax": {
      "taxonomy": "us-gaap",
      "label": "Other Comprehensive Income (Loss), Unrealized Gain (Loss) on Derivatives Arising During Period, Net of Tax",
      "description": "Amount after tax of increase (decrease) in accumulated gain (loss) from derivative instruments designated and qualifying as the effective portion of cash flow hedges and an entity's share of an equity investee's increase (decrease) in deferred hedging gain (loss).",
      "available_units": [
        "USD"
      ],
      "data_points_count": 25,
      "latest_value": {
        "value": 6000000,
        "date": "2011-12-31",
        "fiscal_year": 2011,
        "form": "10-K",
        "filed": "2012-02-27",
        "unit": "USD",
        "type": "annual"
      },
      "date_range": {
        "earliest": "2007-12-31",
        "latest": "2011-12-31"
      }
    },
    "OtherComprehensiveIncomeUnrealizedGainLossOnDerivativesArisingDuringPeriodTax": {
      "taxonomy": "us-gaap",
      "label": "Other Comprehensive Income (Loss), Unrealized Gain (Loss) on Derivatives Arising During Period, Tax",
      "description": "Amount of tax expense (benefit), before reclassification adjustments, related to increase (decrease) in accumulated gain (loss) from derivative instruments designated and qualifying as the effective portion of cash flow hedges and an entity's share of an equity investee's increase (decrease) in deferred hedging gain (loss).",
      "available_units": [
        "USD"
      ],
      "data_points_count": 23,
      "latest_value": {
        "value": 3000000,
        "date": "2011-12-31",
        "fiscal_year": 2011,
        "form": "10-K",
        "filed": "2012-02-27",
        "unit": "USD",
        "type": "annual"
      },
      "date_range": {
        "earliest": "2007-12-31",
        "latest": "2012-03-31"
      }
    },
    "OtherNoncashExpense": {
      "taxonomy": "us-gaap",
      "label": "Other Noncash Expense",
      "description": "Amount of expense or loss included in net income that result in no cash flow, classified as other.",
      "available_units": [
        "USD"
      ],
      "data_points_count": 7,
      "latest_value": {
        "value": 6096000000,
        "date": "2009-12-31",
        "fiscal_year": 2009,
        "form": "10-K",
        "filed": "2010-02-22",
        "unit": "USD",
        "type": "annual"
      },
      "date_range": {
        "earliest": "2007-12-31",
        "latest": "2009-12-31"
      }
    },
    "OtherNoncashIncomeExpense": {
      "taxonomy": "us-gaap",
      "label": "Other Noncash Income (Expense)",
      "description": "Amount of income (expense) included in net income that results in no cash inflow (outflow), classified as other.",
      "available_units": [
        "USD"
      ],
      "data_points_count": 131,
      "latest_value": {
        "value": -303000000,
        "date": "2024-12-31",
        "fiscal_year": 2024,
        "form": "10-K",
        "filed": "2025-02-13",
        "unit": "USD",
        "type": "annual"
      },
      "date_range": {
        "earliest": "2009-12-31",
        "latest": "2025-06-30"
      }
    },
    "OtherShortTermBorrowings": {
      "taxonomy": "us-gaap",
      "label": "Other Short-term Borrowings",
      "description": "Amount of borrowings classified as other, maturing within one year or the normal operating cycle, if longer.",
      "available_units": [
        "USD"
      ],
      "data_points_count": 132,
      "latest_value": {
        "value": 9840000000,
        "date": "2024-12-31",
        "fiscal_year": 2024,
        "form": "10-K",
        "filed": "2025-02-13",
        "unit": "USD",
        "type": "annual"
      },
      "date_range": {
        "earliest": "2008-12-31",
        "latest": "2025-06-30"
      }
    },
    "PaymentsForLegalSettlements": {
      "taxonomy": "us-gaap",
      "label": "Payments for Legal Settlements",
      "description": "The amount of cash paid for the settlement of litigation or for other legal issues during the period.",
      "available_units": [
        "USD"
      ],
      "data_points_count": 8,
      "latest_value": {
        "value": 48800000,
        "date": "2019-06-30",
        "fiscal_year": 2019,
        "form": "10-K",
        "filed": "2020-02-20",
        "unit": "USD",
        "type": "annual"
      },
      "date_range": {
        "earliest": "2019-06-30",
        "latest": "2019-06-30"
      }
    },
    "PaymentsForProceedsFromOtherInvestingActivities": {
      "taxonomy": "us-gaap",
      "label": "Payments for (Proceeds from) Other Investing Activities",
      "description": "Amount of cash (inflow) outflow from investing activities classified as other.",
      "available_units": [
        "USD"
      ],
      "data_points_count": 149,
      "latest_value": {
        "value": 332000000,
        "date": "2024-12-31",
        "fiscal_year": 2024,
        "form": "10-K",
        "filed": "2025-02-13",
        "unit": "USD",
        "type": "annual"
      },
      "date_range": {
        "earliest": "2007-12-31",
        "latest": "2025-06-30"
      }
    },
    "PaymentsForRepurchaseOfCommonStock": {
      "taxonomy": "us-gaap",
      "label": "Payments for Repurchase of Common Stock",
      "description": "The cash outflow to reacquire common stock during the period.",
      "available_units": [
        "USD"
      ],
      "data_points_count": 128,
      "latest_value": {
        "value": 1319000000,
        "date": "2024-12-31",
        "fiscal_year": 2024,
        "form": "10-K",
        "filed": "2025-02-13",
        "unit": "USD",
        "type": "annual"
      },
      "date_range": {
        "earliest": "2007-12-31",
        "latest": "2025-06-30"
      }
    },
    "PaymentsForRepurchaseOfPreferredStockAndPreferenceStock": {
      "taxonomy": "us-gaap",
      "label": "Payments for Repurchase of Preferred Stock and Preference Stock",
      "description": "The cash outflow to reacquire preferred stock during the period.",
      "available_units": [
        "USD"
      ],
      "data_points_count": 53,
      "latest_value": {
        "value": 1500000000,
        "date": "2024-12-31",
        "fiscal_year": 2024,
        "form": "10-K",
        "filed": "2025-02-13",
        "unit": "USD",
        "type": "annual"
      },
      "date_range": {
        "earliest": "2007-12-31",
        "latest": "2025-06-30"
      }
    },
    "PaymentsForRestructuring": {
      "taxonomy": "us-gaap",
      "label": "Payments for Restructuring",
      "description": "Amount of cash payments made as the result of exit or disposal activities. Excludes payments associated with a discontinued operation or an asset retirement obligation.",
      "available_units": [
        "USD"
      ],
      "data_points_count": 120,
      "latest_value": {
        "value": 110000000,
        "date": "2024-12-31",
        "fiscal_year": 2024,
        "form": "10-K",
        "filed": "2025-02-13",
        "unit": "USD",
        "type": "annual"
      },
      "date_range": {
        "earliest": "2011-03-31",
        "latest": "2025-06-30"
      }
    },
    "PaymentsOfDividends": {
      "taxonomy": "us-gaap",
      "label": "Payments of Dividends",
      "description": "Cash outflow in the form of capital distributions and dividends to common shareholders, preferred shareholders and noncontrolling interests.",
      "available_units": [
        "USD"
      ],
      "data_points_count": 149,
      "latest_value": {
        "value": 1033000000,
        "date": "2024-12-31",
        "fiscal_year": 2024,
        "form": "10-K",
        "filed": "2025-02-13",
        "unit": "USD",
        "type": "annual"
      },
      "date_range": {
        "earliest": "2007-12-31",
        "latest": "2025-06-30"
      }
    },
    "PaymentsToAcquireBusinessesNetOfCashAcquired": {
      "taxonomy": "us-gaap",
      "label": "Payments to Acquire Businesses, Net of Cash Acquired",
      "description": "The cash outflow associated with the acquisition of a business, net of the cash acquired from the purchase.",
      "available_units": [
        "USD"
      ],
      "data_points_count": 103,
      "latest_value": {
        "value": 194000000,
        "date": "2024-12-31",
        "fiscal_year": 2024,
        "form": "10-K",
        "filed": "2025-02-13",
        "unit": "USD",
        "type": "annual"
      },
      "date_range": {
        "earliest": "2007-12-31",
        "latest": "2025-06-30"
      }
    },
    "PaymentsToAcquireFinanceReceivables": {
      "taxonomy": "us-gaap",
      "label": "Payments to Acquire Finance Receivables",
      "description": "The cash outflow for the purchase of amounts due from customers, clients, lessees, borrowers, or others under the terms of its agreements therewith.",
      "available_units": [
        "USD"
      ],
      "data_points_count": 2,
      "latest_value": {
        "value": 725000000,
        "date": "2020-09-30",
        "fiscal_year": 2020,
        "fiscal_period": "Q3",
        "form": "10-Q",
        "filed": "2020-10-23",
        "unit": "USD",
        "type": "quarterly"
      },
      "date_range": {
        "earliest": "2019-09-30",
        "latest": "2020-09-30"
      }
    },
    "PaymentsToAcquireOtherInvestments": {
      "taxonomy": "us-gaap",
      "label": "Payments to Acquire Other Investments",
      "description": "Amount of cash outflow to acquire investments classified as other.",
      "available_units": [
        "USD"
      ],
      "data_points_count": 149,
      "latest_value": {
        "value": 143000000,
        "date": "2024-12-31",
        "fiscal_year": 2024,
        "form": "10-K",
        "filed": "2025-02-13",
        "unit": "USD",
        "type": "annual"
      },
      "date_range": {
        "earliest": "2007-12-31",
        "latest": "2025-06-30"
      }
    },
    "PaymentsToAcquirePropertyPlantAndEquipment": {
      "taxonomy": "us-gaap",
      "label": "Payments to Acquire Property, Plant, and Equipment",
      "description": "The cash outflow associated with the acquisition of long-lived, physical assets that are used in the normal conduct of business to produce goods and services and not intended for resale; includes cash outflows to pay for construction of self-constructed assets.",
      "available_units": [
        "USD"
      ],
      "data_points_count": 149,
      "latest_value": {
        "value": 926000000,
        "date": "2024-12-31",
        "fiscal_year": 2024,
        "form": "10-K",
        "filed": "2025-02-13",
        "unit": "USD",
        "type": "annual"
      },
      "date_range": {
        "earliest": "2007-12-31",
        "latest": "2025-06-30"
      }
    },
    "PreferredStockSharesIssued": {
      "taxonomy": "us-gaap",
      "label": "Preferred Stock, Shares Issued",
      "description": "Total number of nonredeemable preferred shares (or preferred stock redeemable solely at the option of the issuer) issued to shareholders (includes related preferred shares that were issued, repurchased, and remain in the treasury). May be all or portion of the number of preferred shares authorized. Excludes preferred shares that are classified as debt.",
      "available_units": [
        "shares"
      ],
      "data_points_count": 28,
      "latest_value": {
        "value": 5001,
        "date": "2011-12-31",
        "fiscal_year": 2011,
        "form": "10-K",
        "filed": "2012-02-27",
        "unit": "shares",
        "type": "annual"
      },
      "date_range": {
        "earliest": "2008-12-31",
        "latest": "2012-06-30"
      }
    },
    "PreferredStockValue": {
      "taxonomy": "us-gaap",
      "label": "Preferred Stock, Value, Issued",
      "description": "Aggregate par or stated value of issued nonredeemable preferred stock (or preferred stock redeemable solely at the option of the issuer). This item includes treasury stock repurchased by the entity. Note: elements for number of nonredeemable preferred shares, par value and other disclosure concepts are in another section within stockholders' equity.",
      "available_units": [
        "USD"
      ],
      "data_points_count": 19,
      "latest_value": {
        "value": 491000000,
        "date": "2013-12-31",
        "fiscal_year": 2014,
        "form": "10-K",
        "filed": "2015-02-20",
        "unit": "USD",
        "type": "annual"
      },
      "date_range": {
        "earliest": "2008-12-31",
        "latest": "2013-12-31"
      }
    },
    "ProceedsFromDivestitureOfBusinesses": {
      "taxonomy": "us-gaap",
      "label": "Proceeds from Divestiture of Businesses",
      "description": "The cash inflow associated with the amount received from the sale of a portion of the company's business, for example a segment, division, branch or other business, during the period.",
      "available_units": [
        "USD"
      ],
      "data_points_count": 25,
      "latest_value": {
        "value": 0,
        "date": "2023-12-31",
        "fiscal_year": 2023,
        "form": "10-K",
        "filed": "2024-02-15",
        "unit": "USD",
        "type": "annual"
      },
      "date_range": {
        "earliest": "2012-06-30",
        "latest": "2023-12-31"
      }
    },
    "ProceedsFromDivestitureOfInterestInJointVenture": {
      "taxonomy": "us-gaap",
      "label": "Proceeds from Divestiture of Interest in Joint Venture",
      "description": "The cash inflow from the sale of an investment interest in a joint venture that the reporting entity has not previously accounted for using consolidation or the equity method of accounting.",
      "available_units": [
        "USD"
      ],
      "data_points_count": 28,
      "latest_value": {
        "value": 0,
        "date": "2019-12-31",
        "fiscal_year": 2019,
        "form": "10-K",
        "filed": "2020-02-20",
        "unit": "USD",
        "type": "annual"
      },
      "date_range": {
        "earliest": "2007-12-31",
        "latest": "2019-12-31"
      }
    },
    "ProceedsFromIssuanceOfCommonStock": {
      "taxonomy": "us-gaap",
      "label": "Proceeds from Issuance of Common Stock",
      "description": "The cash inflow from the additional capital contribution to the entity.",
      "available_units": [
        "USD"
      ],
      "data_points_count": 45,
      "latest_value": {
        "value": 0,
        "date": "2023-12-31",
        "fiscal_year": 2023,
        "form": "10-K",
        "filed": "2024-02-15",
        "unit": "USD",
        "type": "annual"
      },
      "date_range": {
        "earliest": "2007-12-31",
        "latest": "2023-12-31"
      }
    },
    "ProceedsFromIssuanceOfLongTermDebt": {
      "taxonomy": "us-gaap",
      "label": "Proceeds from Issuance of Long-term Debt",
      "description": "The cash inflow from a debt initially having maturity due after one year or beyond the operating cycle, if longer.",
      "available_units": [
        "USD"
      ],
      "data_points_count": 123,
      "latest_value": {
        "value": 6523000000,
        "date": "2024-12-31",
        "fiscal_year": 2024,
        "form": "10-K",
        "filed": "2025-02-13",
        "unit": "USD",
        "type": "annual"
      },
      "date_range": {
        "earliest": "2007-12-31",
        "latest": "2025-06-30"
      }
    },
    "ProceedsFromIssuanceOfWarrants": {
      "taxonomy": "us-gaap",
      "label": "Proceeds from Issuance of Warrants",
      "description": "The cash inflow from issuance of rights to purchase common shares at predetermined price (usually issued together with corporate debt).",
      "available_units": [
        "USD"
      ],
      "data_points_count": 4,
      "latest_value": {
        "value": 0,
        "date": "2009-12-31",
        "fiscal_year": 2009,
        "form": "10-K",
        "filed": "2010-02-22",
        "unit": "USD",
        "type": "annual"
      },
      "date_range": {
        "earliest": "2007-12-31",
        "latest": "2009-12-31"
      }
    },
    "ProceedsFromPaymentsForInInterestBearingDepositsInBanks": {
      "taxonomy": "us-gaap",
      "label": "Proceeds from (Payments for) in Interest-bearing Deposits in Banks",
      "description": "The net cash inflow or outflow in Interest-bearing Deposits by banks in other financial institutions for relatively short periods of time including, for example, certificates of deposits.",
      "available_units": [
        "USD"
      ],
      "data_points_count": 149,
      "latest_value": {
        "value": -25292000000,
        "date": "2024-12-31",
        "fiscal_year": 2024,
        "form": "10-K",
        "filed": "2025-02-13",
        "unit": "USD",
        "type": "annual"
      },
      "date_range": {
        "earliest": "2007-12-31",
        "latest": "2025-06-30"
      }
    },
    "ProceedsFromRepaymentsOfShortTermDebt": {
      "taxonomy": "us-gaap",
      "label": "Proceeds from (Repayments of) Short-term Debt",
      "description": "The net cash inflow or outflow for borrowing having initial term of repayment within one year or the normal operating cycle, if longer.",
      "available_units": [
        "USD"
      ],
      "data_points_count": 92,
      "latest_value": {
        "value": 0,
        "date": "2022-12-31",
        "fiscal_year": 2022,
        "form": "10-K",
        "filed": "2023-02-16",
        "unit": "USD",
        "type": "annual"
      },
      "date_range": {
        "earliest": "2007-12-31",
        "latest": "2022-12-31"
      }
    },
    "ProceedsFromSaleOfEquityMethodInvestments": {
      "taxonomy": "us-gaap",
      "label": "Proceeds from Sale of Equity Method Investments",
      "description": "The cash inflow associated with the sale of equity method investments, which are investments in joint ventures and entities in which the entity has an equity ownership interest normally of 20 to 50 percent and exercises significant influence.",
      "available_units": [
        "USD"
      ],
      "data_points_count": 2,
      "latest_value": {
        "value": 0,
        "date": "2009-09-30",
        "fiscal_year": 2009,
        "fiscal_period": "Q3",
        "form": "10-Q",
        "filed": "2009-11-06",
        "unit": "USD",
        "type": "quarterly"
      },
      "date_range": {
        "earliest": "2008-09-30",
        "latest": "2009-09-30"
      }
    },
    "ProceedsFromSaleOfTreasuryStock": {
      "taxonomy": "us-gaap",
      "label": "Proceeds from Sale of Treasury Stock",
      "description": "The cash inflow from the issuance of an equity stock that has been previously reacquired by the entity.",
      "available_units": [
        "USD"
      ],
      "data_points_count": 11,
      "latest_value": {
        "value": 9000000,
        "date": "2011-12-31",
        "fiscal_year": 2011,
        "form": "10-K",
        "filed": "2012-02-27",
        "unit": "USD",
        "type": "annual"
      },
      "date_range": {
        "earliest": "2007-12-31",
        "latest": "2011-12-31"
      }
    },
    "ProceedsFromShortTermDebt": {
      "taxonomy": "us-gaap",
      "label": "Proceeds from Short-term Debt",
      "description": "The cash inflow from a borrowing having initial term of repayment within one year or the normal operating cycle, if longer.",
      "available_units": [
        "USD"
      ],
      "data_points_count": 26,
      "latest_value": {
        "value": -3302000000,
        "date": "2021-12-31",
        "fiscal_year": 2021,
        "form": "10-K",
        "filed": "2022-02-17",
        "unit": "USD",
        "type": "annual"
      },
      "date_range": {
        "earliest": "2018-06-30",
        "latest": "2022-03-31"
      }
    },
    "ProceedsFromStockOptionsExercised": {
      "taxonomy": "us-gaap",
      "label": "Proceeds from Stock Options Exercised",
      "description": "Amount of cash inflow from exercise of option under share-based payment arrangement.",
      "available_units": [
        "USD"
      ],
      "data_points_count": 73,
      "latest_value": {
        "value": 0,
        "date": "2017-12-31",
        "fiscal_year": 2017,
        "form": "10-K",
        "filed": "2018-02-26",
        "unit": "USD",
        "type": "annual"
      },
      "date_range": {
        "earliest": "2007-12-31",
        "latest": "2017-12-31"
      }
    },
    "RepaymentsOfShortTermDebt": {
      "taxonomy": "us-gaap",
      "label": "Repayments of Short-term Debt",
      "description": "The cash outflow for a borrowing having initial term of repayment within one year or the normal operating cycle, if longer.",
      "available_units": [
        "USD"
      ],
      "data_points_count": 9,
      "latest_value": {
        "value": 2233000000,
        "date": "2019-12-31",
        "fiscal_year": 2019,
        "form": "10-K",
        "filed": "2020-02-20",
        "unit": "USD",
        "type": "annual"
      },
      "date_range": {
        "earliest": "2016-12-31",
        "latest": "2019-12-31"
      }
    },
    "RestructuringReserveSettledWithCash": {
      "taxonomy": "us-gaap",
      "label": "Restructuring Reserve, Settled With Cash (Deprecated 2013-01-31)",
      "description": "Amount of cash paid in the period to fully or partially settle a specified, previously accrued type of restructuring cost.",
      "available_units": [
        "USD"
      ],
      "data_points_count": 12,
      "latest_value": {
        "value": 224000000,
        "date": "2012-12-31",
        "fiscal_year": 2012,
        "form": "10-K",
        "filed": "2013-02-22",
        "unit": "USD",
        "type": "annual"
      },
      "date_range": {
        "earliest": "2010-12-31",
        "latest": "2013-09-30"
      }
    },
    "ShortTermDebtWeightedAverageInterestRate": {
      "taxonomy": "us-gaap",
      "label": "Short-term Debt, Weighted Average Interest Rate, at Point in Time",
      "description": "Weighted average interest rate of short-term debt outstanding calculated at point in time.",
      "available_units": [
        "pure"
      ],
      "data_points_count": 32,
      "latest_value": {
        "value": 0.0503,
        "date": "2024-12-31",
        "fiscal_year": 2024,
        "form": "10-K",
        "filed": "2025-02-13",
        "unit": "pure",
        "type": "annual"
      },
      "date_range": {
        "earliest": "2009-12-31",
        "latest": "2024-12-31"
      }
    },
    "StockIssuedDuringPeriodValueIssuedForServices": {
      "taxonomy": "us-gaap",
      "label": "Stock Issued During Period, Value, Issued for Services",
      "description": "Value of stock issued in lieu of cash for services contributed to the entity. Value of the stock issued includes, but is not limited to, services contributed by vendors and founders.",
      "available_units": [
        "USD"
      ],
      "data_points_count": 1,
      "latest_value": {
        "value": 494000000,
        "date": "2018-09-30",
        "fiscal_year": 2018,
        "fiscal_period": "Q3",
        "form": "10-Q",
        "filed": "2018-10-31",
        "unit": "USD",
        "type": "quarterly"
      },
      "date_range": {
        "earliest": "2018-09-30",
        "latest": "2018-09-30"
      }
    },
    "StockIssuedDuringPeriodValueTreasuryStockReissued": {
      "taxonomy": "us-gaap",
      "label": "Stock Issued During Period, Value, Treasury Stock Reissued",
      "description": "Value of treasury shares or units reissued. Excludes reissuance of shares or units in treasury for award under share-based payment arrangement.",
      "available_units": [
        "USD"
      ],
      "data_points_count": 6,
      "latest_value": {
        "value": 1150000000,
        "date": "2018-12-31",
        "fiscal_year": 2018,
        "form": "10-K",
        "filed": "2019-02-21",
        "unit": "USD",
        "type": "annual"
      },
      "date_range": {
        "earliest": "2018-09-30",
        "latest": "2018-12-31"
      }
    },
    "StockRepurchasedDuringPeriodShares": {
      "taxonomy": "us-gaap",
      "label": "Stock Repurchased During Period, Shares",
      "description": "Number of shares that have been repurchased during the period and have not been retired and are not held in treasury. Some state laws may govern the circumstances under which an entity may acquire its own stock and prescribe the accounting treatment therefore. This element is used when state law does not recognize treasury stock.",
      "available_units": [
        "shares"
      ],
      "data_points_count": 11,
      "latest_value": {
        "value": 6500000,
        "date": "2020-12-31",
        "fiscal_year": 2020,
        "form": "10-K",
        "filed": "2021-02-19",
        "unit": "shares",
        "type": "annual"
      },
      "date_range": {
        "earliest": "2015-06-30",
        "latest": "2020-12-31"
      }
    },
    "StockRepurchasedDuringPeriodValue": {
      "taxonomy": "us-gaap",
      "label": "Stock Repurchased During Period, Value",
      "description": "Equity impact of the value of stock that has been repurchased during the period and has not been retired and is not held in treasury. Some state laws may mandate the circumstances under which an entity may acquire its own stock and prescribe the accounting treatment therefore. This element is used when state law does not recognize treasury stock.",
      "available_units": [
        "USD"
      ],
      "data_points_count": 35,
      "latest_value": {
        "value": 1500000000,
        "date": "2022-12-31",
        "fiscal_year": 2022,
        "form": "10-K",
        "filed": "2023-02-16",
        "unit": "USD",
        "type": "annual"
      },
      "date_range": {
        "earliest": "2011-09-30",
        "latest": "2022-12-31"
      }
    },
    "TimeDeposits100000OrMore": {
      "taxonomy": "us-gaap",
      "label": "Time Deposits, $100,000 or More",
      "description": "Amount of time deposit liabilities, including certificates of deposit, in denominations of $100,000 or more.",
      "available_units": [
        "USD"
      ],
      "data_points_count": 19,
      "latest_value": {
        "value": 46400000000,
        "date": "2018-12-31",
        "fiscal_year": 2018,
        "form": "10-K",
        "filed": "2019-02-21",
        "unit": "USD",
        "type": "annual"
      },
      "date_range": {
        "earliest": "2009-12-31",
        "latest": "2018-12-31"
      }
    },
    "TimeDeposits100000OrMoreDomestic": {
      "taxonomy": "us-gaap",
      "label": "Time Deposits, $100,000 or More, Domestic (Deprecated 2016-01-31)",
      "description": "The aggregate amount of domestic time deposits (including certificates of deposits, individual retirement accounts and open accounts) in denominations of $100,000 or more.",
      "available_units": [
        "USD"
      ],
      "data_points_count": 2,
      "latest_value": {
        "value": 13710000000,
        "date": "2012-12-31",
        "fiscal_year": 2012,
        "form": "10-K",
        "filed": "2013-02-22",
        "unit": "USD",
        "type": "annual"
      },
      "date_range": {
        "earliest": "2011-12-31",
        "latest": "2012-12-31"
      }
    },
    "TimeDeposits100000OrMoreForeign": {
      "taxonomy": "us-gaap",
      "label": "Time Deposits, $100,000 or More, Foreign (Deprecated 2016-01-31)",
      "description": "The aggregate amount of foreign time deposits (including certificates of deposits, individual retirement accounts and open accounts) in denominations of $100,000 or more.",
      "available_units": [
        "USD"
      ],
      "data_points_count": 11,
      "latest_value": {
        "value": 127000000,
        "date": "2015-12-31",
        "fiscal_year": 2015,
        "form": "10-K",
        "filed": "2016-02-19",
        "unit": "USD",
        "type": "annual"
      },
      "date_range": {
        "earliest": "2009-12-31",
        "latest": "2015-12-31"
      }
    },
    "TimeDepositsAtOrAboveFDICInsuranceLimit": {
      "taxonomy": "us-gaap",
      "label": "Time Deposits, at or Above FDIC Insurance Limit",
      "description": "Amount of time deposit liabilities, including certificates of deposit, in denominations that meet or exceed the Federal Deposit Insurance Corporation (FDIC) insurance limit.",
      "available_units": [
        "USD"
      ],
      "data_points_count": 12,
      "latest_value": {
        "value": 5770000000,
        "date": "2024-12-31",
        "fiscal_year": 2024,
        "form": "10-K",
        "filed": "2025-02-13",
        "unit": "USD",
        "type": "annual"
      },
      "date_range": {
        "earliest": "2018-12-31",
        "latest": "2024-12-31"
      }
    },
    "TimeDepositsNoncurrent": {
      "taxonomy": "us-gaap",
      "label": "Time Deposit Maturities, after Year One",
      "description": "Amount of time deposit maturing after next fiscal year following current fiscal year. Time deposit includes, but is not limited to, certificate of deposit. Excludes interim and annual periods when interim periods are reported from current statement of financial position date (rolling approach).",
      "available_units": [
        "USD"
      ],
      "data_points_count": 2,
      "latest_value": {
        "value": 16528000000,
        "date": "2012-12-31",
        "fiscal_year": 2012,
        "form": "10-K",
        "filed": "2013-02-22",
        "unit": "USD",
        "type": "annual"
      },
      "date_range": {
        "earliest": "2011-12-31",
        "latest": "2012-12-31"
      }
    },
    "TreasuryStockAcquiredAverageCostPerShare": {
      "taxonomy": "us-gaap",
      "label": "Treasury Stock Acquired, Average Cost Per Share",
      "description": "Total cost of shares repurchased divided by the total number of shares repurchased.",
      "available_units": [
        "USD/shares"
      ],
      "data_points_count": 26,
      "latest_value": {
        "value": 77.35,
        "date": "2020-12-31",
        "fiscal_year": 2020,
        "form": "10-K",
        "filed": "2021-02-19",
        "unit": "USD/shares",
        "type": "annual"
      },
      "date_range": {
        "earliest": "2007-12-31",
        "latest": "2020-12-31"
      }
    },
    "TreasuryStockNumberOfSharesHeld": {
      "taxonomy": "us-gaap",
      "label": "Treasury Stock, Number of Shares Held (Deprecated 2016-01-31)",
      "description": "Number of shares held for each class of treasury stock.",
      "available_units": [
        "shares"
      ],
      "data_points_count": 3,
      "latest_value": {
        "value": 0,
        "date": "2010-12-31",
        "fiscal_year": 2010,
        "form": "10-K",
        "filed": "2011-02-28",
        "unit": "shares",
        "type": "annual"
      },
      "date_range": {
        "earliest": "2008-12-31",
        "latest": "2010-12-31"
      }
    },
    "TreasuryStockShares": {
      "taxonomy": "us-gaap",
      "label": "Treasury Stock, Shares",
      "description": "Number of common and preferred shares that were previously issued and that were repurchased by the issuing entity and held in treasury on the financial statement date. This stock has no voting rights and receives no dividends.",
      "available_units": [
        "shares"
      ],
      "data_points_count": 112,
      "latest_value": {
        "value": 154855475,
        "date": "2022-12-31",
        "fiscal_year": 2022,
        "form": "10-K",
        "filed": "2023-02-16",
        "unit": "shares",
        "type": "annual"
      },
      "date_range": {
        "earliest": "2008-12-31",
        "latest": "2022-12-31"
      }
    },
    "TreasuryStockSharesAcquired": {
      "taxonomy": "us-gaap",
      "label": "Treasury Stock, Shares, Acquired",
      "description": "Number of shares that have been repurchased during the period and are being held in treasury.",
      "available_units": [
        "shares"
      ],
      "data_points_count": 16,
      "latest_value": {
        "value": 23800000,
        "date": "2014-12-31",
        "fiscal_year": 2014,
        "form": "10-K",
        "filed": "2015-02-20",
        "unit": "shares",
        "type": "annual"
      },
      "date_range": {
        "earliest": "2011-06-30",
        "latest": "2014-12-31"
      }
    },
    "TreasuryStockValue": {
      "taxonomy": "us-gaap",
      "label": "Treasury Stock, Value",
      "description": "The amount allocated to treasury stock. Treasury stock is common and preferred shares of an entity that were issued, repurchased by the entity, and are held in its treasury.",
      "available_units": [
        "USD"
      ],
      "data_points_count": 120,
      "latest_value": {
        "value": 15025000000,
        "date": "2023-12-31",
        "fiscal_year": 2023,
        "form": "10-K",
        "filed": "2024-02-15",
        "unit": "USD",
        "type": "annual"
      },
      "date_range": {
        "earliest": "2008-12-31",
        "latest": "2024-03-31"
      }
    },
    "TreasuryStockValueAcquiredCostMethod": {
      "taxonomy": "us-gaap",
      "label": "Treasury Stock, Value, Acquired, Cost Method",
      "description": "Equity impact of the cost of common and preferred stock that were repurchased during the period. Recorded using the cost method.",
      "available_units": [
        "USD"
      ],
      "data_points_count": 2,
      "latest_value": {
        "value": 1002000000,
        "date": "2007-12-31",
        "fiscal_year": 2009,
        "form": "10-K",
        "filed": "2010-02-22",
        "unit": "USD",
        "type": "annual"
      },
      "date_range": {
        "earliest": "2007-12-31",
        "latest": "2008-06-30"
      }
    },
    "TreasuryStockValueAcquiredParValueMethod": {
      "taxonomy": "us-gaap",
      "label": "Treasury Stock, Value, Acquired, Par Value Method",
      "description": "Equity impact of the cost of common and preferred stock that were repurchased during the period. Recorded using the par value method.",
      "available_units": [
        "USD"
      ],
      "data_points_count": 143,
      "latest_value": {
        "value": 1312000000,
        "date": "2024-12-31",
        "fiscal_year": 2024,
        "form": "10-K",
        "filed": "2025-02-13",
        "unit": "USD",
        "type": "annual"
      },
      "date_range": {
        "earliest": "2011-06-30",
        "latest": "2025-06-30"
      }
    },
    "SaleOfStockConsiderationReceivedOnTransaction": {
      "taxonomy": "us-gaap",
      "label": "Sale of Stock, Consideration Received on Transaction",
      "description": "Cash received on stock transaction after deduction of issuance costs.",
      "available_units": [
        "USD"
      ],
      "data_points_count": 1,
      "latest_value": {
        "value": 1900000000,
        "date": "2021-09-30",
        "fiscal_year": 2021,
        "form": "10-K",
        "filed": "2022-02-17",
        "unit": "USD",
        "type": "annual"
      },
      "date_range": {
        "earliest": "2021-09-30",
        "latest": "2021-09-30"
      }
    },
    "DividendsCommonStock": {
      "taxonomy": "us-gaap",
      "label": "Dividends, Common Stock",
      "description": "Amount of paid and unpaid common stock dividends declared with the form of settlement in cash, stock and payment-in-kind (PIK).",
      "available_units": [
        "USD"
      ],
      "data_points_count": 15,
      "latest_value": {
        "value": 437000000,
        "date": "2025-06-30",
        "fiscal_year": 2025,
        "fiscal_period": "Q2",
        "form": "10-Q",
        "filed": "2025-07-31",
        "unit": "USD",
        "type": "quarterly"
      },
      "date_range": {
        "earliest": "2022-07-01",
        "latest": "2025-06-30"
      }
    },
    "EffectiveIncomeTaxRateReconciliationChangeInDeferredTaxAssetsValuationAllowance": {
      "taxonomy": "us-gaap",
      "label": "Effective Income Tax Rate Reconciliation, Change in Deferred Tax Assets Valuation Allowance, Percent",
      "description": "Percentage of the difference between reported income tax expense (benefit) and expected income tax expense (benefit) computed by applying the domestic federal statutory income tax rates to pretax income (loss) from continuing operations attributable to changes in the valuation allowance for deferred tax assets.",
      "available_units": [
        "pure"
      ],
      "data_points_count": 9,
      "latest_value": {
        "value": -0.005,
        "date": "2024-12-31",
        "fiscal_year": 2024,
        "form": "10-K",
        "filed": "2025-02-13",
        "unit": "pure",
        "type": "annual"
      },
      "date_range": {
        "earliest": "2020-12-31",
        "latest": "2024-12-31"
      }
    },
    "TimeDeposits": {
      "taxonomy": "us-gaap",
      "label": "Time Deposits",
      "description": "Amount of time deposit liabilities, including certificates of deposit.",
      "available_units": [
        "USD"
      ],
      "data_points_count": 5,
      "latest_value": {
        "value": 5780000000,
        "date": "2024-12-31",
        "fiscal_year": 2024,
        "form": "10-K",
        "filed": "2025-02-13",
        "unit": "USD",
        "type": "annual"
      },
      "date_range": {
        "earliest": "2022-12-31",
        "latest": "2024-12-31"
      }
    },
    "InterestExpenseFederalFundsPurchased": {
      "taxonomy": "us-gaap",
      "label": "Interest Expense, Federal Funds Purchased",
      "description": "Gross expenses on the purchase of Federal funds at a specified price with a simultaneous agreement to sell the same to the same counterparty at a fixed or determinable price at a future date.",
      "available_units": [
        "USD"
      ],
      "data_points_count": 8,
      "latest_value": {
        "value": 0,
        "date": "2024-12-31",
        "fiscal_year": 2024,
        "form": "10-K",
        "filed": "2025-02-13",
        "unit": "USD",
        "type": "annual"
      },
      "date_range": {
        "earliest": "2021-12-31",
        "latest": "2024-12-31"
      }
    },
    "TreasuryStockCommonShares": {
      "taxonomy": "us-gaap",
      "label": "Treasury Stock, Common, Shares",
      "description": "Number of previously issued common shares repurchased by the issuing entity and held in treasury.",
      "available_units": [
        "shares"
      ],
      "data_points_count": 20,
      "latest_value": {
        "value": 215113190,
        "date": "2024-12-31",
        "fiscal_year": 2024,
        "form": "10-K",
        "filed": "2025-02-13",
        "unit": "shares",
        "type": "annual"
      },
      "date_range": {
        "earliest": "2022-12-31",
        "latest": "2025-06-30"
      }
    },
    "IncreaseDecreaseInFederalFundsPurchased": {
      "taxonomy": "us-gaap",
      "label": "Increase (Decrease) in Federal Funds Purchased",
      "description": "The net cash inflow or outflow from the fund borrowed from other financial institution arising from the insufficient reserve deposited at Federal Reserve Bank to meet legal requirement. This borrowing is usually contracted on an overnight basis at an agreed rate of interest.",
      "available_units": [
        "USD"
      ],
      "data_points_count": 5,
      "latest_value": {
        "value": -1000000000,
        "date": "2023-12-31",
        "fiscal_year": 2023,
        "form": "10-K",
        "filed": "2024-02-15",
        "unit": "USD",
        "type": "annual"
      },
      "date_range": {
        "earliest": "2021-12-31",
        "latest": "2024-06-30"
      }
    },
    "ProceedsFromRepaymentsOfShortTermDebtMaturingInThreeMonthsOrLess": {
      "taxonomy": "us-gaap",
      "label": "Proceeds from (Repayments of) Short-term Debt, Maturing in Three Months or Less",
      "description": "The cash inflow from a borrowing net of the cash outflow from repayment of a borrowing having initial term of repayment within three months.",
      "available_units": [
        "USD"
      ],
      "data_points_count": 3,
      "latest_value": {
        "value": 0,
        "date": "2023-12-31",
        "fiscal_year": 2023,
        "form": "10-K",
        "filed": "2024-02-15",
        "unit": "USD",
        "type": "annual"
      },
      "date_range": {
        "earliest": "2021-12-31",
        "latest": "2023-12-31"
      }
    },
    "TreasuryStockCommonValue": {
      "taxonomy": "us-gaap",
      "label": "Treasury Stock, Common, Value",
      "description": "Amount allocated to previously issued common shares repurchased by the issuing entity and held in treasury.",
      "available_units": [
        "USD"
      ],
      "data_points_count": 10,
      "latest_value": {
        "value": 16198000000,
        "date": "2024-12-31",
        "fiscal_year": 2024,
        "form": "10-K",
        "filed": "2025-02-13",
        "unit": "USD",
        "type": "annual"
      },
      "date_range": {
        "earliest": "2023-12-31",
        "latest": "2025-06-30"
      }
    }
  }
}