{
  "chunk_metadata": {
    "domain": "public",
    "CIK": "895421",
    "data_type": "SEC",
    "ticker": "MS",
    "chunk_name": "Risk & Capital Management",
    "chunk_id": "risk_capital",
    "company_name": "MORGAN STANLEY",
    "extraction_date": "2025-09-30T11:01:43.935451",
    "metrics_count": 11,
    "total_company_metrics": 0,
    "chunking_strategy": "context_aware_balanced"
  },
  "metrics": {
    "AllocatedShareBasedCompensationExpense": {
      "taxonomy": "us-gaap",
      "label": "Share-based Payment Arrangement, Expense",
      "description": "Amount of expense for award under share-based payment arrangement. Excludes amount capitalized.",
      "available_units": [
        "USD"
      ],
      "data_points_count": 31,
      "latest_value": {
        "value": 1622000000,
        "date": "2024-12-31",
        "fiscal_year": 2024,
        "form": "10-K",
        "filed": "2025-02-21",
        "unit": "USD",
        "type": "annual"
      },
      "date_range": {
        "earliest": "2008-11-30",
        "latest": "2024-12-31"
      }
    },
    "BankingRegulationCountercyclicalCapitalBuffer": {
      "taxonomy": "us-gaap",
      "label": "Banking Regulation, Countercyclical Capital Buffer",
      "description": "Countercyclical capital buffer percentage as defined by regulatory framework.",
      "available_units": [
        "pure"
      ],
      "data_points_count": 38,
      "latest_value": {
        "value": 0,
        "date": "2024-12-31",
        "fiscal_year": 2024,
        "form": "10-K",
        "filed": "2025-02-21",
        "unit": "pure",
        "type": "annual"
      },
      "date_range": {
        "earliest": "2019-12-31",
        "latest": "2025-06-30"
      }
    },
    "BankingRegulationGlobalSystemicallyImportantBankGsibSurcharge": {
      "taxonomy": "us-gaap",
      "label": "Banking Regulation, Global Systemically Important Bank (GSIB) Surcharge",
      "description": "Global systemically important bank (GSIB) surcharge percentage as defined by regulatory framework.",
      "available_units": [
        "pure"
      ],
      "data_points_count": 38,
      "latest_value": {
        "value": 0.03,
        "date": "2024-12-31",
        "fiscal_year": 2024,
        "form": "10-K",
        "filed": "2025-02-21",
        "unit": "pure",
        "type": "annual"
      },
      "date_range": {
        "earliest": "2019-12-31",
        "latest": "2025-06-30"
      }
    },
    "Capital": {
      "taxonomy": "us-gaap",
      "label": "Banking Regulation, Total Capital, Actual",
      "description": "Amount of total capital as defined by regulatory framework.",
      "available_units": [
        "USD"
      ],
      "data_points_count": 88,
      "latest_value": {
        "value": 95567000000,
        "date": "2024-12-31",
        "fiscal_year": 2024,
        "form": "10-K",
        "filed": "2025-02-21",
        "unit": "USD",
        "type": "annual"
      },
      "date_range": {
        "earliest": "2009-12-31",
        "latest": "2025-06-30"
      }
    },
    "ShareBasedCompensationArrangementByShareBasedPaymentAwardOptionsExpirationsInPeriod": {
      "taxonomy": "us-gaap",
      "label": "Share-based Compensation Arrangement by Share-based Payment Award, Options, Expirations in Period",
      "description": "Number of options or other stock instruments for which the right to exercise has lapsed under the terms of the plan agreements.",
      "available_units": [
        "shares"
      ],
      "data_points_count": 1,
      "latest_value": {
        "value": 11000000,
        "date": "2016-12-31",
        "fiscal_year": 2016,
        "form": "10-K",
        "filed": "2017-02-27",
        "unit": "shares",
        "type": "annual"
      },
      "date_range": {
        "earliest": "2016-12-31",
        "latest": "2016-12-31"
      }
    },
    "ShareBasedCompensationArrangementsByShareBasedPaymentAwardOptionsExpirationsInPeriodWeightedAverageExercisePrice": {
      "taxonomy": "us-gaap",
      "label": "Share-based Compensation Arrangements by Share-based Payment Award, Options, Expirations in Period, Weighted Average Exercise Price",
      "description": "Weighted average price at which grantees could have acquired the underlying shares with respect to stock options of the plan that expired.",
      "available_units": [
        "USD/shares"
      ],
      "data_points_count": 1,
      "latest_value": {
        "value": 65.45,
        "date": "2016-12-31",
        "fiscal_year": 2016,
        "form": "10-K",
        "filed": "2017-02-27",
        "unit": "USD/shares",
        "type": "annual"
      },
      "date_range": {
        "earliest": "2016-12-31",
        "latest": "2016-12-31"
      }
    },
    "SupplementaryLeverageRatio": {
      "taxonomy": "us-gaap",
      "label": "Banking Regulation, Supplementary Leverage Ratio, Actual",
      "description": "Ratio of Tier 1 risk-based capital to total leverage exposure as defined by regulatory framework.",
      "available_units": [
        "pure"
      ],
      "data_points_count": 53,
      "latest_value": {
        "value": 0.056,
        "date": "2024-12-31",
        "fiscal_year": 2024,
        "form": "10-K",
        "filed": "2025-02-21",
        "unit": "pure",
        "type": "annual"
      },
      "date_range": {
        "earliest": "2018-12-31",
        "latest": "2025-06-30"
      }
    },
    "TierOneLeverageCapital": {
      "taxonomy": "us-gaap",
      "label": "Banking Regulation, Tier One Leverage Capital, Actual",
      "description": "Amount of Tier 1 leverage capital as defined by regulatory framework.",
      "available_units": [
        "USD"
      ],
      "data_points_count": 34,
      "latest_value": {
        "value": 73443000000,
        "date": "2019-12-31",
        "fiscal_year": 2019,
        "form": "10-K",
        "filed": "2020-02-27",
        "unit": "USD",
        "type": "annual"
      },
      "date_range": {
        "earliest": "2010-12-31",
        "latest": "2020-06-30"
      }
    },
    "TierOneRiskBasedCapital": {
      "taxonomy": "us-gaap",
      "label": "Banking Regulation, Tier One Risk-Based Capital, Actual",
      "description": "Amount of Tier 1 risk-based capital as defined by regulatory framework.",
      "available_units": [
        "USD"
      ],
      "data_points_count": 88,
      "latest_value": {
        "value": 84790000000,
        "date": "2024-12-31",
        "fiscal_year": 2024,
        "form": "10-K",
        "filed": "2025-02-21",
        "unit": "USD",
        "type": "annual"
      },
      "date_range": {
        "earliest": "2009-12-31",
        "latest": "2025-06-30"
      }
    },
    "TierOneRiskBasedCapitalRequiredForCapitalAdequacy": {
      "taxonomy": "us-gaap",
      "label": "Banking Regulation, Tier One Risk-Based Capital, Capital Adequacy, Minimum",
      "description": "Amount of minimum Tier 1 risk-based capital required for capital adequacy as defined by regulatory framework.",
      "available_units": [
        "USD"
      ],
      "data_points_count": 12,
      "latest_value": {
        "value": 329560000000,
        "date": "2010-12-31",
        "fiscal_year": 2010,
        "form": "10-K",
        "filed": "2011-02-28",
        "unit": "USD",
        "type": "annual"
      },
      "date_range": {
        "earliest": "2009-12-31",
        "latest": "2011-09-30"
      }
    },
    "TierTwoRiskBasedCapital": {
      "taxonomy": "us-gaap",
      "label": "Banking Regulation, Tier Two Risk-Based Capital, Actual",
      "description": "Amount of Tier 2 risk-based capital as defined by regulatory framework.",
      "available_units": [
        "USD"
      ],
      "data_points_count": 2,
      "latest_value": {
        "value": 108000000,
        "date": "2012-09-30",
        "fiscal_year": 2012,
        "fiscal_period": "Q3",
        "form": "10-Q",
        "filed": "2012-11-06",
        "unit": "USD",
        "type": "quarterly"
      },
      "date_range": {
        "earliest": "2011-12-31",
        "latest": "2012-09-30"
      }
    }
  }
}