{
  "chunk_metadata": {
    "domain": "public",
    "CIK": "72971",
    "data_type": "SEC",
    "ticker": "WFC",
    "chunk_name": "Revenue & Profitability",
    "chunk_id": "revenue_profit",
    "company_name": "WELLS FARGO & COMPANY/MN",
    "extraction_date": "2025-09-30T11:01:44.377327",
    "metrics_count": 80,
    "total_company_metrics": 0,
    "chunking_strategy": "context_aware_balanced"
  },
  "metrics": {
    "EntityCommonStockSharesOutstanding": {
      "taxonomy": "dei",
      "label": "Entity Common Stock, Shares Outstanding",
      "description": "Indicate number of shares or other units outstanding of each of registrant's classes of capital or common stock or other ownership interests, if and as stated on cover of related periodic report. Where multiple classes or units exist define each class/interest by adding class of stock items such as Common Class A [Member], Common Class B [Member] or Partnership Interest [Member] onto the Instrument [Domain] of the Entity Listings, Instrument.",
      "available_units": [
        "shares"
      ],
      "data_points_count": 66,
      "latest_value": {
        "value": 3288186582,
        "date": "2025-02-14",
        "fiscal_year": 2024,
        "form": "10-K",
        "filed": "2025-02-25",
        "unit": "shares",
        "type": "annual"
      },
      "date_range": {
        "earliest": "2009-01-31",
        "latest": "2025-07-23"
      }
    },
    "AdjustmentsToAdditionalPaidInCapitalTaxEffectFromShareBasedCompensation": {
      "taxonomy": "us-gaap",
      "label": "Adjustments to Additional Paid in Capital, Income Tax Benefit from Share-based Compensation",
      "description": "Amount of increase in additional paid in capital (APIC) resulting from a tax benefit associated with share-based compensation plan other than an employee stock ownership plan (ESOP). Includes, but is not limited to, excess tax benefit.",
      "available_units": [
        "USD"
      ],
      "data_points_count": 50,
      "latest_value": {
        "value": 0,
        "date": "2017-12-31",
        "fiscal_year": 2017,
        "form": "10-K",
        "filed": "2018-03-01",
        "unit": "USD",
        "type": "annual"
      },
      "date_range": {
        "earliest": "2011-12-31",
        "latest": "2017-12-31"
      }
    },
    "CommonStockDividendsPerShareDeclared": {
      "taxonomy": "us-gaap",
      "label": "Common Stock, Dividends, Per Share, Declared",
      "description": "Aggregate dividends declared during the period for each share of common stock outstanding.",
      "available_units": [
        "USD/shares"
      ],
      "data_points_count": 219,
      "latest_value": {
        "value": 1.5,
        "date": "2024-12-31",
        "fiscal_year": 2024,
        "form": "10-K",
        "filed": "2025-02-25",
        "unit": "USD/shares",
        "type": "annual"
      },
      "date_range": {
        "earliest": "2007-12-31",
        "latest": "2025-06-30"
      }
    },
    "CumulativeEffectAdjustmentApplicationOfFairValueOptionUnrealizedGainsRecognized": {
      "taxonomy": "us-gaap",
      "label": "Cumulative-Effect Adjustment, Application of Fair Value Option, Unrealized Gains, Recognized (Deprecated 2014-01-31)",
      "description": "The amount of previously recognized gross gains included in accumulated other comprehensive income that make up a cumulative-effect adjustment on retained earnings related to the election of the fair value option.",
      "available_units": [
        "USD"
      ],
      "data_points_count": 8,
      "latest_value": {
        "value": 2000000,
        "date": "2012-12-31",
        "fiscal_year": 2012,
        "form": "10-K",
        "filed": "2013-02-27",
        "unit": "USD",
        "type": "annual"
      },
      "date_range": {
        "earliest": "2011-12-31",
        "latest": "2012-12-31"
      }
    },
    "CumulativeEffectOfInitialAdoptionOfNewAccountingPrinciple": {
      "taxonomy": "us-gaap",
      "label": "Cumulative Effect of Initial Adoption of New Accounting Principle (Deprecated 2011-01-31)",
      "description": "Cumulative effect of initial adoption of new accounting principle on beginning retained earnings, net of tax. This element can be used, generally, for the adjustment to retained earnings of a new accounting principle.",
      "available_units": [
        "USD"
      ],
      "data_points_count": 1,
      "latest_value": {
        "value": 183000000,
        "date": "2010-03-31",
        "fiscal_year": 2010,
        "fiscal_period": "Q1",
        "form": "10-Q",
        "filed": "2010-05-07",
        "unit": "USD",
        "type": "quarterly"
      },
      "date_range": {
        "earliest": "2010-03-31",
        "latest": "2010-03-31"
      }
    },
    "CurrentForeignTaxExpenseBenefit": {
      "taxonomy": "us-gaap",
      "label": "Current Foreign Tax Expense (Benefit)",
      "description": "Amount of current foreign income tax expense (benefit) pertaining to income (loss) from continuing operations.",
      "available_units": [
        "USD"
      ],
      "data_points_count": 48,
      "latest_value": {
        "value": 345000000,
        "date": "2024-12-31",
        "fiscal_year": 2024,
        "form": "10-K",
        "filed": "2025-02-25",
        "unit": "USD",
        "type": "annual"
      },
      "date_range": {
        "earliest": "2008-12-31",
        "latest": "2024-12-31"
      }
    },
    "CurrentIncomeTaxExpenseBenefit": {
      "taxonomy": "us-gaap",
      "label": "Current Income Tax Expense (Benefit)",
      "description": "Amount of current income tax expense (benefit) pertaining to taxable income (loss) from continuing operations.",
      "available_units": [
        "USD"
      ],
      "data_points_count": 48,
      "latest_value": {
        "value": 4310000000,
        "date": "2024-12-31",
        "fiscal_year": 2024,
        "form": "10-K",
        "filed": "2025-02-25",
        "unit": "USD",
        "type": "annual"
      },
      "date_range": {
        "earliest": "2008-12-31",
        "latest": "2024-12-31"
      }
    },
    "CurrentStateAndLocalTaxExpenseBenefit": {
      "taxonomy": "us-gaap",
      "label": "Current State and Local Tax Expense (Benefit)",
      "description": "Amount of current state and local tax expense (benefit) pertaining to income (loss) from continuing operations.",
      "available_units": [
        "USD"
      ],
      "data_points_count": 48,
      "latest_value": {
        "value": 268000000,
        "date": "2024-12-31",
        "fiscal_year": 2024,
        "form": "10-K",
        "filed": "2025-02-25",
        "unit": "USD",
        "type": "annual"
      },
      "date_range": {
        "earliest": "2008-12-31",
        "latest": "2024-12-31"
      }
    },
    "DeferredForeignIncomeTaxExpenseBenefit": {
      "taxonomy": "us-gaap",
      "label": "Deferred Foreign Income Tax Expense (Benefit)",
      "description": "Amount of deferred foreign income tax expense (benefit) pertaining to income (loss) from continuing operations.",
      "available_units": [
        "USD"
      ],
      "data_points_count": 48,
      "latest_value": {
        "value": -43000000,
        "date": "2024-12-31",
        "fiscal_year": 2024,
        "form": "10-K",
        "filed": "2025-02-25",
        "unit": "USD",
        "type": "annual"
      },
      "date_range": {
        "earliest": "2008-12-31",
        "latest": "2024-12-31"
      }
    },
    "DeferredIncomeTaxExpenseBenefit": {
      "taxonomy": "us-gaap",
      "label": "Deferred Income Tax Expense (Benefit)",
      "description": "Amount of deferred income tax expense (benefit) pertaining to income (loss) from continuing operations.",
      "available_units": [
        "USD"
      ],
      "data_points_count": 48,
      "latest_value": {
        "value": -911000000,
        "date": "2024-12-31",
        "fiscal_year": 2024,
        "form": "10-K",
        "filed": "2025-02-25",
        "unit": "USD",
        "type": "annual"
      },
      "date_range": {
        "earliest": "2008-12-31",
        "latest": "2024-12-31"
      }
    },
    "DeferredStateAndLocalIncomeTaxExpenseBenefit": {
      "taxonomy": "us-gaap",
      "label": "Deferred State and Local Income Tax Expense (Benefit)",
      "description": "Amount of deferred state and local tax expense (benefit) pertaining to income (loss) from continuing operations.",
      "available_units": [
        "USD"
      ],
      "data_points_count": 48,
      "latest_value": {
        "value": -131000000,
        "date": "2024-12-31",
        "fiscal_year": 2024,
        "form": "10-K",
        "filed": "2025-02-25",
        "unit": "USD",
        "type": "annual"
      },
      "date_range": {
        "earliest": "2008-12-31",
        "latest": "2024-12-31"
      }
    },
    "DefinedBenefitPlanAmortizationOfNetGainsLosses": {
      "taxonomy": "us-gaap",
      "label": "Defined Benefit Plan, Amortization of Net Gains (Losses) (Deprecated 2013-01-31)",
      "description": "The amounts in accumulated other comprehensive income related to gains and losses that are not recognized immediately and are expected to be recognized as components of net periodic benefit cost over the next fiscal year that follows the most recent annual statement of financial position presented.",
      "available_units": [
        "USD"
      ],
      "data_points_count": 10,
      "latest_value": {
        "value": 182000000,
        "date": "2012-12-31",
        "fiscal_year": 2012,
        "form": "10-K",
        "filed": "2013-02-27",
        "unit": "USD",
        "type": "annual"
      },
      "date_range": {
        "earliest": "2008-06-30",
        "latest": "2012-12-31"
      }
    },
    "DefinedBenefitPlanEffectOfOnePercentagePointDecreaseOnServiceAndInterestCostComponents": {
      "taxonomy": "us-gaap",
      "label": "Defined Benefit Plan, Effect of One Percentage Point Decrease on Service and Interest Cost Components (Deprecated 2012-01-31)",
      "description": "The effect of a one-percentage- point decrease in the assumed health care cost trend rates on the aggregate of the service and interest cost components of net periodic postretirement health care benefit costs.",
      "available_units": [
        "USD"
      ],
      "data_points_count": 2,
      "latest_value": {
        "value": 3000000,
        "date": "2011-12-31",
        "fiscal_year": 2011,
        "form": "10-K",
        "filed": "2012-02-28",
        "unit": "USD",
        "type": "annual"
      },
      "date_range": {
        "earliest": "2010-12-31",
        "latest": "2011-12-31"
      }
    },
    "DefinedBenefitPlanEffectOfOnePercentagePointDecreaseOnServiceAndInterestCostComponents1": {
      "taxonomy": "us-gaap",
      "label": "Defined Benefit Plan, Effect of One Percentage Point Decrease on Service and Interest Cost Components",
      "description": "Amount of decrease in service and interest cost components of net periodic postretirement benefit cost from one-percentage-point decrease in assumed health care cost trend rate.",
      "available_units": [
        "USD"
      ],
      "data_points_count": 7,
      "latest_value": {
        "value": 1000000,
        "date": "2017-12-31",
        "fiscal_year": 2017,
        "form": "10-K",
        "filed": "2018-03-01",
        "unit": "USD",
        "type": "annual"
      },
      "date_range": {
        "earliest": "2012-12-31",
        "latest": "2017-12-31"
      }
    },
    "DefinedBenefitPlanEffectOfOnePercentagePointIncreaseOnServiceAndInterestCostComponents": {
      "taxonomy": "us-gaap",
      "label": "Defined Benefit Plan, Effect of One Percentage Point Increase on Service and Interest Cost Components",
      "description": "Amount of increase in service and interest cost components of net periodic postretirement benefit cost from one-percentage-point increase in assumed health care cost trend rate.",
      "available_units": [
        "USD"
      ],
      "data_points_count": 9,
      "latest_value": {
        "value": 1000000,
        "date": "2017-12-31",
        "fiscal_year": 2017,
        "form": "10-K",
        "filed": "2018-03-01",
        "unit": "USD",
        "type": "annual"
      },
      "date_range": {
        "earliest": "2010-12-31",
        "latest": "2017-12-31"
      }
    },
    "DefinedBenefitPlanFutureAmortizationOfGainLoss": {
      "taxonomy": "us-gaap",
      "label": "Defined Benefit Plan, Future Amortization of Gain (Loss) (Deprecated 2017-01-31)",
      "description": "Amount included in accumulated other comprehensive income (AOCI) related to gain (loss) expected to be recognized as components of net periodic benefit cost for the fiscal year that follows the most recent annual statement of financial position.",
      "available_units": [
        "USD"
      ],
      "data_points_count": 4,
      "latest_value": {
        "value": -152000000,
        "date": "2016-12-31",
        "fiscal_year": 2016,
        "form": "10-K",
        "filed": "2017-03-01",
        "unit": "USD",
        "type": "annual"
      },
      "date_range": {
        "earliest": "2013-12-31",
        "latest": "2016-12-31"
      }
    },
    "DerivativeInstrumentsNotDesignatedAsHedgingInstrumentsGainLossNet": {
      "taxonomy": "us-gaap",
      "label": "Derivative Instruments Not Designated as Hedging Instruments, Gain (Loss), Net",
      "description": "Amount of realized and unrealized gain (loss) of derivative instruments not designated or qualifying as hedging instruments.",
      "available_units": [
        "USD"
      ],
      "data_points_count": 24,
      "latest_value": {
        "value": 5414000000,
        "date": "2011-12-31",
        "fiscal_year": 2011,
        "form": "10-K",
        "filed": "2012-02-28",
        "unit": "USD",
        "type": "annual"
      },
      "date_range": {
        "earliest": "2009-06-30",
        "latest": "2012-03-31"
      }
    },
    "DerivativeNetHedgeIneffectivenessGainLoss": {
      "taxonomy": "us-gaap",
      "label": "Derivative, Net Hedge Ineffectiveness Gain (Loss)",
      "description": "Amount of gain (loss) from the ineffectiveness of the hedge.",
      "available_units": [
        "USD"
      ],
      "data_points_count": 83,
      "latest_value": {
        "value": 78000000,
        "date": "2015-12-31",
        "fiscal_year": 2015,
        "form": "10-K",
        "filed": "2016-02-24",
        "unit": "USD",
        "type": "annual"
      },
      "date_range": {
        "earliest": "2009-06-30",
        "latest": "2016-09-30"
      }
    },
    "DividendsPreferredStockStock": {
      "taxonomy": "us-gaap",
      "label": "Dividends, Preferred Stock, Stock",
      "description": "Amount of paid and unpaid preferred stock dividends declared with the form of settlement in stock.",
      "available_units": [
        "USD"
      ],
      "data_points_count": 2,
      "latest_value": {
        "value": -1558000000,
        "date": "2009-09-30",
        "fiscal_year": 2009,
        "fiscal_period": "Q3",
        "form": "10-Q",
        "filed": "2009-11-06",
        "unit": "USD",
        "type": "quarterly"
      },
      "date_range": {
        "earliest": "2009-06-30",
        "latest": "2009-09-30"
      }
    },
    "EarningsPerShareBasic": {
      "taxonomy": "us-gaap",
      "label": "Earnings Per Share, Basic",
      "description": "The amount of net income (loss) for the period per each share of common stock or unit outstanding during the reporting period.",
      "available_units": [
        "USD/shares"
      ],
      "data_points_count": 215,
      "latest_value": {
        "value": 5.43,
        "date": "2024-12-31",
        "fiscal_year": 2024,
        "form": "10-K",
        "filed": "2025-02-25",
        "unit": "USD/shares",
        "type": "annual"
      },
      "date_range": {
        "earliest": "2007-12-31",
        "latest": "2025-06-30"
      }
    },
    "EffectiveIncomeTaxRateContinuingOperations": {
      "taxonomy": "us-gaap",
      "label": "Effective Income Tax Rate Reconciliation, Percent",
      "description": "Percentage of current income tax expense (benefit) and deferred income tax expense (benefit) pertaining to continuing operations.",
      "available_units": [
        "pure"
      ],
      "data_points_count": 48,
      "latest_value": {
        "value": 0.147,
        "date": "2024-12-31",
        "fiscal_year": 2024,
        "form": "10-K",
        "filed": "2025-02-25",
        "unit": "pure",
        "type": "annual"
      },
      "date_range": {
        "earliest": "2008-12-31",
        "latest": "2024-12-31"
      }
    },
    "FeesAndCommissionsOther": {
      "taxonomy": "us-gaap",
      "label": "Fees and Commissions, Other (Deprecated 2018-01-31)",
      "description": "Amount of fee and commission revenue classified as other.",
      "available_units": [
        "USD"
      ],
      "data_points_count": 124,
      "latest_value": {
        "value": 3557000000,
        "date": "2017-12-31",
        "fiscal_year": 2017,
        "form": "10-K",
        "filed": "2018-03-01",
        "unit": "USD",
        "type": "annual"
      },
      "date_range": {
        "earliest": "2007-12-31",
        "latest": "2018-06-30"
      }
    },
    "GainFromComponentsExcludedFromAssessmentOfFairValueHedgeEffectiveness": {
      "taxonomy": "us-gaap",
      "label": "Gain from Components Excluded from Assessment of Fair Value Hedge Effectiveness",
      "description": "Gain relating to components of the gain (loss) on the fair value hedging instrument excluded from the assessment of fair value hedge effectiveness. Recognized in earnings.",
      "available_units": [
        "USD"
      ],
      "data_points_count": 27,
      "latest_value": {
        "value": 53000000,
        "date": "2011-12-31",
        "fiscal_year": 2011,
        "form": "10-K",
        "filed": "2012-02-28",
        "unit": "USD",
        "type": "annual"
      },
      "date_range": {
        "earliest": "2009-06-30",
        "latest": "2012-06-30"
      }
    },
    "GainLossFromComponentsExcludedFromAssessmentOfFairValueHedgeEffectivenessNet": {
      "taxonomy": "us-gaap",
      "label": "Gain (Loss) from Components Excluded from Assessment of Fair Value Hedge Effectiveness, Net",
      "description": "Net gain (loss) relating to components of the gain (loss) on the fair value hedging instrument excluded from the assessment of fair value hedge effectiveness. Recognized in earnings.",
      "available_units": [
        "USD"
      ],
      "data_points_count": 97,
      "latest_value": {
        "value": -2000000,
        "date": "2018-12-31",
        "fiscal_year": 2018,
        "form": "10-K",
        "filed": "2019-02-27",
        "unit": "USD",
        "type": "annual"
      },
      "date_range": {
        "earliest": "2011-09-30",
        "latest": "2019-09-30"
      }
    },
    "GainLossOnFairValueHedgeIneffectivenessNet": {
      "taxonomy": "us-gaap",
      "label": "Gain (Loss) on Fair Value Hedge Ineffectiveness, Net",
      "description": "Amount of gain (loss)recognized in the income statement from the hedging ineffectiveness of a fair value hedge.",
      "available_units": [
        "USD"
      ],
      "data_points_count": 13,
      "latest_value": {
        "value": -6000000,
        "date": "2016-12-31",
        "fiscal_year": 2016,
        "form": "10-K",
        "filed": "2017-03-01",
        "unit": "USD",
        "type": "annual"
      },
      "date_range": {
        "earliest": "2014-12-31",
        "latest": "2017-09-30"
      }
    },
    "ImpactOfRestatementOnEarningsPerShareBasic": {
      "taxonomy": "us-gaap",
      "label": "Impact of Restatement on Earnings Per Share, Basic (Deprecated 2020-01-31)",
      "description": "Per share amount effect of a restatement of results of operations on basic earnings per share.",
      "available_units": [
        "USD"
      ],
      "data_points_count": 1,
      "latest_value": {
        "value": -0.16,
        "date": "2018-03-31",
        "fiscal_year": 2018,
        "fiscal_period": "Q1",
        "form": "10-Q",
        "filed": "2018-05-04",
        "unit": "USD",
        "type": "quarterly"
      },
      "date_range": {
        "earliest": "2018-03-31",
        "latest": "2018-03-31"
      }
    },
    "IncomeLossFromContinuingOperationsIncludingPortionAttributableToNoncontrollingInterest": {
      "taxonomy": "us-gaap",
      "label": "Income (Loss) from Continuing Operations, Net of Tax, Including Portion Attributable to Noncontrolling Interest",
      "description": "Amount after tax of income (loss) from continuing operations including portion attributable to the noncontrolling interest.",
      "available_units": [
        "USD"
      ],
      "data_points_count": 210,
      "latest_value": {
        "value": 19965000000,
        "date": "2024-12-31",
        "fiscal_year": 2024,
        "form": "10-K",
        "filed": "2025-02-25",
        "unit": "USD",
        "type": "annual"
      },
      "date_range": {
        "earliest": "2008-06-30",
        "latest": "2025-06-30"
      }
    },
    "IncomeTaxExaminationPenaltiesAndInterestExpense": {
      "taxonomy": "us-gaap",
      "label": "Income Tax Examination, Penalties and Interest Expense",
      "description": "The sum of the amounts of estimated penalties and interest recognized in the period arising from income tax examinations.",
      "available_units": [
        "USD"
      ],
      "data_points_count": 24,
      "latest_value": {
        "value": 10000000,
        "date": "2020-12-31",
        "fiscal_year": 2020,
        "form": "10-K",
        "filed": "2021-02-23",
        "unit": "USD",
        "type": "annual"
      },
      "date_range": {
        "earliest": "2009-12-31",
        "latest": "2020-12-31"
      }
    },
    "IncomeTaxExpenseBenefit": {
      "taxonomy": "us-gaap",
      "label": "Income Tax Expense (Benefit)",
      "description": "Amount of current income tax expense (benefit) and deferred income tax expense (benefit) pertaining to continuing operations.",
      "available_units": [
        "USD"
      ],
      "data_points_count": 215,
      "latest_value": {
        "value": 3399000000,
        "date": "2024-12-31",
        "fiscal_year": 2024,
        "form": "10-K",
        "filed": "2025-02-25",
        "unit": "USD",
        "type": "annual"
      },
      "date_range": {
        "earliest": "2007-12-31",
        "latest": "2025-06-30"
      }
    },
    "IncomeTaxExpenseBenefitContinuingOperations": {
      "taxonomy": "us-gaap",
      "label": "Income Tax Expense (Benefit), Continuing Operations (Deprecated 2013-01-31)",
      "description": "The sum of the current income tax expense or benefit and the deferred income tax expense or benefit pertaining to pretax Income or Loss from continuing operations; income tax expense or benefit may include interest and penalties on tax uncertainties based on the entity's accounting policy.",
      "available_units": [
        "USD"
      ],
      "data_points_count": 9,
      "latest_value": {
        "value": 9103000000,
        "date": "2012-12-31",
        "fiscal_year": 2012,
        "form": "10-K",
        "filed": "2013-02-27",
        "unit": "USD",
        "type": "annual"
      },
      "date_range": {
        "earliest": "2008-12-31",
        "latest": "2012-12-31"
      }
    },
    "IncreaseDecreaseInDeferredIncomeTaxes": {
      "taxonomy": "us-gaap",
      "label": "Increase (Decrease) in Deferred Income Taxes",
      "description": "The increase (decrease) during the reporting period in the account that represents the temporary difference that results from Income or Loss that is recognized for accounting purposes but not for tax purposes and vice versa.",
      "available_units": [
        "USD"
      ],
      "data_points_count": 149,
      "latest_value": {
        "value": 911000000,
        "date": "2024-12-31",
        "fiscal_year": 2024,
        "form": "10-K",
        "filed": "2025-02-25",
        "unit": "USD",
        "type": "annual"
      },
      "date_range": {
        "earliest": "2007-12-31",
        "latest": "2025-06-30"
      }
    },
    "InsuranceServicesRevenue": {
      "taxonomy": "us-gaap",
      "label": "Insurance Services Revenue",
      "description": "Revenue from insurance services, including net premiums earned, gain on sale of insurance block, agency management fees and insurance contract fees and commissions.",
      "available_units": [
        "USD"
      ],
      "data_points_count": 120,
      "latest_value": {
        "value": 378000000,
        "date": "2019-12-31",
        "fiscal_year": 2019,
        "form": "10-K",
        "filed": "2020-02-27",
        "unit": "USD",
        "type": "annual"
      },
      "date_range": {
        "earliest": "2009-12-31",
        "latest": "2020-03-31"
      }
    },
    "InterestExpense": {
      "taxonomy": "us-gaap",
      "label": "Interest Expense",
      "description": "Amount of the cost of borrowed funds accounted for as interest expense.",
      "available_units": [
        "USD"
      ],
      "data_points_count": 202,
      "latest_value": {
        "value": 32743000000,
        "date": "2023-12-31",
        "fiscal_year": 2023,
        "form": "10-K",
        "filed": "2024-02-20",
        "unit": "USD",
        "type": "annual"
      },
      "date_range": {
        "earliest": "2007-12-31",
        "latest": "2024-06-30"
      }
    },
    "InterestExpenseOther": {
      "taxonomy": "us-gaap",
      "label": "Interest Expense, Other",
      "description": "Amount of interest expense classified as other.",
      "available_units": [
        "USD"
      ],
      "data_points_count": 206,
      "latest_value": {
        "value": 1045000000,
        "date": "2024-12-31",
        "fiscal_year": 2024,
        "form": "10-K",
        "filed": "2025-02-25",
        "unit": "USD",
        "type": "annual"
      },
      "date_range": {
        "earliest": "2007-12-31",
        "latest": "2025-06-30"
      }
    },
    "InterestIncomeExpenseNet": {
      "taxonomy": "us-gaap",
      "label": "Interest Income (Expense), Net",
      "description": "The net amount of operating interest income (expense).",
      "available_units": [
        "USD"
      ],
      "data_points_count": 215,
      "latest_value": {
        "value": 47676000000,
        "date": "2024-12-31",
        "fiscal_year": 2024,
        "form": "10-K",
        "filed": "2025-02-25",
        "unit": "USD",
        "type": "annual"
      },
      "date_range": {
        "earliest": "2007-12-31",
        "latest": "2025-06-30"
      }
    },
    "LossContingencyClaimsSettledAndDismissedNumber": {
      "taxonomy": "us-gaap",
      "label": "Loss Contingency, Claims Settled and Dismissed, Number",
      "description": "The number of claims settled and dismissed during the period.",
      "available_units": [
        "pure"
      ],
      "data_points_count": 1,
      "latest_value": {
        "value": 2,
        "date": "2010-09-30",
        "fiscal_year": 2010,
        "fiscal_period": "Q3",
        "form": "10-Q",
        "filed": "2010-11-05",
        "unit": "pure",
        "type": "quarterly"
      },
      "date_range": {
        "earliest": "2010-09-30",
        "latest": "2010-09-30"
      }
    },
    "LossContingencyClaimsSettledNumber": {
      "taxonomy": "us-gaap",
      "label": "Loss Contingency, Claims Settled, Number",
      "description": "Number of claims settled.",
      "available_units": [
        "legal_action"
      ],
      "data_points_count": 5,
      "latest_value": {
        "value": 2,
        "date": "2020-12-31",
        "fiscal_year": 2020,
        "form": "10-K",
        "filed": "2021-02-23",
        "unit": "legal_action",
        "type": "annual"
      },
      "date_range": {
        "earliest": "2020-12-31",
        "latest": "2020-12-31"
      }
    },
    "LossContingencyPendingClaimsNumber": {
      "taxonomy": "us-gaap",
      "label": "Loss Contingency, Pending Claims, Number",
      "description": "Number of pending claims pertaining to a loss contingency.",
      "available_units": [
        "pure"
      ],
      "data_points_count": 1,
      "latest_value": {
        "value": 12,
        "date": "2010-09-30",
        "fiscal_year": 2010,
        "fiscal_period": "Q3",
        "form": "10-Q",
        "filed": "2010-11-05",
        "unit": "pure",
        "type": "quarterly"
      },
      "date_range": {
        "earliest": "2010-09-30",
        "latest": "2010-09-30"
      }
    },
    "MinorityInterestDecreaseFromDistributionsToNoncontrollingInterestHolders": {
      "taxonomy": "us-gaap",
      "label": "Noncontrolling Interest, Decrease from Distributions to Noncontrolling Interest Holders",
      "description": "Decrease in noncontrolling interest balance from payment of dividends or other distributions by the non-wholly owned subsidiary or partially owned entity, included in the consolidation of the parent entity, to the noncontrolling interest holders.",
      "available_units": [
        "USD"
      ],
      "data_points_count": 2,
      "latest_value": {
        "value": 195000000,
        "date": "2012-03-31",
        "fiscal_year": 2012,
        "fiscal_period": "Q1",
        "form": "10-Q",
        "filed": "2012-05-08",
        "unit": "USD",
        "type": "quarterly"
      },
      "date_range": {
        "earliest": "2011-03-31",
        "latest": "2012-03-31"
      }
    },
    "MinorityInterestPeriodIncreaseDecrease": {
      "taxonomy": "us-gaap",
      "label": "Noncontrolling Interest, Period Increase (Decrease)",
      "description": "Net Increase or Decrease in balance of noncontrolling interest in the subsidiary during the reporting period.",
      "available_units": [
        "USD"
      ],
      "data_points_count": 3,
      "latest_value": {
        "value": -344000000,
        "date": "2009-12-31",
        "fiscal_year": 2011,
        "form": "10-K",
        "filed": "2012-02-28",
        "unit": "USD",
        "type": "annual"
      },
      "date_range": {
        "earliest": "2009-12-31",
        "latest": "2009-12-31"
      }
    },
    "NetIncomeLoss": {
      "taxonomy": "us-gaap",
      "label": "Net Income (Loss) Attributable to Parent",
      "description": "The portion of profit or loss for the period, net of income taxes, which is attributable to the parent.",
      "available_units": [
        "USD"
      ],
      "data_points_count": 215,
      "latest_value": {
        "value": 19722000000,
        "date": "2024-12-31",
        "fiscal_year": 2024,
        "form": "10-K",
        "filed": "2025-02-25",
        "unit": "USD",
        "type": "annual"
      },
      "date_range": {
        "earliest": "2007-12-31",
        "latest": "2025-06-30"
      }
    },
    "NetIncomeLossAttributableToNoncontrollingInterest": {
      "taxonomy": "us-gaap",
      "label": "Net Income (Loss) Attributable to Noncontrolling Interest",
      "description": "Amount of Net Income (Loss) attributable to noncontrolling interest.",
      "available_units": [
        "USD"
      ],
      "data_points_count": 215,
      "latest_value": {
        "value": 243000000,
        "date": "2024-12-31",
        "fiscal_year": 2024,
        "form": "10-K",
        "filed": "2025-02-25",
        "unit": "USD",
        "type": "annual"
      },
      "date_range": {
        "earliest": "2007-12-31",
        "latest": "2025-06-30"
      }
    },
    "NewAccountingPronouncementOrChangeInAccountingPrincipleEffectOfChangeOnNetIncome": {
      "taxonomy": "us-gaap",
      "label": "New Accounting Pronouncement or Change in Accounting Principle, Effect of Change on Net Income (Deprecated 2020-01-31)",
      "description": "Amount of the effect of a change in accounting principle on net income.",
      "available_units": [
        "USD"
      ],
      "data_points_count": 2,
      "latest_value": {
        "value": 169000000,
        "date": "2017-09-30",
        "fiscal_year": 2017,
        "form": "10-K",
        "filed": "2018-03-01",
        "unit": "USD",
        "type": "annual"
      },
      "date_range": {
        "earliest": "2017-09-30",
        "latest": "2017-09-30"
      }
    },
    "NoninterestExpense": {
      "taxonomy": "us-gaap",
      "label": "Noninterest Expense",
      "description": "Total aggregate amount of all noninterest expense.",
      "available_units": [
        "USD"
      ],
      "data_points_count": 215,
      "latest_value": {
        "value": 54598000000,
        "date": "2024-12-31",
        "fiscal_year": 2024,
        "form": "10-K",
        "filed": "2025-02-25",
        "unit": "USD",
        "type": "annual"
      },
      "date_range": {
        "earliest": "2007-12-31",
        "latest": "2025-06-30"
      }
    },
    "NoninterestIncomeOtherOperatingIncome": {
      "taxonomy": "us-gaap",
      "label": "Noninterest Income, Other Operating Income",
      "description": "Amount of revenue earned, classified as other, excluding interest income.",
      "available_units": [
        "USD"
      ],
      "data_points_count": 182,
      "latest_value": {
        "value": 2321000000,
        "date": "2024-12-31",
        "fiscal_year": 2024,
        "form": "10-K",
        "filed": "2025-02-25",
        "unit": "USD",
        "type": "annual"
      },
      "date_range": {
        "earliest": "2007-12-31",
        "latest": "2025-06-30"
      }
    },
    "OtherComprehensiveIncomeDefinedBenefitPlansAdjustmentNetOfTaxPortionAttributableToNoncontrollingInterest": {
      "taxonomy": "us-gaap",
      "label": "Other Comprehensive (Income) Loss, Defined Benefit Plan, after Tax and Reclassification Adjustment, Attributable to Noncontrolling Interest",
      "description": "Amount, after tax and reclassification adjustment, of (increase) decrease in accumulated other comprehensive income for defined benefit plan, attributable to noncontrolling interest.",
      "available_units": [
        "USD"
      ],
      "data_points_count": 85,
      "latest_value": {
        "value": 0,
        "date": "2017-12-31",
        "fiscal_year": 2017,
        "form": "10-K",
        "filed": "2018-03-01",
        "unit": "USD",
        "type": "annual"
      },
      "date_range": {
        "earliest": "2010-12-31",
        "latest": "2018-06-30"
      }
    },
    "OtherComprehensiveIncomeLossBeforeTax": {
      "taxonomy": "us-gaap",
      "label": "Other Comprehensive Income (Loss), before Tax",
      "description": "Amount before tax, after reclassification adjustments of other comprehensive income (loss).",
      "available_units": [
        "USD"
      ],
      "data_points_count": 168,
      "latest_value": {
        "value": -738000000,
        "date": "2024-12-31",
        "fiscal_year": 2024,
        "form": "10-K",
        "filed": "2025-02-25",
        "unit": "USD",
        "type": "annual"
      },
      "date_range": {
        "earliest": "2010-12-31",
        "latest": "2025-06-30"
      }
    },
    "OtherComprehensiveIncomeLossNetOfTax": {
      "taxonomy": "us-gaap",
      "label": "Other Comprehensive Income (Loss), Net of Tax",
      "description": "Amount after tax and reclassification adjustments of other comprehensive income (loss).",
      "available_units": [
        "USD"
      ],
      "data_points_count": 168,
      "latest_value": {
        "value": -596000000,
        "date": "2024-12-31",
        "fiscal_year": 2024,
        "form": "10-K",
        "filed": "2025-02-25",
        "unit": "USD",
        "type": "annual"
      },
      "date_range": {
        "earliest": "2010-12-31",
        "latest": "2025-06-30"
      }
    },
    "OtherComprehensiveIncomeLossNetOfTaxPortionAttributableToNoncontrollingInterest": {
      "taxonomy": "us-gaap",
      "label": "Other Comprehensive Income (Loss), Net of Tax, Portion Attributable to Noncontrolling Interest",
      "description": "Amount after tax of other comprehensive income (loss) attributable to noncontrolling interests.",
      "available_units": [
        "USD"
      ],
      "data_points_count": 155,
      "latest_value": {
        "value": 0,
        "date": "2024-12-31",
        "fiscal_year": 2024,
        "form": "10-K",
        "filed": "2025-02-25",
        "unit": "USD",
        "type": "annual"
      },
      "date_range": {
        "earliest": "2010-12-31",
        "latest": "2025-06-30"
      }
    },
    "OtherComprehensiveIncomeLossNetOfTaxPortionAttributableToParent": {
      "taxonomy": "us-gaap",
      "label": "Other Comprehensive Income (Loss), Net of Tax, Portion Attributable to Parent",
      "description": "Amount after tax of other comprehensive income (loss) attributable to parent entity.",
      "available_units": [
        "USD"
      ],
      "data_points_count": 103,
      "latest_value": {
        "value": 4544000000,
        "date": "2019-12-31",
        "fiscal_year": 2019,
        "form": "10-K",
        "filed": "2020-02-27",
        "unit": "USD",
        "type": "annual"
      },
      "date_range": {
        "earliest": "2010-12-31",
        "latest": "2019-12-31"
      }
    },
    "OtherComprehensiveIncomeLossPensionAndOtherPostretirementBenefitPlansAdjustmentBeforeTax": {
      "taxonomy": "us-gaap",
      "label": "Other Comprehensive (Income) Loss, Defined Benefit Plan, after Reclassification Adjustment, before Tax",
      "description": "Amount, before tax, after reclassification adjustment, of (increase) decrease in accumulated other comprehensive income for defined benefit plan.",
      "available_units": [
        "USD"
      ],
      "data_points_count": 168,
      "latest_value": {
        "value": -208000000,
        "date": "2024-12-31",
        "fiscal_year": 2024,
        "form": "10-K",
        "filed": "2025-02-25",
        "unit": "USD",
        "type": "annual"
      },
      "date_range": {
        "earliest": "2010-12-31",
        "latest": "2025-06-30"
      }
    },
    "OtherComprehensiveIncomeLossPensionAndOtherPostretirementBenefitPlansAdjustmentNetOfTax": {
      "taxonomy": "us-gaap",
      "label": "Other Comprehensive (Income) Loss, Defined Benefit Plan, after Reclassification Adjustment, after Tax",
      "description": "Amount, after tax and reclassification adjustment, of (increase) decrease in accumulated other comprehensive income for defined benefit plan.",
      "available_units": [
        "USD"
      ],
      "data_points_count": 168,
      "latest_value": {
        "value": -160000000,
        "date": "2024-12-31",
        "fiscal_year": 2024,
        "form": "10-K",
        "filed": "2025-02-25",
        "unit": "USD",
        "type": "annual"
      },
      "date_range": {
        "earliest": "2010-12-31",
        "latest": "2025-06-30"
      }
    },
    "OtherComprehensiveIncomeLossPensionAndOtherPostretirementBenefitPlansTax": {
      "taxonomy": "us-gaap",
      "label": "Other Comprehensive (Income) Loss, Defined Benefit Plan, after Reclassification Adjustment, Tax",
      "description": "Amount, after reclassification adjustment, of tax (expense) benefit for (increase) decrease in accumulated other comprehensive income of defined benefit plan.",
      "available_units": [
        "USD"
      ],
      "data_points_count": 168,
      "latest_value": {
        "value": -48000000,
        "date": "2024-12-31",
        "fiscal_year": 2024,
        "form": "10-K",
        "filed": "2025-02-25",
        "unit": "USD",
        "type": "annual"
      },
      "date_range": {
        "earliest": "2010-12-31",
        "latest": "2025-06-30"
      }
    },
    "OtherComprehensiveIncomeLossReclassificationAdjustmentFromAOCIPensionAndOtherPostretirementBenefitPlansForNetGainLossBeforeTax": {
      "taxonomy": "us-gaap",
      "label": "Other Comprehensive Income (Loss), Defined Benefit Plan, Gain (Loss), Reclassification Adjustment from AOCI, before Tax",
      "description": "Amount, before tax, of reclassification adjustment from accumulated other comprehensive income (loss) for gain (loss) of defined benefit plan.",
      "available_units": [
        "USD"
      ],
      "data_points_count": 155,
      "latest_value": {
        "value": -109000000,
        "date": "2024-12-31",
        "fiscal_year": 2024,
        "form": "10-K",
        "filed": "2025-02-25",
        "unit": "USD",
        "type": "annual"
      },
      "date_range": {
        "earliest": "2011-12-31",
        "latest": "2025-06-30"
      }
    },
    "OtherComprehensiveIncomeLossReclassificationAdjustmentFromAOCIPensionAndOtherPostretirementBenefitPlansForNetGainLossNetOfTax": {
      "taxonomy": "us-gaap",
      "label": "Other Comprehensive Income (Loss), Defined Benefit Plan, Gain (Loss), Reclassification Adjustment from AOCI, after Tax",
      "description": "Amount, after tax, of reclassification adjustment from accumulated other comprehensive income (loss) for gain (loss) of defined benefit plan.",
      "available_units": [
        "USD"
      ],
      "data_points_count": 155,
      "latest_value": {
        "value": -85000000,
        "date": "2024-12-31",
        "fiscal_year": 2024,
        "form": "10-K",
        "filed": "2025-02-25",
        "unit": "USD",
        "type": "annual"
      },
      "date_range": {
        "earliest": "2011-12-31",
        "latest": "2025-06-30"
      }
    },
    "OtherComprehensiveIncomeLossReclassificationAdjustmentFromAOCIPensionAndOtherPostretirementBenefitPlansForNetGainLossTax": {
      "taxonomy": "us-gaap",
      "label": "Other Comprehensive Income (Loss), Defined Benefit Plan, Gain (Loss), Reclassification Adjustment from AOCI, Tax",
      "description": "Amount of tax expense (benefit) of reclassification adjustment from accumulated other comprehensive income (loss) for gain (loss) of defined benefit plan.",
      "available_units": [
        "USD"
      ],
      "data_points_count": 155,
      "latest_value": {
        "value": -24000000,
        "date": "2024-12-31",
        "fiscal_year": 2024,
        "form": "10-K",
        "filed": "2025-02-25",
        "unit": "USD",
        "type": "annual"
      },
      "date_range": {
        "earliest": "2011-12-31",
        "latest": "2025-06-30"
      }
    },
    "OtherComprehensiveIncomeLossTax": {
      "taxonomy": "us-gaap",
      "label": "Other Comprehensive Income (Loss), Tax",
      "description": "Amount of tax expense (benefit) allocated to other comprehensive income (loss).",
      "available_units": [
        "USD"
      ],
      "data_points_count": 184,
      "latest_value": {
        "value": -142000000,
        "date": "2024-12-31",
        "fiscal_year": 2024,
        "form": "10-K",
        "filed": "2025-02-25",
        "unit": "USD",
        "type": "annual"
      },
      "date_range": {
        "earliest": "2008-12-31",
        "latest": "2025-06-30"
      }
    },
    "OtherCostAndExpenseOperating": {
      "taxonomy": "us-gaap",
      "label": "Other Cost and Expense, Operating",
      "description": "The total amount of other operating cost and expense items that are associated with the entity's normal revenue producing operation.",
      "available_units": [
        "USD"
      ],
      "data_points_count": 3,
      "latest_value": {
        "value": 1300000000,
        "date": "2010-12-31",
        "fiscal_year": 2010,
        "form": "10-K",
        "filed": "2011-02-25",
        "unit": "USD",
        "type": "annual"
      },
      "date_range": {
        "earliest": "2008-12-31",
        "latest": "2010-12-31"
      }
    },
    "OtherInterestAndDividendIncome": {
      "taxonomy": "us-gaap",
      "label": "Other Interest and Dividend Income",
      "description": "Amount, after discount, accretion and premium amortization, of interest income and dividend income classified as other.",
      "available_units": [
        "USD"
      ],
      "data_points_count": 167,
      "latest_value": {
        "value": 954000000,
        "date": "2020-12-31",
        "fiscal_year": 2020,
        "form": "10-K",
        "filed": "2021-02-23",
        "unit": "USD",
        "type": "annual"
      },
      "date_range": {
        "earliest": "2007-12-31",
        "latest": "2021-09-30"
      }
    },
    "OtherNoninterestExpense": {
      "taxonomy": "us-gaap",
      "label": "Other Noninterest Expense",
      "description": "Amount of noninterest expense classified as other.",
      "available_units": [
        "USD"
      ],
      "data_points_count": 215,
      "latest_value": {
        "value": 4001000000,
        "date": "2024-12-31",
        "fiscal_year": 2024,
        "form": "10-K",
        "filed": "2025-02-25",
        "unit": "USD",
        "type": "annual"
      },
      "date_range": {
        "earliest": "2007-12-31",
        "latest": "2025-06-30"
      }
    },
    "PreferredStockDividendsAndOtherAdjustments": {
      "taxonomy": "us-gaap",
      "label": "Preferred Stock Dividends and Other Adjustments",
      "description": "The aggregate value of preferred stock dividends and other adjustments necessary to derive net income apportioned to common stockholders.",
      "available_units": [
        "USD"
      ],
      "data_points_count": 197,
      "latest_value": {
        "value": 1116000000,
        "date": "2024-12-31",
        "fiscal_year": 2024,
        "form": "10-K",
        "filed": "2025-02-25",
        "unit": "USD",
        "type": "annual"
      },
      "date_range": {
        "earliest": "2008-12-31",
        "latest": "2025-06-30"
      }
    },
    "ProceedsFromIssuanceOfPreferredStockAndPreferenceStock": {
      "taxonomy": "us-gaap",
      "label": "Proceeds from Issuance of Preferred Stock and Preference Stock",
      "description": "Proceeds from issuance of capital stock which provides for a specific dividend that is paid to the shareholders before any dividends to common stockholders and which takes precedence over common stockholders in the event of liquidation.",
      "available_units": [
        "USD"
      ],
      "data_points_count": 117,
      "latest_value": {
        "value": 1997000000,
        "date": "2024-12-31",
        "fiscal_year": 2024,
        "form": "10-K",
        "filed": "2025-02-25",
        "unit": "USD",
        "type": "annual"
      },
      "date_range": {
        "earliest": "2007-12-31",
        "latest": "2024-12-31"
      }
    },
    "ProfitLoss": {
      "taxonomy": "us-gaap",
      "label": "Net Income (Loss), Including Portion Attributable to Noncontrolling Interest",
      "description": "The consolidated profit or loss for the period, net of income taxes, including the portion attributable to the noncontrolling interest.",
      "available_units": [
        "USD"
      ],
      "data_points_count": 65,
      "latest_value": {
        "value": 19029000000,
        "date": "2023-12-31",
        "fiscal_year": 2023,
        "form": "10-K",
        "filed": "2024-02-20",
        "unit": "USD",
        "type": "annual"
      },
      "date_range": {
        "earliest": "2007-12-31",
        "latest": "2024-09-30"
      }
    },
    "RetainedEarningsAccumulatedDeficit": {
      "taxonomy": "us-gaap",
      "label": "Retained Earnings (Accumulated Deficit)",
      "description": "The cumulative amount of the reporting entity's undistributed earnings or deficit.",
      "available_units": [
        "USD"
      ],
      "data_points_count": 136,
      "latest_value": {
        "value": 214198000000,
        "date": "2024-12-31",
        "fiscal_year": 2024,
        "form": "10-K",
        "filed": "2025-02-25",
        "unit": "USD",
        "type": "annual"
      },
      "date_range": {
        "earliest": "2008-12-31",
        "latest": "2025-06-30"
      }
    },
    "SegmentReportingInformationIncomeLossBeforeIncomeTaxes": {
      "taxonomy": "us-gaap",
      "label": "Segment Reporting Information, Income (Loss) before Income Taxes (Deprecated 2011-01-31)",
      "description": "Amount of income or loss for the reportable segment before income taxes and extraordinary items.",
      "available_units": [
        "USD"
      ],
      "data_points_count": 13,
      "latest_value": {
        "value": 19001000000,
        "date": "2010-12-31",
        "fiscal_year": 2010,
        "form": "10-K",
        "filed": "2011-02-25",
        "unit": "USD",
        "type": "annual"
      },
      "date_range": {
        "earliest": "2008-12-31",
        "latest": "2011-03-31"
      }
    },
    "SegmentReportingInformationIncomeTaxExpenseBenefit": {
      "taxonomy": "us-gaap",
      "label": "Segment Reporting Information, Income Tax Expense (Benefit) (Deprecated 2011-01-31)",
      "description": "Amount of income tax expense or benefit attributed to a reportable segment.",
      "available_units": [
        "USD"
      ],
      "data_points_count": 13,
      "latest_value": {
        "value": 6338000000,
        "date": "2010-12-31",
        "fiscal_year": 2010,
        "form": "10-K",
        "filed": "2011-02-25",
        "unit": "USD",
        "type": "annual"
      },
      "date_range": {
        "earliest": "2008-12-31",
        "latest": "2011-03-31"
      }
    },
    "SegmentReportingInformationInterestIncomeExpenseNet": {
      "taxonomy": "us-gaap",
      "label": "Segment Reporting Information, Interest Income (Expense), Net (Deprecated 2011-01-31)",
      "description": "Amount of interest revenue net of interest expense for the reportable segment. Reporting interest revenue net of interest expense is permitted only when a majority of the segment's revenues are from interest and the chief operating decision maker relies primarily on net interest revenue to assess the performance of the segment and make decisions about resources to be allocated to the segment. In all other segment disclosure situations, interest revenue must be reported separately from interest expense.",
      "available_units": [
        "USD"
      ],
      "data_points_count": 13,
      "latest_value": {
        "value": 44757000000,
        "date": "2010-12-31",
        "fiscal_year": 2010,
        "form": "10-K",
        "filed": "2011-02-25",
        "unit": "USD",
        "type": "annual"
      },
      "date_range": {
        "earliest": "2008-12-31",
        "latest": "2011-03-31"
      }
    },
    "SegmentReportingInformationNoninterestExpense": {
      "taxonomy": "us-gaap",
      "label": "Segment Reporting Information, Noninterest Expense (Deprecated 2011-01-31)",
      "description": "Total amount of expenses, other than interest, for the reportable segment. Must be disclosed if the amount (a) is included in the measure of segment profit or loss reviewed by the chief operating decision maker or (b) is otherwise regularly provided to the chief operating decision maker, even if not included in that measure of segment profit or loss.",
      "available_units": [
        "USD"
      ],
      "data_points_count": 13,
      "latest_value": {
        "value": 50456000000,
        "date": "2010-12-31",
        "fiscal_year": 2010,
        "form": "10-K",
        "filed": "2011-02-25",
        "unit": "USD",
        "type": "annual"
      },
      "date_range": {
        "earliest": "2008-12-31",
        "latest": "2011-03-31"
      }
    },
    "SegmentReportingInformationNoninterestIncome": {
      "taxonomy": "us-gaap",
      "label": "Segment Reporting Information, Noninterest Income (Deprecated 2011-01-31)",
      "description": "Total amount of noninterest income for the reportable segment. Must be disclosed if the amount (a) is included in the measure of segment profit or loss reviewed by the chief operating decision maker or (b) is otherwise regularly provided to the chief operating decision maker, even if not included in that measure of segment profit or loss.",
      "available_units": [
        "USD"
      ],
      "data_points_count": 13,
      "latest_value": {
        "value": 40453000000,
        "date": "2010-12-31",
        "fiscal_year": 2010,
        "form": "10-K",
        "filed": "2011-02-25",
        "unit": "USD",
        "type": "annual"
      },
      "date_range": {
        "earliest": "2008-12-31",
        "latest": "2011-03-31"
      }
    },
    "ShareBasedCompensationArrangementByShareBasedPaymentAwardFairValueAssumptionsExpectedDividendPayments": {
      "taxonomy": "us-gaap",
      "label": "Share-based Compensation Arrangement by Share-based Payment Award, Fair Value Assumptions, Expected Dividend Payments",
      "description": "The estimated amount of dividends to be paid to holders of the underlying shares (expected dividends) over the option's term. Dividends are taken into account because payment of dividends to shareholders reduces the fair value of the underlying shares, and option holders generally do not receive dividends.",
      "available_units": [
        "USD"
      ],
      "data_points_count": 5,
      "latest_value": {
        "value": 0.32,
        "date": "2011-12-31",
        "fiscal_year": 2011,
        "form": "10-K",
        "filed": "2012-02-28",
        "unit": "USD",
        "type": "annual"
      },
      "date_range": {
        "earliest": "2009-12-31",
        "latest": "2011-12-31"
      }
    },
    "ShareBasedCompensationArrangementByShareBasedPaymentAwardFairValueAssumptionsExpectedDividendRate": {
      "taxonomy": "us-gaap",
      "label": "Share-based Compensation Arrangement by Share-based Payment Award, Fair Value Assumptions, Expected Dividend Rate",
      "description": "The estimated dividend rate (a percentage of the share price) to be paid (expected dividends) to holders of the underlying shares over the option's term.",
      "available_units": [
        "USD"
      ],
      "data_points_count": 1,
      "latest_value": {
        "value": 4.1,
        "date": "2008-12-31",
        "fiscal_year": 2010,
        "form": "10-K",
        "filed": "2011-02-25",
        "unit": "USD",
        "type": "annual"
      },
      "date_range": {
        "earliest": "2008-12-31",
        "latest": "2008-12-31"
      }
    },
    "ShareBasedCompensationArrangementByShareBasedPaymentAwardFairValueAssumptionsExpectedVolatilityRate": {
      "taxonomy": "us-gaap",
      "label": "Share-based Compensation Arrangement by Share-based Payment Award, Fair Value Assumptions, Expected Volatility Rate",
      "description": "The estimated measure of the percentage by which a share price is expected to fluctuate during a period. Volatility also may be defined as a probability-weighted measure of the dispersion of returns about the mean. The volatility of a share price is the standard deviation of the continuously compounded rates of return on the share over a specified period. That is the same as the standard deviation of the differences in the natural logarithms of the stock prices plus dividends, if any, over the period.",
      "available_units": [
        "pure"
      ],
      "data_points_count": 18,
      "latest_value": {
        "value": 0,
        "date": "2015-12-31",
        "fiscal_year": 2015,
        "form": "10-K",
        "filed": "2016-02-24",
        "unit": "pure",
        "type": "annual"
      },
      "date_range": {
        "earliest": "2008-12-31",
        "latest": "2015-12-31"
      }
    },
    "ShareBasedCompensationArrangementByShareBasedPaymentAwardFairValueAssumptionsRiskFreeInterestRate": {
      "taxonomy": "us-gaap",
      "label": "Share-based Compensation Arrangement by Share-based Payment Award, Fair Value Assumptions, Risk Free Interest Rate",
      "description": "The risk-free interest rate assumption that is used in valuing an option on its own shares.",
      "available_units": [
        "pure"
      ],
      "data_points_count": 18,
      "latest_value": {
        "value": 0,
        "date": "2015-12-31",
        "fiscal_year": 2015,
        "form": "10-K",
        "filed": "2016-02-24",
        "unit": "pure",
        "type": "annual"
      },
      "date_range": {
        "earliest": "2008-12-31",
        "latest": "2015-12-31"
      }
    },
    "TaxCutsAndJobsActOf2017ReclassificationFromAociToRetainedEarningsTaxEffect": {
      "taxonomy": "us-gaap",
      "label": "Tax Cuts and Jobs Act, Reclassification from AOCI to Retained Earnings, Tax Effect",
      "description": "Amount of increase (decrease) in accumulated other comprehensive income (AOCI) for reclassification to retained earnings of tax effect from remeasurement of deferred tax pursuant to Tax Cuts and Jobs Act.",
      "available_units": [
        "USD"
      ],
      "data_points_count": 1,
      "latest_value": {
        "value": 0,
        "date": "2018-12-31",
        "fiscal_year": 2020,
        "form": "10-K",
        "filed": "2021-02-23",
        "unit": "USD",
        "type": "annual"
      },
      "date_range": {
        "earliest": "2018-12-31",
        "latest": "2018-12-31"
      }
    },
    "UndistributedEarningsOfForeignSubsidiaries": {
      "taxonomy": "us-gaap",
      "label": "Undistributed Earnings of Foreign Subsidiaries",
      "description": "Amount of undistributed earnings of foreign subsidiaries intended to be permanently reinvested outside the country of domicile.",
      "available_units": [
        "USD"
      ],
      "data_points_count": 12,
      "latest_value": {
        "value": 0,
        "date": "2024-12-31",
        "fiscal_year": 2024,
        "form": "10-K",
        "filed": "2025-02-25",
        "unit": "USD",
        "type": "annual"
      },
      "date_range": {
        "earliest": "2012-12-31",
        "latest": "2024-12-31"
      }
    },
    "VariableInterestEntityConsolidatedCarryingAmountLiabilities": {
      "taxonomy": "us-gaap",
      "label": "Variable Interest Entity, Consolidated, Carrying Amount, Liabilities (Deprecated 2020-01-31)",
      "description": "The carrying amount of the consolidated Variable Interest Entity's liabilities included in the reporting entity's statement of financial position.",
      "available_units": [
        "USD"
      ],
      "data_points_count": 2,
      "latest_value": {
        "value": 6000000000,
        "date": "2011-09-30",
        "fiscal_year": 2011,
        "fiscal_period": "Q3",
        "form": "10-Q",
        "filed": "2011-11-08",
        "unit": "USD",
        "type": "quarterly"
      },
      "date_range": {
        "earliest": "2011-06-30",
        "latest": "2011-09-30"
      }
    },
    "VariableInterestMaximumExposureToLoss": {
      "taxonomy": "us-gaap",
      "label": "Variable Interest, Maximum Exposure to Loss (Deprecated 2009-01-31)",
      "description": "Quantifies the entity's maximum exposure to loss.",
      "available_units": [
        "USD"
      ],
      "data_points_count": 2,
      "latest_value": {
        "value": 0,
        "date": "2010-09-30",
        "fiscal_year": 2010,
        "fiscal_period": "Q3",
        "form": "10-Q",
        "filed": "2010-11-05",
        "unit": "USD",
        "type": "quarterly"
      },
      "date_range": {
        "earliest": "2010-06-30",
        "latest": "2010-09-30"
      }
    },
    "WeightedAverageNumberOfDilutedSharesOutstanding": {
      "taxonomy": "us-gaap",
      "label": "Weighted Average Number of Shares Outstanding, Diluted",
      "description": "The average number of shares or units issued and outstanding that are used in calculating diluted EPS or earnings per unit (EPU), determined based on the timing of issuance of shares or units in the period.",
      "available_units": [
        "shares"
      ],
      "data_points_count": 215,
      "latest_value": {
        "value": 3467600000,
        "date": "2024-12-31",
        "fiscal_year": 2024,
        "form": "10-K",
        "filed": "2025-02-25",
        "unit": "shares",
        "type": "annual"
      },
      "date_range": {
        "earliest": "2007-12-31",
        "latest": "2025-06-30"
      }
    },
    "InterestExpenseOperating": {
      "taxonomy": "us-gaap",
      "label": null,
      "description": null,
      "available_units": [
        "USD"
      ],
      "data_points_count": 13,
      "latest_value": {
        "value": 43101000000,
        "date": "2024-12-31",
        "fiscal_year": 2024,
        "form": "10-K",
        "filed": "2025-02-25",
        "unit": "USD",
        "type": "annual"
      },
      "date_range": {
        "earliest": "2022-12-31",
        "latest": "2025-06-30"
      }
    },
    "CommonStockSharesOutstanding": {
      "taxonomy": "us-gaap",
      "label": "Common Stock, Shares, Outstanding",
      "description": "Number of shares of common stock outstanding. Common stock represent the ownership interest in a corporation.",
      "available_units": [
        "shares"
      ],
      "data_points_count": 10,
      "latest_value": {
        "value": 3220400000,
        "date": "2025-06-30",
        "fiscal_year": 2025,
        "fiscal_period": "Q2",
        "form": "10-Q",
        "filed": "2025-08-05",
        "unit": "shares",
        "type": "quarterly"
      },
      "date_range": {
        "earliest": "2023-12-31",
        "latest": "2025-06-30"
      }
    }
  }
}