{
  "chunk_metadata": {
    "domain": "public",
    "CIK": "1000275",
    "data_type": "SEC",
    "ticker": "RY",
    "chunk_name": "Risk & Capital Management",
    "chunk_id": "risk_capital",
    "company_name": "Royal Bank of Canada",
    "extraction_date": "2025-09-30T11:01:44.115781",
    "metrics_count": 2,
    "total_company_metrics": 0,
    "chunking_strategy": "context_aware_balanced"
  },
  "metrics": {
    "AuthorisedCapitalCommitmentsButNotContractedFor": {
      "taxonomy": "ifrs-full",
      "label": null,
      "description": null,
      "available_units": [
        "CAD"
      ],
      "data_points_count": 2,
      "latest_value": {
        "value": 125468000000,
        "date": "2021-10-31",
        "fiscal_year": 2021,
        "fiscal_period": "FY",
        "form": "40-F",
        "filed": "2021-12-01",
        "unit": "CAD",
        "type": "other"
      },
      "date_range": {
        "earliest": "2020-11-01",
        "latest": "2021-10-31"
      }
    },
    "ConfidenceLevelUsedToDetermineRiskAdjustmentForNonfinancialRisk": {
      "taxonomy": "ifrs-full",
      "label": null,
      "description": null,
      "available_units": [
        "pure"
      ],
      "data_points_count": 2,
      "latest_value": {
        "value": 0.85,
        "date": "2024-10-31",
        "fiscal_year": 2024,
        "fiscal_period": "FY",
        "form": "40-F",
        "filed": "2024-12-04",
        "unit": "pure",
        "type": "other"
      },
      "date_range": {
        "earliest": "2023-10-31",
        "latest": "2024-10-31"
      }
    }
  }
}