{
  "chunk_metadata": {
    "domain": "public",
    "CIK": "1281761",
    "data_type": "SEC",
    "ticker": "RF",
    "chunk_name": "Revenue & Profitability",
    "chunk_id": "revenue_profit",
    "company_name": "Regions Financial Corporation",
    "extraction_date": "2025-09-30T11:01:44.075870",
    "metrics_count": 77,
    "total_company_metrics": 0,
    "chunking_strategy": "context_aware_balanced"
  },
  "metrics": {
    "EntityCommonStockSharesOutstanding": {
      "taxonomy": "dei",
      "label": "Entity Common Stock, Shares Outstanding",
      "description": "Indicate number of shares or other units outstanding of each of registrant's classes of capital or common stock or other ownership interests, if and as stated on cover of related periodic report. Where multiple classes or units exist define each class/interest by adding class of stock items such as Common Class A [Member], Common Class B [Member] or Partnership Interest [Member] onto the Instrument [Domain] of the Entity Listings, Instrument.",
      "available_units": [
        "shares"
      ],
      "data_points_count": 65,
      "latest_value": {
        "value": 905465071,
        "date": "2025-02-20",
        "fiscal_year": 2024,
        "form": "10-K",
        "filed": "2025-02-21",
        "unit": "shares",
        "type": "annual"
      },
      "date_range": {
        "earliest": "2009-07-31",
        "latest": "2025-08-04"
      }
    },
    "AdjustmentsToAdditionalPaidInCapitalTaxEffectFromShareBasedCompensation": {
      "taxonomy": "us-gaap",
      "label": "Adjustments to Additional Paid in Capital, Income Tax Benefit from Share-based Compensation",
      "description": "Amount of increase in additional paid in capital (APIC) resulting from a tax benefit associated with share-based compensation plan other than an employee stock ownership plan (ESOP). Includes, but is not limited to, excess tax benefit.",
      "available_units": [
        "USD"
      ],
      "data_points_count": 3,
      "latest_value": {
        "value": 12000000,
        "date": "2019-12-31",
        "fiscal_year": 2019,
        "form": "10-K",
        "filed": "2020-02-21",
        "unit": "USD",
        "type": "annual"
      },
      "date_range": {
        "earliest": "2017-12-31",
        "latest": "2019-12-31"
      }
    },
    "AociTaxAttributableToParent": {
      "taxonomy": "us-gaap",
      "label": "AOCI Tax, Attributable to Parent",
      "description": "Amount of tax expense (benefit) allocated to accumulated other comprehensive income (loss) attributable to parent.",
      "available_units": [
        "USD"
      ],
      "data_points_count": 100,
      "latest_value": {
        "value": 984000000,
        "date": "2024-12-31",
        "fiscal_year": 2024,
        "form": "10-K",
        "filed": "2025-02-21",
        "unit": "USD",
        "type": "annual"
      },
      "date_range": {
        "earliest": "2017-12-31",
        "latest": "2025-06-30"
      }
    },
    "BankingRegulationCapitalConservationBufferCapitalConservedMinimum": {
      "taxonomy": "us-gaap",
      "label": "Banking Regulation, Capital Conservation Buffer, Capital Conserved, Minimum",
      "description": "Minimum capital conservation buffer percentage required to avoid restriction on payout amount of eligible retained income as defined by regulatory framework.",
      "available_units": [
        "pure"
      ],
      "data_points_count": 18,
      "latest_value": {
        "value": 0.025,
        "date": "2024-12-31",
        "fiscal_year": 2024,
        "form": "10-K",
        "filed": "2025-02-21",
        "unit": "pure",
        "type": "annual"
      },
      "date_range": {
        "earliest": "2020-12-31",
        "latest": "2025-06-30"
      }
    },
    "ChangeInUnrealizedGainLossOnHedgedItemInFairValueHedge": {
      "taxonomy": "us-gaap",
      "label": "Change in Unrealized Gain (Loss) on Hedged Item in Fair Value Hedge (Deprecated 2013-01-31)",
      "description": "The amount recognized in earnings related to the change in fair value during the period of the hedged item in a fair value hedge.",
      "available_units": [
        "USD"
      ],
      "data_points_count": 37,
      "latest_value": {
        "value": 53000000,
        "date": "2012-12-31",
        "fiscal_year": 2012,
        "form": "10-K",
        "filed": "2013-02-21",
        "unit": "USD",
        "type": "annual"
      },
      "date_range": {
        "earliest": "2009-12-31",
        "latest": "2013-09-30"
      }
    },
    "ChangeInUnrealizedGainLossOnHedgedItemInFairValueHedge1": {
      "taxonomy": "us-gaap",
      "label": "Change in Unrealized Gain (Loss) on Hedged Item in Fair Value Hedge",
      "description": "Amount of the increase (decrease) in fair value of the hedged item in a fair value hedge recognized in the income statement.",
      "available_units": [
        "USD"
      ],
      "data_points_count": 22,
      "latest_value": {
        "value": 79000000,
        "date": "2014-12-31",
        "fiscal_year": 2014,
        "form": "10-K",
        "filed": "2015-02-17",
        "unit": "USD",
        "type": "annual"
      },
      "date_range": {
        "earliest": "2011-12-31",
        "latest": "2015-06-30"
      }
    },
    "CommonStockDividendsPerShareDeclared": {
      "taxonomy": "us-gaap",
      "label": "Common Stock, Dividends, Per Share, Declared",
      "description": "Aggregate dividends declared during the period for each share of common stock outstanding.",
      "available_units": [
        "USD/shares"
      ],
      "data_points_count": 280,
      "latest_value": {
        "value": 0.98,
        "date": "2024-12-31",
        "fiscal_year": 2024,
        "form": "10-K",
        "filed": "2025-02-21",
        "unit": "USD/shares",
        "type": "annual"
      },
      "date_range": {
        "earliest": "2007-12-31",
        "latest": "2025-06-30"
      }
    },
    "ConvertiblePreferredDividendsNetOfTax": {
      "taxonomy": "us-gaap",
      "label": "Convertible Preferred Dividends, Net of Tax",
      "description": "The after-tax amount of any dividends on convertible preferred stock.",
      "available_units": [
        "USD"
      ],
      "data_points_count": 4,
      "latest_value": {
        "value": 12000000,
        "date": "2010-12-31",
        "fiscal_year": 2011,
        "form": "10-K",
        "filed": "2012-02-24",
        "unit": "USD",
        "type": "annual"
      },
      "date_range": {
        "earliest": "2009-12-31",
        "latest": "2010-12-31"
      }
    },
    "CumulativeEffectOfInitialAdoptionOfNewAccountingPrinciple": {
      "taxonomy": "us-gaap",
      "label": "Cumulative Effect of Initial Adoption of New Accounting Principle (Deprecated 2011-01-31)",
      "description": "Cumulative effect of initial adoption of new accounting principle on beginning retained earnings, net of tax. This element can be used, generally, for the adjustment to retained earnings of a new accounting principle.",
      "available_units": [
        "USD"
      ],
      "data_points_count": 5,
      "latest_value": {
        "value": -17000000,
        "date": "2008-12-31",
        "fiscal_year": 2009,
        "form": "10-K",
        "filed": "2010-02-22",
        "unit": "USD",
        "type": "annual"
      },
      "date_range": {
        "earliest": "2007-12-31",
        "latest": "2008-12-31"
      }
    },
    "CumulativeEffectOnRetainedEarningsNetOfTax1": {
      "taxonomy": "us-gaap",
      "label": "Cumulative Effect on Retained Earnings, Net of Tax (Deprecated 2020-01-31)",
      "description": "Amount of the cumulative effect on retained earnings net of related income tax effect.",
      "available_units": [
        "USD"
      ],
      "data_points_count": 20,
      "latest_value": {
        "value": 2000000,
        "date": "2019-12-31",
        "fiscal_year": 2019,
        "form": "10-K",
        "filed": "2020-02-21",
        "unit": "USD",
        "type": "annual"
      },
      "date_range": {
        "earliest": "2018-03-31",
        "latest": "2020-03-31"
      }
    },
    "CurrentIncomeTaxExpenseBenefit": {
      "taxonomy": "us-gaap",
      "label": "Current Income Tax Expense (Benefit)",
      "description": "Amount of current income tax expense (benefit) pertaining to taxable income (loss) from continuing operations.",
      "available_units": [
        "USD"
      ],
      "data_points_count": 45,
      "latest_value": {
        "value": 440000000,
        "date": "2024-12-31",
        "fiscal_year": 2024,
        "form": "10-K",
        "filed": "2025-02-21",
        "unit": "USD",
        "type": "annual"
      },
      "date_range": {
        "earliest": "2008-12-31",
        "latest": "2024-12-31"
      }
    },
    "CurrentStateAndLocalTaxExpenseBenefit": {
      "taxonomy": "us-gaap",
      "label": "Current State and Local Tax Expense (Benefit)",
      "description": "Amount of current state and local tax expense (benefit) pertaining to income (loss) from continuing operations.",
      "available_units": [
        "USD"
      ],
      "data_points_count": 45,
      "latest_value": {
        "value": 57000000,
        "date": "2024-12-31",
        "fiscal_year": 2024,
        "form": "10-K",
        "filed": "2025-02-21",
        "unit": "USD",
        "type": "annual"
      },
      "date_range": {
        "earliest": "2008-12-31",
        "latest": "2024-12-31"
      }
    },
    "DeferredIncomeTaxExpenseBenefit": {
      "taxonomy": "us-gaap",
      "label": "Deferred Income Tax Expense (Benefit)",
      "description": "Amount of deferred income tax expense (benefit) pertaining to income (loss) from continuing operations.",
      "available_units": [
        "USD"
      ],
      "data_points_count": 76,
      "latest_value": {
        "value": 21000000,
        "date": "2024-12-31",
        "fiscal_year": 2024,
        "form": "10-K",
        "filed": "2025-02-21",
        "unit": "USD",
        "type": "annual"
      },
      "date_range": {
        "earliest": "2007-12-31",
        "latest": "2024-12-31"
      }
    },
    "DeferredStateAndLocalIncomeTaxExpenseBenefit": {
      "taxonomy": "us-gaap",
      "label": "Deferred State and Local Income Tax Expense (Benefit)",
      "description": "Amount of deferred state and local tax expense (benefit) pertaining to income (loss) from continuing operations.",
      "available_units": [
        "USD"
      ],
      "data_points_count": 45,
      "latest_value": {
        "value": 20000000,
        "date": "2024-12-31",
        "fiscal_year": 2024,
        "form": "10-K",
        "filed": "2025-02-21",
        "unit": "USD",
        "type": "annual"
      },
      "date_range": {
        "earliest": "2008-12-31",
        "latest": "2024-12-31"
      }
    },
    "DefinedBenefitPlanEffectOfOnePercentagePointDecreaseOnServiceAndInterestCostComponents": {
      "taxonomy": "us-gaap",
      "label": "Defined Benefit Plan, Effect of One Percentage Point Decrease on Service and Interest Cost Components (Deprecated 2012-01-31)",
      "description": "The effect of a one-percentage- point decrease in the assumed health care cost trend rates on the aggregate of the service and interest cost components of net periodic postretirement health care benefit costs.",
      "available_units": [
        "USD"
      ],
      "data_points_count": 2,
      "latest_value": {
        "value": -30000,
        "date": "2011-12-31",
        "fiscal_year": 2011,
        "form": "10-K",
        "filed": "2012-02-24",
        "unit": "USD",
        "type": "annual"
      },
      "date_range": {
        "earliest": "2010-12-31",
        "latest": "2011-12-31"
      }
    },
    "DefinedBenefitPlanEffectOfOnePercentagePointIncreaseOnServiceAndInterestCostComponents": {
      "taxonomy": "us-gaap",
      "label": "Defined Benefit Plan, Effect of One Percentage Point Increase on Service and Interest Cost Components",
      "description": "Amount of increase in service and interest cost components of net periodic postretirement benefit cost from one-percentage-point increase in assumed health care cost trend rate.",
      "available_units": [
        "USD"
      ],
      "data_points_count": 2,
      "latest_value": {
        "value": 34000,
        "date": "2011-12-31",
        "fiscal_year": 2011,
        "form": "10-K",
        "filed": "2012-02-24",
        "unit": "USD",
        "type": "annual"
      },
      "date_range": {
        "earliest": "2010-12-31",
        "latest": "2011-12-31"
      }
    },
    "DerivativeGainLossOnDerivativeNet": {
      "taxonomy": "us-gaap",
      "label": "Derivative, Gain (Loss) on Derivative, Net",
      "description": "Amount of increase (decrease) in the fair value of derivatives recognized in the income statement.",
      "available_units": [
        "USD"
      ],
      "data_points_count": 22,
      "latest_value": {
        "value": -58000000,
        "date": "2014-12-31",
        "fiscal_year": 2014,
        "form": "10-K",
        "filed": "2015-02-17",
        "unit": "USD",
        "type": "annual"
      },
      "date_range": {
        "earliest": "2011-12-31",
        "latest": "2015-06-30"
      }
    },
    "DerivativeInstrumentsGainLossReclassifiedFromAccumulatedOCIIntoIncomeEffectivePortionNet": {
      "taxonomy": "us-gaap",
      "label": "Derivative Instruments, Gain (Loss) Reclassified from Accumulated OCI into Income, Effective Portion, Net",
      "description": "The effective portion of net gain (loss) reclassified from accumulated other comprehensive income into income on derivative instruments designated and qualifying as hedging instruments.",
      "available_units": [
        "USD"
      ],
      "data_points_count": 60,
      "latest_value": {
        "value": 126000000,
        "date": "2014-12-31",
        "fiscal_year": 2014,
        "form": "10-K",
        "filed": "2015-02-17",
        "unit": "USD",
        "type": "annual"
      },
      "date_range": {
        "earliest": "2009-12-31",
        "latest": "2015-06-30"
      }
    },
    "DerivativeInstrumentsGainLossRecognizedInIncomeIneffectivePortionAndAmountExcludedFromEffectivenessTestingNet": {
      "taxonomy": "us-gaap",
      "label": "Derivative Instruments, Gain (Loss) Recognized in Income, Ineffective Portion and Amount Excluded from Effectiveness Testing, Net",
      "description": "The portion of gains and losses (net) on derivative instruments designated and qualifying as hedging instruments representing (a) the amount of the hedge ineffectiveness and (b) the amount, if any, excluded from the assessment of hedge effectiveness.",
      "available_units": [
        "USD"
      ],
      "data_points_count": 15,
      "latest_value": {
        "value": -12000000,
        "date": "2010-12-31",
        "fiscal_year": 2011,
        "form": "10-K",
        "filed": "2012-02-24",
        "unit": "USD",
        "type": "annual"
      },
      "date_range": {
        "earliest": "2009-12-31",
        "latest": "2012-09-30"
      }
    },
    "DerivativeInstrumentsGainLossRecognizedInOtherComprehensiveIncomeEffectivePortionNet": {
      "taxonomy": "us-gaap",
      "label": "Derivative Instruments, Gain (Loss) Recognized in Other Comprehensive Income (Loss), Effective Portion, Net (Deprecated 2018-01-31)",
      "description": "The effective portion of gains and losses (net) on derivative instruments designated and qualifying as hedging instruments that was recognized in other comprehensive income during the current period.",
      "available_units": [
        "USD"
      ],
      "data_points_count": 60,
      "latest_value": {
        "value": 18000000,
        "date": "2014-12-31",
        "fiscal_year": 2014,
        "form": "10-K",
        "filed": "2015-02-17",
        "unit": "USD",
        "type": "annual"
      },
      "date_range": {
        "earliest": "2009-12-31",
        "latest": "2015-06-30"
      }
    },
    "DerivativeInstrumentsNotDesignatedAsHedgingInstrumentsGainLossNet": {
      "taxonomy": "us-gaap",
      "label": "Derivative Instruments Not Designated as Hedging Instruments, Gain (Loss), Net",
      "description": "Amount of realized and unrealized gain (loss) of derivative instruments not designated or qualifying as hedging instruments.",
      "available_units": [
        "USD"
      ],
      "data_points_count": 178,
      "latest_value": {
        "value": 87000000,
        "date": "2024-12-31",
        "fiscal_year": 2024,
        "form": "10-K",
        "filed": "2025-02-21",
        "unit": "USD",
        "type": "annual"
      },
      "date_range": {
        "earliest": "2009-12-31",
        "latest": "2025-06-30"
      }
    },
    "DiscontinuedOperationGainLossFromDisposalOfDiscontinuedOperationBeforeIncomeTax": {
      "taxonomy": "us-gaap",
      "label": "Discontinued Operation, Gain (Loss) from Disposal of Discontinued Operation, before Income Tax",
      "description": "Amount before tax of gain (loss) not previously recognized resulting from the disposal of a discontinued operation.",
      "available_units": [
        "USD"
      ],
      "data_points_count": 14,
      "latest_value": {
        "value": 0,
        "date": "2014-12-31",
        "fiscal_year": 2014,
        "form": "10-K",
        "filed": "2015-02-17",
        "unit": "USD",
        "type": "annual"
      },
      "date_range": {
        "earliest": "2011-12-31",
        "latest": "2014-12-31"
      }
    },
    "DiscontinuedOperationGainLossOnDisposalOfDiscontinuedOperationNetOfTax": {
      "taxonomy": "us-gaap",
      "label": "Discontinued Operation, Gain (Loss) on Disposal of Discontinued Operation, Net of Tax",
      "description": "Amount after tax of gain (loss) not previously recognized resulting from the disposal of a discontinued operation.",
      "available_units": [
        "USD"
      ],
      "data_points_count": 3,
      "latest_value": {
        "value": 196000000,
        "date": "2018-07-02",
        "fiscal_year": 2019,
        "fiscal_period": "Q1",
        "form": "10-Q",
        "filed": "2019-05-08",
        "unit": "USD",
        "type": "quarterly"
      },
      "date_range": {
        "earliest": "2018-07-02",
        "latest": "2018-07-02"
      }
    },
    "DiscontinuedOperationIncomeLossFromDiscontinuedOperationBeforeIncomeTax": {
      "taxonomy": "us-gaap",
      "label": "Discontinued Operation, Income (Loss) from Discontinued Operation, before Income Tax",
      "description": "Amount before tax of income (loss) from a discontinued operation. Includes, but is not limited to, the income (loss) from operations during the phase-out period, gain (loss) on disposal, gain (loss) for reversal of write-down (write-down) to fair value, less cost to sell, and adjustments to a prior period gain (loss) on disposal.",
      "available_units": [
        "USD"
      ],
      "data_points_count": 118,
      "latest_value": {
        "value": 0,
        "date": "2020-12-31",
        "fiscal_year": 2020,
        "form": "10-K",
        "filed": "2021-02-24",
        "unit": "USD",
        "type": "annual"
      },
      "date_range": {
        "earliest": "2007-12-31",
        "latest": "2020-12-31"
      }
    },
    "DiscontinuedOperationTaxEffectOfDiscontinuedOperation": {
      "taxonomy": "us-gaap",
      "label": "Discontinued Operation, Tax Effect of Discontinued Operation",
      "description": "Amount of tax expense (benefit) related to a discontinued operation. Includes, but is not limited to, tax expense (benefit) related to income (loss) from operations during the phase-out period, tax expense (benefit) related to gain (loss) on disposal, tax expense (benefit) related to gain (loss) for reversal of write-down (write-down) to fair value, less cost to sell, and tax expense (benefit) related to adjustments of a prior period gain (loss) on disposal.",
      "available_units": [
        "USD"
      ],
      "data_points_count": 117,
      "latest_value": {
        "value": 0,
        "date": "2020-12-31",
        "fiscal_year": 2020,
        "form": "10-K",
        "filed": "2021-02-24",
        "unit": "USD",
        "type": "annual"
      },
      "date_range": {
        "earliest": "2007-12-31",
        "latest": "2020-12-31"
      }
    },
    "DividendsPreferredStockPaidinkind": {
      "taxonomy": "us-gaap",
      "label": "Dividends, Preferred Stock, Paid-in-kind",
      "description": "Amount of paid and unpaid preferred stock dividends declared with the form of settlement in payment-in-kind (PIK).",
      "available_units": [
        "USD"
      ],
      "data_points_count": 6,
      "latest_value": {
        "value": 175000000,
        "date": "2011-12-31",
        "fiscal_year": 2011,
        "form": "10-K",
        "filed": "2012-02-24",
        "unit": "USD",
        "type": "annual"
      },
      "date_range": {
        "earliest": "2008-10-31",
        "latest": "2011-12-31"
      }
    },
    "DividendsPreferredStockStock": {
      "taxonomy": "us-gaap",
      "label": "Dividends, Preferred Stock, Stock",
      "description": "Amount of paid and unpaid preferred stock dividends declared with the form of settlement in stock.",
      "available_units": [
        "USD"
      ],
      "data_points_count": 7,
      "latest_value": {
        "value": 175000000,
        "date": "2011-12-31",
        "fiscal_year": 2011,
        "form": "10-K",
        "filed": "2012-02-24",
        "unit": "USD",
        "type": "annual"
      },
      "date_range": {
        "earliest": "2009-12-31",
        "latest": "2011-12-31"
      }
    },
    "EarningsPerShareBasic": {
      "taxonomy": "us-gaap",
      "label": "Earnings Per Share, Basic",
      "description": "The amount of net income (loss) for the period per each share of common stock or unit outstanding during the reporting period.",
      "available_units": [
        "USD/shares"
      ],
      "data_points_count": 212,
      "latest_value": {
        "value": 1.94,
        "date": "2024-12-31",
        "fiscal_year": 2024,
        "form": "10-K",
        "filed": "2025-02-21",
        "unit": "USD/shares",
        "type": "annual"
      },
      "date_range": {
        "earliest": "2007-12-31",
        "latest": "2025-06-30"
      }
    },
    "EffectiveIncomeTaxRateContinuingOperations": {
      "taxonomy": "us-gaap",
      "label": "Effective Income Tax Rate Reconciliation, Percent",
      "description": "Percentage of current income tax expense (benefit) and deferred income tax expense (benefit) pertaining to continuing operations.",
      "available_units": [
        "pure"
      ],
      "data_points_count": 45,
      "latest_value": {
        "value": 0.196,
        "date": "2024-12-31",
        "fiscal_year": 2024,
        "form": "10-K",
        "filed": "2025-02-21",
        "unit": "pure",
        "type": "annual"
      },
      "date_range": {
        "earliest": "2008-12-31",
        "latest": "2024-12-31"
      }
    },
    "IncomeLossFromContinuingOperations": {
      "taxonomy": "us-gaap",
      "label": "Income (Loss) from Continuing Operations, Net of Tax, Attributable to Parent",
      "description": "Amount after tax of income (loss) from continuing operations attributable to the parent.",
      "available_units": [
        "USD"
      ],
      "data_points_count": 160,
      "latest_value": {
        "value": 2245000000,
        "date": "2022-12-31",
        "fiscal_year": 2022,
        "form": "10-K",
        "filed": "2023-02-24",
        "unit": "USD",
        "type": "annual"
      },
      "date_range": {
        "earliest": "2007-12-31",
        "latest": "2022-12-31"
      }
    },
    "IncomeLossFromContinuingOperationsPerBasicShare": {
      "taxonomy": "us-gaap",
      "label": "Income (Loss) from Continuing Operations, Per Basic Share",
      "description": "The amount of net income (loss) from continuing operations per each share of common stock or unit outstanding during the reporting period.",
      "available_units": [
        "USD/shares"
      ],
      "data_points_count": 120,
      "latest_value": {
        "value": 1.03,
        "date": "2020-12-31",
        "fiscal_year": 2020,
        "form": "10-K",
        "filed": "2021-02-24",
        "unit": "USD/shares",
        "type": "annual"
      },
      "date_range": {
        "earliest": "2007-12-31",
        "latest": "2020-12-31"
      }
    },
    "IncomeLossFromDiscontinuedOperationsNetOfTax": {
      "taxonomy": "us-gaap",
      "label": "Income (Loss) from Discontinued Operations, Net of Tax, Including Portion Attributable to Noncontrolling Interest",
      "description": "Amount after tax of income (loss) from a discontinued operation including the portion attributable to the noncontrolling interest. Includes, but is not limited to, the income (loss) from operations during the phase-out period, gain (loss) on disposal, gain (loss) for reversal of write-down (write-down) to fair value, less cost to sell, and adjustments to a prior period gain (loss) on disposal.",
      "available_units": [
        "USD"
      ],
      "data_points_count": 118,
      "latest_value": {
        "value": 0,
        "date": "2020-12-31",
        "fiscal_year": 2020,
        "form": "10-K",
        "filed": "2021-02-24",
        "unit": "USD",
        "type": "annual"
      },
      "date_range": {
        "earliest": "2007-12-31",
        "latest": "2020-12-31"
      }
    },
    "IncomeLossFromDiscontinuedOperationsNetOfTaxPerBasicShare": {
      "taxonomy": "us-gaap",
      "label": "Income (Loss) from Discontinued Operations and Disposal of Discontinued Operations, Net of Tax, Per Basic Share",
      "description": "Per basic share amount, after tax, of income (loss) from the day-to-day business activities of the discontinued operation and gain (loss) from the disposal of the discontinued operation.",
      "available_units": [
        "USD/shares"
      ],
      "data_points_count": 115,
      "latest_value": {
        "value": 0,
        "date": "2020-12-31",
        "fiscal_year": 2020,
        "form": "10-K",
        "filed": "2021-02-24",
        "unit": "USD/shares",
        "type": "annual"
      },
      "date_range": {
        "earliest": "2008-09-30",
        "latest": "2020-12-31"
      }
    },
    "IncomeLossFromDiscontinuedOperationsNetOfTaxPerDilutedShare": {
      "taxonomy": "us-gaap",
      "label": "Income (Loss) from Discontinued Operations and Disposal of Discontinued Operations, Net of Tax, Per Diluted Share",
      "description": "Per diluted share amount, after tax, of income (loss) from the day-to-day business activities of the discontinued operation and gain (loss) from the disposal of the discontinued operation.",
      "available_units": [
        "USD/shares"
      ],
      "data_points_count": 115,
      "latest_value": {
        "value": 0,
        "date": "2020-12-31",
        "fiscal_year": 2020,
        "form": "10-K",
        "filed": "2021-02-24",
        "unit": "USD/shares",
        "type": "annual"
      },
      "date_range": {
        "earliest": "2008-09-30",
        "latest": "2020-12-31"
      }
    },
    "IncomeTaxExaminationPenaltiesAndInterestExpense": {
      "taxonomy": "us-gaap",
      "label": "Income Tax Examination, Penalties and Interest Expense",
      "description": "The sum of the amounts of estimated penalties and interest recognized in the period arising from income tax examinations.",
      "available_units": [
        "USD"
      ],
      "data_points_count": 18,
      "latest_value": {
        "value": 1000000,
        "date": "2019-12-31",
        "fiscal_year": 2019,
        "form": "10-K",
        "filed": "2020-02-21",
        "unit": "USD",
        "type": "annual"
      },
      "date_range": {
        "earliest": "2012-12-31",
        "latest": "2019-12-31"
      }
    },
    "IncomeTaxExpenseBenefit": {
      "taxonomy": "us-gaap",
      "label": "Income Tax Expense (Benefit)",
      "description": "Amount of current income tax expense (benefit) and deferred income tax expense (benefit) pertaining to continuing operations.",
      "available_units": [
        "USD"
      ],
      "data_points_count": 212,
      "latest_value": {
        "value": 461000000,
        "date": "2024-12-31",
        "fiscal_year": 2024,
        "form": "10-K",
        "filed": "2025-02-21",
        "unit": "USD",
        "type": "annual"
      },
      "date_range": {
        "earliest": "2007-12-31",
        "latest": "2025-06-30"
      }
    },
    "IncreaseDecreaseInDeferredIncomeTaxes": {
      "taxonomy": "us-gaap",
      "label": "Increase (Decrease) in Deferred Income Taxes",
      "description": "The increase (decrease) during the reporting period in the account that represents the temporary difference that results from Income or Loss that is recognized for accounting purposes but not for tax purposes and vice versa.",
      "available_units": [
        "USD"
      ],
      "data_points_count": 112,
      "latest_value": {
        "value": -21000000,
        "date": "2024-12-31",
        "fiscal_year": 2024,
        "form": "10-K",
        "filed": "2025-02-21",
        "unit": "USD",
        "type": "annual"
      },
      "date_range": {
        "earliest": "2009-12-31",
        "latest": "2025-06-30"
      }
    },
    "InsuranceCommissionsAndFees": {
      "taxonomy": "us-gaap",
      "label": "Insurance Commissions and Fees",
      "description": "Income from agency and brokerage operations (includes sales of annuities and supplemental contracts); service charges, commissions, and fees from the sale of insurance and related services; and management fees from separate accounts, deferred annuities, and universal life products.",
      "available_units": [
        "USD"
      ],
      "data_points_count": 24,
      "latest_value": {
        "value": 145000000,
        "date": "2017-12-31",
        "fiscal_year": 2017,
        "form": "10-K",
        "filed": "2018-02-26",
        "unit": "USD",
        "type": "annual"
      },
      "date_range": {
        "earliest": "2008-12-31",
        "latest": "2017-12-31"
      }
    },
    "InsuranceRecoveries": {
      "taxonomy": "us-gaap",
      "label": "Insurance Recoveries",
      "description": "The amount recovered from insurance. These recoveries reduce costs and losses that are reported as a separate line item under operating expenses.",
      "available_units": [
        "USD"
      ],
      "data_points_count": 11,
      "latest_value": {
        "value": 0,
        "date": "2024-12-31",
        "fiscal_year": 2024,
        "form": "10-K",
        "filed": "2025-02-21",
        "unit": "USD",
        "type": "annual"
      },
      "date_range": {
        "earliest": "2016-09-30",
        "latest": "2024-12-31"
      }
    },
    "InterestExpense": {
      "taxonomy": "us-gaap",
      "label": "Interest Expense",
      "description": "Amount of the cost of borrowed funds accounted for as interest expense.",
      "available_units": [
        "USD"
      ],
      "data_points_count": 199,
      "latest_value": {
        "value": 1577000000,
        "date": "2023-12-31",
        "fiscal_year": 2023,
        "form": "10-K",
        "filed": "2024-02-23",
        "unit": "USD",
        "type": "annual"
      },
      "date_range": {
        "earliest": "2007-12-31",
        "latest": "2024-06-30"
      }
    },
    "InterestIncomeExpenseNet": {
      "taxonomy": "us-gaap",
      "label": "Interest Income (Expense), Net",
      "description": "The net amount of operating interest income (expense).",
      "available_units": [
        "USD"
      ],
      "data_points_count": 212,
      "latest_value": {
        "value": 4818000000,
        "date": "2024-12-31",
        "fiscal_year": 2024,
        "form": "10-K",
        "filed": "2025-02-21",
        "unit": "USD",
        "type": "annual"
      },
      "date_range": {
        "earliest": "2007-12-31",
        "latest": "2025-06-30"
      }
    },
    "LitigationSettlementAmount": {
      "taxonomy": "us-gaap",
      "label": "Litigation Settlement, Amount (Deprecated 2017-01-31)",
      "description": "Amount of judgment or settlement awarded to (against) the entity in respect of litigation.",
      "available_units": [
        "USD"
      ],
      "data_points_count": 3,
      "latest_value": {
        "value": 52400000,
        "date": "2016-09-13",
        "fiscal_year": 2016,
        "fiscal_period": "Q3",
        "form": "10-Q",
        "filed": "2016-11-04",
        "unit": "USD",
        "type": "quarterly"
      },
      "date_range": {
        "earliest": "2015-06-30",
        "latest": "2016-09-13"
      }
    },
    "LossOnContractTermination": {
      "taxonomy": "us-gaap",
      "label": "Loss on Contract Termination",
      "description": "The loss recognized on termination of a contract.",
      "available_units": [
        "USD"
      ],
      "data_points_count": 3,
      "latest_value": {
        "value": 0,
        "date": "2014-12-31",
        "fiscal_year": 2014,
        "form": "10-K",
        "filed": "2015-02-17",
        "unit": "USD",
        "type": "annual"
      },
      "date_range": {
        "earliest": "2012-12-31",
        "latest": "2014-12-31"
      }
    },
    "NetIncomeLoss": {
      "taxonomy": "us-gaap",
      "label": "Net Income (Loss) Attributable to Parent",
      "description": "The portion of profit or loss for the period, net of income taxes, which is attributable to the parent.",
      "available_units": [
        "USD"
      ],
      "data_points_count": 248,
      "latest_value": {
        "value": 1893000000,
        "date": "2024-12-31",
        "fiscal_year": 2024,
        "form": "10-K",
        "filed": "2025-02-21",
        "unit": "USD",
        "type": "annual"
      },
      "date_range": {
        "earliest": "2007-12-31",
        "latest": "2025-06-30"
      }
    },
    "NoninterestExpense": {
      "taxonomy": "us-gaap",
      "label": "Noninterest Expense",
      "description": "Total aggregate amount of all noninterest expense.",
      "available_units": [
        "USD"
      ],
      "data_points_count": 212,
      "latest_value": {
        "value": 4242000000,
        "date": "2024-12-31",
        "fiscal_year": 2024,
        "form": "10-K",
        "filed": "2025-02-21",
        "unit": "USD",
        "type": "annual"
      },
      "date_range": {
        "earliest": "2007-12-31",
        "latest": "2025-06-30"
      }
    },
    "NoninterestIncomeOtherOperatingIncome": {
      "taxonomy": "us-gaap",
      "label": "Noninterest Income, Other Operating Income",
      "description": "Amount of revenue earned, classified as other, excluding interest income.",
      "available_units": [
        "USD"
      ],
      "data_points_count": 123,
      "latest_value": {
        "value": 376000000,
        "date": "2019-12-31",
        "fiscal_year": 2019,
        "form": "10-K",
        "filed": "2020-02-21",
        "unit": "USD",
        "type": "annual"
      },
      "date_range": {
        "earliest": "2007-12-31",
        "latest": "2019-12-31"
      }
    },
    "OtherComprehensiveIncomeAmortizationOfDefinedBenefitPlanNetPriorServiceCostRecognizedInNetPeriodicPensionCostNetOfTax": {
      "taxonomy": "us-gaap",
      "label": "Other Comprehensive Income (Loss), Amortization, Pension and Other Postretirement Benefit Plans, Net Prior Service Cost Recognized in Net Periodic Pension Cost, Net of Tax (Deprecated 2012-01-31)",
      "description": "The adjustment out of other comprehensive income for prior service costs recognized as a component of net period benefit cost during the period, after tax.",
      "available_units": [
        "USD"
      ],
      "data_points_count": 22,
      "latest_value": {
        "value": 29000000,
        "date": "2011-12-31",
        "fiscal_year": 2011,
        "form": "10-K",
        "filed": "2012-02-24",
        "unit": "USD",
        "type": "annual"
      },
      "date_range": {
        "earliest": "2008-12-31",
        "latest": "2012-06-30"
      }
    },
    "OtherComprehensiveIncomeAmortizationOfDefinedBenefitPlanNetPriorServiceCostRecognizedInNetPeriodicPensionCostTax": {
      "taxonomy": "us-gaap",
      "label": "Other Comprehensive Income (Loss), Amortization, Pension and Other Postretirement Benefit Plans, Net Prior Service Cost Recognized in Net Periodic Pension Cost, Tax (Deprecated 2013-01-31)",
      "description": "Tax effect of the income statement impact of the reclassification adjustment for prior service costs recognized as a component of net period benefit cost.",
      "available_units": [
        "USD"
      ],
      "data_points_count": 22,
      "latest_value": {
        "value": 26000000,
        "date": "2012-12-31",
        "fiscal_year": 2012,
        "form": "10-K",
        "filed": "2013-02-21",
        "unit": "USD",
        "type": "annual"
      },
      "date_range": {
        "earliest": "2008-12-31",
        "latest": "2013-09-30"
      }
    },
    "OtherComprehensiveIncomeLossAmortizationPensionAndOtherPostretirementBenefitPlansNetPriorServiceCostRecognizedInNetPeriodicPensionCostNetOfTax": {
      "taxonomy": "us-gaap",
      "label": "Other Comprehensive Income (Loss), Amortization, Pension and Other Postretirement Benefit Plans, Net Prior Service Cost Recognized in Net Periodic Pension Cost, Net of Tax (Deprecated 2013-01-31)",
      "description": "Net of tax amount of the income statement impact of the reclassification adjustment for prior service costs recognized as a component of net period benefit cost.",
      "available_units": [
        "USD"
      ],
      "data_points_count": 17,
      "latest_value": {
        "value": -49000000,
        "date": "2012-12-31",
        "fiscal_year": 2012,
        "form": "10-K",
        "filed": "2013-02-21",
        "unit": "USD",
        "type": "annual"
      },
      "date_range": {
        "earliest": "2010-12-31",
        "latest": "2013-09-30"
      }
    },
    "OtherComprehensiveIncomeLossAmortizationPensionAndOtherPostretirementBenefitPlansNetPriorServiceCostRecognizedInNetPeriodicPensionCostTaxEffect": {
      "taxonomy": "us-gaap",
      "label": "Other Comprehensive Income (Loss), Amortization, Pension and Other Postretirement Benefit Plans, Net Prior Service Cost Recognized in Net Periodic Pension Cost, Tax Effect (Deprecated 2012-01-31)",
      "description": "Tax effect on adjustment out of other comprehensive income for prior service costs recognized as a component of net period benefit cost during the period.",
      "available_units": [
        "USD"
      ],
      "data_points_count": 17,
      "latest_value": {
        "value": -16000000,
        "date": "2011-12-31",
        "fiscal_year": 2011,
        "form": "10-K",
        "filed": "2012-02-24",
        "unit": "USD",
        "type": "annual"
      },
      "date_range": {
        "earliest": "2009-12-31",
        "latest": "2012-06-30"
      }
    },
    "OtherComprehensiveIncomeLossBeforeTax": {
      "taxonomy": "us-gaap",
      "label": "Other Comprehensive Income (Loss), before Tax",
      "description": "Amount before tax, after reclassification adjustments of other comprehensive income (loss).",
      "available_units": [
        "USD"
      ],
      "data_points_count": 65,
      "latest_value": {
        "value": -139000000,
        "date": "2024-12-31",
        "fiscal_year": 2024,
        "form": "10-K",
        "filed": "2025-02-21",
        "unit": "USD",
        "type": "annual"
      },
      "date_range": {
        "earliest": "2018-12-31",
        "latest": "2025-06-30"
      }
    },
    "OtherComprehensiveIncomeLossBeforeTaxPortionAttributableToParent": {
      "taxonomy": "us-gaap",
      "label": "Other Comprehensive Income (Loss), before Tax, Portion Attributable to Parent",
      "description": "Amount before tax of other comprehensive income (loss) attributable to parent entity.",
      "available_units": [
        "USD"
      ],
      "data_points_count": 16,
      "latest_value": {
        "value": 61000000,
        "date": "2011-12-31",
        "fiscal_year": 2011,
        "form": "10-K",
        "filed": "2012-02-24",
        "unit": "USD",
        "type": "annual"
      },
      "date_range": {
        "earliest": "2008-12-31",
        "latest": "2011-12-31"
      }
    },
    "OtherComprehensiveIncomeLossNetOfTax": {
      "taxonomy": "us-gaap",
      "label": "Other Comprehensive Income (Loss), Net of Tax",
      "description": "Amount after tax and reclassification adjustments of other comprehensive income (loss).",
      "available_units": [
        "USD"
      ],
      "data_points_count": 205,
      "latest_value": {
        "value": -116000000,
        "date": "2024-12-31",
        "fiscal_year": 2024,
        "form": "10-K",
        "filed": "2025-02-21",
        "unit": "USD",
        "type": "annual"
      },
      "date_range": {
        "earliest": "2010-12-31",
        "latest": "2025-06-30"
      }
    },
    "OtherComprehensiveIncomeLossNetOfTaxPortionAttributableToParent": {
      "taxonomy": "us-gaap",
      "label": "Other Comprehensive Income (Loss), Net of Tax, Portion Attributable to Parent",
      "description": "Amount after tax of other comprehensive income (loss) attributable to parent entity.",
      "available_units": [
        "USD"
      ],
      "data_points_count": 21,
      "latest_value": {
        "value": -384000000,
        "date": "2013-12-31",
        "fiscal_year": 2013,
        "form": "10-K",
        "filed": "2014-02-21",
        "unit": "USD",
        "type": "annual"
      },
      "date_range": {
        "earliest": "2011-06-30",
        "latest": "2013-12-31"
      }
    },
    "OtherComprehensiveIncomeLossPensionAndOtherPostretirementBenefitPlansAdjustmentNetOfTax": {
      "taxonomy": "us-gaap",
      "label": "Other Comprehensive (Income) Loss, Defined Benefit Plan, after Reclassification Adjustment, after Tax",
      "description": "Amount, after tax and reclassification adjustment, of (increase) decrease in accumulated other comprehensive income for defined benefit plan.",
      "available_units": [
        "USD"
      ],
      "data_points_count": 167,
      "latest_value": {
        "value": -41000000,
        "date": "2024-12-31",
        "fiscal_year": 2024,
        "form": "10-K",
        "filed": "2025-02-21",
        "unit": "USD",
        "type": "annual"
      },
      "date_range": {
        "earliest": "2010-12-31",
        "latest": "2025-06-30"
      }
    },
    "OtherComprehensiveIncomeLossReclassificationAdjustmentFromAOCIPensionAndOtherPostretirementBenefitPlansForNetGainLossNetOfTax": {
      "taxonomy": "us-gaap",
      "label": "Other Comprehensive Income (Loss), Defined Benefit Plan, Gain (Loss), Reclassification Adjustment from AOCI, after Tax",
      "description": "Amount, after tax, of reclassification adjustment from accumulated other comprehensive income (loss) for gain (loss) of defined benefit plan.",
      "available_units": [
        "USD"
      ],
      "data_points_count": 84,
      "latest_value": {
        "value": 34000000,
        "date": "2023-12-31",
        "fiscal_year": 2023,
        "form": "10-K",
        "filed": "2024-02-23",
        "unit": "USD",
        "type": "annual"
      },
      "date_range": {
        "earliest": "2016-12-31",
        "latest": "2024-06-30"
      }
    },
    "OtherComprehensiveIncomeLossReclassificationAdjustmentFromAOCIPensionAndOtherPostretirementBenefitPlansForNetGainLossTax": {
      "taxonomy": "us-gaap",
      "label": "Other Comprehensive Income (Loss), Defined Benefit Plan, Gain (Loss), Reclassification Adjustment from AOCI, Tax",
      "description": "Amount of tax expense (benefit) of reclassification adjustment from accumulated other comprehensive income (loss) for gain (loss) of defined benefit plan.",
      "available_units": [
        "USD"
      ],
      "data_points_count": 97,
      "latest_value": {
        "value": -8000000,
        "date": "2024-12-31",
        "fiscal_year": 2024,
        "form": "10-K",
        "filed": "2025-02-21",
        "unit": "USD",
        "type": "annual"
      },
      "date_range": {
        "earliest": "2016-12-31",
        "latest": "2025-06-30"
      }
    },
    "OtherComprehensiveIncomeLossTax": {
      "taxonomy": "us-gaap",
      "label": "Other Comprehensive Income (Loss), Tax",
      "description": "Amount of tax expense (benefit) allocated to other comprehensive income (loss).",
      "available_units": [
        "USD"
      ],
      "data_points_count": 65,
      "latest_value": {
        "value": 23000000,
        "date": "2024-12-31",
        "fiscal_year": 2024,
        "form": "10-K",
        "filed": "2025-02-21",
        "unit": "USD",
        "type": "annual"
      },
      "date_range": {
        "earliest": "2018-12-31",
        "latest": "2025-06-30"
      }
    },
    "OtherInterestAndDividendIncome": {
      "taxonomy": "us-gaap",
      "label": "Other Interest and Dividend Income",
      "description": "Amount, after discount, accretion and premium amortization, of interest income and dividend income classified as other.",
      "available_units": [
        "USD"
      ],
      "data_points_count": 212,
      "latest_value": {
        "value": 412000000,
        "date": "2024-12-31",
        "fiscal_year": 2024,
        "form": "10-K",
        "filed": "2025-02-21",
        "unit": "USD",
        "type": "annual"
      },
      "date_range": {
        "earliest": "2007-12-31",
        "latest": "2025-06-30"
      }
    },
    "OtherNoninterestExpense": {
      "taxonomy": "us-gaap",
      "label": "Other Noninterest Expense",
      "description": "Amount of noninterest expense classified as other.",
      "available_units": [
        "USD"
      ],
      "data_points_count": 212,
      "latest_value": {
        "value": 1029000000,
        "date": "2024-12-31",
        "fiscal_year": 2024,
        "form": "10-K",
        "filed": "2025-02-21",
        "unit": "USD",
        "type": "annual"
      },
      "date_range": {
        "earliest": "2007-12-31",
        "latest": "2025-06-30"
      }
    },
    "OtherTaxExpenseBenefit": {
      "taxonomy": "us-gaap",
      "label": "Other Tax Expense (Benefit)",
      "description": "Amount of other income tax expense (benefit).",
      "available_units": [
        "USD"
      ],
      "data_points_count": 5,
      "latest_value": {
        "value": 15000000,
        "date": "2015-12-31",
        "fiscal_year": 2015,
        "form": "10-K",
        "filed": "2016-02-16",
        "unit": "USD",
        "type": "annual"
      },
      "date_range": {
        "earliest": "2014-03-31",
        "latest": "2015-12-31"
      }
    },
    "PreferredStockDividendRatePercentage": {
      "taxonomy": "us-gaap",
      "label": "Preferred Stock, Dividend Rate, Percentage",
      "description": "The percentage rate used to calculate dividend payments on preferred stock.",
      "available_units": [
        "pure"
      ],
      "data_points_count": 6,
      "latest_value": {
        "value": 0.05,
        "date": "2011-12-31",
        "fiscal_year": 2011,
        "form": "10-K",
        "filed": "2012-02-24",
        "unit": "pure",
        "type": "annual"
      },
      "date_range": {
        "earliest": "2008-10-31",
        "latest": "2011-12-31"
      }
    },
    "PreferredStockDividendsIncomeStatementImpact": {
      "taxonomy": "us-gaap",
      "label": "Preferred Stock Dividends, Income Statement Impact",
      "description": "The amount of preferred stock dividends that is an adjustment to net income apportioned to common stockholders.",
      "available_units": [
        "USD"
      ],
      "data_points_count": 186,
      "latest_value": {
        "value": 119000000,
        "date": "2024-12-31",
        "fiscal_year": 2024,
        "form": "10-K",
        "filed": "2025-02-21",
        "unit": "USD",
        "type": "annual"
      },
      "date_range": {
        "earliest": "2009-12-31",
        "latest": "2025-06-30"
      }
    },
    "ProceedsFromIssuanceOfPreferredStockAndPreferenceStock": {
      "taxonomy": "us-gaap",
      "label": "Proceeds from Issuance of Preferred Stock and Preference Stock",
      "description": "Proceeds from issuance of capital stock which provides for a specific dividend that is paid to the shareholders before any dividends to common stockholders and which takes precedence over common stockholders in the event of liquidation.",
      "available_units": [
        "USD"
      ],
      "data_points_count": 27,
      "latest_value": {
        "value": 390000000,
        "date": "2021-12-31",
        "fiscal_year": 2021,
        "form": "10-K",
        "filed": "2022-02-24",
        "unit": "USD",
        "type": "annual"
      },
      "date_range": {
        "earliest": "2008-12-31",
        "latest": "2021-12-31"
      }
    },
    "ReclassificationFromAccumulatedOtherComprehensiveIncomeCurrentPeriodNetOfTax": {
      "taxonomy": "us-gaap",
      "label": "Reclassification from Accumulated Other Comprehensive Income, Current Period, Net of Tax",
      "description": "Amount after tax of reclassification adjustments of other comprehensive income (loss).",
      "available_units": [
        "USD"
      ],
      "data_points_count": 14,
      "latest_value": {
        "value": 70000000,
        "date": "2014-12-31",
        "fiscal_year": 2014,
        "form": "10-K",
        "filed": "2015-02-17",
        "unit": "USD",
        "type": "annual"
      },
      "date_range": {
        "earliest": "2013-03-31",
        "latest": "2015-03-31"
      }
    },
    "RetainedEarningsAccumulatedDeficit": {
      "taxonomy": "us-gaap",
      "label": "Retained Earnings (Accumulated Deficit)",
      "description": "The cumulative amount of the reporting entity's undistributed earnings or deficit.",
      "available_units": [
        "USD"
      ],
      "data_points_count": 137,
      "latest_value": {
        "value": 9060000000,
        "date": "2024-12-31",
        "fiscal_year": 2024,
        "form": "10-K",
        "filed": "2025-02-21",
        "unit": "USD",
        "type": "annual"
      },
      "date_range": {
        "earliest": "2008-06-30",
        "latest": "2025-06-30"
      }
    },
    "SegmentReportingInformationIncomeTaxExpenseBenefit": {
      "taxonomy": "us-gaap",
      "label": "Segment Reporting Information, Income Tax Expense (Benefit) (Deprecated 2011-01-31)",
      "description": "Amount of income tax expense or benefit attributed to a reportable segment.",
      "available_units": [
        "USD"
      ],
      "data_points_count": 3,
      "latest_value": {
        "value": -346000000,
        "date": "2010-12-31",
        "fiscal_year": 2010,
        "fiscal_period": "FY",
        "form": "10-K/A",
        "filed": "2011-03-18",
        "unit": "USD",
        "type": "other"
      },
      "date_range": {
        "earliest": "2008-12-31",
        "latest": "2010-12-31"
      }
    },
    "SegmentReportingInformationInterestIncomeExpenseNet": {
      "taxonomy": "us-gaap",
      "label": "Segment Reporting Information, Interest Income (Expense), Net (Deprecated 2011-01-31)",
      "description": "Amount of interest revenue net of interest expense for the reportable segment. Reporting interest revenue net of interest expense is permitted only when a majority of the segment's revenues are from interest and the chief operating decision maker relies primarily on net interest revenue to assess the performance of the segment and make decisions about resources to be allocated to the segment. In all other segment disclosure situations, interest revenue must be reported separately from interest expense.",
      "available_units": [
        "USD"
      ],
      "data_points_count": 3,
      "latest_value": {
        "value": 3432000000,
        "date": "2010-12-31",
        "fiscal_year": 2010,
        "fiscal_period": "FY",
        "form": "10-K/A",
        "filed": "2011-03-18",
        "unit": "USD",
        "type": "other"
      },
      "date_range": {
        "earliest": "2008-12-31",
        "latest": "2010-12-31"
      }
    },
    "SegmentReportingInformationNoninterestIncome": {
      "taxonomy": "us-gaap",
      "label": "Segment Reporting Information, Noninterest Income (Deprecated 2011-01-31)",
      "description": "Total amount of noninterest income for the reportable segment. Must be disclosed if the amount (a) is included in the measure of segment profit or loss reviewed by the chief operating decision maker or (b) is otherwise regularly provided to the chief operating decision maker, even if not included in that measure of segment profit or loss.",
      "available_units": [
        "USD"
      ],
      "data_points_count": 3,
      "latest_value": {
        "value": 3531000000,
        "date": "2010-12-31",
        "fiscal_year": 2010,
        "fiscal_period": "FY",
        "form": "10-K/A",
        "filed": "2011-03-18",
        "unit": "USD",
        "type": "other"
      },
      "date_range": {
        "earliest": "2008-12-31",
        "latest": "2010-12-31"
      }
    },
    "SegmentReportingInformationOtherNoninterestExpense": {
      "taxonomy": "us-gaap",
      "label": "Segment Reporting Information, Other Noninterest Expense (Deprecated 2011-01-31)",
      "description": "Amount of all other noninterest expenses for the reportable segment.",
      "available_units": [
        "USD"
      ],
      "data_points_count": 3,
      "latest_value": {
        "value": 4785000000,
        "date": "2010-12-31",
        "fiscal_year": 2010,
        "fiscal_period": "FY",
        "form": "10-K/A",
        "filed": "2011-03-18",
        "unit": "USD",
        "type": "other"
      },
      "date_range": {
        "earliest": "2008-12-31",
        "latest": "2010-12-31"
      }
    },
    "SegmentReportingInformationProfitLoss": {
      "taxonomy": "us-gaap",
      "label": "Segment Reporting Information, Profit (Loss) (Deprecated 2011-01-31)",
      "description": "Amount of profit or loss recognized by the reportable segment.",
      "available_units": [
        "USD"
      ],
      "data_points_count": 3,
      "latest_value": {
        "value": -539000000,
        "date": "2010-12-31",
        "fiscal_year": 2010,
        "fiscal_period": "FY",
        "form": "10-K/A",
        "filed": "2011-03-18",
        "unit": "USD",
        "type": "other"
      },
      "date_range": {
        "earliest": "2008-12-31",
        "latest": "2010-12-31"
      }
    },
    "ShareBasedCompensationArrangementByShareBasedPaymentAwardFairValueAssumptionsExpectedDividendRate": {
      "taxonomy": "us-gaap",
      "label": "Share-based Compensation Arrangement by Share-based Payment Award, Fair Value Assumptions, Expected Dividend Rate",
      "description": "The estimated dividend rate (a percentage of the share price) to be paid (expected dividends) to holders of the underlying shares over the option's term.",
      "available_units": [
        "pure"
      ],
      "data_points_count": 14,
      "latest_value": {
        "value": 0.023,
        "date": "2011-12-31",
        "fiscal_year": 2012,
        "form": "10-K",
        "filed": "2013-02-21",
        "unit": "pure",
        "type": "annual"
      },
      "date_range": {
        "earliest": "2008-12-31",
        "latest": "2011-12-31"
      }
    },
    "ShareBasedCompensationArrangementByShareBasedPaymentAwardFairValueAssumptionsRiskFreeInterestRate": {
      "taxonomy": "us-gaap",
      "label": "Share-based Compensation Arrangement by Share-based Payment Award, Fair Value Assumptions, Risk Free Interest Rate",
      "description": "The risk-free interest rate assumption that is used in valuing an option on its own shares.",
      "available_units": [
        "pure"
      ],
      "data_points_count": 14,
      "latest_value": {
        "value": 0.02,
        "date": "2011-12-31",
        "fiscal_year": 2012,
        "form": "10-K",
        "filed": "2013-02-21",
        "unit": "pure",
        "type": "annual"
      },
      "date_range": {
        "earliest": "2008-12-31",
        "latest": "2011-12-31"
      }
    },
    "WeightedAverageNumberOfDilutedSharesOutstanding": {
      "taxonomy": "us-gaap",
      "label": "Weighted Average Number of Shares Outstanding, Diluted",
      "description": "The average number of shares or units issued and outstanding that are used in calculating diluted EPS or earnings per unit (EPU), determined based on the timing of issuance of shares or units in the period.",
      "available_units": [
        "shares"
      ],
      "data_points_count": 212,
      "latest_value": {
        "value": 918000000,
        "date": "2024-12-31",
        "fiscal_year": 2024,
        "form": "10-K",
        "filed": "2025-02-21",
        "unit": "shares",
        "type": "annual"
      },
      "date_range": {
        "earliest": "2007-12-31",
        "latest": "2025-06-30"
      }
    },
    "ProfitLoss": {
      "taxonomy": "us-gaap",
      "label": "Net Income (Loss), Including Portion Attributable to Noncontrolling Interest",
      "description": "The consolidated profit or loss for the period, net of income taxes, including the portion attributable to the noncontrolling interest.",
      "available_units": [
        "USD"
      ],
      "data_points_count": 30,
      "latest_value": {
        "value": 1893000000,
        "date": "2024-12-31",
        "fiscal_year": 2024,
        "form": "10-K",
        "filed": "2025-02-21",
        "unit": "USD",
        "type": "annual"
      },
      "date_range": {
        "earliest": "2021-12-31",
        "latest": "2025-06-30"
      }
    },
    "OperatingIncomeLoss": {
      "taxonomy": "us-gaap",
      "label": "Operating Income (Loss)",
      "description": "The net result for the period of deducting operating expenses from operating revenues.",
      "available_units": [
        "USD"
      ],
      "data_points_count": 6,
      "latest_value": {
        "value": 95000000,
        "date": "2024-12-31",
        "fiscal_year": 2024,
        "form": "10-K",
        "filed": "2025-02-21",
        "unit": "USD",
        "type": "annual"
      },
      "date_range": {
        "earliest": "2021-12-31",
        "latest": "2024-12-31"
      }
    },
    "InterestExpenseOperating": {
      "taxonomy": "us-gaap",
      "label": null,
      "description": null,
      "available_units": [
        "USD"
      ],
      "data_points_count": 13,
      "latest_value": {
        "value": 2290000000,
        "date": "2024-12-31",
        "fiscal_year": 2024,
        "form": "10-K",
        "filed": "2025-02-21",
        "unit": "USD",
        "type": "annual"
      },
      "date_range": {
        "earliest": "2022-12-31",
        "latest": "2025-06-30"
      }
    }
  }
}