{
  "chunk_metadata": {
    "domain": "public",
    "CIK": "1390777",
    "data_type": "SEC",
    "ticker": "BK",
    "chunk_name": "Risk & Capital Management",
    "chunk_id": "risk_capital",
    "company_name": "THE BANK OF NEW YORK MELLON CORPORATION",
    "extraction_date": "2025-09-30T11:01:44.235842",
    "metrics_count": 11,
    "total_company_metrics": 0,
    "chunking_strategy": "context_aware_balanced"
  },
  "metrics": {
    "BusinessCombinationContingentConsiderationArrangementsRangeOfOutcomesValueHigh": {
      "taxonomy": "us-gaap",
      "label": "Business Combination, Contingent Consideration Arrangements, Range of Outcomes, Value, High",
      "description": "For contingent consideration arrangements recognized in connection with a business combination, this element represents an estimate of the high-end of the potential range (undiscounted) of the consideration which may be paid.",
      "available_units": [
        "USD"
      ],
      "data_points_count": 42,
      "latest_value": {
        "value": 5000000,
        "date": "2020-12-31",
        "fiscal_year": 2020,
        "form": "10-K",
        "filed": "2021-02-25",
        "unit": "USD",
        "type": "annual"
      },
      "date_range": {
        "earliest": "2010-06-30",
        "latest": "2020-12-31"
      }
    },
    "CapitalizedComputerSoftwareNet": {
      "taxonomy": "us-gaap",
      "label": "Capitalized Computer Software, Net",
      "description": "The carrying amount of capitalized computer software costs net of accumulated amortization as of the balance sheet date.",
      "available_units": [
        "USD"
      ],
      "data_points_count": 118,
      "latest_value": {
        "value": 2676000000,
        "date": "2024-12-31",
        "fiscal_year": 2024,
        "form": "10-K",
        "filed": "2025-02-27",
        "unit": "USD",
        "type": "annual"
      },
      "date_range": {
        "earliest": "2009-12-31",
        "latest": "2025-06-30"
      }
    },
    "ShareBasedCompensationArrangementByShareBasedPaymentAwardOptionsExercisableWeightedAverageRemainingContractualTerm": {
      "taxonomy": "us-gaap",
      "label": "Share-based Compensation Arrangement by Share-based Payment Award, Options, Exercisable, Weighted Average Remaining Contractual Term (Deprecated 2012-01-31)",
      "description": "The weighted average period between the balance sheet date and expiration for all vested portions of options outstanding and currently exercisable (or convertible) under the plan, which may be expressed in a decimal value for number of years.",
      "available_units": [
        "Year"
      ],
      "data_points_count": 2,
      "latest_value": {
        "value": 4,
        "date": "2011-12-31",
        "fiscal_year": 2011,
        "form": "10-K",
        "filed": "2012-02-28",
        "unit": "Year",
        "type": "annual"
      },
      "date_range": {
        "earliest": "2010-12-31",
        "latest": "2011-12-31"
      }
    },
    "ShareBasedCompensationArrangementByShareBasedPaymentAwardOptionsOutstandingWeightedAverageRemainingContractualTerm": {
      "taxonomy": "us-gaap",
      "label": "Share-based Compensation Arrangement by Share-based Payment Award, Options, Outstanding, Weighted Average Remaining Contractual Term (Deprecated 2011-01-31)",
      "description": "The weighted average period between the balance sheet date and expiration for all awards outstanding under the plan, which may be expressed in a decimal value for number of years.",
      "available_units": [
        "Year"
      ],
      "data_points_count": 1,
      "latest_value": {
        "value": 5.2,
        "date": "2010-12-31",
        "fiscal_year": 2010,
        "form": "10-K",
        "filed": "2011-02-28",
        "unit": "Year",
        "type": "annual"
      },
      "date_range": {
        "earliest": "2010-12-31",
        "latest": "2010-12-31"
      }
    },
    "ShareBasedCompensationArrangementByShareBasedPaymentAwardOptionsVestedAndExpectedToVestOutstandingWeightedAverageRemainingContractualTerm": {
      "taxonomy": "us-gaap",
      "label": "Share-based Compensation Arrangement by Share-based Payment Award, Options, Vested and Expected to Vest, Outstanding, Weighted Average Remaining Contractual Term (Deprecated 2012-01-31)",
      "description": "The weighted-average period between the balance sheet date and expiration date for fully vested and expected to vest options outstanding, which may be expressed in a decimal value for number of years.",
      "available_units": [
        "Year"
      ],
      "data_points_count": 2,
      "latest_value": {
        "value": 5.2,
        "date": "2011-12-31",
        "fiscal_year": 2011,
        "form": "10-K",
        "filed": "2012-02-28",
        "unit": "Year",
        "type": "annual"
      },
      "date_range": {
        "earliest": "2010-12-31",
        "latest": "2011-12-31"
      }
    },
    "SharebasedCompensationArrangementBySharebasedPaymentAwardOptionsOutstandingWeightedAverageRemainingContractualTerm1": {
      "taxonomy": "us-gaap",
      "label": "Share-based Compensation Arrangement by Share-based Payment Award, Options, Outstanding, Weighted Average Remaining Contractual Term (Deprecated 2012-01-31)",
      "description": "The weighted average period between the balance sheet date and expiration for all awards outstanding under the plan, which may be expressed in a decimal value for number of years.",
      "available_units": [
        "Year"
      ],
      "data_points_count": 1,
      "latest_value": {
        "value": 5.2,
        "date": "2011-12-31",
        "fiscal_year": 2011,
        "form": "10-K",
        "filed": "2012-02-28",
        "unit": "Year",
        "type": "annual"
      },
      "date_range": {
        "earliest": "2011-12-31",
        "latest": "2011-12-31"
      }
    },
    "SharebasedCompensationSharesAuthorizedUnderStockOptionPlansExercisePriceRangeOutstandingOptionsWeightedAverageRemainingContractualTerm1": {
      "taxonomy": "us-gaap",
      "label": "Share-based Compensation, Shares Authorized under Stock Option Plans, Exercise Price Range, Outstanding Options, Weighted Average Remaining Contractual Term (Deprecated 2012-01-31)",
      "description": "The weighted-average period remaining as of the balance sheet date until option expiration pertaining to the outstanding stock options for all option plans in the customized range of exercise prices, which may be expressed in a variety of ways (for example, years, months).",
      "available_units": [
        "Year"
      ],
      "data_points_count": 1,
      "latest_value": {
        "value": 5.2,
        "date": "2011-12-31",
        "fiscal_year": 2011,
        "form": "10-K",
        "filed": "2012-02-28",
        "unit": "Year",
        "type": "annual"
      },
      "date_range": {
        "earliest": "2011-12-31",
        "latest": "2011-12-31"
      }
    },
    "SupplementaryLeverageRatio": {
      "taxonomy": "us-gaap",
      "label": "Banking Regulation, Supplementary Leverage Ratio, Actual",
      "description": "Ratio of Tier 1 risk-based capital to total leverage exposure as defined by regulatory framework.",
      "available_units": [
        "pure"
      ],
      "data_points_count": 13,
      "latest_value": {
        "value": 0.065,
        "date": "2024-12-31",
        "fiscal_year": 2024,
        "form": "10-K",
        "filed": "2025-02-27",
        "unit": "pure",
        "type": "annual"
      },
      "date_range": {
        "earliest": "2018-12-31",
        "latest": "2024-12-31"
      }
    },
    "TierOneRiskBasedCapital": {
      "taxonomy": "us-gaap",
      "label": "Banking Regulation, Tier One Risk-Based Capital, Actual",
      "description": "Amount of Tier 1 risk-based capital as defined by regulatory framework.",
      "available_units": [
        "USD"
      ],
      "data_points_count": 22,
      "latest_value": {
        "value": 23039000000,
        "date": "2024-12-31",
        "fiscal_year": 2024,
        "form": "10-K",
        "filed": "2025-02-27",
        "unit": "USD",
        "type": "annual"
      },
      "date_range": {
        "earliest": "2009-12-31",
        "latest": "2024-12-31"
      }
    },
    "TierTwoRiskBasedCapital": {
      "taxonomy": "us-gaap",
      "label": "Banking Regulation, Tier Two Risk-Based Capital, Actual",
      "description": "Amount of Tier 2 risk-based capital as defined by regulatory framework.",
      "available_units": [
        "USD"
      ],
      "data_points_count": 6,
      "latest_value": {
        "value": 895000000,
        "date": "2013-12-31",
        "fiscal_year": 2013,
        "form": "10-K",
        "filed": "2014-02-28",
        "unit": "USD",
        "type": "annual"
      },
      "date_range": {
        "earliest": "2010-12-31",
        "latest": "2013-12-31"
      }
    },
    "AdjustmentsToAdditionalPaidInCapitalSharebasedCompensationRequisiteServicePeriodRecognitionValue": {
      "taxonomy": "us-gaap",
      "label": "APIC, Share-based Payment Arrangement, Increase for Cost Recognition",
      "description": "Amount of increase to additional paid-in capital (APIC) for recognition of cost for award under share-based payment arrangement.",
      "available_units": [
        "USD"
      ],
      "data_points_count": 19,
      "latest_value": {
        "value": 329000000,
        "date": "2024-09-30",
        "fiscal_year": 2024,
        "fiscal_period": "Q3",
        "form": "10-Q",
        "filed": "2024-11-01",
        "unit": "USD",
        "type": "quarterly"
      },
      "date_range": {
        "earliest": "2023-03-31",
        "latest": "2024-09-30"
      }
    }
  }
}