{
  "chunk_metadata": {
    "domain": "public",
    "CIK": "91576",
    "data_type": "SEC",
    "ticker": "KEY",
    "chunk_name": "Risk & Capital Management",
    "chunk_id": "risk_capital",
    "company_name": "KeyCorp",
    "extraction_date": "2025-09-30T11:01:43.892183",
    "metrics_count": 9,
    "total_company_metrics": 0,
    "chunking_strategy": "context_aware_balanced"
  },
  "metrics": {
    "AllocatedShareBasedCompensationExpense": {
      "taxonomy": "us-gaap",
      "label": "Share-based Payment Arrangement, Expense",
      "description": "Amount of expense for award under share-based payment arrangement. Excludes amount capitalized.",
      "available_units": [
        "USD"
      ],
      "data_points_count": 45,
      "latest_value": {
        "value": 104000000,
        "date": "2024-12-31",
        "fiscal_year": 2024,
        "form": "10-K",
        "filed": "2025-02-21",
        "unit": "USD",
        "type": "annual"
      },
      "date_range": {
        "earliest": "2008-12-31",
        "latest": "2024-12-31"
      }
    },
    "BusinessCombinationIntegrationRelatedCosts": {
      "taxonomy": "us-gaap",
      "label": "Business Combination, Integration Related Costs",
      "description": "Costs incurred to effect a business combination which have been expensed during the period. Such costs could include business integration costs, systems integration and conversion costs, and severance and other employee-related costs.",
      "available_units": [
        "USD"
      ],
      "data_points_count": 2,
      "latest_value": {
        "value": 81000000,
        "date": "2017-03-31",
        "fiscal_year": 2017,
        "fiscal_period": "Q1",
        "form": "10-Q",
        "filed": "2017-05-05",
        "unit": "USD",
        "type": "quarterly"
      },
      "date_range": {
        "earliest": "2016-09-30",
        "latest": "2017-03-31"
      }
    },
    "CapitalizedComputerSoftwareAccumulatedAmortization": {
      "taxonomy": "us-gaap",
      "label": "Capitalized Computer Software, Accumulated Amortization",
      "description": "For each balance sheet presented, the amount of accumulated amortization for capitalized computer software costs.",
      "available_units": [
        "USD"
      ],
      "data_points_count": 10,
      "latest_value": {
        "value": 308000000,
        "date": "2024-12-31",
        "fiscal_year": 2024,
        "form": "10-K",
        "filed": "2025-02-21",
        "unit": "USD",
        "type": "annual"
      },
      "date_range": {
        "earliest": "2019-12-31",
        "latest": "2024-12-31"
      }
    },
    "CapitalizedComputerSoftwareAmortization1": {
      "taxonomy": "us-gaap",
      "label": "Capitalized Computer Software, Amortization",
      "description": "Amount of expense for amortization of capitalized computer software costs.",
      "available_units": [
        "USD"
      ],
      "data_points_count": 15,
      "latest_value": {
        "value": 84000000,
        "date": "2024-12-31",
        "fiscal_year": 2024,
        "form": "10-K",
        "filed": "2025-02-21",
        "unit": "USD",
        "type": "annual"
      },
      "date_range": {
        "earliest": "2018-12-31",
        "latest": "2024-12-31"
      }
    },
    "CapitalizedComputerSoftwareNet": {
      "taxonomy": "us-gaap",
      "label": "Capitalized Computer Software, Net",
      "description": "The carrying amount of capitalized computer software costs net of accumulated amortization as of the balance sheet date.",
      "available_units": [
        "USD"
      ],
      "data_points_count": 24,
      "latest_value": {
        "value": 597000000,
        "date": "2024-12-31",
        "fiscal_year": 2024,
        "form": "10-K",
        "filed": "2025-02-21",
        "unit": "USD",
        "type": "annual"
      },
      "date_range": {
        "earliest": "2009-12-31",
        "latest": "2024-12-31"
      }
    },
    "ReinsuranceRetentionPolicyExcessRetentionAmountReinsured": {
      "taxonomy": "us-gaap",
      "label": "Reinsurance Retention Policy, Excess Retention, Amount Reinsured",
      "description": "Amount of risk reinsured in excess of stated retention per company policy.",
      "available_units": [
        "USD"
      ],
      "data_points_count": 27,
      "latest_value": {
        "value": 28000000,
        "date": "2021-12-31",
        "fiscal_year": 2021,
        "form": "10-K",
        "filed": "2022-02-22",
        "unit": "USD",
        "type": "annual"
      },
      "date_range": {
        "earliest": "2015-12-31",
        "latest": "2021-12-31"
      }
    },
    "ShareBasedCompensationArrangementByShareBasedPaymentAwardOptionsForfeituresAndExpirationsInPeriod": {
      "taxonomy": "us-gaap",
      "label": "Share-based Compensation Arrangement by Share-based Payment Award, Options, Forfeitures and Expirations in Period",
      "description": "For presentations that combine terminations, the number of shares under options that were cancelled during the reporting period as a result of occurrence of a terminating event specified in contractual agreements pertaining to the stock option plan or that expired.",
      "available_units": [
        "shares"
      ],
      "data_points_count": 15,
      "latest_value": {
        "value": 272920,
        "date": "2024-12-31",
        "fiscal_year": 2024,
        "form": "10-K",
        "filed": "2025-02-21",
        "unit": "shares",
        "type": "annual"
      },
      "date_range": {
        "earliest": "2010-12-31",
        "latest": "2024-12-31"
      }
    },
    "ShareBasedCompensationArrangementByShareBasedPaymentAwardOptionsForfeituresAndExpirationsInPeriodWeightedAverageExercisePrice": {
      "taxonomy": "us-gaap",
      "label": "Share-based Compensation Arrangement by Share-based Payment Award, Options, Forfeitures and Expirations in Period, Weighted Average Exercise Price",
      "description": "Weighted average price of options that were either forfeited or expired.",
      "available_units": [
        "USD/shares"
      ],
      "data_points_count": 15,
      "latest_value": {
        "value": 19.08,
        "date": "2024-12-31",
        "fiscal_year": 2024,
        "form": "10-K",
        "filed": "2025-02-21",
        "unit": "USD/shares",
        "type": "annual"
      },
      "date_range": {
        "earliest": "2010-12-31",
        "latest": "2024-12-31"
      }
    },
    "ShareBasedCompensationArrangementByShareBasedPaymentAwardPercentageOfOutstandingStockMaximum": {
      "taxonomy": "us-gaap",
      "label": "Share-based Compensation Arrangement by Share-based Payment Award, Percentage of Outstanding Stock Maximum",
      "description": "Maximum number of shares that may be issued in accordance with the plan as a proportion of outstanding capital stock.",
      "available_units": [
        "pure"
      ],
      "data_points_count": 9,
      "latest_value": {
        "value": 0.06,
        "date": "2024-12-31",
        "fiscal_year": 2024,
        "form": "10-K",
        "filed": "2025-02-21",
        "unit": "pure",
        "type": "annual"
      },
      "date_range": {
        "earliest": "2016-12-31",
        "latest": "2024-12-31"
      }
    }
  }
}