{
  "chunk_metadata": {
    "domain": "public",
    "CIK": "19617",
    "data_type": "SEC",
    "ticker": "JPM",
    "chunk_name": "Risk & Capital Management",
    "chunk_id": "risk_capital",
    "company_name": "JPMorgan Chase & Co",
    "extraction_date": "2025-09-30T11:01:43.846587",
    "metrics_count": 10,
    "total_company_metrics": 0,
    "chunking_strategy": "context_aware_balanced"
  },
  "metrics": {
    "AdditionalPaidInCapitalCommonStock": {
      "taxonomy": "us-gaap",
      "label": "Additional Paid in Capital, Common Stock",
      "description": "Value received from shareholders in common stock-related transactions that are in excess of par value or stated value and amounts received from other stock-related transactions. Includes only common stock transactions (excludes preferred stock transactions). May be called contributed capital, capital in excess of par, capital surplus, or paid-in capital.",
      "available_units": [
        "USD"
      ],
      "data_points_count": 130,
      "latest_value": {
        "value": 90911000000,
        "date": "2024-12-31",
        "fiscal_year": 2024,
        "form": "10-K",
        "filed": "2025-02-14",
        "unit": "USD",
        "type": "annual"
      },
      "date_range": {
        "earliest": "2009-12-31",
        "latest": "2025-06-30"
      }
    },
    "Capital": {
      "taxonomy": "us-gaap",
      "label": "Banking Regulation, Total Capital, Actual",
      "description": "Amount of total capital as defined by regulatory framework.",
      "available_units": [
        "USD"
      ],
      "data_points_count": 24,
      "latest_value": {
        "value": 199286000000,
        "date": "2013-12-31",
        "fiscal_year": 2013,
        "form": "10-K",
        "filed": "2014-02-20",
        "unit": "USD",
        "type": "annual"
      },
      "date_range": {
        "earliest": "2009-12-31",
        "latest": "2013-12-31"
      }
    },
    "PreferredStockIncludingAdditionalPaidInCapitalNetOfDiscount": {
      "taxonomy": "us-gaap",
      "label": "Preferred Stock, Including Additional Paid in Capital, Net of Discount",
      "description": "Aggregate par value plus amounts in excess of par or issuance value (in cases of no-par value stock) for nonredeemable preferred stock (or preferred stock redeemable solely at the option of the issuer) issued and outstanding, net of discount on shares. Aggregate for preferred stock issued and outstanding.",
      "available_units": [
        "USD"
      ],
      "data_points_count": 130,
      "latest_value": {
        "value": 20050000000,
        "date": "2024-12-31",
        "fiscal_year": 2024,
        "form": "10-K",
        "filed": "2025-02-14",
        "unit": "USD",
        "type": "annual"
      },
      "date_range": {
        "earliest": "2009-12-31",
        "latest": "2025-06-30"
      }
    },
    "PreferredStockRedemptionPremium": {
      "taxonomy": "us-gaap",
      "label": "Preferred Stock Redemption Premium",
      "description": "The excess of (1) fair value of the consideration transferred to the holders of the preferred stock over (2) the carrying amount of the preferred stock in the registrant's balance sheet, during the accounting period.",
      "available_units": [
        "USD"
      ],
      "data_points_count": 13,
      "latest_value": {
        "value": 0,
        "date": "2011-12-31",
        "fiscal_year": 2011,
        "form": "10-K",
        "filed": "2012-02-29",
        "unit": "USD",
        "type": "annual"
      },
      "date_range": {
        "earliest": "2009-06-30",
        "latest": "2011-12-31"
      }
    },
    "ShareBasedCompensationArrangementByShareBasedPaymentAwardOptionsExercisableWeightedAverageRemainingContractualTerm": {
      "taxonomy": "us-gaap",
      "label": "Share-based Compensation Arrangement by Share-based Payment Award, Options, Exercisable, Weighted Average Remaining Contractual Term (Deprecated 2012-01-31)",
      "description": "The weighted average period between the balance sheet date and expiration for all vested portions of options outstanding and currently exercisable (or convertible) under the plan, which may be expressed in a decimal value for number of years.",
      "available_units": [
        "pure"
      ],
      "data_points_count": 2,
      "latest_value": {
        "value": 2.1,
        "date": "2010-12-31",
        "fiscal_year": 2010,
        "form": "10-K",
        "filed": "2011-02-28",
        "unit": "pure",
        "type": "annual"
      },
      "date_range": {
        "earliest": "2010-12-31",
        "latest": "2010-12-31"
      }
    },
    "ShareBasedCompensationArrangementByShareBasedPaymentAwardOptionsExpirationsInPeriodWeightedAverageExercisePrice": {
      "taxonomy": "us-gaap",
      "label": "Share-based Compensation Arrangement by Share-based Payment Award, Options, Expirations in Period, Weighted Average Exercise Price (Deprecated 2012-01-31)",
      "description": "The weighted average price at which grantees could have acquired the underlying shares with respect to stock options of the plan that lapsed during the reporting period.",
      "available_units": [
        "USD"
      ],
      "data_points_count": 2,
      "latest_value": {
        "value": 65.95,
        "date": "2010-12-31",
        "fiscal_year": 2010,
        "form": "10-K",
        "filed": "2011-02-28",
        "unit": "USD",
        "type": "annual"
      },
      "date_range": {
        "earliest": "2010-12-31",
        "latest": "2010-12-31"
      }
    },
    "ShareBasedCompensationArrangementByShareBasedPaymentAwardOptionsOutstandingWeightedAverageRemainingContractualTerm": {
      "taxonomy": "us-gaap",
      "label": "Share-based Compensation Arrangement by Share-based Payment Award, Options, Outstanding, Weighted Average Remaining Contractual Term (Deprecated 2011-01-31)",
      "description": "The weighted average period between the balance sheet date and expiration for all awards outstanding under the plan, which may be expressed in a decimal value for number of years.",
      "available_units": [
        "pure"
      ],
      "data_points_count": 2,
      "latest_value": {
        "value": 3.4,
        "date": "2010-12-31",
        "fiscal_year": 2010,
        "form": "10-K",
        "filed": "2011-02-28",
        "unit": "pure",
        "type": "annual"
      },
      "date_range": {
        "earliest": "2010-12-31",
        "latest": "2010-12-31"
      }
    },
    "TierOneRiskBasedCapital": {
      "taxonomy": "us-gaap",
      "label": "Banking Regulation, Tier One Risk-Based Capital, Actual",
      "description": "Amount of Tier 1 risk-based capital as defined by regulatory framework.",
      "available_units": [
        "USD"
      ],
      "data_points_count": 24,
      "latest_value": {
        "value": 165663000000,
        "date": "2013-12-31",
        "fiscal_year": 2013,
        "form": "10-K",
        "filed": "2014-02-20",
        "unit": "USD",
        "type": "annual"
      },
      "date_range": {
        "earliest": "2009-12-31",
        "latest": "2013-12-31"
      }
    },
    "TierTwoRiskBasedCapital": {
      "taxonomy": "us-gaap",
      "label": "Banking Regulation, Tier Two Risk-Based Capital, Actual",
      "description": "Amount of Tier 2 risk-based capital as defined by regulatory framework.",
      "available_units": [
        "USD"
      ],
      "data_points_count": 20,
      "latest_value": {
        "value": 33623000000,
        "date": "2013-12-31",
        "fiscal_year": 2013,
        "form": "10-K",
        "filed": "2014-02-20",
        "unit": "USD",
        "type": "annual"
      },
      "date_range": {
        "earliest": "2010-12-31",
        "latest": "2013-12-31"
      }
    },
    "BusinessCombinationIntegrationRelatedCosts": {
      "taxonomy": "us-gaap",
      "label": "Business Combination, Integration Related Costs",
      "description": "Costs incurred to effect a business combination which have been expensed during the period. Such costs could include business integration costs, systems integration and conversion costs, and severance and other employee-related costs.",
      "available_units": [
        "USD"
      ],
      "data_points_count": 8,
      "latest_value": {
        "value": 488000000,
        "date": "2024-12-31",
        "fiscal_year": 2024,
        "form": "10-K",
        "filed": "2025-02-14",
        "unit": "USD",
        "type": "annual"
      },
      "date_range": {
        "earliest": "2023-12-31",
        "latest": "2024-12-31"
      }
    }
  }
}