{
  "chunk_metadata": {
    "domain": "public",
    "CIK": "36270",
    "data_type": "SEC",
    "ticker": "MTB",
    "chunk_name": "Revenue & Profitability",
    "chunk_id": "revenue_profit",
    "company_name": "M&T BANK CORPORATION",
    "extraction_date": "2025-09-30T11:01:43.951415",
    "metrics_count": 78,
    "total_company_metrics": 0,
    "chunking_strategy": "context_aware_balanced"
  },
  "metrics": {
    "EntityCommonStockSharesOutstanding": {
      "taxonomy": "dei",
      "label": "Entity Common Stock, Shares Outstanding",
      "description": "Indicate number of shares or other units outstanding of each of registrant's classes of capital or common stock or other ownership interests, if and as stated on cover of related periodic report. Where multiple classes or units exist define each class/interest by adding class of stock items such as Common Class A [Member], Common Class B [Member] or Partnership Interest [Member] onto the Instrument [Domain] of the Entity Listings, Instrument.",
      "available_units": [
        "shares"
      ],
      "data_points_count": 67,
      "latest_value": {
        "value": 164333454,
        "date": "2025-02-14",
        "fiscal_year": 2024,
        "form": "10-K",
        "filed": "2025-02-19",
        "unit": "shares",
        "type": "annual"
      },
      "date_range": {
        "earliest": "2009-07-24",
        "latest": "2025-07-31"
      }
    },
    "BusinessAcquisitionProFormaNetIncomeLoss": {
      "taxonomy": "us-gaap",
      "label": "Business Acquisition, Pro Forma Net Income (Loss) (Deprecated 2011-01-31)",
      "description": "The pro forma net Income or Loss for the period as if the business combination or combinations had been completed at the beginning of a period.",
      "available_units": [
        "USD"
      ],
      "data_points_count": 8,
      "latest_value": {
        "value": 292862000,
        "date": "2009-12-31",
        "fiscal_year": 2010,
        "form": "10-K",
        "filed": "2011-02-22",
        "unit": "USD",
        "type": "annual"
      },
      "date_range": {
        "earliest": "2008-12-31",
        "latest": "2011-06-30"
      }
    },
    "BusinessAcquisitionProFormaRevenue": {
      "taxonomy": "us-gaap",
      "label": "Business Acquisition, Pro Forma Revenue (Deprecated 2011-01-31)",
      "description": "The pro forma revenue for a period as if the business combination or combinations had been completed at the beginning of the period.",
      "available_units": [
        "USD"
      ],
      "data_points_count": 8,
      "latest_value": {
        "value": 3823763000,
        "date": "2009-12-31",
        "fiscal_year": 2010,
        "form": "10-K",
        "filed": "2011-02-22",
        "unit": "USD",
        "type": "annual"
      },
      "date_range": {
        "earliest": "2008-12-31",
        "latest": "2011-06-30"
      }
    },
    "BusinessAcquisitionsProFormaNetIncomeLoss": {
      "taxonomy": "us-gaap",
      "label": "Business Acquisition, Pro Forma Net Income (Loss)",
      "description": "The pro forma net Income or Loss for the period as if the business combination or combinations had been completed at the beginning of a period.",
      "available_units": [
        "USD"
      ],
      "data_points_count": 23,
      "latest_value": {
        "value": 1011463000,
        "date": "2015-12-31",
        "fiscal_year": 2017,
        "form": "10-K",
        "filed": "2018-02-22",
        "unit": "USD",
        "type": "annual"
      },
      "date_range": {
        "earliest": "2010-09-30",
        "latest": "2015-12-31"
      }
    },
    "BusinessAcquisitionsProFormaRevenue": {
      "taxonomy": "us-gaap",
      "label": "Business Acquisition, Pro Forma Revenue",
      "description": "The pro forma revenue for a period as if the business combination or combinations had been completed at the beginning of the period.",
      "available_units": [
        "USD"
      ],
      "data_points_count": 23,
      "latest_value": {
        "value": 5132662000,
        "date": "2015-12-31",
        "fiscal_year": 2017,
        "form": "10-K",
        "filed": "2018-02-22",
        "unit": "USD",
        "type": "annual"
      },
      "date_range": {
        "earliest": "2010-09-30",
        "latest": "2015-12-31"
      }
    },
    "BusinessCombinationProFormaInformationEarningsOrLossOfAcquireeSinceAcquisitionDateActual": {
      "taxonomy": "us-gaap",
      "label": "Business Combination, Pro Forma Information, Earnings or Loss of Acquiree since Acquisition Date, Actual",
      "description": "This element represents the amount of earnings or loss of the acquiree since the acquisition date included in the consolidated income statement for the reporting period.",
      "available_units": [
        "USD"
      ],
      "data_points_count": 9,
      "latest_value": {
        "value": -21175000,
        "date": "2015-12-31",
        "fiscal_year": 2015,
        "form": "10-K",
        "filed": "2016-02-19",
        "unit": "USD",
        "type": "annual"
      },
      "date_range": {
        "earliest": "2009-12-31",
        "latest": "2015-12-31"
      }
    },
    "BusinessCombinationProFormaInformationRevenueOfAcquireeSinceAcquisitionDateActual": {
      "taxonomy": "us-gaap",
      "label": "Business Combination, Pro Forma Information, Revenue of Acquiree since Acquisition Date, Actual",
      "description": "This element represents the amount of revenue of the acquiree since the acquisition date included in the consolidated income statement for the reporting period.",
      "available_units": [
        "USD"
      ],
      "data_points_count": 9,
      "latest_value": {
        "value": 111168000,
        "date": "2015-12-31",
        "fiscal_year": 2015,
        "form": "10-K",
        "filed": "2016-02-19",
        "unit": "USD",
        "type": "annual"
      },
      "date_range": {
        "earliest": "2009-12-31",
        "latest": "2015-12-31"
      }
    },
    "ChangeInUnrealizedGainLossOnFairValueHedgingInstruments": {
      "taxonomy": "us-gaap",
      "label": "Change in Unrealized Gain (Loss) on Fair Value Hedging Instruments (Deprecated 2013-01-31)",
      "description": "The amount recognized in earnings related to the change in fair value during the period of derivative or nonderivative instruments designated as fair value hedging instruments.",
      "available_units": [
        "USD"
      ],
      "data_points_count": 17,
      "latest_value": {
        "value": 41125000,
        "date": "2010-12-31",
        "fiscal_year": 2010,
        "form": "10-K",
        "filed": "2011-02-22",
        "unit": "USD",
        "type": "annual"
      },
      "date_range": {
        "earliest": "2008-12-31",
        "latest": "2011-06-30"
      }
    },
    "ChangeInUnrealizedGainLossOnHedgedItemInFairValueHedge": {
      "taxonomy": "us-gaap",
      "label": "Change in Unrealized Gain (Loss) on Hedged Item in Fair Value Hedge (Deprecated 2013-01-31)",
      "description": "The amount recognized in earnings related to the change in fair value during the period of the hedged item in a fair value hedge.",
      "available_units": [
        "USD"
      ],
      "data_points_count": 17,
      "latest_value": {
        "value": -39299000,
        "date": "2010-12-31",
        "fiscal_year": 2010,
        "form": "10-K",
        "filed": "2011-02-22",
        "unit": "USD",
        "type": "annual"
      },
      "date_range": {
        "earliest": "2008-12-31",
        "latest": "2011-06-30"
      }
    },
    "CommonStockDividendsPerShareDeclared": {
      "taxonomy": "us-gaap",
      "label": "Common Stock, Dividends, Per Share, Declared",
      "description": "Aggregate dividends declared during the period for each share of common stock outstanding.",
      "available_units": [
        "USD/shares"
      ],
      "data_points_count": 31,
      "latest_value": {
        "value": 5.35,
        "date": "2024-12-31",
        "fiscal_year": 2024,
        "form": "10-K",
        "filed": "2025-02-19",
        "unit": "USD/shares",
        "type": "annual"
      },
      "date_range": {
        "earliest": "2008-06-30",
        "latest": "2025-06-30"
      }
    },
    "CumulativeEffectOnRetainedEarningsBeforeTax1": {
      "taxonomy": "us-gaap",
      "label": "Cumulative Effect on Retained Earnings, before Tax (Deprecated 2020-01-31)",
      "description": "Amount of the cumulative effect on retained earnings before related income tax effect.",
      "available_units": [
        "USD"
      ],
      "data_points_count": 8,
      "latest_value": {
        "value": -22795000,
        "date": "2018-12-31",
        "fiscal_year": 2018,
        "form": "10-K",
        "filed": "2019-02-20",
        "unit": "USD",
        "type": "annual"
      },
      "date_range": {
        "earliest": "2018-03-31",
        "latest": "2018-12-31"
      }
    },
    "CumulativeEffectOnRetainedEarningsNetOfTax1": {
      "taxonomy": "us-gaap",
      "label": "Cumulative Effect on Retained Earnings, Net of Tax (Deprecated 2020-01-31)",
      "description": "Amount of the cumulative effect on retained earnings net of related income tax effect.",
      "available_units": [
        "USD"
      ],
      "data_points_count": 8,
      "latest_value": {
        "value": -16853000,
        "date": "2018-12-31",
        "fiscal_year": 2018,
        "form": "10-K",
        "filed": "2019-02-20",
        "unit": "USD",
        "type": "annual"
      },
      "date_range": {
        "earliest": "2018-03-31",
        "latest": "2018-12-31"
      }
    },
    "CumulativeEffectOnRetainedEarningsTax1": {
      "taxonomy": "us-gaap",
      "label": "Cumulative Effect on Retained Earnings, Tax (Deprecated 2020-01-31)",
      "description": "Amount of the related income tax effect of a cumulative effect on retained earnings.",
      "available_units": [
        "USD"
      ],
      "data_points_count": 8,
      "latest_value": {
        "value": 5942000,
        "date": "2018-12-31",
        "fiscal_year": 2018,
        "form": "10-K",
        "filed": "2019-02-20",
        "unit": "USD",
        "type": "annual"
      },
      "date_range": {
        "earliest": "2018-03-31",
        "latest": "2018-12-31"
      }
    },
    "CurrentIncomeTaxExpenseBenefit": {
      "taxonomy": "us-gaap",
      "label": "Current Income Tax Expense (Benefit)",
      "description": "Amount of current income tax expense (benefit) pertaining to taxable income (loss) from continuing operations.",
      "available_units": [
        "USD"
      ],
      "data_points_count": 45,
      "latest_value": {
        "value": 568000000,
        "date": "2024-12-31",
        "fiscal_year": 2024,
        "form": "10-K",
        "filed": "2025-02-19",
        "unit": "USD",
        "type": "annual"
      },
      "date_range": {
        "earliest": "2008-12-31",
        "latest": "2024-12-31"
      }
    },
    "CurrentStateAndLocalTaxExpenseBenefit": {
      "taxonomy": "us-gaap",
      "label": "Current State and Local Tax Expense (Benefit)",
      "description": "Amount of current state and local tax expense (benefit) pertaining to income (loss) from continuing operations.",
      "available_units": [
        "USD"
      ],
      "data_points_count": 45,
      "latest_value": {
        "value": 169000000,
        "date": "2024-12-31",
        "fiscal_year": 2024,
        "form": "10-K",
        "filed": "2025-02-19",
        "unit": "USD",
        "type": "annual"
      },
      "date_range": {
        "earliest": "2008-12-31",
        "latest": "2024-12-31"
      }
    },
    "DeferredIncomeTaxExpenseBenefit": {
      "taxonomy": "us-gaap",
      "label": "Deferred Income Tax Expense (Benefit)",
      "description": "Amount of deferred income tax expense (benefit) pertaining to income (loss) from continuing operations.",
      "available_units": [
        "USD"
      ],
      "data_points_count": 150,
      "latest_value": {
        "value": -27000000,
        "date": "2024-12-31",
        "fiscal_year": 2024,
        "form": "10-K",
        "filed": "2025-02-19",
        "unit": "USD",
        "type": "annual"
      },
      "date_range": {
        "earliest": "2007-12-31",
        "latest": "2025-06-30"
      }
    },
    "DeferredStateAndLocalIncomeTaxExpenseBenefit": {
      "taxonomy": "us-gaap",
      "label": "Deferred State and Local Income Tax Expense (Benefit)",
      "description": "Amount of deferred state and local tax expense (benefit) pertaining to income (loss) from continuing operations.",
      "available_units": [
        "USD"
      ],
      "data_points_count": 45,
      "latest_value": {
        "value": -6000000,
        "date": "2024-12-31",
        "fiscal_year": 2024,
        "form": "10-K",
        "filed": "2025-02-19",
        "unit": "USD",
        "type": "annual"
      },
      "date_range": {
        "earliest": "2008-12-31",
        "latest": "2024-12-31"
      }
    },
    "DefinedBenefitPlanAmountsRecognizedInOtherComprehensiveIncomeLossNetGainLossBeforeTax": {
      "taxonomy": "us-gaap",
      "label": "Other Comprehensive Income (Loss), Defined Benefit Plan, Gain (Loss), after Reclassification Adjustment, before Tax",
      "description": "Amount, before tax, after reclassification adjustment, of increase (decrease) in accumulated other comprehensive income from gain (loss) of defined benefit plan.",
      "available_units": [
        "USD"
      ],
      "data_points_count": 26,
      "latest_value": {
        "value": 286000000,
        "date": "2024-12-31",
        "fiscal_year": 2024,
        "form": "10-K",
        "filed": "2025-02-19",
        "unit": "USD",
        "type": "annual"
      },
      "date_range": {
        "earliest": "2011-12-31",
        "latest": "2024-12-31"
      }
    },
    "DefinedBenefitPlanAmountsRecognizedInOtherComprehensiveIncomeNetGainLossBeforeTax": {
      "taxonomy": "us-gaap",
      "label": "Defined Benefit Plan, Amounts Recognized in Other Comprehensive Income (Loss), Net Gain (Loss), before Tax (Deprecated 2012-01-31)",
      "description": "The aggregate net gain (loss) recognized in other comprehensive income, including amounts arising during the period and reclassification adjustments of other comprehensive income as a result of being recognized as components of net periodic benefit cost for the period.",
      "available_units": [
        "USD"
      ],
      "data_points_count": 2,
      "latest_value": {
        "value": 258146000,
        "date": "2011-12-31",
        "fiscal_year": 2011,
        "form": "10-K",
        "filed": "2012-02-23",
        "unit": "USD",
        "type": "annual"
      },
      "date_range": {
        "earliest": "2010-12-31",
        "latest": "2011-12-31"
      }
    },
    "DefinedBenefitPlanEffectOfOnePercentagePointDecreaseOnServiceAndInterestCostComponents": {
      "taxonomy": "us-gaap",
      "label": "Defined Benefit Plan, Effect of One Percentage Point Decrease on Service and Interest Cost Components (Deprecated 2012-01-31)",
      "description": "The effect of a one-percentage- point decrease in the assumed health care cost trend rates on the aggregate of the service and interest cost components of net periodic postretirement health care benefit costs.",
      "available_units": [
        "USD"
      ],
      "data_points_count": 2,
      "latest_value": {
        "value": -134000,
        "date": "2011-12-31",
        "fiscal_year": 2011,
        "form": "10-K",
        "filed": "2012-02-23",
        "unit": "USD",
        "type": "annual"
      },
      "date_range": {
        "earliest": "2010-12-31",
        "latest": "2011-12-31"
      }
    },
    "DefinedBenefitPlanEffectOfOnePercentagePointDecreaseOnServiceAndInterestCostComponents1": {
      "taxonomy": "us-gaap",
      "label": "Defined Benefit Plan, Effect of One Percentage Point Decrease on Service and Interest Cost Components",
      "description": "Amount of decrease in service and interest cost components of net periodic postretirement benefit cost from one-percentage-point decrease in assumed health care cost trend rate.",
      "available_units": [
        "USD"
      ],
      "data_points_count": 8,
      "latest_value": {
        "value": 45000,
        "date": "2019-12-31",
        "fiscal_year": 2019,
        "form": "10-K",
        "filed": "2020-02-20",
        "unit": "USD",
        "type": "annual"
      },
      "date_range": {
        "earliest": "2012-12-31",
        "latest": "2019-12-31"
      }
    },
    "DefinedBenefitPlanEffectOfOnePercentagePointIncreaseOnServiceAndInterestCostComponents": {
      "taxonomy": "us-gaap",
      "label": "Defined Benefit Plan, Effect of One Percentage Point Increase on Service and Interest Cost Components",
      "description": "Amount of increase in service and interest cost components of net periodic postretirement benefit cost from one-percentage-point increase in assumed health care cost trend rate.",
      "available_units": [
        "USD"
      ],
      "data_points_count": 10,
      "latest_value": {
        "value": 49000,
        "date": "2019-12-31",
        "fiscal_year": 2019,
        "form": "10-K",
        "filed": "2020-02-20",
        "unit": "USD",
        "type": "annual"
      },
      "date_range": {
        "earliest": "2010-12-31",
        "latest": "2019-12-31"
      }
    },
    "DerivativeAverageFixedInterestRate": {
      "taxonomy": "us-gaap",
      "label": "Derivative, Average Fixed Interest Rate",
      "description": "Average fixed interest rate related to the group of interest rate derivatives.",
      "available_units": [
        "pure"
      ],
      "data_points_count": 1,
      "latest_value": {
        "value": 0.0396,
        "date": "2014-06-30",
        "fiscal_year": 2014,
        "fiscal_period": "Q2",
        "form": "10-Q",
        "filed": "2014-08-07",
        "unit": "pure",
        "type": "quarterly"
      },
      "date_range": {
        "earliest": "2014-06-30",
        "latest": "2014-06-30"
      }
    },
    "DerivativeAverageVariableInterestRate": {
      "taxonomy": "us-gaap",
      "label": "Derivative, Average Variable Interest Rate",
      "description": "Average variable interest rate related to the group of interest rate derivatives.",
      "available_units": [
        "pure"
      ],
      "data_points_count": 1,
      "latest_value": {
        "value": 0.0102,
        "date": "2014-06-30",
        "fiscal_year": 2014,
        "fiscal_period": "Q2",
        "form": "10-Q",
        "filed": "2014-08-07",
        "unit": "pure",
        "type": "quarterly"
      },
      "date_range": {
        "earliest": "2014-06-30",
        "latest": "2014-06-30"
      }
    },
    "DiscontinuedOperationGainLossFromDisposalOfDiscontinuedOperationBeforeIncomeTax": {
      "taxonomy": "us-gaap",
      "label": "Discontinued Operation, Gain (Loss) from Disposal of Discontinued Operation, before Income Tax",
      "description": "Amount before tax of gain (loss) not previously recognized resulting from the disposal of a discontinued operation.",
      "available_units": [
        "USD"
      ],
      "data_points_count": 8,
      "latest_value": {
        "value": 45000000,
        "date": "2015-04-30",
        "fiscal_year": 2017,
        "form": "10-K",
        "filed": "2018-02-22",
        "unit": "USD",
        "type": "annual"
      },
      "date_range": {
        "earliest": "2015-04-30",
        "latest": "2015-04-30"
      }
    },
    "DiscontinuedOperationGainLossOnDisposalOfDiscontinuedOperationNetOfTax": {
      "taxonomy": "us-gaap",
      "label": "Discontinued Operation, Gain (Loss) on Disposal of Discontinued Operation, Net of Tax",
      "description": "Amount after tax of gain (loss) not previously recognized resulting from the disposal of a discontinued operation.",
      "available_units": [
        "USD"
      ],
      "data_points_count": 8,
      "latest_value": {
        "value": 23000000,
        "date": "2015-04-30",
        "fiscal_year": 2017,
        "form": "10-K",
        "filed": "2018-02-22",
        "unit": "USD",
        "type": "annual"
      },
      "date_range": {
        "earliest": "2015-04-30",
        "latest": "2015-04-30"
      }
    },
    "DisposalGroupIncludingDiscontinuedOperationRevenue": {
      "taxonomy": "us-gaap",
      "label": "Disposal Group, Including Discontinued Operation, Revenue",
      "description": "Amount of revenue attributable to disposal group, including, but not limited to, discontinued operation.",
      "available_units": [
        "USD"
      ],
      "data_points_count": 19,
      "latest_value": {
        "value": 9000000,
        "date": "2015-12-31",
        "fiscal_year": 2017,
        "form": "10-K",
        "filed": "2018-02-22",
        "unit": "USD",
        "type": "annual"
      },
      "date_range": {
        "earliest": "2013-12-31",
        "latest": "2015-12-31"
      }
    },
    "EarningsPerShareBasic": {
      "taxonomy": "us-gaap",
      "label": "Earnings Per Share, Basic",
      "description": "The amount of net income (loss) for the period per each share of common stock or unit outstanding during the reporting period.",
      "available_units": [
        "USD/shares"
      ],
      "data_points_count": 218,
      "latest_value": {
        "value": 14.71,
        "date": "2024-12-31",
        "fiscal_year": 2024,
        "form": "10-K",
        "filed": "2025-02-19",
        "unit": "USD/shares",
        "type": "annual"
      },
      "date_range": {
        "earliest": "2007-12-31",
        "latest": "2025-06-30"
      }
    },
    "IncomeTaxExpenseBenefit": {
      "taxonomy": "us-gaap",
      "label": "Income Tax Expense (Benefit)",
      "description": "Amount of current income tax expense (benefit) and deferred income tax expense (benefit) pertaining to continuing operations.",
      "available_units": [
        "USD"
      ],
      "data_points_count": 218,
      "latest_value": {
        "value": 722000000,
        "date": "2024-12-31",
        "fiscal_year": 2024,
        "form": "10-K",
        "filed": "2025-02-19",
        "unit": "USD",
        "type": "annual"
      },
      "date_range": {
        "earliest": "2007-12-31",
        "latest": "2025-06-30"
      }
    },
    "IncreaseDecreaseInFairValueOfInterestRateFairValueHedgingInstruments1": {
      "taxonomy": "us-gaap",
      "label": "Increase (Decrease) in Fair Value of Interest Rate Fair Value Hedging Instruments",
      "description": "Amount of unrealized gain (loss) related to the fair value of interest rate derivatives designated as fair value hedging instruments, as offset by the gain (loss) on the hedged item to the extent that the fair value hedge is determined to be effective.",
      "available_units": [
        "USD"
      ],
      "data_points_count": 65,
      "latest_value": {
        "value": -1000000,
        "date": "2024-12-31",
        "fiscal_year": 2024,
        "form": "10-K",
        "filed": "2025-02-19",
        "unit": "USD",
        "type": "annual"
      },
      "date_range": {
        "earliest": "2017-06-30",
        "latest": "2025-06-30"
      }
    },
    "InterestExpense": {
      "taxonomy": "us-gaap",
      "label": "Interest Expense",
      "description": "Amount of the cost of borrowed funds accounted for as interest expense.",
      "available_units": [
        "USD"
      ],
      "data_points_count": 205,
      "latest_value": {
        "value": 3109000000,
        "date": "2023-12-31",
        "fiscal_year": 2023,
        "form": "10-K",
        "filed": "2024-02-21",
        "unit": "USD",
        "type": "annual"
      },
      "date_range": {
        "earliest": "2007-12-31",
        "latest": "2024-06-30"
      }
    },
    "InterestIncomeExpenseNet": {
      "taxonomy": "us-gaap",
      "label": "Interest Income (Expense), Net",
      "description": "The net amount of operating interest income (expense).",
      "available_units": [
        "USD"
      ],
      "data_points_count": 218,
      "latest_value": {
        "value": 6852000000,
        "date": "2024-12-31",
        "fiscal_year": 2024,
        "form": "10-K",
        "filed": "2025-02-19",
        "unit": "USD",
        "type": "annual"
      },
      "date_range": {
        "earliest": "2007-12-31",
        "latest": "2025-06-30"
      }
    },
    "InterestRevenueExpense": {
      "taxonomy": "us-gaap",
      "label": "Segment Reporting Information, Interest Income or Expense, Net (Deprecated 2012-01-31)",
      "description": "Amount of interest revenue net of interest expense for the reportable segment. Reporting interest revenue net of interest expense is permitted only when a majority of the segment's revenues are from interest and the chief operating decision maker relies primarily on net interest revenue to assess the performance of the segment and make decisions about resources to be allocated to the segment.",
      "available_units": [
        "USD"
      ],
      "data_points_count": 3,
      "latest_value": {
        "value": 2389756000,
        "date": "2011-12-31",
        "fiscal_year": 2011,
        "form": "10-K",
        "filed": "2012-02-23",
        "unit": "USD",
        "type": "annual"
      },
      "date_range": {
        "earliest": "2009-12-31",
        "latest": "2011-12-31"
      }
    },
    "LitigationSettlementExpense": {
      "taxonomy": "us-gaap",
      "label": "Litigation Settlement, Expense",
      "description": "Amount of litigation expense, including but not limited to legal, forensic, accounting, and investigative fees.",
      "available_units": [
        "USD"
      ],
      "data_points_count": 2,
      "latest_value": {
        "value": 50000000,
        "date": "2019-03-31",
        "fiscal_year": 2019,
        "fiscal_period": "Q3",
        "form": "10-Q",
        "filed": "2019-11-05",
        "unit": "USD",
        "type": "quarterly"
      },
      "date_range": {
        "earliest": "2018-03-31",
        "latest": "2019-03-31"
      }
    },
    "LossContingencyRangeOfPossibleLossMaximum": {
      "taxonomy": "us-gaap",
      "label": "Loss Contingency, Range of Possible Loss, Maximum (Deprecated 2016-01-31)",
      "description": "The estimated maximum amount of possible loss from the contingency.",
      "available_units": [
        "USD"
      ],
      "data_points_count": 22,
      "latest_value": {
        "value": 40000000,
        "date": "2015-12-31",
        "fiscal_year": 2015,
        "form": "10-K",
        "filed": "2016-02-19",
        "unit": "USD",
        "type": "annual"
      },
      "date_range": {
        "earliest": "2011-06-30",
        "latest": "2016-06-30"
      }
    },
    "LossContingencyRangeOfPossibleLossMinimum": {
      "taxonomy": "us-gaap",
      "label": "Loss Contingency, Range of Possible Loss, Minimum (Deprecated 2016-01-31)",
      "description": "The estimated minimum amount of possible loss from the contingency.",
      "available_units": [
        "USD"
      ],
      "data_points_count": 22,
      "latest_value": {
        "value": 0,
        "date": "2015-12-31",
        "fiscal_year": 2015,
        "form": "10-K",
        "filed": "2016-02-19",
        "unit": "USD",
        "type": "annual"
      },
      "date_range": {
        "earliest": "2011-06-30",
        "latest": "2016-06-30"
      }
    },
    "NetIncomeLoss": {
      "taxonomy": "us-gaap",
      "label": "Net Income (Loss) Attributable to Parent",
      "description": "The portion of profit or loss for the period, net of income taxes, which is attributable to the parent.",
      "available_units": [
        "USD"
      ],
      "data_points_count": 218,
      "latest_value": {
        "value": 2588000000,
        "date": "2024-12-31",
        "fiscal_year": 2024,
        "form": "10-K",
        "filed": "2025-02-19",
        "unit": "USD",
        "type": "annual"
      },
      "date_range": {
        "earliest": "2007-12-31",
        "latest": "2025-06-30"
      }
    },
    "NoninterestExpense": {
      "taxonomy": "us-gaap",
      "label": "Noninterest Expense",
      "description": "Total aggregate amount of all noninterest expense.",
      "available_units": [
        "USD"
      ],
      "data_points_count": 218,
      "latest_value": {
        "value": 5359000000,
        "date": "2024-12-31",
        "fiscal_year": 2024,
        "form": "10-K",
        "filed": "2025-02-19",
        "unit": "USD",
        "type": "annual"
      },
      "date_range": {
        "earliest": "2007-12-31",
        "latest": "2025-06-30"
      }
    },
    "NoninterestIncomeOtherOperatingIncome": {
      "taxonomy": "us-gaap",
      "label": "Noninterest Income, Other Operating Income",
      "description": "Amount of revenue earned, classified as other, excluding interest income.",
      "available_units": [
        "USD"
      ],
      "data_points_count": 218,
      "latest_value": {
        "value": 632000000,
        "date": "2024-12-31",
        "fiscal_year": 2024,
        "form": "10-K",
        "filed": "2025-02-19",
        "unit": "USD",
        "type": "annual"
      },
      "date_range": {
        "earliest": "2007-12-31",
        "latest": "2025-06-30"
      }
    },
    "OtherComprehensiveIncomeAmortizationOfDefinedBenefitPlanNetPriorServiceCostRecognizedInNetPeriodicPensionCostTax": {
      "taxonomy": "us-gaap",
      "label": "Other Comprehensive Income (Loss), Amortization, Pension and Other Postretirement Benefit Plans, Net Prior Service Cost Recognized in Net Periodic Pension Cost, Tax (Deprecated 2013-01-31)",
      "description": "Tax effect of the income statement impact of the reclassification adjustment for prior service costs recognized as a component of net period benefit cost.",
      "available_units": [
        "USD"
      ],
      "data_points_count": 4,
      "latest_value": {
        "value": 1553000,
        "date": "2013-06-30",
        "fiscal_year": 2013,
        "fiscal_period": "Q2",
        "form": "10-Q",
        "filed": "2013-08-08",
        "unit": "USD",
        "type": "quarterly"
      },
      "date_range": {
        "earliest": "2012-03-31",
        "latest": "2013-06-30"
      }
    },
    "OtherComprehensiveIncomeLossAmortizationPensionAndOtherPostretirementBenefitPlansNetPriorServiceCostRecognizedInNetPeriodicBenefitCostBeforeTax": {
      "taxonomy": "us-gaap",
      "label": "Other Comprehensive Income (Loss), Amortization, Pension and Other Postretirement Benefit Plans, Net Prior Service Cost Recognized in Net Periodic Benefit Cost, before Tax (Deprecated 2013-01-31)",
      "description": "Before tax amount of the income statement impact of the reclassification adjustment for prior service costs recognized as a component of net period benefit cost.",
      "available_units": [
        "USD"
      ],
      "data_points_count": 4,
      "latest_value": {
        "value": -6538000,
        "date": "2012-12-31",
        "fiscal_year": 2012,
        "form": "10-K",
        "filed": "2013-02-25",
        "unit": "USD",
        "type": "annual"
      },
      "date_range": {
        "earliest": "2011-12-31",
        "latest": "2013-06-30"
      }
    },
    "OtherComprehensiveIncomeLossBeforeReclassificationsBeforeTax": {
      "taxonomy": "us-gaap",
      "label": "Other Comprehensive Income (Loss), before Reclassifications, before Tax",
      "description": "Amount before tax and reclassification adjustments of other comprehensive income (loss).",
      "available_units": [
        "USD"
      ],
      "data_points_count": 85,
      "latest_value": {
        "value": 207000000,
        "date": "2023-12-31",
        "fiscal_year": 2023,
        "form": "10-K",
        "filed": "2024-02-21",
        "unit": "USD",
        "type": "annual"
      },
      "date_range": {
        "earliest": "2013-12-31",
        "latest": "2024-03-31"
      }
    },
    "OtherComprehensiveIncomeLossBeforeReclassificationsNetOfTax": {
      "taxonomy": "us-gaap",
      "label": "Other Comprehensive Income (Loss), before Reclassifications, Net of Tax",
      "description": "Amount after tax, before reclassification adjustments of other comprehensive income (loss).",
      "available_units": [
        "USD"
      ],
      "data_points_count": 99,
      "latest_value": {
        "value": 152000000,
        "date": "2023-12-31",
        "fiscal_year": 2023,
        "form": "10-K",
        "filed": "2024-02-21",
        "unit": "USD",
        "type": "annual"
      },
      "date_range": {
        "earliest": "2011-12-31",
        "latest": "2024-03-31"
      }
    },
    "OtherComprehensiveIncomeLossBeforeReclassificationsTax": {
      "taxonomy": "us-gaap",
      "label": "Other Comprehensive Income (Loss) before Reclassifications, Tax",
      "description": "Amount of tax expense (benefit) allocated to other comprehensive income (loss) before reclassification adjustment from accumulated other comprehensive income (loss).",
      "available_units": [
        "USD"
      ],
      "data_points_count": 82,
      "latest_value": {
        "value": -55000000,
        "date": "2023-12-31",
        "fiscal_year": 2023,
        "form": "10-K",
        "filed": "2024-02-21",
        "unit": "USD",
        "type": "annual"
      },
      "date_range": {
        "earliest": "2013-12-31",
        "latest": "2024-03-31"
      }
    },
    "OtherComprehensiveIncomeLossBeforeTax": {
      "taxonomy": "us-gaap",
      "label": "Other Comprehensive Income (Loss), before Tax",
      "description": "Amount before tax, after reclassification adjustments of other comprehensive income (loss).",
      "available_units": [
        "USD"
      ],
      "data_points_count": 102,
      "latest_value": {
        "value": 450000000,
        "date": "2023-12-31",
        "fiscal_year": 2023,
        "form": "10-K",
        "filed": "2024-02-21",
        "unit": "USD",
        "type": "annual"
      },
      "date_range": {
        "earliest": "2011-12-31",
        "latest": "2024-03-31"
      }
    },
    "OtherComprehensiveIncomeLossBeforeTaxPortionAttributableToParent": {
      "taxonomy": "us-gaap",
      "label": "Other Comprehensive Income (Loss), before Tax, Portion Attributable to Parent",
      "description": "Amount before tax of other comprehensive income (loss) attributable to parent entity.",
      "available_units": [
        "USD"
      ],
      "data_points_count": 27,
      "latest_value": {
        "value": 191113000,
        "date": "2012-12-31",
        "fiscal_year": 2012,
        "form": "10-K",
        "filed": "2013-02-25",
        "unit": "USD",
        "type": "annual"
      },
      "date_range": {
        "earliest": "2008-12-31",
        "latest": "2012-12-31"
      }
    },
    "OtherComprehensiveIncomeLossFinalizationOfPensionAndNonPensionPostretirementPlanValuationBeforeTax": {
      "taxonomy": "us-gaap",
      "label": "Other Comprehensive Income (Loss), Defined Benefit Plan, Settlement and Curtailment Gain (Loss), before Tax",
      "description": "Amount, before tax, of increase (decrease) to other comprehensive income from settlement and curtailment gain (loss) of defined benefit plan.",
      "available_units": [
        "USD"
      ],
      "data_points_count": 4,
      "latest_value": {
        "value": 30088000,
        "date": "2017-12-31",
        "fiscal_year": 2017,
        "form": "10-K",
        "filed": "2018-02-22",
        "unit": "USD",
        "type": "annual"
      },
      "date_range": {
        "earliest": "2016-12-31",
        "latest": "2017-12-31"
      }
    },
    "OtherComprehensiveIncomeLossNetOfTax": {
      "taxonomy": "us-gaap",
      "label": "Other Comprehensive Income (Loss), Net of Tax",
      "description": "Amount after tax and reclassification adjustments of other comprehensive income (loss).",
      "available_units": [
        "USD"
      ],
      "data_points_count": 175,
      "latest_value": {
        "value": 295000000,
        "date": "2024-12-31",
        "fiscal_year": 2024,
        "form": "10-K",
        "filed": "2025-02-19",
        "unit": "USD",
        "type": "annual"
      },
      "date_range": {
        "earliest": "2010-12-31",
        "latest": "2025-03-31"
      }
    },
    "OtherComprehensiveIncomeLossNetOfTaxPortionAttributableToParent": {
      "taxonomy": "us-gaap",
      "label": "Other Comprehensive Income (Loss), Net of Tax, Portion Attributable to Parent",
      "description": "Amount after tax of other comprehensive income (loss) attributable to parent entity.",
      "available_units": [
        "USD"
      ],
      "data_points_count": 68,
      "latest_value": {
        "value": -70633000,
        "date": "2015-12-31",
        "fiscal_year": 2015,
        "form": "10-K",
        "filed": "2016-02-19",
        "unit": "USD",
        "type": "annual"
      },
      "date_range": {
        "earliest": "2008-12-31",
        "latest": "2025-06-30"
      }
    },
    "OtherComprehensiveIncomeLossPensionAndOtherPostretirementBenefitPlansAdjustmentBeforeTax": {
      "taxonomy": "us-gaap",
      "label": "Other Comprehensive (Income) Loss, Defined Benefit Plan, after Reclassification Adjustment, before Tax",
      "description": "Amount, before tax, after reclassification adjustment, of (increase) decrease in accumulated other comprehensive income for defined benefit plan.",
      "available_units": [
        "USD"
      ],
      "data_points_count": 9,
      "latest_value": {
        "value": -1555000,
        "date": "2012-12-31",
        "fiscal_year": 2012,
        "form": "10-K",
        "filed": "2013-02-25",
        "unit": "USD",
        "type": "annual"
      },
      "date_range": {
        "earliest": "2010-12-31",
        "latest": "2012-12-31"
      }
    },
    "OtherComprehensiveIncomeLossPensionAndOtherPostretirementBenefitPlansAdjustmentNetOfTax": {
      "taxonomy": "us-gaap",
      "label": "Other Comprehensive (Income) Loss, Defined Benefit Plan, after Reclassification Adjustment, after Tax",
      "description": "Amount, after tax and reclassification adjustment, of (increase) decrease in accumulated other comprehensive income for defined benefit plan.",
      "available_units": [
        "USD"
      ],
      "data_points_count": 179,
      "latest_value": {
        "value": -213000000,
        "date": "2024-12-31",
        "fiscal_year": 2024,
        "form": "10-K",
        "filed": "2025-02-19",
        "unit": "USD",
        "type": "annual"
      },
      "date_range": {
        "earliest": "2010-12-31",
        "latest": "2025-06-30"
      }
    },
    "OtherComprehensiveIncomeLossPensionAndOtherPostretirementBenefitPlansBeforeReclassificationAdjustmentsTax": {
      "taxonomy": "us-gaap",
      "label": "Other Comprehensive (Income) Loss, Defined Benefit Plan, before Reclassification Adjustment, Tax",
      "description": "Amount, before reclassification adjustment, of tax (expense) benefit for (increase) decrease in accumulated other comprehensive income for defined benefit plan.",
      "available_units": [
        "USD"
      ],
      "data_points_count": 33,
      "latest_value": {
        "value": -33000000,
        "date": "2023-12-31",
        "fiscal_year": 2023,
        "form": "10-K",
        "filed": "2024-02-21",
        "unit": "USD",
        "type": "annual"
      },
      "date_range": {
        "earliest": "2011-12-31",
        "latest": "2023-12-31"
      }
    },
    "OtherComprehensiveIncomeLossPensionAndOtherPostretirementBenefitPlansTax": {
      "taxonomy": "us-gaap",
      "label": "Other Comprehensive (Income) Loss, Defined Benefit Plan, after Reclassification Adjustment, Tax",
      "description": "Amount, after reclassification adjustment, of tax (expense) benefit for (increase) decrease in accumulated other comprehensive income of defined benefit plan.",
      "available_units": [
        "USD"
      ],
      "data_points_count": 9,
      "latest_value": {
        "value": -610000,
        "date": "2012-12-31",
        "fiscal_year": 2012,
        "form": "10-K",
        "filed": "2013-02-25",
        "unit": "USD",
        "type": "annual"
      },
      "date_range": {
        "earliest": "2010-12-31",
        "latest": "2012-12-31"
      }
    },
    "OtherComprehensiveIncomeLossReclassificationAdjustmentFromAOCIPensionAndOtherPostretirementBenefitPlansForNetGainLossBeforeTax": {
      "taxonomy": "us-gaap",
      "label": "Other Comprehensive Income (Loss), Defined Benefit Plan, Gain (Loss), Reclassification Adjustment from AOCI, before Tax",
      "description": "Amount, before tax, of reclassification adjustment from accumulated other comprehensive income (loss) for gain (loss) of defined benefit plan.",
      "available_units": [
        "USD"
      ],
      "data_points_count": 98,
      "latest_value": {
        "value": 5000000,
        "date": "2024-12-31",
        "fiscal_year": 2024,
        "form": "10-K",
        "filed": "2025-02-19",
        "unit": "USD",
        "type": "annual"
      },
      "date_range": {
        "earliest": "2011-12-31",
        "latest": "2024-12-31"
      }
    },
    "OtherComprehensiveIncomeLossTax": {
      "taxonomy": "us-gaap",
      "label": "Other Comprehensive Income (Loss), Tax",
      "description": "Amount of tax expense (benefit) allocated to other comprehensive income (loss).",
      "available_units": [
        "USD"
      ],
      "data_points_count": 102,
      "latest_value": {
        "value": -119000000,
        "date": "2023-12-31",
        "fiscal_year": 2023,
        "form": "10-K",
        "filed": "2024-02-21",
        "unit": "USD",
        "type": "annual"
      },
      "date_range": {
        "earliest": "2011-12-31",
        "latest": "2024-03-31"
      }
    },
    "OtherComprehensiveIncomeLossTaxPortionAttributableToParent1": {
      "taxonomy": "us-gaap",
      "label": "Other Comprehensive Income (Loss), Tax, Portion Attributable to Parent",
      "description": "Amount of tax expense (benefit) allocated to other comprehensive income (loss) attributable to parent entity.",
      "available_units": [
        "USD"
      ],
      "data_points_count": 9,
      "latest_value": {
        "value": 74936000,
        "date": "2012-12-31",
        "fiscal_year": 2012,
        "form": "10-K",
        "filed": "2013-02-25",
        "unit": "USD",
        "type": "annual"
      },
      "date_range": {
        "earliest": "2010-12-31",
        "latest": "2012-12-31"
      }
    },
    "OtherComprehensiveIncomeReclassificationOfDefinedBenefitPlansNetGainLossRecognizedInNetPeriodicBenefitCostBeforeTax": {
      "taxonomy": "us-gaap",
      "label": "Other Comprehensive Income (Loss), Reclassification, Pension and Other Postretirement Benefit Plans, Net Gain (Loss) Recognized in Net Periodic Benefit Cost, before Tax (Deprecated 2013-01-31)",
      "description": "Before tax amount of the income statement impact of the reclassification adjustment for actuarial gain (loss) recognized as a component of net periodic benefit cost.",
      "available_units": [
        "USD"
      ],
      "data_points_count": 8,
      "latest_value": {
        "value": -37916000,
        "date": "2012-12-31",
        "fiscal_year": 2012,
        "form": "10-K",
        "filed": "2013-02-25",
        "unit": "USD",
        "type": "annual"
      },
      "date_range": {
        "earliest": "2009-12-31",
        "latest": "2013-06-30"
      }
    },
    "OtherInterestAndDividendIncome": {
      "taxonomy": "us-gaap",
      "label": "Other Interest and Dividend Income",
      "description": "Amount, after discount, accretion and premium amortization, of interest income and dividend income classified as other.",
      "available_units": [
        "USD"
      ],
      "data_points_count": 144,
      "latest_value": {
        "value": 3000000,
        "date": "2024-12-31",
        "fiscal_year": 2024,
        "form": "10-K",
        "filed": "2025-02-19",
        "unit": "USD",
        "type": "annual"
      },
      "date_range": {
        "earliest": "2013-06-30",
        "latest": "2025-06-30"
      }
    },
    "OtherNoninterestExpense": {
      "taxonomy": "us-gaap",
      "label": "Other Noninterest Expense",
      "description": "Amount of noninterest expense classified as other.",
      "available_units": [
        "USD"
      ],
      "data_points_count": 218,
      "latest_value": {
        "value": 546000000,
        "date": "2024-12-31",
        "fiscal_year": 2024,
        "form": "10-K",
        "filed": "2025-02-19",
        "unit": "USD",
        "type": "annual"
      },
      "date_range": {
        "earliest": "2007-12-31",
        "latest": "2025-06-30"
      }
    },
    "PreferredStockDividendRatePercentage": {
      "taxonomy": "us-gaap",
      "label": "Preferred Stock, Dividend Rate, Percentage",
      "description": "The percentage rate used to calculate dividend payments on preferred stock.",
      "available_units": [
        "pure"
      ],
      "data_points_count": 1,
      "latest_value": {
        "value": 0.09,
        "date": "2012-09-30",
        "fiscal_year": 2012,
        "fiscal_period": "Q3",
        "form": "10-Q",
        "filed": "2012-11-06",
        "unit": "pure",
        "type": "quarterly"
      },
      "date_range": {
        "earliest": "2012-09-30",
        "latest": "2012-09-30"
      }
    },
    "PreferredStockDividendsIncomeStatementImpact": {
      "taxonomy": "us-gaap",
      "label": "Preferred Stock Dividends, Income Statement Impact",
      "description": "The amount of preferred stock dividends that is an adjustment to net income apportioned to common stockholders.",
      "available_units": [
        "USD"
      ],
      "data_points_count": 151,
      "latest_value": {
        "value": 134000000,
        "date": "2024-12-31",
        "fiscal_year": 2024,
        "form": "10-K",
        "filed": "2025-02-19",
        "unit": "USD",
        "type": "annual"
      },
      "date_range": {
        "earliest": "2012-12-31",
        "latest": "2025-06-30"
      }
    },
    "ProceedsFromIssuanceOfPreferredStockAndPreferenceStock": {
      "taxonomy": "us-gaap",
      "label": "Proceeds from Issuance of Preferred Stock and Preference Stock",
      "description": "Proceeds from issuance of capital stock which provides for a specific dividend that is paid to the shareholders before any dividends to common stockholders and which takes precedence over common stockholders in the event of liquidation.",
      "available_units": [
        "USD"
      ],
      "data_points_count": 24,
      "latest_value": {
        "value": 733000000,
        "date": "2024-12-31",
        "fiscal_year": 2024,
        "form": "10-K",
        "filed": "2025-02-19",
        "unit": "USD",
        "type": "annual"
      },
      "date_range": {
        "earliest": "2014-03-31",
        "latest": "2025-06-30"
      }
    },
    "ProfitLoss": {
      "taxonomy": "us-gaap",
      "label": "Net Income (Loss), Including Portion Attributable to Noncontrolling Interest",
      "description": "The consolidated profit or loss for the period, net of income taxes, including the portion attributable to the noncontrolling interest.",
      "available_units": [
        "USD"
      ],
      "data_points_count": 30,
      "latest_value": {
        "value": 1029498000,
        "date": "2012-12-31",
        "fiscal_year": 2012,
        "form": "10-K",
        "filed": "2013-02-25",
        "unit": "USD",
        "type": "annual"
      },
      "date_range": {
        "earliest": "2009-12-31",
        "latest": "2013-06-30"
      }
    },
    "ReclassificationFromAccumulatedOtherComprehensiveIncomeCurrentPeriodBeforeTax": {
      "taxonomy": "us-gaap",
      "label": "Reclassification from Accumulated Other Comprehensive Income, Current Period, before Tax",
      "description": "Amount before tax of reclassification adjustments of other comprehensive income (loss).",
      "available_units": [
        "USD"
      ],
      "data_points_count": 32,
      "latest_value": {
        "value": 8045000,
        "date": "2017-12-31",
        "fiscal_year": 2017,
        "form": "10-K",
        "filed": "2018-02-22",
        "unit": "USD",
        "type": "annual"
      },
      "date_range": {
        "earliest": "2012-12-31",
        "latest": "2017-12-31"
      }
    },
    "ReclassificationFromAccumulatedOtherComprehensiveIncomeCurrentPeriodNetOfTax": {
      "taxonomy": "us-gaap",
      "label": "Reclassification from Accumulated Other Comprehensive Income, Current Period, Net of Tax",
      "description": "Amount after tax of reclassification adjustments of other comprehensive income (loss).",
      "available_units": [
        "USD"
      ],
      "data_points_count": 32,
      "latest_value": {
        "value": 5149000,
        "date": "2017-12-31",
        "fiscal_year": 2017,
        "form": "10-K",
        "filed": "2018-02-22",
        "unit": "USD",
        "type": "annual"
      },
      "date_range": {
        "earliest": "2012-12-31",
        "latest": "2017-12-31"
      }
    },
    "ResultsOfOperationsIncomeBeforeIncomeTaxes": {
      "taxonomy": "us-gaap",
      "label": "Results of Operations, Income before Income Taxes",
      "description": "Income before income taxes for oil and gas producing activities.",
      "available_units": [
        "USD"
      ],
      "data_points_count": 47,
      "latest_value": {
        "value": 1717549000,
        "date": "2013-12-31",
        "fiscal_year": 2013,
        "form": "10-K",
        "filed": "2014-02-21",
        "unit": "USD",
        "type": "annual"
      },
      "date_range": {
        "earliest": "2009-12-31",
        "latest": "2014-09-30"
      }
    },
    "RetainedEarningsAccumulatedDeficit": {
      "taxonomy": "us-gaap",
      "label": "Retained Earnings (Accumulated Deficit)",
      "description": "The cumulative amount of the reporting entity's undistributed earnings or deficit.",
      "available_units": [
        "USD"
      ],
      "data_points_count": 134,
      "latest_value": {
        "value": 19079000000,
        "date": "2024-12-31",
        "fiscal_year": 2024,
        "form": "10-K",
        "filed": "2025-02-19",
        "unit": "USD",
        "type": "annual"
      },
      "date_range": {
        "earliest": "2008-12-31",
        "latest": "2025-06-30"
      }
    },
    "SegmentReportingInformationIncomeLossBeforeIncomeTaxes": {
      "taxonomy": "us-gaap",
      "label": "Segment Reporting Information, Income (Loss) before Income Taxes (Deprecated 2011-01-31)",
      "description": "Amount of income or loss for the reportable segment before income taxes and extraordinary items.",
      "available_units": [
        "USD"
      ],
      "data_points_count": 3,
      "latest_value": {
        "value": 1092789000,
        "date": "2010-12-31",
        "fiscal_year": 2010,
        "form": "10-K",
        "filed": "2011-02-22",
        "unit": "USD",
        "type": "annual"
      },
      "date_range": {
        "earliest": "2008-12-31",
        "latest": "2010-12-31"
      }
    },
    "SegmentReportingInformationIncomeTaxExpenseBenefit": {
      "taxonomy": "us-gaap",
      "label": "Segment Reporting Information, Income Tax Expense (Benefit) (Deprecated 2011-01-31)",
      "description": "Amount of income tax expense or benefit attributed to a reportable segment.",
      "available_units": [
        "USD"
      ],
      "data_points_count": 3,
      "latest_value": {
        "value": 356628000,
        "date": "2010-12-31",
        "fiscal_year": 2010,
        "form": "10-K",
        "filed": "2011-02-22",
        "unit": "USD",
        "type": "annual"
      },
      "date_range": {
        "earliest": "2008-12-31",
        "latest": "2010-12-31"
      }
    },
    "SegmentReportingInformationInterestIncomeExpenseNet": {
      "taxonomy": "us-gaap",
      "label": "Segment Reporting Information, Interest Income (Expense), Net (Deprecated 2011-01-31)",
      "description": "Amount of interest revenue net of interest expense for the reportable segment. Reporting interest revenue net of interest expense is permitted only when a majority of the segment's revenues are from interest and the chief operating decision maker relies primarily on net interest revenue to assess the performance of the segment and make decisions about resources to be allocated to the segment. In all other segment disclosure situations, interest revenue must be reported separately from interest expense.",
      "available_units": [
        "USD"
      ],
      "data_points_count": 3,
      "latest_value": {
        "value": 2267526000,
        "date": "2010-12-31",
        "fiscal_year": 2010,
        "form": "10-K",
        "filed": "2011-02-22",
        "unit": "USD",
        "type": "annual"
      },
      "date_range": {
        "earliest": "2008-12-31",
        "latest": "2010-12-31"
      }
    },
    "SegmentReportingInformationNoninterestIncome": {
      "taxonomy": "us-gaap",
      "label": "Segment Reporting Information, Noninterest Income (Deprecated 2011-01-31)",
      "description": "Total amount of noninterest income for the reportable segment. Must be disclosed if the amount (a) is included in the measure of segment profit or loss reviewed by the chief operating decision maker or (b) is otherwise regularly provided to the chief operating decision maker, even if not included in that measure of segment profit or loss.",
      "available_units": [
        "USD"
      ],
      "data_points_count": 3,
      "latest_value": {
        "value": 1108100000,
        "date": "2010-12-31",
        "fiscal_year": 2010,
        "form": "10-K",
        "filed": "2011-02-22",
        "unit": "USD",
        "type": "annual"
      },
      "date_range": {
        "earliest": "2008-12-31",
        "latest": "2010-12-31"
      }
    },
    "SegmentReportingInformationOtherNoninterestExpense": {
      "taxonomy": "us-gaap",
      "label": "Segment Reporting Information, Other Noninterest Expense (Deprecated 2011-01-31)",
      "description": "Amount of all other noninterest expenses for the reportable segment.",
      "available_units": [
        "USD"
      ],
      "data_points_count": 3,
      "latest_value": {
        "value": 1732475000,
        "date": "2010-12-31",
        "fiscal_year": 2010,
        "form": "10-K",
        "filed": "2011-02-22",
        "unit": "USD",
        "type": "annual"
      },
      "date_range": {
        "earliest": "2008-12-31",
        "latest": "2010-12-31"
      }
    },
    "SegmentReportingInformationProfitLoss": {
      "taxonomy": "us-gaap",
      "label": "Segment Reporting Information, Profit (Loss) (Deprecated 2011-01-31)",
      "description": "Amount of profit or loss recognized by the reportable segment.",
      "available_units": [
        "USD"
      ],
      "data_points_count": 17,
      "latest_value": {
        "value": 736161000,
        "date": "2010-12-31",
        "fiscal_year": 2010,
        "form": "10-K",
        "filed": "2011-02-22",
        "unit": "USD",
        "type": "annual"
      },
      "date_range": {
        "earliest": "2008-12-31",
        "latest": "2011-06-30"
      }
    },
    "WeightedAverageNumberOfDilutedSharesOutstanding": {
      "taxonomy": "us-gaap",
      "label": "Weighted Average Number of Shares Outstanding, Diluted",
      "description": "The average number of shares or units issued and outstanding that are used in calculating diluted EPS or earnings per unit (EPU), determined based on the timing of issuance of shares or units in the period.",
      "available_units": [
        "shares"
      ],
      "data_points_count": 215,
      "latest_value": {
        "value": 167319000,
        "date": "2024-12-31",
        "fiscal_year": 2024,
        "form": "10-K",
        "filed": "2025-02-19",
        "unit": "shares",
        "type": "annual"
      },
      "date_range": {
        "earliest": "2008-06-30",
        "latest": "2025-06-30"
      }
    },
    "LossContingencyLossInPeriod": {
      "taxonomy": "us-gaap",
      "label": "Loss Contingency, Loss in Period",
      "description": "The amount of loss pertaining to the specified contingency that was charged against earnings in the period, including the effects of revisions in previously reported estimates.",
      "available_units": [
        "USD"
      ],
      "data_points_count": 11,
      "latest_value": {
        "value": 34000000,
        "date": "2024-12-31",
        "fiscal_year": 2024,
        "form": "10-K",
        "filed": "2025-02-19",
        "unit": "USD",
        "type": "annual"
      },
      "date_range": {
        "earliest": "2023-05-11",
        "latest": "2024-12-31"
      }
    },
    "InterestExpenseOperating": {
      "taxonomy": "us-gaap",
      "label": null,
      "description": null,
      "available_units": [
        "USD"
      ],
      "data_points_count": 13,
      "latest_value": {
        "value": 4174000000,
        "date": "2024-12-31",
        "fiscal_year": 2024,
        "form": "10-K",
        "filed": "2025-02-19",
        "unit": "USD",
        "type": "annual"
      },
      "date_range": {
        "earliest": "2022-12-31",
        "latest": "2025-06-30"
      }
    },
    "OciBeforeReclassificationsBeforeTaxAttributableToParent": {
      "taxonomy": "us-gaap",
      "label": "OCI, before Reclassifications, before Tax, Attributable to Parent",
      "description": "Amount before tax and reclassification adjustments of other comprehensive income (loss) attributable to parent.",
      "available_units": [
        "USD"
      ],
      "data_points_count": 1,
      "latest_value": {
        "value": 125000000,
        "date": "2023-12-31",
        "fiscal_year": 2024,
        "form": "10-K",
        "filed": "2025-02-19",
        "unit": "USD",
        "type": "annual"
      },
      "date_range": {
        "earliest": "2023-12-31",
        "latest": "2023-12-31"
      }
    },
    "OciBeforeReclassificationsNetOfTaxAttributableToParent": {
      "taxonomy": "us-gaap",
      "label": "OCI, before Reclassifications, Net of Tax, Attributable to Parent",
      "description": "Amount after tax, before reclassification adjustments, of other comprehensive income (loss), attributable to parent.",
      "available_units": [
        "USD"
      ],
      "data_points_count": 1,
      "latest_value": {
        "value": 92000000,
        "date": "2023-12-31",
        "fiscal_year": 2024,
        "form": "10-K",
        "filed": "2025-02-19",
        "unit": "USD",
        "type": "annual"
      },
      "date_range": {
        "earliest": "2023-12-31",
        "latest": "2023-12-31"
      }
    }
  }
}