{
  "chunk_metadata": {
    "domain": "public",
    "CIK": "886982",
    "data_type": "SEC",
    "ticker": "GS",
    "chunk_name": "Revenue & Profitability",
    "chunk_id": "revenue_profit",
    "company_name": "The Goldman Sachs Group, Inc.",
    "extraction_date": "2025-09-30T11:01:44.298423",
    "metrics_count": 47,
    "total_company_metrics": 0,
    "chunking_strategy": "context_aware_balanced"
  },
  "metrics": {
    "EntityCommonStockSharesOutstanding": {
      "taxonomy": "dei",
      "label": "Entity Common Stock, Shares Outstanding",
      "description": "Indicate number of shares or other units outstanding of each of registrant's classes of capital or common stock or other ownership interests, if and as stated on cover of related periodic report. Where multiple classes or units exist define each class/interest by adding class of stock items such as Common Class A [Member], Common Class B [Member] or Partnership Interest [Member] onto the Instrument [Domain] of the Entity Listings, Instrument.",
      "available_units": [
        "shares"
      ],
      "data_points_count": 67,
      "latest_value": {
        "value": 312039033,
        "date": "2025-02-07",
        "fiscal_year": 2024,
        "form": "10-K",
        "filed": "2025-02-27",
        "unit": "shares",
        "type": "annual"
      },
      "date_range": {
        "earliest": "2009-07-24",
        "latest": "2025-07-18"
      }
    },
    "AdjustmentsToAdditionalPaidInCapitalStockIssuedIssuanceCosts": {
      "taxonomy": "us-gaap",
      "label": "Adjustments to Additional Paid in Capital, Stock Issued, Issuance Costs",
      "description": "Amount of decrease in additional paid in capital (APIC) resulting from direct costs associated with issuing stock. Includes, but is not limited to, legal and accounting fees and direct costs associated with stock issues under a shelf registration.",
      "available_units": [
        "USD"
      ],
      "data_points_count": 1,
      "latest_value": {
        "value": 0,
        "date": "2009-06-26",
        "fiscal_year": 2009,
        "fiscal_period": "Q2",
        "form": "10-Q",
        "filed": "2009-08-05",
        "unit": "USD",
        "type": "quarterly"
      },
      "date_range": {
        "earliest": "2009-06-26",
        "latest": "2009-06-26"
      }
    },
    "AdjustmentsToAdditionalPaidInCapitalTaxEffectFromShareBasedCompensation": {
      "taxonomy": "us-gaap",
      "label": "Adjustments to Additional Paid in Capital, Income Tax Benefit from Share-based Compensation",
      "description": "Amount of increase in additional paid in capital (APIC) resulting from a tax benefit associated with share-based compensation plan other than an employee stock ownership plan (ESOP). Includes, but is not limited to, excess tax benefit.",
      "available_units": [
        "USD"
      ],
      "data_points_count": 1,
      "latest_value": {
        "value": -930000000,
        "date": "2009-06-26",
        "fiscal_year": 2009,
        "fiscal_period": "Q2",
        "form": "10-Q",
        "filed": "2009-08-05",
        "unit": "USD",
        "type": "quarterly"
      },
      "date_range": {
        "earliest": "2009-06-26",
        "latest": "2009-06-26"
      }
    },
    "ChangeInUnrealizedGainLossOnHedgedItemInFairValueHedge1": {
      "taxonomy": "us-gaap",
      "label": "Change in Unrealized Gain (Loss) on Hedged Item in Fair Value Hedge",
      "description": "Amount of the increase (decrease) in fair value of the hedged item in a fair value hedge recognized in the income statement.",
      "available_units": [
        "USD"
      ],
      "data_points_count": 24,
      "latest_value": {
        "value": 125000000,
        "date": "2023-12-31",
        "fiscal_year": 2023,
        "form": "10-K",
        "filed": "2024-02-23",
        "unit": "USD",
        "type": "annual"
      },
      "date_range": {
        "earliest": "2011-12-31",
        "latest": "2024-06-30"
      }
    },
    "CommonStockDividendsPerShareDeclared": {
      "taxonomy": "us-gaap",
      "label": "Common Stock, Dividends, Per Share, Declared",
      "description": "Aggregate dividends declared during the period for each share of common stock outstanding.",
      "available_units": [
        "USD/shares"
      ],
      "data_points_count": 214,
      "latest_value": {
        "value": 11.5,
        "date": "2024-12-31",
        "fiscal_year": 2024,
        "form": "10-K",
        "filed": "2025-02-27",
        "unit": "USD/shares",
        "type": "annual"
      },
      "date_range": {
        "earliest": "2008-05-30",
        "latest": "2025-06-30"
      }
    },
    "CommonStockSharesOutstanding": {
      "taxonomy": "us-gaap",
      "label": "Common Stock, Shares, Outstanding",
      "description": "Number of shares of common stock outstanding. Common stock represent the ownership interest in a corporation.",
      "available_units": [
        "shares"
      ],
      "data_points_count": 132,
      "latest_value": {
        "value": 310653708,
        "date": "2024-12-31",
        "fiscal_year": 2024,
        "form": "10-K",
        "filed": "2025-02-27",
        "unit": "shares",
        "type": "annual"
      },
      "date_range": {
        "earliest": "2008-11-28",
        "latest": "2025-06-30"
      }
    },
    "CurrentForeignTaxExpenseBenefit": {
      "taxonomy": "us-gaap",
      "label": "Current Foreign Tax Expense (Benefit)",
      "description": "Amount of current foreign income tax expense (benefit) pertaining to income (loss) from continuing operations.",
      "available_units": [
        "USD"
      ],
      "data_points_count": 49,
      "latest_value": {
        "value": 2262000000,
        "date": "2024-12-31",
        "fiscal_year": 2024,
        "form": "10-K",
        "filed": "2025-02-27",
        "unit": "USD",
        "type": "annual"
      },
      "date_range": {
        "earliest": "2008-11-30",
        "latest": "2024-12-31"
      }
    },
    "CurrentIncomeTaxExpenseBenefit": {
      "taxonomy": "us-gaap",
      "label": "Current Income Tax Expense (Benefit)",
      "description": "Amount of current income tax expense (benefit) pertaining to taxable income (loss) from continuing operations.",
      "available_units": [
        "USD"
      ],
      "data_points_count": 49,
      "latest_value": {
        "value": 4921000000,
        "date": "2024-12-31",
        "fiscal_year": 2024,
        "form": "10-K",
        "filed": "2025-02-27",
        "unit": "USD",
        "type": "annual"
      },
      "date_range": {
        "earliest": "2008-11-30",
        "latest": "2024-12-31"
      }
    },
    "CurrentStateAndLocalTaxExpenseBenefit": {
      "taxonomy": "us-gaap",
      "label": "Current State and Local Tax Expense (Benefit)",
      "description": "Amount of current state and local tax expense (benefit) pertaining to income (loss) from continuing operations.",
      "available_units": [
        "USD"
      ],
      "data_points_count": 49,
      "latest_value": {
        "value": 659000000,
        "date": "2024-12-31",
        "fiscal_year": 2024,
        "form": "10-K",
        "filed": "2025-02-27",
        "unit": "USD",
        "type": "annual"
      },
      "date_range": {
        "earliest": "2008-11-30",
        "latest": "2024-12-31"
      }
    },
    "DeferredForeignIncomeTaxExpenseBenefit": {
      "taxonomy": "us-gaap",
      "label": "Deferred Foreign Income Tax Expense (Benefit)",
      "description": "Amount of deferred foreign income tax expense (benefit) pertaining to income (loss) from continuing operations.",
      "available_units": [
        "USD"
      ],
      "data_points_count": 49,
      "latest_value": {
        "value": 209000000,
        "date": "2024-12-31",
        "fiscal_year": 2024,
        "form": "10-K",
        "filed": "2025-02-27",
        "unit": "USD",
        "type": "annual"
      },
      "date_range": {
        "earliest": "2008-11-30",
        "latest": "2024-12-31"
      }
    },
    "DeferredIncomeTaxExpenseBenefit": {
      "taxonomy": "us-gaap",
      "label": "Deferred Income Tax Expense (Benefit)",
      "description": "Amount of deferred income tax expense (benefit) pertaining to income (loss) from continuing operations.",
      "available_units": [
        "USD"
      ],
      "data_points_count": 62,
      "latest_value": {
        "value": -800000000,
        "date": "2024-12-31",
        "fiscal_year": 2024,
        "form": "10-K",
        "filed": "2025-02-27",
        "unit": "USD",
        "type": "annual"
      },
      "date_range": {
        "earliest": "2007-11-30",
        "latest": "2025-06-30"
      }
    },
    "DeferredStateAndLocalIncomeTaxExpenseBenefit": {
      "taxonomy": "us-gaap",
      "label": "Deferred State and Local Income Tax Expense (Benefit)",
      "description": "Amount of deferred state and local tax expense (benefit) pertaining to income (loss) from continuing operations.",
      "available_units": [
        "USD"
      ],
      "data_points_count": 49,
      "latest_value": {
        "value": -140000000,
        "date": "2024-12-31",
        "fiscal_year": 2024,
        "form": "10-K",
        "filed": "2025-02-27",
        "unit": "USD",
        "type": "annual"
      },
      "date_range": {
        "earliest": "2008-11-30",
        "latest": "2024-12-31"
      }
    },
    "DerivativeInstrumentsGainLossReclassifiedFromAccumulatedOCIIntoIncomeEffectivePortionNet": {
      "taxonomy": "us-gaap",
      "label": "Derivative Instruments, Gain (Loss) Reclassified from Accumulated OCI into Income, Effective Portion, Net",
      "description": "The effective portion of net gain (loss) reclassified from accumulated other comprehensive income into income on derivative instruments designated and qualifying as hedging instruments.",
      "available_units": [
        "USD"
      ],
      "data_points_count": 13,
      "latest_value": {
        "value": 61000000,
        "date": "2020-12-31",
        "fiscal_year": 2020,
        "form": "10-K",
        "filed": "2021-02-22",
        "unit": "USD",
        "type": "annual"
      },
      "date_range": {
        "earliest": "2016-12-31",
        "latest": "2020-12-31"
      }
    },
    "DerivativeInstrumentsGainReclassifiedFromAccumulatedOCIIntoIncomeEffectivePortion": {
      "taxonomy": "us-gaap",
      "label": "Derivative Instruments, Gain Reclassified from Accumulated OCI into Income, Effective Portion",
      "description": "The effective portion of gain reclassified from accumulated other comprehensive income into income on derivative instruments designated and qualifying as hedging instruments.",
      "available_units": [
        "USD"
      ],
      "data_points_count": 1,
      "latest_value": {
        "value": 167000000,
        "date": "2016-12-31",
        "fiscal_year": 2016,
        "form": "10-K",
        "filed": "2017-02-27",
        "unit": "USD",
        "type": "annual"
      },
      "date_range": {
        "earliest": "2016-12-31",
        "latest": "2016-12-31"
      }
    },
    "DerivativeNetHedgeIneffectivenessGainLoss": {
      "taxonomy": "us-gaap",
      "label": "Derivative, Net Hedge Ineffectiveness Gain (Loss)",
      "description": "Amount of gain (loss) from the ineffectiveness of the hedge.",
      "available_units": [
        "USD"
      ],
      "data_points_count": 46,
      "latest_value": {
        "value": -1684000000,
        "date": "2013-12-31",
        "fiscal_year": 2013,
        "form": "10-K",
        "filed": "2014-02-28",
        "unit": "USD",
        "type": "annual"
      },
      "date_range": {
        "earliest": "2009-12-31",
        "latest": "2014-03-31"
      }
    },
    "EarningsPerShareBasic": {
      "taxonomy": "us-gaap",
      "label": "Earnings Per Share, Basic",
      "description": "The amount of net income (loss) for the period per each share of common stock or unit outstanding during the reporting period.",
      "available_units": [
        "USD/shares"
      ],
      "data_points_count": 217,
      "latest_value": {
        "value": 41.07,
        "date": "2024-12-31",
        "fiscal_year": 2024,
        "form": "10-K",
        "filed": "2025-02-27",
        "unit": "USD/shares",
        "type": "annual"
      },
      "date_range": {
        "earliest": "2007-11-30",
        "latest": "2025-06-30"
      }
    },
    "EffectiveIncomeTaxRateContinuingOperations": {
      "taxonomy": "us-gaap",
      "label": "Effective Income Tax Rate Reconciliation, Percent",
      "description": "Percentage of current income tax expense (benefit) and deferred income tax expense (benefit) pertaining to continuing operations.",
      "available_units": [
        "pure"
      ],
      "data_points_count": 49,
      "latest_value": {
        "value": 0.224,
        "date": "2024-12-31",
        "fiscal_year": 2024,
        "form": "10-K",
        "filed": "2025-02-27",
        "unit": "pure",
        "type": "annual"
      },
      "date_range": {
        "earliest": "2008-11-30",
        "latest": "2024-12-31"
      }
    },
    "FairValueOptionChangesInFairValueGainLoss": {
      "taxonomy": "us-gaap",
      "label": "Fair Value, Option, Changes in Fair Value, Gain (Loss) (Deprecated 2012-01-31)",
      "description": "This item represents, for each line item in the statement of financial position, the amounts of gains and losses from fair value changes included in earnings during the period and in which line in the income statement those gains and losses are reported. This item may also include amounts of gains and losses for other items measured at fair value, but for which the fair value option has not been elected (for instance, items required to be measured at fair value).",
      "available_units": [
        "USD"
      ],
      "data_points_count": 31,
      "latest_value": {
        "value": -113000000,
        "date": "2011-12-31",
        "fiscal_year": 2011,
        "form": "10-K",
        "filed": "2012-02-28",
        "unit": "USD",
        "type": "annual"
      },
      "date_range": {
        "earliest": "2008-11-30",
        "latest": "2012-06-30"
      }
    },
    "FairValueOptionChangesInFairValueGainLoss1": {
      "taxonomy": "us-gaap",
      "label": "Fair Value, Option, Changes in Fair Value, Gain (Loss)",
      "description": "For each line item in the statement of financial position, the amounts of gains and losses from fair value changes included in earnings.",
      "available_units": [
        "USD"
      ],
      "data_points_count": 172,
      "latest_value": {
        "value": -6400000000,
        "date": "2024-12-31",
        "fiscal_year": 2024,
        "form": "10-K",
        "filed": "2025-02-27",
        "unit": "USD",
        "type": "annual"
      },
      "date_range": {
        "earliest": "2010-12-31",
        "latest": "2025-06-30"
      }
    },
    "GainLossOnFairValueHedgeIneffectivenessNet": {
      "taxonomy": "us-gaap",
      "label": "Gain (Loss) on Fair Value Hedge Ineffectiveness, Net",
      "description": "Amount of gain (loss)recognized in the income statement from the hedging ineffectiveness of a fair value hedge.",
      "available_units": [
        "USD"
      ],
      "data_points_count": 8,
      "latest_value": {
        "value": -474000000,
        "date": "2014-09-30",
        "fiscal_year": 2014,
        "fiscal_period": "Q3",
        "form": "10-Q",
        "filed": "2014-11-05",
        "unit": "USD",
        "type": "quarterly"
      },
      "date_range": {
        "earliest": "2013-06-30",
        "latest": "2014-09-30"
      }
    },
    "IncomeTaxExaminationPenaltiesAndInterestExpense": {
      "taxonomy": "us-gaap",
      "label": "Income Tax Examination, Penalties and Interest Expense",
      "description": "The sum of the amounts of estimated penalties and interest recognized in the period arising from income tax examinations.",
      "available_units": [
        "USD"
      ],
      "data_points_count": 49,
      "latest_value": {
        "value": 113000000,
        "date": "2024-12-31",
        "fiscal_year": 2024,
        "form": "10-K",
        "filed": "2025-02-27",
        "unit": "USD",
        "type": "annual"
      },
      "date_range": {
        "earliest": "2008-11-30",
        "latest": "2024-12-31"
      }
    },
    "IncomeTaxExpenseBenefit": {
      "taxonomy": "us-gaap",
      "label": "Income Tax Expense (Benefit)",
      "description": "Amount of current income tax expense (benefit) and deferred income tax expense (benefit) pertaining to continuing operations.",
      "available_units": [
        "USD"
      ],
      "data_points_count": 217,
      "latest_value": {
        "value": 4121000000,
        "date": "2024-12-31",
        "fiscal_year": 2024,
        "form": "10-K",
        "filed": "2025-02-27",
        "unit": "USD",
        "type": "annual"
      },
      "date_range": {
        "earliest": "2007-11-30",
        "latest": "2025-06-30"
      }
    },
    "IncomeTaxExpenseBenefitContinuingOperations": {
      "taxonomy": "us-gaap",
      "label": "Income Tax Expense (Benefit), Continuing Operations (Deprecated 2013-01-31)",
      "description": "The sum of the current income tax expense or benefit and the deferred income tax expense or benefit pertaining to pretax Income or Loss from continuing operations; income tax expense or benefit may include interest and penalties on tax uncertainties based on the entity's accounting policy.",
      "available_units": [
        "USD"
      ],
      "data_points_count": 10,
      "latest_value": {
        "value": 3732000000,
        "date": "2012-12-31",
        "fiscal_year": 2012,
        "form": "10-K",
        "filed": "2013-03-01",
        "unit": "USD",
        "type": "annual"
      },
      "date_range": {
        "earliest": "2008-11-30",
        "latest": "2012-12-31"
      }
    },
    "InterestExpense": {
      "taxonomy": "us-gaap",
      "label": "Interest Expense",
      "description": "Amount of the cost of borrowed funds accounted for as interest expense.",
      "available_units": [
        "USD"
      ],
      "data_points_count": 159,
      "latest_value": {
        "value": 73341000000,
        "date": "2024-12-31",
        "fiscal_year": 2024,
        "form": "10-K",
        "filed": "2025-02-27",
        "unit": "USD",
        "type": "annual"
      },
      "date_range": {
        "earliest": "2011-12-31",
        "latest": "2025-06-30"
      }
    },
    "InterestExpenseOther": {
      "taxonomy": "us-gaap",
      "label": "Interest Expense, Other",
      "description": "Amount of interest expense classified as other.",
      "available_units": [
        "USD"
      ],
      "data_points_count": 26,
      "latest_value": {
        "value": -855000000,
        "date": "2014-12-31",
        "fiscal_year": 2014,
        "form": "10-K",
        "filed": "2015-02-23",
        "unit": "USD",
        "type": "annual"
      },
      "date_range": {
        "earliest": "2011-12-31",
        "latest": "2025-06-30"
      }
    },
    "InterestIncomeExpenseNet": {
      "taxonomy": "us-gaap",
      "label": "Interest Income (Expense), Net",
      "description": "The net amount of operating interest income (expense).",
      "available_units": [
        "USD"
      ],
      "data_points_count": 163,
      "latest_value": {
        "value": 8056000000,
        "date": "2024-12-31",
        "fiscal_year": 2024,
        "form": "10-K",
        "filed": "2025-02-27",
        "unit": "USD",
        "type": "annual"
      },
      "date_range": {
        "earliest": "2008-05-30",
        "latest": "2025-06-30"
      }
    },
    "LitigationSettlementExpense": {
      "taxonomy": "us-gaap",
      "label": "Litigation Settlement, Expense",
      "description": "Amount of litigation expense, including but not limited to legal, forensic, accounting, and investigative fees.",
      "available_units": [
        "USD"
      ],
      "data_points_count": 12,
      "latest_value": {
        "value": 1240000000,
        "date": "2019-12-31",
        "fiscal_year": 2019,
        "form": "10-K",
        "filed": "2020-02-21",
        "unit": "USD",
        "type": "annual"
      },
      "date_range": {
        "earliest": "2014-12-31",
        "latest": "2019-12-31"
      }
    },
    "NetIncomeLoss": {
      "taxonomy": "us-gaap",
      "label": "Net Income (Loss) Attributable to Parent",
      "description": "The portion of profit or loss for the period, net of income taxes, which is attributable to the parent.",
      "available_units": [
        "USD"
      ],
      "data_points_count": 218,
      "latest_value": {
        "value": 14276000000,
        "date": "2024-12-31",
        "fiscal_year": 2024,
        "form": "10-K",
        "filed": "2025-02-27",
        "unit": "USD",
        "type": "annual"
      },
      "date_range": {
        "earliest": "2007-11-30",
        "latest": "2025-06-30"
      }
    },
    "NoninterestExpense": {
      "taxonomy": "us-gaap",
      "label": "Noninterest Expense",
      "description": "Total aggregate amount of all noninterest expense.",
      "available_units": [
        "USD"
      ],
      "data_points_count": 217,
      "latest_value": {
        "value": 33767000000,
        "date": "2024-12-31",
        "fiscal_year": 2024,
        "form": "10-K",
        "filed": "2025-02-27",
        "unit": "USD",
        "type": "annual"
      },
      "date_range": {
        "earliest": "2007-11-30",
        "latest": "2025-06-30"
      }
    },
    "OtherComprehensiveIncomeLossNetOfTax": {
      "taxonomy": "us-gaap",
      "label": "Other Comprehensive Income (Loss), Net of Tax",
      "description": "Amount after tax and reclassification adjustments of other comprehensive income (loss).",
      "available_units": [
        "USD"
      ],
      "data_points_count": 156,
      "latest_value": {
        "value": 216000000,
        "date": "2024-12-31",
        "fiscal_year": 2024,
        "form": "10-K",
        "filed": "2025-02-27",
        "unit": "USD",
        "type": "annual"
      },
      "date_range": {
        "earliest": "2012-12-31",
        "latest": "2025-06-30"
      }
    },
    "OtherComprehensiveIncomeLossPensionAndOtherPostretirementBenefitPlansAdjustmentNetOfTax": {
      "taxonomy": "us-gaap",
      "label": "Other Comprehensive (Income) Loss, Defined Benefit Plan, after Reclassification Adjustment, after Tax",
      "description": "Amount, after tax and reclassification adjustment, of (increase) decrease in accumulated other comprehensive income for defined benefit plan.",
      "available_units": [
        "USD"
      ],
      "data_points_count": 180,
      "latest_value": {
        "value": -47000000,
        "date": "2024-12-31",
        "fiscal_year": 2024,
        "form": "10-K",
        "filed": "2025-02-27",
        "unit": "USD",
        "type": "annual"
      },
      "date_range": {
        "earliest": "2010-12-31",
        "latest": "2025-06-30"
      }
    },
    "OtherInterestAndDividendIncome": {
      "taxonomy": "us-gaap",
      "label": "Other Interest and Dividend Income",
      "description": "Amount, after discount, accretion and premium amortization, of interest income and dividend income classified as other.",
      "available_units": [
        "USD"
      ],
      "data_points_count": 159,
      "latest_value": {
        "value": 15744000000,
        "date": "2024-12-31",
        "fiscal_year": 2024,
        "form": "10-K",
        "filed": "2025-02-27",
        "unit": "USD",
        "type": "annual"
      },
      "date_range": {
        "earliest": "2011-12-31",
        "latest": "2025-06-30"
      }
    },
    "OtherNoninterestExpense": {
      "taxonomy": "us-gaap",
      "label": "Other Noninterest Expense",
      "description": "Amount of noninterest expense classified as other.",
      "available_units": [
        "USD"
      ],
      "data_points_count": 217,
      "latest_value": {
        "value": 2683000000,
        "date": "2024-12-31",
        "fiscal_year": 2024,
        "form": "10-K",
        "filed": "2025-02-27",
        "unit": "USD",
        "type": "annual"
      },
      "date_range": {
        "earliest": "2007-11-30",
        "latest": "2025-06-30"
      }
    },
    "PreferredStockDividendsIncomeStatementImpact": {
      "taxonomy": "us-gaap",
      "label": "Preferred Stock Dividends, Income Statement Impact",
      "description": "The amount of preferred stock dividends that is an adjustment to net income apportioned to common stockholders.",
      "available_units": [
        "USD"
      ],
      "data_points_count": 185,
      "latest_value": {
        "value": 751000000,
        "date": "2024-12-31",
        "fiscal_year": 2024,
        "form": "10-K",
        "filed": "2025-02-27",
        "unit": "USD",
        "type": "annual"
      },
      "date_range": {
        "earliest": "2009-12-31",
        "latest": "2025-06-30"
      }
    },
    "ProceedsFromIssuanceOfPreferredStockAndPreferenceStock": {
      "taxonomy": "us-gaap",
      "label": "Proceeds from Issuance of Preferred Stock and Preference Stock",
      "description": "Proceeds from issuance of capital stock which provides for a specific dividend that is paid to the shareholders before any dividends to common stockholders and which takes precedence over common stockholders in the event of liquidation.",
      "available_units": [
        "USD"
      ],
      "data_points_count": 85,
      "latest_value": {
        "value": 4239000000,
        "date": "2024-12-31",
        "fiscal_year": 2024,
        "form": "10-K",
        "filed": "2025-02-27",
        "unit": "USD",
        "type": "annual"
      },
      "date_range": {
        "earliest": "2007-11-30",
        "latest": "2025-06-30"
      }
    },
    "ProfitLoss": {
      "taxonomy": "us-gaap",
      "label": "Net Income (Loss), Including Portion Attributable to Noncontrolling Interest",
      "description": "The consolidated profit or loss for the period, net of income taxes, including the portion attributable to the noncontrolling interest.",
      "available_units": [
        "USD"
      ],
      "data_points_count": 38,
      "latest_value": {
        "value": 21635000000,
        "date": "2021-12-31",
        "fiscal_year": 2021,
        "form": "10-K",
        "filed": "2022-02-25",
        "unit": "USD",
        "type": "annual"
      },
      "date_range": {
        "earliest": "2016-12-31",
        "latest": "2022-06-30"
      }
    },
    "ReclassificationFromAociCurrentPeriodBeforeTaxAttributableToParent": {
      "taxonomy": "us-gaap",
      "label": "Reclassification from AOCI, Current Period, before Tax, Attributable to Parent",
      "description": "Amount before tax of reclassification adjustments of other comprehensive income (loss) attributable to parent.",
      "available_units": [
        "USD"
      ],
      "data_points_count": 29,
      "latest_value": {
        "value": 0,
        "date": "2024-12-31",
        "fiscal_year": 2024,
        "form": "10-K",
        "filed": "2025-02-27",
        "unit": "USD",
        "type": "annual"
      },
      "date_range": {
        "earliest": "2020-06-30",
        "latest": "2025-06-30"
      }
    },
    "RetainedEarningsAccumulatedDeficit": {
      "taxonomy": "us-gaap",
      "label": "Retained Earnings (Accumulated Deficit)",
      "description": "The cumulative amount of the reporting entity's undistributed earnings or deficit.",
      "available_units": [
        "USD"
      ],
      "data_points_count": 132,
      "latest_value": {
        "value": 153412000000,
        "date": "2024-12-31",
        "fiscal_year": 2024,
        "form": "10-K",
        "filed": "2025-02-27",
        "unit": "USD",
        "type": "annual"
      },
      "date_range": {
        "earliest": "2008-11-28",
        "latest": "2025-06-30"
      }
    },
    "ShareBasedCompensationArrangementByShareBasedPaymentAwardFairValueAssumptionsRiskFreeInterestRate": {
      "taxonomy": "us-gaap",
      "label": "Share-based Compensation Arrangement by Share-based Payment Award, Fair Value Assumptions, Risk Free Interest Rate",
      "description": "The risk-free interest rate assumption that is used in valuing an option on its own shares.",
      "available_units": [
        "pure"
      ],
      "data_points_count": 4,
      "latest_value": {
        "value": 0.016,
        "date": "2010-12-31",
        "fiscal_year": 2012,
        "form": "10-K",
        "filed": "2013-03-01",
        "unit": "pure",
        "type": "annual"
      },
      "date_range": {
        "earliest": "2008-12-31",
        "latest": "2010-12-31"
      }
    },
    "ShareBasedCompensationArrangementByShareBasedPaymentAwardFairValueAssumptionsWeightedAverageExpectedDividend": {
      "taxonomy": "us-gaap",
      "label": "Share-based Compensation Arrangement by Share-based Payment Award, Fair Value Assumptions, Weighted Average Expected Dividend",
      "description": "Disclosure of the weighted average expected dividend for an entity using a valuation technique with different dividend rates during the contractual term.",
      "available_units": [
        "USD"
      ],
      "data_points_count": 4,
      "latest_value": {
        "value": 1.4,
        "date": "2010-12-31",
        "fiscal_year": 2012,
        "form": "10-K",
        "filed": "2013-03-01",
        "unit": "USD",
        "type": "annual"
      },
      "date_range": {
        "earliest": "2008-12-31",
        "latest": "2010-12-31"
      }
    },
    "TaxCutsAndJobsActOf2017IncomeTaxExpenseBenefit": {
      "taxonomy": "us-gaap",
      "label": "Tax Cuts and Jobs Act, Income Tax Expense (Benefit)",
      "description": "Amount of income tax expense (benefit) from effect of Tax Cuts and Jobs Act.",
      "available_units": [
        "USD"
      ],
      "data_points_count": 2,
      "latest_value": {
        "value": 487000000,
        "date": "2018-12-31",
        "fiscal_year": 2019,
        "form": "10-K",
        "filed": "2020-02-21",
        "unit": "USD",
        "type": "annual"
      },
      "date_range": {
        "earliest": "2018-12-31",
        "latest": "2018-12-31"
      }
    },
    "VariableInterestEntityEntityMaximumLossExposureAmount": {
      "taxonomy": "us-gaap",
      "label": "Variable Interest Entity, Reporting Entity Involvement, Maximum Loss Exposure, Amount",
      "description": "The reporting entity's maximum amount of exposure to loss as a result of its involvement with the Variable Interest Entity (VIE).",
      "available_units": [
        "USD"
      ],
      "data_points_count": 76,
      "latest_value": {
        "value": 20786000000,
        "date": "2019-12-31",
        "fiscal_year": 2019,
        "form": "10-K",
        "filed": "2020-02-21",
        "unit": "USD",
        "type": "annual"
      },
      "date_range": {
        "earliest": "2010-12-31",
        "latest": "2020-09-30"
      }
    },
    "VariableInterestEntityNonconsolidatedCarryingAmountLiabilities": {
      "taxonomy": "us-gaap",
      "label": "Variable Interest Entity, Nonconsolidated, Carrying Amount, Liabilities (Deprecated 2020-01-31)",
      "description": "Carrying amount of the liabilities in the reporting entity's statement of financial position that relate to the reporting entity's variable interest in the Variable Interest Entity (VIE), where the reporting entity is not the VIE's primary beneficiary.",
      "available_units": [
        "USD"
      ],
      "data_points_count": 72,
      "latest_value": {
        "value": 619000000,
        "date": "2019-12-31",
        "fiscal_year": 2019,
        "form": "10-K",
        "filed": "2020-02-21",
        "unit": "USD",
        "type": "annual"
      },
      "date_range": {
        "earliest": "2010-12-31",
        "latest": "2020-03-31"
      }
    },
    "VariableInterestMaximumExposureToLoss": {
      "taxonomy": "us-gaap",
      "label": "Variable Interest, Maximum Exposure to Loss (Deprecated 2009-01-31)",
      "description": "Quantifies the entity's maximum exposure to loss.",
      "available_units": [
        "USD"
      ],
      "data_points_count": 10,
      "latest_value": {
        "value": 21820000000,
        "date": "2010-12-31",
        "fiscal_year": 2010,
        "form": "10-K",
        "filed": "2011-03-01",
        "unit": "USD",
        "type": "annual"
      },
      "date_range": {
        "earliest": "2009-12-31",
        "latest": "2011-06-30"
      }
    },
    "WeightedAverageNumberOfDilutedSharesOutstanding": {
      "taxonomy": "us-gaap",
      "label": "Weighted Average Number of Shares Outstanding, Diluted",
      "description": "The average number of shares or units issued and outstanding that are used in calculating diluted EPS or earnings per unit (EPU), determined based on the timing of issuance of shares or units in the period.",
      "available_units": [
        "shares"
      ],
      "data_points_count": 217,
      "latest_value": {
        "value": 333600000,
        "date": "2024-12-31",
        "fiscal_year": 2024,
        "form": "10-K",
        "filed": "2025-02-27",
        "unit": "shares",
        "type": "annual"
      },
      "date_range": {
        "earliest": "2007-11-30",
        "latest": "2025-06-30"
      }
    },
    "EffectiveIncomeTaxRateReconciliationGiltiPercent": {
      "taxonomy": "us-gaap",
      "label": null,
      "description": null,
      "available_units": [
        "pure"
      ],
      "data_points_count": 6,
      "latest_value": {
        "value": 0.028,
        "date": "2024-12-31",
        "fiscal_year": 2024,
        "form": "10-K",
        "filed": "2025-02-27",
        "unit": "pure",
        "type": "annual"
      },
      "date_range": {
        "earliest": "2021-12-31",
        "latest": "2024-12-31"
      }
    },
    "InterestExpenseOperating": {
      "taxonomy": "us-gaap",
      "label": null,
      "description": null,
      "available_units": [
        "USD"
      ],
      "data_points_count": 17,
      "latest_value": {
        "value": 73341000000,
        "date": "2024-12-31",
        "fiscal_year": 2024,
        "form": "10-K",
        "filed": "2025-02-27",
        "unit": "USD",
        "type": "annual"
      },
      "date_range": {
        "earliest": "2022-12-31",
        "latest": "2025-06-30"
      }
    }
  }
}