{
  "chunk_metadata": {
    "domain": "public",
    "CIK": "895421",
    "data_type": "SEC",
    "ticker": "MS",
    "chunk_name": "Revenue & Profitability",
    "chunk_id": "revenue_profit",
    "company_name": "MORGAN STANLEY",
    "extraction_date": "2025-09-30T11:01:43.908190",
    "metrics_count": 101,
    "total_company_metrics": 0,
    "chunking_strategy": "context_aware_balanced"
  },
  "metrics": {
    "EntityCommonStockSharesOutstanding": {
      "taxonomy": "dei",
      "label": "Entity Common Stock, Shares Outstanding",
      "description": "Indicate number of shares or other units outstanding of each of registrant's classes of capital or common stock or other ownership interests, if and as stated on cover of related periodic report. Where multiple classes or units exist define each class/interest by adding class of stock items such as Common Class A [Member], Common Class B [Member] or Partnership Interest [Member] onto the Instrument [Domain] of the Entity Listings, Instrument.",
      "available_units": [
        "shares"
      ],
      "data_points_count": 65,
      "latest_value": {
        "value": 1612855585,
        "date": "2025-01-31",
        "fiscal_year": 2024,
        "form": "10-K",
        "filed": "2025-02-21",
        "unit": "shares",
        "type": "annual"
      },
      "date_range": {
        "earliest": "2009-07-31",
        "latest": "2025-07-31"
      }
    },
    "AdjustmentsToAdditionalPaidInCapitalTaxEffectFromShareBasedCompensation": {
      "taxonomy": "us-gaap",
      "label": "Adjustments to Additional Paid in Capital, Income Tax Benefit from Share-based Compensation",
      "description": "Amount of increase in additional paid in capital (APIC) resulting from a tax benefit associated with share-based compensation plan other than an employee stock ownership plan (ESOP). Includes, but is not limited to, excess tax benefit.",
      "available_units": [
        "USD"
      ],
      "data_points_count": 2,
      "latest_value": {
        "value": -27000000,
        "date": "2009-06-30",
        "fiscal_year": 2009,
        "fiscal_period": "Q2",
        "form": "10-Q",
        "filed": "2009-08-07",
        "unit": "USD",
        "type": "quarterly"
      },
      "date_range": {
        "earliest": "2008-06-30",
        "latest": "2009-06-30"
      }
    },
    "ChangeInUnrealizedGainLossOnFairValueHedgingInstruments": {
      "taxonomy": "us-gaap",
      "label": "Change in Unrealized Gain (Loss) on Fair Value Hedging Instruments (Deprecated 2013-01-31)",
      "description": "The amount recognized in earnings related to the change in fair value during the period of derivative or nonderivative instruments designated as fair value hedging instruments.",
      "available_units": [
        "USD"
      ],
      "data_points_count": 4,
      "latest_value": {
        "value": -3331000000,
        "date": "2011-09-30",
        "fiscal_year": 2011,
        "fiscal_period": "Q3",
        "form": "10-Q",
        "filed": "2011-11-07",
        "unit": "USD",
        "type": "quarterly"
      },
      "date_range": {
        "earliest": "2010-09-30",
        "latest": "2011-09-30"
      }
    },
    "ChangeInUnrealizedGainLossOnHedgedItemInFairValueHedge": {
      "taxonomy": "us-gaap",
      "label": "Change in Unrealized Gain (Loss) on Hedged Item in Fair Value Hedge (Deprecated 2013-01-31)",
      "description": "The amount recognized in earnings related to the change in fair value during the period of the hedged item in a fair value hedge.",
      "available_units": [
        "USD"
      ],
      "data_points_count": 4,
      "latest_value": {
        "value": 2820000000,
        "date": "2011-09-30",
        "fiscal_year": 2011,
        "fiscal_period": "Q3",
        "form": "10-Q",
        "filed": "2011-11-07",
        "unit": "USD",
        "type": "quarterly"
      },
      "date_range": {
        "earliest": "2010-09-30",
        "latest": "2011-09-30"
      }
    },
    "CommonStockDividendsPerShareDeclared": {
      "taxonomy": "us-gaap",
      "label": "Common Stock, Dividends, Per Share, Declared",
      "description": "Aggregate dividends declared during the period for each share of common stock outstanding.",
      "available_units": [
        "USD/shares"
      ],
      "data_points_count": 260,
      "latest_value": {
        "value": 3.55,
        "date": "2024-12-31",
        "fiscal_year": 2024,
        "form": "10-K",
        "filed": "2025-02-21",
        "unit": "USD/shares",
        "type": "annual"
      },
      "date_range": {
        "earliest": "2009-06-30",
        "latest": "2025-06-30"
      }
    },
    "CommonStockSharesOutstanding": {
      "taxonomy": "us-gaap",
      "label": "Common Stock, Shares, Outstanding",
      "description": "Number of shares of common stock outstanding. Common stock represent the ownership interest in a corporation.",
      "available_units": [
        "shares"
      ],
      "data_points_count": 146,
      "latest_value": {
        "value": 1606653706,
        "date": "2024-12-31",
        "fiscal_year": 2024,
        "form": "10-K",
        "filed": "2025-02-21",
        "unit": "shares",
        "type": "annual"
      },
      "date_range": {
        "earliest": "2008-11-30",
        "latest": "2025-06-30"
      }
    },
    "ConvertiblePreferredDividendsNetOfTax": {
      "taxonomy": "us-gaap",
      "label": "Convertible Preferred Dividends, Net of Tax",
      "description": "The after-tax amount of any dividends on convertible preferred stock.",
      "available_units": [
        "USD"
      ],
      "data_points_count": 10,
      "latest_value": {
        "value": 0,
        "date": "2011-12-31",
        "fiscal_year": 2011,
        "form": "10-K",
        "filed": "2012-02-27",
        "unit": "USD",
        "type": "annual"
      },
      "date_range": {
        "earliest": "2009-12-31",
        "latest": "2011-12-31"
      }
    },
    "CurrentForeignTaxExpenseBenefit": {
      "taxonomy": "us-gaap",
      "label": "Current Foreign Tax Expense (Benefit)",
      "description": "Amount of current foreign income tax expense (benefit) pertaining to income (loss) from continuing operations.",
      "available_units": [
        "USD"
      ],
      "data_points_count": 7,
      "latest_value": {
        "value": 568000000,
        "date": "2011-12-31",
        "fiscal_year": 2011,
        "form": "10-K",
        "filed": "2012-02-27",
        "unit": "USD",
        "type": "annual"
      },
      "date_range": {
        "earliest": "2008-11-30",
        "latest": "2011-12-31"
      }
    },
    "CurrentIncomeTaxExpenseBenefit": {
      "taxonomy": "us-gaap",
      "label": "Current Income Tax Expense (Benefit)",
      "description": "Amount of current income tax expense (benefit) pertaining to taxable income (loss) from continuing operations.",
      "available_units": [
        "USD"
      ],
      "data_points_count": 46,
      "latest_value": {
        "value": 3915000000,
        "date": "2024-12-31",
        "fiscal_year": 2024,
        "form": "10-K",
        "filed": "2025-02-21",
        "unit": "USD",
        "type": "annual"
      },
      "date_range": {
        "earliest": "2008-11-30",
        "latest": "2024-12-31"
      }
    },
    "CurrentStateAndLocalTaxExpenseBenefit": {
      "taxonomy": "us-gaap",
      "label": "Current State and Local Tax Expense (Benefit)",
      "description": "Amount of current state and local tax expense (benefit) pertaining to income (loss) from continuing operations.",
      "available_units": [
        "USD"
      ],
      "data_points_count": 46,
      "latest_value": {
        "value": 660000000,
        "date": "2024-12-31",
        "fiscal_year": 2024,
        "form": "10-K",
        "filed": "2025-02-21",
        "unit": "USD",
        "type": "annual"
      },
      "date_range": {
        "earliest": "2008-11-30",
        "latest": "2024-12-31"
      }
    },
    "DeferredForeignIncomeTaxExpenseBenefit": {
      "taxonomy": "us-gaap",
      "label": "Deferred Foreign Income Tax Expense (Benefit)",
      "description": "Amount of deferred foreign income tax expense (benefit) pertaining to income (loss) from continuing operations.",
      "available_units": [
        "USD"
      ],
      "data_points_count": 7,
      "latest_value": {
        "value": 77000000,
        "date": "2011-12-31",
        "fiscal_year": 2011,
        "form": "10-K",
        "filed": "2012-02-27",
        "unit": "USD",
        "type": "annual"
      },
      "date_range": {
        "earliest": "2008-11-30",
        "latest": "2011-12-31"
      }
    },
    "DeferredIncomeTaxExpenseBenefit": {
      "taxonomy": "us-gaap",
      "label": "Deferred Income Tax Expense (Benefit)",
      "description": "Amount of deferred income tax expense (benefit) pertaining to income (loss) from continuing operations.",
      "available_units": [
        "USD"
      ],
      "data_points_count": 50,
      "latest_value": {
        "value": 152000000,
        "date": "2024-12-31",
        "fiscal_year": 2024,
        "form": "10-K",
        "filed": "2025-02-21",
        "unit": "USD",
        "type": "annual"
      },
      "date_range": {
        "earliest": "2007-11-30",
        "latest": "2024-12-31"
      }
    },
    "DeferredStateAndLocalIncomeTaxExpenseBenefit": {
      "taxonomy": "us-gaap",
      "label": "Deferred State and Local Income Tax Expense (Benefit)",
      "description": "Amount of deferred state and local tax expense (benefit) pertaining to income (loss) from continuing operations.",
      "available_units": [
        "USD"
      ],
      "data_points_count": 46,
      "latest_value": {
        "value": -6000000,
        "date": "2024-12-31",
        "fiscal_year": 2024,
        "form": "10-K",
        "filed": "2025-02-21",
        "unit": "USD",
        "type": "annual"
      },
      "date_range": {
        "earliest": "2008-11-30",
        "latest": "2024-12-31"
      }
    },
    "DefinedBenefitPlanEffectOfOnePercentagePointDecreaseOnServiceAndInterestCostComponents": {
      "taxonomy": "us-gaap",
      "label": "Defined Benefit Plan, Effect of One Percentage Point Decrease on Service and Interest Cost Components (Deprecated 2012-01-31)",
      "description": "The effect of a one-percentage- point decrease in the assumed health care cost trend rates on the aggregate of the service and interest cost components of net periodic postretirement health care benefit costs.",
      "available_units": [
        "USD"
      ],
      "data_points_count": 1,
      "latest_value": {
        "value": -1000000,
        "date": "2010-12-31",
        "fiscal_year": 2010,
        "form": "10-K",
        "filed": "2011-02-28",
        "unit": "USD",
        "type": "annual"
      },
      "date_range": {
        "earliest": "2010-12-31",
        "latest": "2010-12-31"
      }
    },
    "DefinedBenefitPlanEffectOfOnePercentagePointIncreaseOnServiceAndInterestCostComponents": {
      "taxonomy": "us-gaap",
      "label": "Defined Benefit Plan, Effect of One Percentage Point Increase on Service and Interest Cost Components",
      "description": "Amount of increase in service and interest cost components of net periodic postretirement benefit cost from one-percentage-point increase in assumed health care cost trend rate.",
      "available_units": [
        "USD"
      ],
      "data_points_count": 3,
      "latest_value": {
        "value": 2000000,
        "date": "2012-12-31",
        "fiscal_year": 2012,
        "form": "10-K",
        "filed": "2013-02-26",
        "unit": "USD",
        "type": "annual"
      },
      "date_range": {
        "earliest": "2010-12-31",
        "latest": "2012-12-31"
      }
    },
    "DerivativeInstrumentsGainLossRecognizedInIncomeIneffectivePortionAndAmountExcludedFromEffectivenessTestingNet": {
      "taxonomy": "us-gaap",
      "label": "Derivative Instruments, Gain (Loss) Recognized in Income, Ineffective Portion and Amount Excluded from Effectiveness Testing, Net",
      "description": "The portion of gains and losses (net) on derivative instruments designated and qualifying as hedging instruments representing (a) the amount of the hedge ineffectiveness and (b) the amount, if any, excluded from the assessment of hedge effectiveness.",
      "available_units": [
        "USD"
      ],
      "data_points_count": 46,
      "latest_value": {
        "value": -186000000,
        "date": "2014-12-31",
        "fiscal_year": 2014,
        "form": "10-K",
        "filed": "2015-03-02",
        "unit": "USD",
        "type": "annual"
      },
      "date_range": {
        "earliest": "2009-12-31",
        "latest": "2014-12-31"
      }
    },
    "DiscontinuedOperationGainLossFromDisposalOfDiscontinuedOperationBeforeIncomeTax": {
      "taxonomy": "us-gaap",
      "label": "Discontinued Operation, Gain (Loss) from Disposal of Discontinued Operation, before Income Tax",
      "description": "Amount before tax of gain (loss) not previously recognized resulting from the disposal of a discontinued operation.",
      "available_units": [
        "USD"
      ],
      "data_points_count": 43,
      "latest_value": {
        "value": 606000000,
        "date": "2010-12-31",
        "fiscal_year": 2010,
        "form": "10-K",
        "filed": "2011-02-28",
        "unit": "USD",
        "type": "annual"
      },
      "date_range": {
        "earliest": "2007-11-30",
        "latest": "2011-09-30"
      }
    },
    "DiscontinuedOperationGainLossOnDisposalOfDiscontinuedOperationNetOfTax": {
      "taxonomy": "us-gaap",
      "label": "Discontinued Operation, Gain (Loss) on Disposal of Discontinued Operation, Net of Tax",
      "description": "Amount after tax of gain (loss) not previously recognized resulting from the disposal of a discontinued operation.",
      "available_units": [
        "USD"
      ],
      "data_points_count": 5,
      "latest_value": {
        "value": 28000000,
        "date": "2011-12-31",
        "fiscal_year": 2011,
        "form": "10-K",
        "filed": "2012-02-27",
        "unit": "USD",
        "type": "annual"
      },
      "date_range": {
        "earliest": "2010-12-01",
        "latest": "2011-12-31"
      }
    },
    "DiscontinuedOperationIncomeLossFromDiscontinuedOperationBeforeIncomeTax": {
      "taxonomy": "us-gaap",
      "label": "Discontinued Operation, Income (Loss) from Discontinued Operation, before Income Tax",
      "description": "Amount before tax of income (loss) from a discontinued operation. Includes, but is not limited to, the income (loss) from operations during the phase-out period, gain (loss) on disposal, gain (loss) for reversal of write-down (write-down) to fair value, less cost to sell, and adjustments to a prior period gain (loss) on disposal.",
      "available_units": [
        "USD"
      ],
      "data_points_count": 105,
      "latest_value": {
        "value": -23000000,
        "date": "2015-12-31",
        "fiscal_year": 2015,
        "form": "10-K",
        "filed": "2016-02-23",
        "unit": "USD",
        "type": "annual"
      },
      "date_range": {
        "earliest": "2008-06-30",
        "latest": "2016-03-31"
      }
    },
    "DiscontinuedOperationTaxEffectOfDiscontinuedOperation": {
      "taxonomy": "us-gaap",
      "label": "Discontinued Operation, Tax Effect of Discontinued Operation",
      "description": "Amount of tax expense (benefit) related to a discontinued operation. Includes, but is not limited to, tax expense (benefit) related to income (loss) from operations during the phase-out period, tax expense (benefit) related to gain (loss) on disposal, tax expense (benefit) related to gain (loss) for reversal of write-down (write-down) to fair value, less cost to sell, and tax expense (benefit) related to adjustments of a prior period gain (loss) on disposal.",
      "available_units": [
        "USD"
      ],
      "data_points_count": 156,
      "latest_value": {
        "value": 0,
        "date": "2020-12-31",
        "fiscal_year": 2020,
        "form": "10-K",
        "filed": "2021-02-26",
        "unit": "USD",
        "type": "annual"
      },
      "date_range": {
        "earliest": "2007-11-30",
        "latest": "2020-12-31"
      }
    },
    "DisposalGroupIncludingDiscontinuedOperationRevenue": {
      "taxonomy": "us-gaap",
      "label": "Disposal Group, Including Discontinued Operation, Revenue",
      "description": "Amount of revenue attributable to disposal group, including, but not limited to, discontinued operation.",
      "available_units": [
        "USD"
      ],
      "data_points_count": 21,
      "latest_value": {
        "value": 66000000,
        "date": "2011-12-31",
        "fiscal_year": 2011,
        "form": "10-K",
        "filed": "2012-02-27",
        "unit": "USD",
        "type": "annual"
      },
      "date_range": {
        "earliest": "2008-11-30",
        "latest": "2012-03-31"
      }
    },
    "DisposalGroupNotDiscontinuedOperationGainLossOnDisposal": {
      "taxonomy": "us-gaap",
      "label": "Disposal Group, Not Discontinued Operation, Gain (Loss) on Disposal",
      "description": "Amount before tax of gain (loss) recognized on the sale or disposal of a disposal group. Excludes discontinued operations.",
      "available_units": [
        "USD"
      ],
      "data_points_count": 46,
      "latest_value": {
        "value": 34000000,
        "date": "2013-12-31",
        "fiscal_year": 2013,
        "form": "10-K",
        "filed": "2014-02-25",
        "unit": "USD",
        "type": "annual"
      },
      "date_range": {
        "earliest": "2007-11-30",
        "latest": "2014-06-30"
      }
    },
    "DisposalGroupNotDiscontinuedOperationLossGainOnWriteDown": {
      "taxonomy": "us-gaap",
      "label": "Disposal Group, Not Discontinued Operation, Loss (Gain) on Write-down",
      "description": "Amount, before tax, of (gain) loss recognized for the (reversal of write-down) write-down to fair value, less cost to sell, of a disposal group. Excludes discontinued operations.",
      "available_units": [
        "USD"
      ],
      "data_points_count": 4,
      "latest_value": {
        "value": -30000000,
        "date": "2011-12-31",
        "fiscal_year": 2011,
        "form": "10-K",
        "filed": "2012-02-27",
        "unit": "USD",
        "type": "annual"
      },
      "date_range": {
        "earliest": "2009-12-31",
        "latest": "2011-12-31"
      }
    },
    "EarningsPerShareBasic": {
      "taxonomy": "us-gaap",
      "label": "Earnings Per Share, Basic",
      "description": "The amount of net income (loss) for the period per each share of common stock or unit outstanding during the reporting period.",
      "available_units": [
        "USD/shares"
      ],
      "data_points_count": 302,
      "latest_value": {
        "value": 8.04,
        "date": "2024-12-31",
        "fiscal_year": 2024,
        "form": "10-K",
        "filed": "2025-02-21",
        "unit": "USD/shares",
        "type": "annual"
      },
      "date_range": {
        "earliest": "2007-11-30",
        "latest": "2025-06-30"
      }
    },
    "EffectiveIncomeTaxRateContinuingOperations": {
      "taxonomy": "us-gaap",
      "label": "Effective Income Tax Rate Reconciliation, Percent",
      "description": "Percentage of current income tax expense (benefit) and deferred income tax expense (benefit) pertaining to continuing operations.",
      "available_units": [
        "pure"
      ],
      "data_points_count": 46,
      "latest_value": {
        "value": 0.231,
        "date": "2024-12-31",
        "fiscal_year": 2024,
        "form": "10-K",
        "filed": "2025-02-21",
        "unit": "pure",
        "type": "annual"
      },
      "date_range": {
        "earliest": "2008-11-30",
        "latest": "2024-12-31"
      }
    },
    "EmbeddedDerivativeGainLossOnEmbeddedDerivativeNet": {
      "taxonomy": "us-gaap",
      "label": "Embedded Derivative, Gain (Loss) on Embedded Derivative, Net",
      "description": "Net Increase or Decrease in the fair value of the embedded derivative or group of embedded derivatives included in earnings in the period.",
      "available_units": [
        "USD"
      ],
      "data_points_count": 71,
      "latest_value": {
        "value": -22000000,
        "date": "2014-12-31",
        "fiscal_year": 2014,
        "form": "10-K",
        "filed": "2015-03-02",
        "unit": "USD",
        "type": "annual"
      },
      "date_range": {
        "earliest": "2008-12-31",
        "latest": "2015-09-30"
      }
    },
    "FairValueOptionChangesInFairValueGainLoss1": {
      "taxonomy": "us-gaap",
      "label": "Fair Value, Option, Changes in Fair Value, Gain (Loss)",
      "description": "For each line item in the statement of financial position, the amounts of gains and losses from fair value changes included in earnings.",
      "available_units": [
        "USD"
      ],
      "data_points_count": 4,
      "latest_value": {
        "value": 710000000,
        "date": "2018-06-30",
        "fiscal_year": 2018,
        "fiscal_period": "Q2",
        "form": "10-Q",
        "filed": "2018-08-03",
        "unit": "USD",
        "type": "quarterly"
      },
      "date_range": {
        "earliest": "2017-06-30",
        "latest": "2018-06-30"
      }
    },
    "FloorBrokerageExchangeAndClearanceFees": {
      "taxonomy": "us-gaap",
      "label": "Floor Brokerage, Exchange and Clearance Fees",
      "description": "The amount of expense during the period for floor brokerage fees paid to other broker-dealers to execute trades on their behalf, stock exchange fees, order flow fees, and clearance fees.",
      "available_units": [
        "USD"
      ],
      "data_points_count": 214,
      "latest_value": {
        "value": 4140000000,
        "date": "2024-12-31",
        "fiscal_year": 2024,
        "form": "10-K",
        "filed": "2025-02-21",
        "unit": "USD",
        "type": "annual"
      },
      "date_range": {
        "earliest": "2007-11-30",
        "latest": "2025-06-30"
      }
    },
    "GainLossOnDispositionOfRealEstateDiscontinuedOperations": {
      "taxonomy": "us-gaap",
      "label": "Gain (Loss) on Disposition of Real Estate, Discontinued Operations",
      "description": "Amount of difference between the carrying amount and the sales price of real estate properties sold as part of discontinued operations.",
      "available_units": [
        "USD"
      ],
      "data_points_count": 2,
      "latest_value": {
        "value": 141000000,
        "date": "2014-12-31",
        "fiscal_year": 2015,
        "form": "10-K",
        "filed": "2016-02-23",
        "unit": "USD",
        "type": "annual"
      },
      "date_range": {
        "earliest": "2014-09-30",
        "latest": "2014-12-31"
      }
    },
    "GainLossOnFairValueHedgeIneffectivenessNet": {
      "taxonomy": "us-gaap",
      "label": "Gain (Loss) on Fair Value Hedge Ineffectiveness, Net",
      "description": "Amount of gain (loss)recognized in the income statement from the hedging ineffectiveness of a fair value hedge.",
      "available_units": [
        "USD"
      ],
      "data_points_count": 1,
      "latest_value": {
        "value": 17000000,
        "date": "2008-11-30",
        "fiscal_year": 2010,
        "form": "10-K",
        "filed": "2011-02-28",
        "unit": "USD",
        "type": "annual"
      },
      "date_range": {
        "earliest": "2008-11-30",
        "latest": "2008-11-30"
      }
    },
    "GainLossOnFairValueHedgesRecognizedInEarnings": {
      "taxonomy": "us-gaap",
      "label": "Gain (Loss) on Fair Value Hedges Recognized in Earnings",
      "description": "Total amount of gain (loss) derived from fair value hedges recognized in earnings in the period.",
      "available_units": [
        "USD"
      ],
      "data_points_count": 4,
      "latest_value": {
        "value": 511000000,
        "date": "2011-09-30",
        "fiscal_year": 2011,
        "fiscal_period": "Q3",
        "form": "10-Q",
        "filed": "2011-11-07",
        "unit": "USD",
        "type": "quarterly"
      },
      "date_range": {
        "earliest": "2010-09-30",
        "latest": "2011-09-30"
      }
    },
    "GainLossRelatedToLitigationSettlement": {
      "taxonomy": "us-gaap",
      "label": "Gain (Loss) Related to Litigation Settlement",
      "description": "Amount of gain (loss) recognized in settlement of litigation and insurance claims. Excludes claims within an insurance entity's normal claims settlement process.",
      "available_units": [
        "USD"
      ],
      "data_points_count": 5,
      "latest_value": {
        "value": 775000000,
        "date": "2011-12-31",
        "fiscal_year": 2011,
        "form": "10-K",
        "filed": "2012-02-27",
        "unit": "USD",
        "type": "annual"
      },
      "date_range": {
        "earliest": "2010-01-31",
        "latest": "2011-12-31"
      }
    },
    "IncomeLossFromContinuingOperations": {
      "taxonomy": "us-gaap",
      "label": "Income (Loss) from Continuing Operations, Net of Tax, Attributable to Parent",
      "description": "Amount after tax of income (loss) from continuing operations attributable to the parent.",
      "available_units": [
        "USD"
      ],
      "data_points_count": 80,
      "latest_value": {
        "value": 3481000000,
        "date": "2014-12-31",
        "fiscal_year": 2014,
        "form": "10-K",
        "filed": "2015-03-02",
        "unit": "USD",
        "type": "annual"
      },
      "date_range": {
        "earliest": "2007-11-30",
        "latest": "2015-03-31"
      }
    },
    "IncomeLossFromContinuingOperationsBeforeIncomeTaxesDomestic": {
      "taxonomy": "us-gaap",
      "label": "Income (Loss) from Continuing Operations before Income Taxes, Domestic",
      "description": "The portion of earnings or loss from continuing operations before income taxes that is attributable to domestic operations.",
      "available_units": [
        "USD"
      ],
      "data_points_count": 25,
      "latest_value": {
        "value": 5686000000,
        "date": "2017-12-31",
        "fiscal_year": 2017,
        "form": "10-K",
        "filed": "2018-02-27",
        "unit": "USD",
        "type": "annual"
      },
      "date_range": {
        "earliest": "2008-11-30",
        "latest": "2017-12-31"
      }
    },
    "IncomeLossFromContinuingOperationsBeforeIncomeTaxesForeign": {
      "taxonomy": "us-gaap",
      "label": "Income (Loss) from Continuing Operations before Income Taxes, Foreign",
      "description": "The portion of earnings or loss from continuing operations before income taxes that is attributable to foreign operations, which is defined as Income or Loss generated from operations located outside the entity's country of domicile.",
      "available_units": [
        "USD"
      ],
      "data_points_count": 25,
      "latest_value": {
        "value": 4717000000,
        "date": "2017-12-31",
        "fiscal_year": 2017,
        "form": "10-K",
        "filed": "2018-02-27",
        "unit": "USD",
        "type": "annual"
      },
      "date_range": {
        "earliest": "2008-11-30",
        "latest": "2017-12-31"
      }
    },
    "IncomeLossFromContinuingOperationsIncludingPortionAttributableToNoncontrollingInterest": {
      "taxonomy": "us-gaap",
      "label": "Income (Loss) from Continuing Operations, Net of Tax, Including Portion Attributable to Noncontrolling Interest",
      "description": "Amount after tax of income (loss) from continuing operations including portion attributable to the noncontrolling interest.",
      "available_units": [
        "USD"
      ],
      "data_points_count": 222,
      "latest_value": {
        "value": 11179000000,
        "date": "2020-12-31",
        "fiscal_year": 2020,
        "form": "10-K",
        "filed": "2021-02-26",
        "unit": "USD",
        "type": "annual"
      },
      "date_range": {
        "earliest": "2007-11-30",
        "latest": "2020-12-31"
      }
    },
    "IncomeLossFromContinuingOperationsPerBasicShare": {
      "taxonomy": "us-gaap",
      "label": "Income (Loss) from Continuing Operations, Per Basic Share",
      "description": "The amount of net income (loss) from continuing operations per each share of common stock or unit outstanding during the reporting period.",
      "available_units": [
        "USD/shares"
      ],
      "data_points_count": 213,
      "latest_value": {
        "value": 5.26,
        "date": "2019-12-31",
        "fiscal_year": 2019,
        "form": "10-K",
        "filed": "2020-02-27",
        "unit": "USD/shares",
        "type": "annual"
      },
      "date_range": {
        "earliest": "2007-11-30",
        "latest": "2019-12-31"
      }
    },
    "IncomeLossFromDiscontinuedOperationsNetOfTax": {
      "taxonomy": "us-gaap",
      "label": "Income (Loss) from Discontinued Operations, Net of Tax, Including Portion Attributable to Noncontrolling Interest",
      "description": "Amount after tax of income (loss) from a discontinued operation including the portion attributable to the noncontrolling interest. Includes, but is not limited to, the income (loss) from operations during the phase-out period, gain (loss) on disposal, gain (loss) for reversal of write-down (write-down) to fair value, less cost to sell, and adjustments to a prior period gain (loss) on disposal.",
      "available_units": [
        "USD"
      ],
      "data_points_count": 222,
      "latest_value": {
        "value": 0,
        "date": "2020-12-31",
        "fiscal_year": 2020,
        "form": "10-K",
        "filed": "2021-02-26",
        "unit": "USD",
        "type": "annual"
      },
      "date_range": {
        "earliest": "2007-11-30",
        "latest": "2020-12-31"
      }
    },
    "IncomeLossFromDiscontinuedOperationsNetOfTaxAttributableToReportingEntity": {
      "taxonomy": "us-gaap",
      "label": "Income (Loss) from Discontinued Operations, Net of Tax, Attributable to Parent",
      "description": "Amount after tax of income (loss) from a discontinued operation attributable to the parent. Includes, but is not limited to, the income (loss) from operations during the phase-out period, gain (loss) on disposal, gain (loss) for reversal of write-down (write-down) to fair value, less cost to sell, and adjustments to a prior period gain (loss) on disposal.",
      "available_units": [
        "USD"
      ],
      "data_points_count": 76,
      "latest_value": {
        "value": -14000000,
        "date": "2014-12-31",
        "fiscal_year": 2014,
        "form": "10-K",
        "filed": "2015-03-02",
        "unit": "USD",
        "type": "annual"
      },
      "date_range": {
        "earliest": "2007-11-30",
        "latest": "2015-03-31"
      }
    },
    "IncomeLossFromDiscontinuedOperationsNetOfTaxPerBasicShare": {
      "taxonomy": "us-gaap",
      "label": "Income (Loss) from Discontinued Operations and Disposal of Discontinued Operations, Net of Tax, Per Basic Share",
      "description": "Per basic share amount, after tax, of income (loss) from the day-to-day business activities of the discontinued operation and gain (loss) from the disposal of the discontinued operation.",
      "available_units": [
        "USD/shares"
      ],
      "data_points_count": 208,
      "latest_value": {
        "value": 0,
        "date": "2019-12-31",
        "fiscal_year": 2019,
        "form": "10-K",
        "filed": "2020-02-27",
        "unit": "USD/shares",
        "type": "annual"
      },
      "date_range": {
        "earliest": "2007-11-30",
        "latest": "2019-12-31"
      }
    },
    "IncomeLossFromDiscontinuedOperationsNetOfTaxPerDilutedShare": {
      "taxonomy": "us-gaap",
      "label": "Income (Loss) from Discontinued Operations and Disposal of Discontinued Operations, Net of Tax, Per Diluted Share",
      "description": "Per diluted share amount, after tax, of income (loss) from the day-to-day business activities of the discontinued operation and gain (loss) from the disposal of the discontinued operation.",
      "available_units": [
        "USD/shares"
      ],
      "data_points_count": 207,
      "latest_value": {
        "value": 0,
        "date": "2019-12-31",
        "fiscal_year": 2019,
        "form": "10-K",
        "filed": "2020-02-27",
        "unit": "USD/shares",
        "type": "annual"
      },
      "date_range": {
        "earliest": "2007-11-30",
        "latest": "2019-12-31"
      }
    },
    "IncomeLossFromSubsidiariesNetOfTax": {
      "taxonomy": "us-gaap",
      "label": "Income (Loss) from Subsidiaries, Net of Tax",
      "description": "Amount after tax of income (loss) of subsidiary attributable to the parent entity.",
      "available_units": [
        "USD"
      ],
      "data_points_count": 4,
      "latest_value": {
        "value": 6907000000,
        "date": "2020-12-31",
        "fiscal_year": 2022,
        "form": "10-K",
        "filed": "2023-02-24",
        "unit": "USD",
        "type": "annual"
      },
      "date_range": {
        "earliest": "2017-12-31",
        "latest": "2020-12-31"
      }
    },
    "IncomeTaxExpenseBenefit": {
      "taxonomy": "us-gaap",
      "label": "Income Tax Expense (Benefit)",
      "description": "Amount of current income tax expense (benefit) and deferred income tax expense (benefit) pertaining to continuing operations.",
      "available_units": [
        "USD"
      ],
      "data_points_count": 303,
      "latest_value": {
        "value": 4067000000,
        "date": "2024-12-31",
        "fiscal_year": 2024,
        "form": "10-K",
        "filed": "2025-02-21",
        "unit": "USD",
        "type": "annual"
      },
      "date_range": {
        "earliest": "2007-11-30",
        "latest": "2025-06-30"
      }
    },
    "IncomeTaxExpenseBenefitExtraordinaryItems": {
      "taxonomy": "us-gaap",
      "label": "Income Tax Expense (Benefit), Extraordinary Items (Deprecated 2019-01-31)",
      "description": "The sum of the current income tax expense or benefit and the deferred income tax expense or benefit allocated to Income or Loss from extraordinary items.",
      "available_units": [
        "USD"
      ],
      "data_points_count": 2,
      "latest_value": {
        "value": 382000000,
        "date": "2010-09-30",
        "fiscal_year": 2010,
        "fiscal_period": "Q3",
        "form": "10-Q",
        "filed": "2010-11-08",
        "unit": "USD",
        "type": "quarterly"
      },
      "date_range": {
        "earliest": "2010-06-30",
        "latest": "2010-09-30"
      }
    },
    "IncreaseDecreaseInFairValueOfInterestRateFairValueHedgingInstruments": {
      "taxonomy": "us-gaap",
      "label": "Increase (Decrease) in Fair Value of Interest Rate Fair Value Hedging Instruments (Deprecated 2012-01-31)",
      "description": "Amount of unrealized gain (loss) related to the fair value of interest rate derivatives designated as fair value hedging instruments. Recognized in earnings and offsets the gain (loss) on the hedged item to the extent that the fair value hedge is determined to be effective.",
      "available_units": [
        "USD"
      ],
      "data_points_count": 1,
      "latest_value": {
        "value": -186000000,
        "date": "2007-11-30",
        "fiscal_year": 2009,
        "form": "10-K",
        "filed": "2010-02-26",
        "unit": "USD",
        "type": "annual"
      },
      "date_range": {
        "earliest": "2007-11-30",
        "latest": "2007-11-30"
      }
    },
    "InsuranceRecoveries": {
      "taxonomy": "us-gaap",
      "label": "Insurance Recoveries",
      "description": "The amount recovered from insurance. These recoveries reduce costs and losses that are reported as a separate line item under operating expenses.",
      "available_units": [
        "USD"
      ],
      "data_points_count": 12,
      "latest_value": {
        "value": 0,
        "date": "2012-12-31",
        "fiscal_year": 2012,
        "form": "10-K",
        "filed": "2013-02-26",
        "unit": "USD",
        "type": "annual"
      },
      "date_range": {
        "earliest": "2009-12-31",
        "latest": "2012-12-31"
      }
    },
    "InterestExpense": {
      "taxonomy": "us-gaap",
      "label": "Interest Expense",
      "description": "Amount of the cost of borrowed funds accounted for as interest expense.",
      "available_units": [
        "USD"
      ],
      "data_points_count": 197,
      "latest_value": {
        "value": 42051000000,
        "date": "2023-12-31",
        "fiscal_year": 2023,
        "form": "10-K",
        "filed": "2024-02-22",
        "unit": "USD",
        "type": "annual"
      },
      "date_range": {
        "earliest": "2007-11-30",
        "latest": "2024-03-31"
      }
    },
    "InterestExpenseOther": {
      "taxonomy": "us-gaap",
      "label": "Interest Expense, Other",
      "description": "Amount of interest expense classified as other.",
      "available_units": [
        "USD"
      ],
      "data_points_count": 18,
      "latest_value": {
        "value": -107000000,
        "date": "2010-12-31",
        "fiscal_year": 2010,
        "form": "10-K",
        "filed": "2011-02-28",
        "unit": "USD",
        "type": "annual"
      },
      "date_range": {
        "earliest": "2008-11-30",
        "latest": "2011-06-30"
      }
    },
    "InterestIncomeExpenseNet": {
      "taxonomy": "us-gaap",
      "label": "Interest Income (Expense), Net",
      "description": "The net amount of operating interest income (expense).",
      "available_units": [
        "USD"
      ],
      "data_points_count": 302,
      "latest_value": {
        "value": 8611000000,
        "date": "2024-12-31",
        "fiscal_year": 2024,
        "form": "10-K",
        "filed": "2025-02-21",
        "unit": "USD",
        "type": "annual"
      },
      "date_range": {
        "earliest": "2007-11-30",
        "latest": "2025-06-30"
      }
    },
    "InterestIncomeExpenseNonoperatingNet": {
      "taxonomy": "us-gaap",
      "label": "Interest Income (Expense), Nonoperating, Net",
      "description": "The net amount of nonoperating interest income (expense).",
      "available_units": [
        "USD"
      ],
      "data_points_count": 39,
      "latest_value": {
        "value": -92000000,
        "date": "2024-12-31",
        "fiscal_year": 2024,
        "form": "10-K",
        "filed": "2025-02-21",
        "unit": "USD",
        "type": "annual"
      },
      "date_range": {
        "earliest": "2010-12-31",
        "latest": "2024-12-31"
      }
    },
    "LegalFees": {
      "taxonomy": "us-gaap",
      "label": "Legal Fees",
      "description": "The amount of expense provided in the period for legal costs incurred on or before the balance sheet date pertaining to resolved, pending or threatened litigation, including arbitration and mediation proceedings.",
      "available_units": [
        "USD"
      ],
      "data_points_count": 28,
      "latest_value": {
        "value": 443000000,
        "date": "2022-12-31",
        "fiscal_year": 2022,
        "form": "10-K",
        "filed": "2023-02-24",
        "unit": "USD",
        "type": "annual"
      },
      "date_range": {
        "earliest": "2013-12-31",
        "latest": "2022-12-31"
      }
    },
    "LossContingencyEstimateOfPossibleLoss": {
      "taxonomy": "us-gaap",
      "label": "Loss Contingency, Estimate of Possible Loss",
      "description": "Reflects the estimated amount of loss from the specified contingency as of the balance sheet date.",
      "available_units": [
        "USD"
      ],
      "data_points_count": 1,
      "latest_value": {
        "value": 245000000,
        "date": "2010-06-30",
        "fiscal_year": 2010,
        "fiscal_period": "Q2",
        "form": "10-Q",
        "filed": "2010-08-09",
        "unit": "USD",
        "type": "quarterly"
      },
      "date_range": {
        "earliest": "2010-06-30",
        "latest": "2010-06-30"
      }
    },
    "MinorityInterestChangeInRedemptionValue": {
      "taxonomy": "us-gaap",
      "label": "Noncontrolling Interest, Change in Redemption Value",
      "description": "Change in noncontrolling interest during the period as a result of a change in the redemption value of redeemable noncontrolling interest.",
      "available_units": [
        "USD"
      ],
      "data_points_count": 25,
      "latest_value": {
        "value": 0,
        "date": "2015-12-31",
        "fiscal_year": 2015,
        "form": "10-K",
        "filed": "2016-02-23",
        "unit": "USD",
        "type": "annual"
      },
      "date_range": {
        "earliest": "2011-12-31",
        "latest": "2015-12-31"
      }
    },
    "MinorityInterestDecreaseFromDistributionsToNoncontrollingInterestHolders": {
      "taxonomy": "us-gaap",
      "label": "Noncontrolling Interest, Decrease from Distributions to Noncontrolling Interest Holders",
      "description": "Decrease in noncontrolling interest balance from payment of dividends or other distributions by the non-wholly owned subsidiary or partially owned entity, included in the consolidation of the parent entity, to the noncontrolling interest holders.",
      "available_units": [
        "USD"
      ],
      "data_points_count": 10,
      "latest_value": {
        "value": -332000000,
        "date": "2010-12-31",
        "fiscal_year": 2010,
        "form": "10-K",
        "filed": "2011-02-28",
        "unit": "USD",
        "type": "annual"
      },
      "date_range": {
        "earliest": "2010-03-31",
        "latest": "2011-09-30"
      }
    },
    "MinorityInterestPeriodIncreaseDecrease": {
      "taxonomy": "us-gaap",
      "label": "Noncontrolling Interest, Period Increase (Decrease)",
      "description": "Net Increase or Decrease in balance of noncontrolling interest in the subsidiary during the reporting period.",
      "available_units": [
        "USD"
      ],
      "data_points_count": 24,
      "latest_value": {
        "value": -772000000,
        "date": "2011-12-31",
        "fiscal_year": 2011,
        "form": "10-K",
        "filed": "2012-02-27",
        "unit": "USD",
        "type": "annual"
      },
      "date_range": {
        "earliest": "2008-09-30",
        "latest": "2012-06-30"
      }
    },
    "NetIncomeLoss": {
      "taxonomy": "us-gaap",
      "label": "Net Income (Loss) Attributable to Parent",
      "description": "The portion of profit or loss for the period, net of income taxes, which is attributable to the parent.",
      "available_units": [
        "USD"
      ],
      "data_points_count": 302,
      "latest_value": {
        "value": 13390000000,
        "date": "2024-12-31",
        "fiscal_year": 2024,
        "form": "10-K",
        "filed": "2025-02-21",
        "unit": "USD",
        "type": "annual"
      },
      "date_range": {
        "earliest": "2007-11-30",
        "latest": "2025-06-30"
      }
    },
    "NetIncomeLossAttributableToNoncontrollingInterest": {
      "taxonomy": "us-gaap",
      "label": "Net Income (Loss) Attributable to Noncontrolling Interest",
      "description": "Amount of Net Income (Loss) attributable to noncontrolling interest.",
      "available_units": [
        "USD"
      ],
      "data_points_count": 57,
      "latest_value": {
        "value": 535000000,
        "date": "2011-12-31",
        "fiscal_year": 2011,
        "form": "10-K",
        "filed": "2012-02-27",
        "unit": "USD",
        "type": "annual"
      },
      "date_range": {
        "earliest": "2007-11-30",
        "latest": "2012-06-30"
      }
    },
    "NetIncomeLossAttributableToNonredeemableNoncontrollingInterest": {
      "taxonomy": "us-gaap",
      "label": "Net Income (Loss) Attributable to Nonredeemable Noncontrolling Interest",
      "description": "Portion of net income (loss) attributable to nonredeemable noncontrolling interest.",
      "available_units": [
        "USD"
      ],
      "data_points_count": 226,
      "latest_value": {
        "value": 139000000,
        "date": "2024-12-31",
        "fiscal_year": 2024,
        "form": "10-K",
        "filed": "2025-02-21",
        "unit": "USD",
        "type": "annual"
      },
      "date_range": {
        "earliest": "2011-12-31",
        "latest": "2025-06-30"
      }
    },
    "NetIncomeLossAttributableToRedeemableNoncontrollingInterest": {
      "taxonomy": "us-gaap",
      "label": "Net Income (Loss) Attributable to Redeemable Noncontrolling Interest",
      "description": "Amount of Net Income (Loss) attributable to redeemable noncontrolling interest.",
      "available_units": [
        "USD"
      ],
      "data_points_count": 60,
      "latest_value": {
        "value": 0,
        "date": "2015-12-31",
        "fiscal_year": 2015,
        "form": "10-K",
        "filed": "2016-02-23",
        "unit": "USD",
        "type": "annual"
      },
      "date_range": {
        "earliest": "2010-12-31",
        "latest": "2015-12-31"
      }
    },
    "NoncontrollingInterestDecreaseFromDeconsolidation": {
      "taxonomy": "us-gaap",
      "label": "Noncontrolling Interest, Decrease from Deconsolidation",
      "description": "The amount of the reduction or elimination during the period of a noncontrolling interest resulting from the parent's loss of control and deconsolidation of the entity in which one or more outside parties had a noncontrolling interest.",
      "available_units": [
        "USD"
      ],
      "data_points_count": 15,
      "latest_value": {
        "value": 191000000,
        "date": "2015-12-31",
        "fiscal_year": 2015,
        "form": "10-K",
        "filed": "2016-02-23",
        "unit": "USD",
        "type": "annual"
      },
      "date_range": {
        "earliest": "2014-06-30",
        "latest": "2015-12-31"
      }
    },
    "NoncontrollingInterestIncreaseFromBusinessCombination": {
      "taxonomy": "us-gaap",
      "label": "Noncontrolling Interest, Increase from Business Combination",
      "description": "Amount of increase in noncontrolling interest from a business combination.",
      "available_units": [
        "USD"
      ],
      "data_points_count": 1,
      "latest_value": {
        "value": 622000000,
        "date": "2012-06-30",
        "fiscal_year": 2012,
        "fiscal_period": "Q2",
        "form": "10-Q",
        "filed": "2012-08-06",
        "unit": "USD",
        "type": "quarterly"
      },
      "date_range": {
        "earliest": "2012-06-30",
        "latest": "2012-06-30"
      }
    },
    "NoninterestExpense": {
      "taxonomy": "us-gaap",
      "label": "Noninterest Expense",
      "description": "Total aggregate amount of all noninterest expense.",
      "available_units": [
        "USD"
      ],
      "data_points_count": 302,
      "latest_value": {
        "value": 43901000000,
        "date": "2024-12-31",
        "fiscal_year": 2024,
        "form": "10-K",
        "filed": "2025-02-21",
        "unit": "USD",
        "type": "annual"
      },
      "date_range": {
        "earliest": "2007-11-30",
        "latest": "2025-06-30"
      }
    },
    "NoninterestIncomeOtherOperatingIncome": {
      "taxonomy": "us-gaap",
      "label": "Noninterest Income, Other Operating Income",
      "description": "Amount of revenue earned, classified as other, excluding interest income.",
      "available_units": [
        "USD"
      ],
      "data_points_count": 210,
      "latest_value": {
        "value": 1265000000,
        "date": "2024-12-31",
        "fiscal_year": 2024,
        "form": "10-K",
        "filed": "2025-02-21",
        "unit": "USD",
        "type": "annual"
      },
      "date_range": {
        "earliest": "2007-11-30",
        "latest": "2025-06-30"
      }
    },
    "OtherComprehensiveIncomeAmortizationOfDefinedBenefitPlanNetPriorServiceCostRecognizedInNetPeriodicPensionCostNetOfTax": {
      "taxonomy": "us-gaap",
      "label": "Other Comprehensive Income (Loss), Amortization, Pension and Other Postretirement Benefit Plans, Net Prior Service Cost Recognized in Net Periodic Pension Cost, Net of Tax (Deprecated 2012-01-31)",
      "description": "The adjustment out of other comprehensive income for prior service costs recognized as a component of net period benefit cost during the period, after tax.",
      "available_units": [
        "USD"
      ],
      "data_points_count": 12,
      "latest_value": {
        "value": -6000000,
        "date": "2009-12-31",
        "fiscal_year": 2009,
        "form": "10-K",
        "filed": "2010-02-26",
        "unit": "USD",
        "type": "annual"
      },
      "date_range": {
        "earliest": "2007-11-30",
        "latest": "2009-12-31"
      }
    },
    "OtherComprehensiveIncomeAmortizationOfDefinedBenefitPlanNetPriorServiceCostRecognizedInNetPeriodicPensionCostTax": {
      "taxonomy": "us-gaap",
      "label": "Other Comprehensive Income (Loss), Amortization, Pension and Other Postretirement Benefit Plans, Net Prior Service Cost Recognized in Net Periodic Pension Cost, Tax (Deprecated 2013-01-31)",
      "description": "Tax effect of the income statement impact of the reclassification adjustment for prior service costs recognized as a component of net period benefit cost.",
      "available_units": [
        "USD"
      ],
      "data_points_count": 4,
      "latest_value": {
        "value": -4000000,
        "date": "2009-12-31",
        "fiscal_year": 2009,
        "form": "10-K",
        "filed": "2010-02-26",
        "unit": "USD",
        "type": "annual"
      },
      "date_range": {
        "earliest": "2007-11-30",
        "latest": "2009-12-31"
      }
    },
    "OtherComprehensiveIncomeDefinedBenefitPlansTaxPortionAttributableToParent": {
      "taxonomy": "us-gaap",
      "label": "Other Comprehensive (Income) Loss, Defined Benefit Plan, after Reclassification Adjustment, Tax, Attributable to Parent",
      "description": "Amount, after reclassification adjustment, of tax (expense) benefit for (increase) decrease in accumulated other comprehensive income for defined benefit plan, attributable to parent.",
      "available_units": [
        "USD"
      ],
      "data_points_count": 19,
      "latest_value": {
        "value": 8000000,
        "date": "2013-12-31",
        "fiscal_year": 2013,
        "form": "10-K",
        "filed": "2014-02-25",
        "unit": "USD",
        "type": "annual"
      },
      "date_range": {
        "earliest": "2011-12-31",
        "latest": "2014-06-30"
      }
    },
    "OtherComprehensiveIncomeFinalizationOfPensionAndNonPensionPostretirementPlanValuationTax": {
      "taxonomy": "us-gaap",
      "label": "Other Comprehensive Income (Loss), Defined Benefit Plan, Adjustment for Settlement or Curtailment Gain (Loss), Tax",
      "description": "Amount of tax expense (benefit) for increase (decrease) to other comprehensive income from settlement and curtailment gain (loss) of defined benefit plan.",
      "available_units": [
        "USD"
      ],
      "data_points_count": 4,
      "latest_value": {
        "value": 16000000,
        "date": "2009-12-31",
        "fiscal_year": 2009,
        "form": "10-K",
        "filed": "2010-02-26",
        "unit": "USD",
        "type": "annual"
      },
      "date_range": {
        "earliest": "2007-11-30",
        "latest": "2009-12-31"
      }
    },
    "OtherComprehensiveIncomeLossBeforeReclassificationsNetOfTax": {
      "taxonomy": "us-gaap",
      "label": "Other Comprehensive Income (Loss), before Reclassifications, Net of Tax",
      "description": "Amount after tax, before reclassification adjustments of other comprehensive income (loss).",
      "available_units": [
        "USD"
      ],
      "data_points_count": 39,
      "latest_value": {
        "value": -361000000,
        "date": "2015-12-31",
        "fiscal_year": 2015,
        "form": "10-K",
        "filed": "2016-02-23",
        "unit": "USD",
        "type": "annual"
      },
      "date_range": {
        "earliest": "2013-03-31",
        "latest": "2025-06-30"
      }
    },
    "OtherComprehensiveIncomeLossNetOfTax": {
      "taxonomy": "us-gaap",
      "label": "Other Comprehensive Income (Loss), Net of Tax",
      "description": "Amount after tax and reclassification adjustments of other comprehensive income (loss).",
      "available_units": [
        "USD"
      ],
      "data_points_count": 156,
      "latest_value": {
        "value": -474000000,
        "date": "2024-12-31",
        "fiscal_year": 2024,
        "form": "10-K",
        "filed": "2025-02-21",
        "unit": "USD",
        "type": "annual"
      },
      "date_range": {
        "earliest": "2011-12-31",
        "latest": "2025-06-30"
      }
    },
    "OtherComprehensiveIncomeLossNetOfTaxPortionAttributableToNoncontrollingInterest": {
      "taxonomy": "us-gaap",
      "label": "Other Comprehensive Income (Loss), Net of Tax, Portion Attributable to Noncontrolling Interest",
      "description": "Amount after tax of other comprehensive income (loss) attributable to noncontrolling interests.",
      "available_units": [
        "USD"
      ],
      "data_points_count": 143,
      "latest_value": {
        "value": -81000000,
        "date": "2024-12-31",
        "fiscal_year": 2024,
        "form": "10-K",
        "filed": "2025-02-21",
        "unit": "USD",
        "type": "annual"
      },
      "date_range": {
        "earliest": "2007-11-30",
        "latest": "2025-06-30"
      }
    },
    "OtherComprehensiveIncomeLossNetOfTaxPortionAttributableToParent": {
      "taxonomy": "us-gaap",
      "label": "Other Comprehensive Income (Loss), Net of Tax, Portion Attributable to Parent",
      "description": "Amount after tax of other comprehensive income (loss) attributable to parent entity.",
      "available_units": [
        "USD"
      ],
      "data_points_count": 59,
      "latest_value": {
        "value": -393000000,
        "date": "2024-12-31",
        "fiscal_year": 2024,
        "form": "10-K",
        "filed": "2025-02-21",
        "unit": "USD",
        "type": "annual"
      },
      "date_range": {
        "earliest": "2013-03-31",
        "latest": "2024-12-31"
      }
    },
    "OtherComprehensiveIncomeLossPensionAndOtherPostretirementBenefitPlansAdjustmentNetOfTax": {
      "taxonomy": "us-gaap",
      "label": "Other Comprehensive (Income) Loss, Defined Benefit Plan, after Reclassification Adjustment, after Tax",
      "description": "Amount, after tax and reclassification adjustment, of (increase) decrease in accumulated other comprehensive income for defined benefit plan.",
      "available_units": [
        "USD"
      ],
      "data_points_count": 149,
      "latest_value": {
        "value": -12000000,
        "date": "2024-12-31",
        "fiscal_year": 2024,
        "form": "10-K",
        "filed": "2025-02-21",
        "unit": "USD",
        "type": "annual"
      },
      "date_range": {
        "earliest": "2012-12-31",
        "latest": "2025-06-30"
      }
    },
    "OtherComprehensiveIncomeLossPensionAndOtherPostretirementBenefitPlansBeforeReclassificationAdjustmentsTax": {
      "taxonomy": "us-gaap",
      "label": "Other Comprehensive (Income) Loss, Defined Benefit Plan, before Reclassification Adjustment, Tax",
      "description": "Amount, before reclassification adjustment, of tax (expense) benefit for (increase) decrease in accumulated other comprehensive income for defined benefit plan.",
      "available_units": [
        "USD"
      ],
      "data_points_count": 30,
      "latest_value": {
        "value": -37000000,
        "date": "2018-12-31",
        "fiscal_year": 2018,
        "form": "10-K",
        "filed": "2019-02-26",
        "unit": "USD",
        "type": "annual"
      },
      "date_range": {
        "earliest": "2014-12-31",
        "latest": "2019-03-31"
      }
    },
    "OtherComprehensiveIncomeLossPensionAndOtherPostretirementBenefitPlansTax": {
      "taxonomy": "us-gaap",
      "label": "Other Comprehensive (Income) Loss, Defined Benefit Plan, after Reclassification Adjustment, Tax",
      "description": "Amount, after reclassification adjustment, of tax (expense) benefit for (increase) decrease in accumulated other comprehensive income of defined benefit plan.",
      "available_units": [
        "USD"
      ],
      "data_points_count": 49,
      "latest_value": {
        "value": -45000000,
        "date": "2018-12-31",
        "fiscal_year": 2018,
        "form": "10-K",
        "filed": "2019-02-26",
        "unit": "USD",
        "type": "annual"
      },
      "date_range": {
        "earliest": "2012-12-31",
        "latest": "2019-03-31"
      }
    },
    "OtherComprehensiveIncomeLossReclassificationAdjustmentFromAOCIPensionAndOtherPostretirementBenefitPlansTax": {
      "taxonomy": "us-gaap",
      "label": "Other Comprehensive (Income) Loss, Defined Benefit Plan, Reclassification Adjustment from AOCI, Tax",
      "description": "Amount of tax (expense) benefit for reclassification adjustment from accumulated other comprehensive (income) loss of defined benefit plan.",
      "available_units": [
        "USD"
      ],
      "data_points_count": 30,
      "latest_value": {
        "value": 8000000,
        "date": "2018-12-31",
        "fiscal_year": 2018,
        "form": "10-K",
        "filed": "2019-02-26",
        "unit": "USD",
        "type": "annual"
      },
      "date_range": {
        "earliest": "2014-12-31",
        "latest": "2019-03-31"
      }
    },
    "OtherIncomeTaxExpenseBenefitContinuingOperations": {
      "taxonomy": "us-gaap",
      "label": "Other Income Tax Expense (Benefit), Continuing Operations",
      "description": "Amount of other current and other deferred income tax expense (benefit) attributable to continuing operations.",
      "available_units": [
        "USD"
      ],
      "data_points_count": 15,
      "latest_value": {
        "value": -564000000,
        "date": "2015-12-31",
        "fiscal_year": 2015,
        "form": "10-K",
        "filed": "2016-02-23",
        "unit": "USD",
        "type": "annual"
      },
      "date_range": {
        "earliest": "2011-12-31",
        "latest": "2015-12-31"
      }
    },
    "OtherInterestAndDividendIncome": {
      "taxonomy": "us-gaap",
      "label": "Other Interest and Dividend Income",
      "description": "Amount, after discount, accretion and premium amortization, of interest income and dividend income classified as other.",
      "available_units": [
        "USD"
      ],
      "data_points_count": 96,
      "latest_value": {
        "value": 1223000000,
        "date": "2016-12-31",
        "fiscal_year": 2016,
        "form": "10-K",
        "filed": "2017-02-27",
        "unit": "USD",
        "type": "annual"
      },
      "date_range": {
        "earliest": "2008-11-30",
        "latest": "2017-06-30"
      }
    },
    "OtherNoninterestExpense": {
      "taxonomy": "us-gaap",
      "label": "Other Noninterest Expense",
      "description": "Amount of noninterest expense classified as other.",
      "available_units": [
        "USD"
      ],
      "data_points_count": 214,
      "latest_value": {
        "value": 3724000000,
        "date": "2024-12-31",
        "fiscal_year": 2024,
        "form": "10-K",
        "filed": "2025-02-21",
        "unit": "USD",
        "type": "annual"
      },
      "date_range": {
        "earliest": "2007-11-30",
        "latest": "2025-06-30"
      }
    },
    "OtherNonoperatingIncomeExpense": {
      "taxonomy": "us-gaap",
      "label": "Other Nonoperating Income (Expense)",
      "description": "Amount of income (expense) related to nonoperating activities, classified as other.",
      "available_units": [
        "USD"
      ],
      "data_points_count": 3,
      "latest_value": {
        "value": 36000000,
        "date": "2012-12-31",
        "fiscal_year": 2012,
        "form": "10-K",
        "filed": "2013-02-26",
        "unit": "USD",
        "type": "annual"
      },
      "date_range": {
        "earliest": "2010-12-31",
        "latest": "2012-12-31"
      }
    },
    "OtherPreferredStockDividendsAndAdjustments": {
      "taxonomy": "us-gaap",
      "label": "Other Preferred Stock Dividends and Adjustments",
      "description": "Amount of preferred stock dividends and adjustments classified as other.",
      "available_units": [
        "USD"
      ],
      "data_points_count": 1,
      "latest_value": {
        "value": 850000000,
        "date": "2009-12-31",
        "fiscal_year": 2010,
        "form": "10-K",
        "filed": "2011-02-28",
        "unit": "USD",
        "type": "annual"
      },
      "date_range": {
        "earliest": "2009-12-31",
        "latest": "2009-12-31"
      }
    },
    "PreferredStockDividendRatePercentage": {
      "taxonomy": "us-gaap",
      "label": "Preferred Stock, Dividend Rate, Percentage",
      "description": "The percentage rate used to calculate dividend payments on preferred stock.",
      "available_units": [
        "pure"
      ],
      "data_points_count": 6,
      "latest_value": {
        "value": 0.1,
        "date": "2024-12-31",
        "fiscal_year": 2024,
        "form": "10-K",
        "filed": "2025-02-21",
        "unit": "pure",
        "type": "annual"
      },
      "date_range": {
        "earliest": "2019-12-31",
        "latest": "2024-12-31"
      }
    },
    "PreferredStockDividendsIncomeStatementImpact": {
      "taxonomy": "us-gaap",
      "label": "Preferred Stock Dividends, Income Statement Impact",
      "description": "The amount of preferred stock dividends that is an adjustment to net income apportioned to common stockholders.",
      "available_units": [
        "USD"
      ],
      "data_points_count": 208,
      "latest_value": {
        "value": 590000000,
        "date": "2024-12-31",
        "fiscal_year": 2024,
        "form": "10-K",
        "filed": "2025-02-21",
        "unit": "USD",
        "type": "annual"
      },
      "date_range": {
        "earliest": "2011-12-31",
        "latest": "2025-06-30"
      }
    },
    "ProceedsFromIssuanceOfPreferredStockAndPreferenceStock": {
      "taxonomy": "us-gaap",
      "label": "Proceeds from Issuance of Preferred Stock and Preference Stock",
      "description": "Proceeds from issuance of capital stock which provides for a specific dividend that is paid to the shareholders before any dividends to common stockholders and which takes precedence over common stockholders in the event of liquidation.",
      "available_units": [
        "USD"
      ],
      "data_points_count": 62,
      "latest_value": {
        "value": 995000000,
        "date": "2024-12-31",
        "fiscal_year": 2024,
        "form": "10-K",
        "filed": "2025-02-21",
        "unit": "USD",
        "type": "annual"
      },
      "date_range": {
        "earliest": "2013-12-31",
        "latest": "2025-06-30"
      }
    },
    "ProfitLoss": {
      "taxonomy": "us-gaap",
      "label": "Net Income (Loss), Including Portion Attributable to Noncontrolling Interest",
      "description": "The consolidated profit or loss for the period, net of income taxes, including the portion attributable to the noncontrolling interest.",
      "available_units": [
        "USD"
      ],
      "data_points_count": 298,
      "latest_value": {
        "value": 13529000000,
        "date": "2024-12-31",
        "fiscal_year": 2024,
        "form": "10-K",
        "filed": "2025-02-21",
        "unit": "USD",
        "type": "annual"
      },
      "date_range": {
        "earliest": "2007-11-30",
        "latest": "2025-06-30"
      }
    },
    "ReclassificationFromAccumulatedOtherComprehensiveIncomeCurrentPeriodNetOfTax": {
      "taxonomy": "us-gaap",
      "label": "Reclassification from Accumulated Other Comprehensive Income, Current Period, Net of Tax",
      "description": "Amount after tax of reclassification adjustments of other comprehensive income (loss).",
      "available_units": [
        "USD"
      ],
      "data_points_count": 39,
      "latest_value": {
        "value": 47000000,
        "date": "2015-12-31",
        "fiscal_year": 2015,
        "form": "10-K",
        "filed": "2016-02-23",
        "unit": "USD",
        "type": "annual"
      },
      "date_range": {
        "earliest": "2013-03-31",
        "latest": "2025-06-30"
      }
    },
    "RetainedEarningsAccumulatedDeficit": {
      "taxonomy": "us-gaap",
      "label": "Retained Earnings (Accumulated Deficit)",
      "description": "The cumulative amount of the reporting entity's undistributed earnings or deficit.",
      "available_units": [
        "USD"
      ],
      "data_points_count": 132,
      "latest_value": {
        "value": 104989000000,
        "date": "2024-12-31",
        "fiscal_year": 2024,
        "form": "10-K",
        "filed": "2025-02-21",
        "unit": "USD",
        "type": "annual"
      },
      "date_range": {
        "earliest": "2008-11-30",
        "latest": "2025-06-30"
      }
    },
    "ShareBasedCompensationArrangementByShareBasedPaymentAwardFairValueAssumptionsExpectedDividendRate": {
      "taxonomy": "us-gaap",
      "label": "Share-based Compensation Arrangement by Share-based Payment Award, Fair Value Assumptions, Expected Dividend Rate",
      "description": "The estimated dividend rate (a percentage of the share price) to be paid (expected dividends) to holders of the underlying shares over the option's term.",
      "available_units": [
        "pure"
      ],
      "data_points_count": 1,
      "latest_value": {
        "value": 0.007,
        "date": "2010-12-31",
        "fiscal_year": 2010,
        "form": "10-K",
        "filed": "2011-02-28",
        "unit": "pure",
        "type": "annual"
      },
      "date_range": {
        "earliest": "2010-12-31",
        "latest": "2010-12-31"
      }
    },
    "ShareBasedCompensationArrangementByShareBasedPaymentAwardFairValueAssumptionsExpectedVolatilityRate": {
      "taxonomy": "us-gaap",
      "label": "Share-based Compensation Arrangement by Share-based Payment Award, Fair Value Assumptions, Expected Volatility Rate",
      "description": "The estimated measure of the percentage by which a share price is expected to fluctuate during a period. Volatility also may be defined as a probability-weighted measure of the dispersion of returns about the mean. The volatility of a share price is the standard deviation of the continuously compounded rates of return on the share over a specified period. That is the same as the standard deviation of the differences in the natural logarithms of the stock prices plus dividends, if any, over the period.",
      "available_units": [
        "pure"
      ],
      "data_points_count": 1,
      "latest_value": {
        "value": 0.899,
        "date": "2010-12-31",
        "fiscal_year": 2010,
        "form": "10-K",
        "filed": "2011-02-28",
        "unit": "pure",
        "type": "annual"
      },
      "date_range": {
        "earliest": "2010-12-31",
        "latest": "2010-12-31"
      }
    },
    "ShareBasedCompensationArrangementByShareBasedPaymentAwardFairValueAssumptionsRiskFreeInterestRate": {
      "taxonomy": "us-gaap",
      "label": "Share-based Compensation Arrangement by Share-based Payment Award, Fair Value Assumptions, Risk Free Interest Rate",
      "description": "The risk-free interest rate assumption that is used in valuing an option on its own shares.",
      "available_units": [
        "pure"
      ],
      "data_points_count": 1,
      "latest_value": {
        "value": 0.015,
        "date": "2010-12-31",
        "fiscal_year": 2010,
        "form": "10-K",
        "filed": "2011-02-28",
        "unit": "pure",
        "type": "annual"
      },
      "date_range": {
        "earliest": "2010-12-31",
        "latest": "2010-12-31"
      }
    },
    "UndistributedEarningsOfForeignSubsidiaries": {
      "taxonomy": "us-gaap",
      "label": "Undistributed Earnings of Foreign Subsidiaries",
      "description": "Amount of undistributed earnings of foreign subsidiaries intended to be permanently reinvested outside the country of domicile.",
      "available_units": [
        "USD"
      ],
      "data_points_count": 13,
      "latest_value": {
        "value": 405000000,
        "date": "2024-12-31",
        "fiscal_year": 2024,
        "form": "10-K",
        "filed": "2025-02-21",
        "unit": "USD",
        "type": "annual"
      },
      "date_range": {
        "earliest": "2012-12-31",
        "latest": "2024-12-31"
      }
    },
    "UnrecognizedTaxBenefitsInterestOnIncomeTaxesExpense": {
      "taxonomy": "us-gaap",
      "label": "Unrecognized Tax Benefits, Interest on Income Taxes Expense",
      "description": "Amount of interest expense for an underpayment of income taxes.",
      "available_units": [
        "USD"
      ],
      "data_points_count": 2,
      "latest_value": {
        "value": 93000000,
        "date": "2010-12-31",
        "fiscal_year": 2010,
        "form": "10-K",
        "filed": "2011-02-28",
        "unit": "USD",
        "type": "annual"
      },
      "date_range": {
        "earliest": "2009-12-31",
        "latest": "2010-12-31"
      }
    },
    "VariableInterestEntityConsolidatedCarryingAmountLiabilities": {
      "taxonomy": "us-gaap",
      "label": "Variable Interest Entity, Consolidated, Carrying Amount, Liabilities (Deprecated 2020-01-31)",
      "description": "The carrying amount of the consolidated Variable Interest Entity's liabilities included in the reporting entity's statement of financial position.",
      "available_units": [
        "USD"
      ],
      "data_points_count": 32,
      "latest_value": {
        "value": 461000000,
        "date": "2019-12-31",
        "fiscal_year": 2019,
        "form": "10-K",
        "filed": "2020-02-27",
        "unit": "USD",
        "type": "annual"
      },
      "date_range": {
        "earliest": "2015-12-31",
        "latest": "2019-12-31"
      }
    },
    "VariableInterestEntityEntityMaximumLossExposureAmount": {
      "taxonomy": "us-gaap",
      "label": "Variable Interest Entity, Reporting Entity Involvement, Maximum Loss Exposure, Amount",
      "description": "The reporting entity's maximum amount of exposure to loss as a result of its involvement with the Variable Interest Entity (VIE).",
      "available_units": [
        "USD"
      ],
      "data_points_count": 1,
      "latest_value": {
        "value": 3800000000,
        "date": "2011-06-30",
        "fiscal_year": 2011,
        "fiscal_period": "Q3",
        "form": "10-Q",
        "filed": "2011-11-07",
        "unit": "USD",
        "type": "quarterly"
      },
      "date_range": {
        "earliest": "2011-06-30",
        "latest": "2011-06-30"
      }
    },
    "WeightedAverageNumberOfDilutedSharesOutstanding": {
      "taxonomy": "us-gaap",
      "label": "Weighted Average Number of Shares Outstanding, Diluted",
      "description": "The average number of shares or units issued and outstanding that are used in calculating diluted EPS or earnings per unit (EPU), determined based on the timing of issuance of shares or units in the period.",
      "available_units": [
        "shares"
      ],
      "data_points_count": 214,
      "latest_value": {
        "value": 1611000000,
        "date": "2024-12-31",
        "fiscal_year": 2024,
        "form": "10-K",
        "filed": "2025-02-21",
        "unit": "shares",
        "type": "annual"
      },
      "date_range": {
        "earliest": "2007-11-30",
        "latest": "2025-06-30"
      }
    },
    "LitigationSettlementExpense": {
      "taxonomy": "us-gaap",
      "label": "Litigation Settlement, Expense",
      "description": "Amount of litigation expense, including but not limited to legal, forensic, accounting, and investigative fees.",
      "available_units": [
        "USD"
      ],
      "data_points_count": 34,
      "latest_value": {
        "value": 106000000,
        "date": "2024-12-31",
        "fiscal_year": 2024,
        "form": "10-K",
        "filed": "2025-02-21",
        "unit": "USD",
        "type": "annual"
      },
      "date_range": {
        "earliest": "2021-06-30",
        "latest": "2024-12-31"
      }
    },
    "PreferredStockRedemptionPricePerShare": {
      "taxonomy": "us-gaap",
      "label": "Preferred Stock, Redemption Price Per Share",
      "description": "The price per share at which the preferred stock of an entity that has priority over common stock in the distribution of dividends and in the event of liquidation of the entity is redeemed or may be called at. The redemption features of this preferred stock are solely within the control of the issuer.",
      "available_units": [
        "USD/shares"
      ],
      "data_points_count": 1,
      "latest_value": {
        "value": 25000,
        "date": "2022-08-02",
        "fiscal_year": 2022,
        "fiscal_period": "Q3",
        "form": "10-Q",
        "filed": "2022-11-03",
        "unit": "USD/shares",
        "type": "quarterly"
      },
      "date_range": {
        "earliest": "2022-08-02",
        "latest": "2022-08-02"
      }
    },
    "InterestExpenseOperating": {
      "taxonomy": "us-gaap",
      "label": null,
      "description": null,
      "available_units": [
        "USD"
      ],
      "data_points_count": 17,
      "latest_value": {
        "value": 45524000000,
        "date": "2024-12-31",
        "fiscal_year": 2024,
        "form": "10-K",
        "filed": "2025-02-21",
        "unit": "USD",
        "type": "annual"
      },
      "date_range": {
        "earliest": "2022-12-31",
        "latest": "2025-06-30"
      }
    },
    "OtherComprehensiveIncomeLossBeforeReclassificationsBeforeTax": {
      "taxonomy": "us-gaap",
      "label": "Other Comprehensive Income (Loss), before Reclassifications, before Tax",
      "description": "Amount before tax and reclassification adjustments of other comprehensive income (loss).",
      "available_units": [
        "USD"
      ],
      "data_points_count": 4,
      "latest_value": {
        "value": 736000000,
        "date": "2025-06-30",
        "fiscal_year": 2025,
        "fiscal_period": "Q2",
        "form": "10-Q",
        "filed": "2025-08-04",
        "unit": "USD",
        "type": "quarterly"
      },
      "date_range": {
        "earliest": "2024-06-30",
        "latest": "2025-06-30"
      }
    },
    "OtherComprehensiveIncomeLossBeforeReclassificationsTax": {
      "taxonomy": "us-gaap",
      "label": "Other Comprehensive Income (Loss) before Reclassifications, Tax",
      "description": "Amount of tax expense (benefit) allocated to other comprehensive income (loss) before reclassification adjustment from accumulated other comprehensive income (loss).",
      "available_units": [
        "USD"
      ],
      "data_points_count": 4,
      "latest_value": {
        "value": -236000000,
        "date": "2025-06-30",
        "fiscal_year": 2025,
        "fiscal_period": "Q2",
        "form": "10-Q",
        "filed": "2025-08-04",
        "unit": "USD",
        "type": "quarterly"
      },
      "date_range": {
        "earliest": "2024-06-30",
        "latest": "2025-06-30"
      }
    },
    "ReclassificationFromAccumulatedOtherComprehensiveIncomeCurrentPeriodBeforeTax": {
      "taxonomy": "us-gaap",
      "label": "Reclassification from Accumulated Other Comprehensive Income, Current Period, before Tax",
      "description": "Amount before tax of reclassification adjustments of other comprehensive income (loss).",
      "available_units": [
        "USD"
      ],
      "data_points_count": 4,
      "latest_value": {
        "value": -31000000,
        "date": "2025-06-30",
        "fiscal_year": 2025,
        "fiscal_period": "Q2",
        "form": "10-Q",
        "filed": "2025-08-04",
        "unit": "USD",
        "type": "quarterly"
      },
      "date_range": {
        "earliest": "2024-06-30",
        "latest": "2025-06-30"
      }
    },
    "ReclassificationFromAociCurrentPeriodTax": {
      "taxonomy": "us-gaap",
      "label": "Reclassification from AOCI, Current Period, Tax",
      "description": "Amount of tax expense (benefit) of reclassification adjustment from accumulated other comprehensive income (loss).",
      "available_units": [
        "USD"
      ],
      "data_points_count": 4,
      "latest_value": {
        "value": -10000000,
        "date": "2025-06-30",
        "fiscal_year": 2025,
        "fiscal_period": "Q2",
        "form": "10-Q",
        "filed": "2025-08-04",
        "unit": "USD",
        "type": "quarterly"
      },
      "date_range": {
        "earliest": "2024-06-30",
        "latest": "2025-06-30"
      }
    }
  }
}