{
  "chunk_metadata": {
    "domain": "public",
    "CIK": "19617",
    "data_type": "SEC",
    "ticker": "JPM",
    "chunk_name": "Operations & Metadata",
    "chunk_id": "operations_metadata",
    "company_name": "JPMorgan Chase & Co",
    "extraction_date": "2025-09-30T11:01:43.837976",
    "metrics_count": 63,
    "total_company_metrics": 0,
    "chunking_strategy": "context_aware_balanced"
  },
  "metrics": {
    "DerivativeNotionalAmount": {
      "taxonomy": "us-gaap",
      "label": "Derivative, Notional Amount",
      "description": "Nominal or face amount used to calculate payment on derivative.",
      "available_units": [
        "USD"
      ],
      "data_points_count": 48,
      "latest_value": {
        "value": 47723000000000,
        "date": "2024-12-31",
        "fiscal_year": 2024,
        "form": "10-K",
        "filed": "2025-02-14",
        "unit": "USD",
        "type": "annual"
      },
      "date_range": {
        "earliest": "2018-12-31",
        "latest": "2025-06-30"
      }
    },
    "StockRepurchaseProgramAuthorizedAmount1": {
      "taxonomy": "us-gaap",
      "label": "Stock Repurchase Program, Authorized Amount",
      "description": "Amount of stock repurchase plan authorized.",
      "available_units": [
        "USD"
      ],
      "data_points_count": 10,
      "latest_value": {
        "value": 30000000000,
        "date": "2022-05-01",
        "fiscal_year": 2022,
        "form": "10-K",
        "filed": "2023-02-21",
        "unit": "USD",
        "type": "annual"
      },
      "date_range": {
        "earliest": "2015-03-11",
        "latest": "2022-05-01"
      }
    },
    "ClassOfWarrantOrRightExercisePriceOfWarrantsOrRights": {
      "taxonomy": "us-gaap",
      "label": "Class of Warrant or Right, Exercise Price of Warrants or Rights (Deprecated 2014-01-31)",
      "description": "Exercise price per share or per unit of warrants or rights outstanding.",
      "available_units": [
        "USD/shares_unit",
        "USD/warrant"
      ],
      "data_points_count": 5,
      "latest_value": {
        "value": 42.42,
        "date": "2008-10-28",
        "fiscal_year": 2010,
        "form": "10-K",
        "filed": "2011-02-28",
        "unit": "USD/shares_unit",
        "type": "annual"
      },
      "date_range": {
        "earliest": "2008-10-28",
        "latest": "2013-12-31"
      }
    },
    "ClassOfWarrantOrRightExercisePriceOfWarrantsOrRights1": {
      "taxonomy": "us-gaap",
      "label": "Class of Warrant or Right, Exercise Price of Warrants or Rights",
      "description": "Exercise price per share or per unit of warrants or rights outstanding.",
      "available_units": [
        "USD/shares"
      ],
      "data_points_count": 6,
      "latest_value": {
        "value": 41.834,
        "date": "2017-12-31",
        "fiscal_year": 2017,
        "form": "10-K",
        "filed": "2018-02-27",
        "unit": "USD/shares",
        "type": "annual"
      },
      "date_range": {
        "earliest": "2014-06-30",
        "latest": "2017-12-31"
      }
    },
    "CommonStockParOrStatedValuePerShare": {
      "taxonomy": "us-gaap",
      "label": "Common Stock, Par or Stated Value Per Share",
      "description": "Face amount or stated value per share of common stock.",
      "available_units": [
        "USD/shares"
      ],
      "data_points_count": 138,
      "latest_value": {
        "value": 1,
        "date": "2024-12-31",
        "fiscal_year": 2024,
        "form": "10-K",
        "filed": "2025-02-14",
        "unit": "USD/shares",
        "type": "annual"
      },
      "date_range": {
        "earliest": "2008-12-31",
        "latest": "2025-06-30"
      }
    },
    "CommonStockSharesAuthorized": {
      "taxonomy": "us-gaap",
      "label": "Common Stock, Shares Authorized",
      "description": "The maximum number of common shares permitted to be issued by an entity's charter and bylaws.",
      "available_units": [
        "shares"
      ],
      "data_points_count": 138,
      "latest_value": {
        "value": 9000000000,
        "date": "2024-12-31",
        "fiscal_year": 2024,
        "form": "10-K",
        "filed": "2025-02-14",
        "unit": "shares",
        "type": "annual"
      },
      "date_range": {
        "earliest": "2008-12-31",
        "latest": "2025-06-30"
      }
    },
    "CommunicationsAndInformationTechnology": {
      "taxonomy": "us-gaap",
      "label": "Communications and Information Technology",
      "description": "The amount of expense in the period for communications and data processing expense.",
      "available_units": [
        "USD"
      ],
      "data_points_count": 169,
      "latest_value": {
        "value": 9831000000,
        "date": "2024-12-31",
        "fiscal_year": 2024,
        "form": "10-K",
        "filed": "2025-02-14",
        "unit": "USD",
        "type": "annual"
      },
      "date_range": {
        "earliest": "2010-12-31",
        "latest": "2025-06-30"
      }
    },
    "DeferredCompensationArrangementWithIndividualCompensationExpense": {
      "taxonomy": "us-gaap",
      "label": "Deferred Compensation Arrangement with Individual, Compensation Expense",
      "description": "The compensation expense recognized during the period pertaining to the deferred compensation arrangement.",
      "available_units": [
        "USD"
      ],
      "data_points_count": 6,
      "latest_value": {
        "value": 3000000,
        "date": "2014-12-31",
        "fiscal_year": 2016,
        "form": "10-K",
        "filed": "2017-02-28",
        "unit": "USD",
        "type": "annual"
      },
      "date_range": {
        "earliest": "2012-12-31",
        "latest": "2014-12-31"
      }
    },
    "DefinedBenefitPlanAssumptionsUsedCalculatingNetPeriodicBenefitCostRateOfCompensationIncrease": {
      "taxonomy": "us-gaap",
      "label": "Defined Benefit Plan, Assumptions Used Calculating Net Periodic Benefit Cost, Rate of Compensation Increase",
      "description": "Weighted average rate of compensation increase used to determine net periodic benefit cost of defined benefit plan. Plan includes, but is not limited to, pay-related defined benefit plan.",
      "available_units": [
        "pure"
      ],
      "data_points_count": 2,
      "latest_value": {
        "value": 0.04,
        "date": "2009-12-31",
        "fiscal_year": 2010,
        "form": "10-K",
        "filed": "2011-02-28",
        "unit": "pure",
        "type": "annual"
      },
      "date_range": {
        "earliest": "2009-12-31",
        "latest": "2009-12-31"
      }
    },
    "DefinedBenefitPlanExpectedFutureEmployerContributionsRemainderOfFiscalYear": {
      "taxonomy": "us-gaap",
      "label": "Defined Benefit Plan, Expected Future Employer Contributions, Remainder of Fiscal Year",
      "description": "Amount of contribution expected to be received by defined benefit plan from employer in remainder of current fiscal year. Excludes contribution previously paid by employer in current fiscal year.",
      "available_units": [
        "USD"
      ],
      "data_points_count": 5,
      "latest_value": {
        "value": 0,
        "date": "2020-09-30",
        "fiscal_year": 2020,
        "fiscal_period": "Q3",
        "form": "10-Q",
        "filed": "2020-11-02",
        "unit": "USD",
        "type": "quarterly"
      },
      "date_range": {
        "earliest": "2019-06-30",
        "latest": "2020-09-30"
      }
    },
    "DefinedBenefitPlanHealthCareCostTrendRateAssumedNextFiscalYear": {
      "taxonomy": "us-gaap",
      "label": "Defined Benefit Plan, Health Care Cost Trend Rate Assumed, Next Fiscal Year",
      "description": "Assumed rate, for next fiscal year, based on annual change in cost of health care cost benefits used to measure expected cost of benefits covered by defined benefit postretirement plan. Factors include, but are not limited to, estimate of health care inflation, change in health care utilization or delivery pattern, technological advances, and change in health status of participant. Excludes factors for change in composition of plan population by age and dependency status.",
      "available_units": [
        "pure"
      ],
      "data_points_count": 6,
      "latest_value": {
        "value": 0.05,
        "date": "2018-12-31",
        "fiscal_year": 2018,
        "form": "10-K",
        "filed": "2019-02-26",
        "unit": "pure",
        "type": "annual"
      },
      "date_range": {
        "earliest": "2015-12-31",
        "latest": "2018-12-31"
      }
    },
    "DefinedBenefitPlanUltimateHealthCareCostTrendRate1": {
      "taxonomy": "us-gaap",
      "label": "Defined Benefit Plan, Ultimate Health Care Cost Trend Rate",
      "description": "Ultimate trend rate for health care cost for defined benefit postretirement plan.",
      "available_units": [
        "pure"
      ],
      "data_points_count": 8,
      "latest_value": {
        "value": 0.05,
        "date": "2019-12-31",
        "fiscal_year": 2019,
        "form": "10-K",
        "filed": "2020-02-25",
        "unit": "pure",
        "type": "annual"
      },
      "date_range": {
        "earliest": "2015-12-31",
        "latest": "2019-12-31"
      }
    },
    "DefinedContributionPlanCostRecognized": {
      "taxonomy": "us-gaap",
      "label": "Defined Contribution Plan, Cost",
      "description": "Amount of cost for defined contribution plan.",
      "available_units": [
        "USD"
      ],
      "data_points_count": 65,
      "latest_value": {
        "value": 1733000000,
        "date": "2024-12-31",
        "fiscal_year": 2024,
        "form": "10-K",
        "filed": "2025-02-14",
        "unit": "USD",
        "type": "annual"
      },
      "date_range": {
        "earliest": "2009-09-30",
        "latest": "2025-06-30"
      }
    },
    "DefinedContributionPlanEmployerMatchingContributionPercent": {
      "taxonomy": "us-gaap",
      "label": "Defined Contribution Plan, Employer Matching Contribution, Percent of Employees' Gross Pay",
      "description": "Percentage of employees' gross pay for which the employer contributes a matching contribution to a defined contribution plan.",
      "available_units": [
        "pure"
      ],
      "data_points_count": 5,
      "latest_value": {
        "value": 0.05,
        "date": "2016-12-31",
        "fiscal_year": 2016,
        "form": "10-K",
        "filed": "2017-02-28",
        "unit": "pure",
        "type": "annual"
      },
      "date_range": {
        "earliest": "2012-12-31",
        "latest": "2016-12-31"
      }
    },
    "EmployeeServiceShareBasedCompensationNonvestedAwardsTotalCompensationCostNotYetRecognized": {
      "taxonomy": "us-gaap",
      "label": "Share-based Payment Arrangement, Nonvested Award, Cost Not yet Recognized, Amount",
      "description": "Amount of cost not yet recognized for nonvested award under share-based payment arrangement.",
      "available_units": [
        "USD"
      ],
      "data_points_count": 16,
      "latest_value": {
        "value": 963000000,
        "date": "2024-12-31",
        "fiscal_year": 2024,
        "form": "10-K",
        "filed": "2025-02-14",
        "unit": "USD",
        "type": "annual"
      },
      "date_range": {
        "earliest": "2010-12-31",
        "latest": "2024-12-31"
      }
    },
    "EmployeeServiceShareBasedCompensationTaxBenefitFromCompensationExpense": {
      "taxonomy": "us-gaap",
      "label": "Share-based Payment Arrangement, Expense, Tax Benefit",
      "description": "Amount of tax benefit for recognition of expense of award under share-based payment arrangement.",
      "available_units": [
        "USD"
      ],
      "data_points_count": 48,
      "latest_value": {
        "value": 1000000000,
        "date": "2024-12-31",
        "fiscal_year": 2024,
        "form": "10-K",
        "filed": "2025-02-14",
        "unit": "USD",
        "type": "annual"
      },
      "date_range": {
        "earliest": "2008-12-31",
        "latest": "2024-12-31"
      }
    },
    "EmployeeServiceShareBasedCompensationTaxBenefitRealizedFromExerciseOfStockOptions": {
      "taxonomy": "us-gaap",
      "label": "Employee Service Share-based Compensation, Tax Benefit Realized from Exercise of Stock Options (Deprecated 2017-01-31)",
      "description": "Disclosure of the aggregate tax benefit realized from the exercise of stock options and the conversion of similar instruments during the annual period.",
      "available_units": [
        "USD"
      ],
      "data_points_count": 6,
      "latest_value": {
        "value": 14000000,
        "date": "2010-12-31",
        "fiscal_year": 2010,
        "form": "10-K",
        "filed": "2011-02-28",
        "unit": "USD",
        "type": "annual"
      },
      "date_range": {
        "earliest": "2008-12-31",
        "latest": "2010-12-31"
      }
    },
    "FutureAmortizationExpenseYearFive": {
      "taxonomy": "us-gaap",
      "label": "Future Amortization Expense, Year Five (Deprecated 2012-01-31)",
      "description": "The amount of amortization expense expected to be recognized during year five of the five succeeding fiscal years.",
      "available_units": [
        "USD"
      ],
      "data_points_count": 7,
      "latest_value": {
        "value": 150000000,
        "date": "2011-12-31",
        "fiscal_year": 2011,
        "form": "10-K",
        "filed": "2012-02-29",
        "unit": "USD",
        "type": "annual"
      },
      "date_range": {
        "earliest": "2011-06-30",
        "latest": "2012-06-30"
      }
    },
    "FutureAmortizationExpenseYearFour": {
      "taxonomy": "us-gaap",
      "label": "Future Amortization Expense, Year Four (Deprecated 2012-01-31)",
      "description": "The amount of amortization expense expected to be recognized during year four of the five succeeding fiscal years.",
      "available_units": [
        "USD"
      ],
      "data_points_count": 7,
      "latest_value": {
        "value": 248000000,
        "date": "2011-12-31",
        "fiscal_year": 2011,
        "form": "10-K",
        "filed": "2012-02-29",
        "unit": "USD",
        "type": "annual"
      },
      "date_range": {
        "earliest": "2011-06-30",
        "latest": "2012-06-30"
      }
    },
    "FutureAmortizationExpenseYearOne": {
      "taxonomy": "us-gaap",
      "label": "Future Amortization Expense, Year One (Deprecated 2012-01-31)",
      "description": "The amount of amortization expense expected to be recognized during year one of the five succeeding fiscal years.",
      "available_units": [
        "USD"
      ],
      "data_points_count": 7,
      "latest_value": {
        "value": 746000000,
        "date": "2011-12-31",
        "fiscal_year": 2011,
        "form": "10-K",
        "filed": "2012-02-29",
        "unit": "USD",
        "type": "annual"
      },
      "date_range": {
        "earliest": "2011-06-30",
        "latest": "2012-06-30"
      }
    },
    "FutureAmortizationExpenseYearThree": {
      "taxonomy": "us-gaap",
      "label": "Future Amortization Expense, Year Three (Deprecated 2012-01-31)",
      "description": "The amount of amortization expense expected to be recognized during year three of the five succeeding fiscal years.",
      "available_units": [
        "USD"
      ],
      "data_points_count": 7,
      "latest_value": {
        "value": 436000000,
        "date": "2011-12-31",
        "fiscal_year": 2011,
        "form": "10-K",
        "filed": "2012-02-29",
        "unit": "USD",
        "type": "annual"
      },
      "date_range": {
        "earliest": "2011-06-30",
        "latest": "2012-06-30"
      }
    },
    "FutureAmortizationExpenseYearTwo": {
      "taxonomy": "us-gaap",
      "label": "Future Amortization Expense, Year Two (Deprecated 2012-01-31)",
      "description": "The amount of amortization expense expected to be recognized during year two of the five succeeding fiscal years.",
      "available_units": [
        "USD"
      ],
      "data_points_count": 7,
      "latest_value": {
        "value": 650000000,
        "date": "2011-12-31",
        "fiscal_year": 2011,
        "form": "10-K",
        "filed": "2012-02-29",
        "unit": "USD",
        "type": "annual"
      },
      "date_range": {
        "earliest": "2011-06-30",
        "latest": "2012-06-30"
      }
    },
    "MarketingAndAdvertisingExpense": {
      "taxonomy": "us-gaap",
      "label": "Marketing and Advertising Expense",
      "description": "The total expense recognized in the period for promotion, public relations, and brand or product advertising.",
      "available_units": [
        "USD"
      ],
      "data_points_count": 223,
      "latest_value": {
        "value": 4974000000,
        "date": "2024-12-31",
        "fiscal_year": 2024,
        "form": "10-K",
        "filed": "2025-02-14",
        "unit": "USD",
        "type": "annual"
      },
      "date_range": {
        "earliest": "2007-12-31",
        "latest": "2025-06-30"
      }
    },
    "NotionalAmountOfDerivatives": {
      "taxonomy": "us-gaap",
      "label": "Notional Amount of Derivatives (Deprecated 2012-01-31)",
      "description": "Aggregate notional amount of all derivatives. The notional amount relates to a number of currency units, shares, bushels, pounds, or other units specified in a derivative instrument.",
      "available_units": [
        "USD"
      ],
      "data_points_count": 26,
      "latest_value": {
        "value": 71156000000000,
        "date": "2011-12-31",
        "fiscal_year": 2011,
        "form": "10-K",
        "filed": "2012-02-29",
        "unit": "USD",
        "type": "annual"
      },
      "date_range": {
        "earliest": "2009-12-31",
        "latest": "2012-06-30"
      }
    },
    "NumberOfReportableSegments": {
      "taxonomy": "us-gaap",
      "label": "Number of Reportable Segments",
      "description": "Number of segments reported by the entity. A reportable segment is a component of an entity for which there is an accounting requirement to report separate financial information on that component in the entity's financial statements.",
      "available_units": [
        "segment"
      ],
      "data_points_count": 45,
      "latest_value": {
        "value": 3,
        "date": "2024-12-31",
        "fiscal_year": 2024,
        "form": "10-K",
        "filed": "2025-02-14",
        "unit": "segment",
        "type": "annual"
      },
      "date_range": {
        "earliest": "2014-03-31",
        "latest": "2025-06-30"
      }
    },
    "OtherLiabilities": {
      "taxonomy": "us-gaap",
      "label": "Other Liabilities",
      "description": "Amount of liabilities classified as other.",
      "available_units": [
        "USD"
      ],
      "data_points_count": 12,
      "latest_value": {
        "value": 170330000000,
        "date": "2010-12-31",
        "fiscal_year": 2010,
        "form": "10-K",
        "filed": "2011-02-28",
        "unit": "USD",
        "type": "annual"
      },
      "date_range": {
        "earliest": "2009-12-31",
        "latest": "2011-03-31"
      }
    },
    "PensionAndOtherPostretirementBenefitExpense": {
      "taxonomy": "us-gaap",
      "label": "Pension and Other Postretirement Benefits Cost (Reversal of Cost)",
      "description": "Amount of cost (reversal of cost) for pension and other postretirement benefits.",
      "available_units": [
        "USD"
      ],
      "data_points_count": 61,
      "latest_value": {
        "value": 1271000000,
        "date": "2024-12-31",
        "fiscal_year": 2024,
        "form": "10-K",
        "filed": "2025-02-14",
        "unit": "USD",
        "type": "annual"
      },
      "date_range": {
        "earliest": "2018-12-31",
        "latest": "2025-06-30"
      }
    },
    "PreferredStockLiquidationPreferenceValue": {
      "taxonomy": "us-gaap",
      "label": "Preferred Stock, Liquidation Preference, Value",
      "description": "Value of the difference between preference in liquidation and the par or stated values of the preferred shares.",
      "available_units": [
        "USD"
      ],
      "data_points_count": 23,
      "latest_value": {
        "value": 20200000000,
        "date": "2024-12-31",
        "fiscal_year": 2024,
        "form": "10-K",
        "filed": "2025-02-14",
        "unit": "USD",
        "type": "annual"
      },
      "date_range": {
        "earliest": "2019-12-31",
        "latest": "2025-06-30"
      }
    },
    "PreferredStockParOrStatedValuePerShare": {
      "taxonomy": "us-gaap",
      "label": "Preferred Stock, Par or Stated Value Per Share",
      "description": "Face amount or stated value per share of preferred stock nonredeemable or redeemable solely at the option of the issuer.",
      "available_units": [
        "USD/shares"
      ],
      "data_points_count": 138,
      "latest_value": {
        "value": 1,
        "date": "2024-12-31",
        "fiscal_year": 2024,
        "form": "10-K",
        "filed": "2025-02-14",
        "unit": "USD/shares",
        "type": "annual"
      },
      "date_range": {
        "earliest": "2008-12-31",
        "latest": "2025-06-30"
      }
    },
    "PreferredStockSharesAuthorized": {
      "taxonomy": "us-gaap",
      "label": "Preferred Stock, Shares Authorized",
      "description": "The maximum number of nonredeemable preferred shares (or preferred stock redeemable solely at the option of the issuer) permitted to be issued by an entity's charter and bylaws.",
      "available_units": [
        "shares"
      ],
      "data_points_count": 138,
      "latest_value": {
        "value": 200000000,
        "date": "2024-12-31",
        "fiscal_year": 2024,
        "form": "10-K",
        "filed": "2025-02-14",
        "unit": "shares",
        "type": "annual"
      },
      "date_range": {
        "earliest": "2008-12-31",
        "latest": "2025-06-30"
      }
    },
    "ProfessionalAndContractServicesExpense": {
      "taxonomy": "us-gaap",
      "label": "Professional and Contract Services Expense",
      "description": "Professional and contract service expense includes cost reimbursements for support services related to contracted projects, outsourced management, technical and staff support.",
      "available_units": [
        "USD"
      ],
      "data_points_count": 192,
      "latest_value": {
        "value": 11057000000,
        "date": "2024-12-31",
        "fiscal_year": 2024,
        "form": "10-K",
        "filed": "2025-02-14",
        "unit": "USD",
        "type": "annual"
      },
      "date_range": {
        "earliest": "2009-12-31",
        "latest": "2025-06-30"
      }
    },
    "ShareBasedCompensationArrangementByShareBasedPaymentAwardOptionsExercisableIntrinsicValue": {
      "taxonomy": "us-gaap",
      "label": "Share-based Compensation Arrangement by Share-based Payment Award, Options, Exercisable, Intrinsic Value (Deprecated 2011-01-31)",
      "description": "The total dollar difference between fair values of the underlying shares reserved for issuance and exercise prices of vested portions of options outstanding and currently exercisable under the option plan as of the balance sheet date.",
      "available_units": [
        "USD"
      ],
      "data_points_count": 2,
      "latest_value": {
        "value": 788217000,
        "date": "2010-12-31",
        "fiscal_year": 2010,
        "form": "10-K",
        "filed": "2011-02-28",
        "unit": "USD",
        "type": "annual"
      },
      "date_range": {
        "earliest": "2010-12-31",
        "latest": "2010-12-31"
      }
    },
    "ShareBasedCompensationArrangementByShareBasedPaymentAwardOptionsExercisableNumber": {
      "taxonomy": "us-gaap",
      "label": "Share-based Compensation Arrangement by Share-based Payment Award, Options, Exercisable, Number",
      "description": "The number of shares into which fully or partially vested stock options outstanding as of the balance sheet date can be currently converted under the option plan.",
      "available_units": [
        "shares"
      ],
      "data_points_count": 2,
      "latest_value": {
        "value": 181183000,
        "date": "2010-12-31",
        "fiscal_year": 2010,
        "form": "10-K",
        "filed": "2011-02-28",
        "unit": "shares",
        "type": "annual"
      },
      "date_range": {
        "earliest": "2010-12-31",
        "latest": "2010-12-31"
      }
    },
    "ShareBasedCompensationArrangementByShareBasedPaymentAwardOptionsExercisableWeightedAverageExercisePrice": {
      "taxonomy": "us-gaap",
      "label": "Share-based Compensation Arrangement by Share-based Payment Award, Options, Exercisable, Weighted Average Exercise Price",
      "description": "The weighted-average price as of the balance sheet date at which grantees can acquire the shares reserved for issuance on vested portions of options outstanding and currently exercisable under the stock option plan.",
      "available_units": [
        "USD/shares"
      ],
      "data_points_count": 2,
      "latest_value": {
        "value": 45.52,
        "date": "2010-12-31",
        "fiscal_year": 2010,
        "form": "10-K",
        "filed": "2011-02-28",
        "unit": "USD/shares",
        "type": "annual"
      },
      "date_range": {
        "earliest": "2010-12-31",
        "latest": "2010-12-31"
      }
    },
    "ShareBasedCompensationArrangementByShareBasedPaymentAwardOptionsExercisesInPeriod": {
      "taxonomy": "us-gaap",
      "label": "Share-based Compensation Arrangement by Share-based Payment Award, Options, Exercises in Period (Deprecated 2011-01-31)",
      "description": "The decrease in the number of reserved shares that could potentially be issued attributable to the exercise or conversion during the reporting period of previously issued stock options under the option plan.",
      "available_units": [
        "shares"
      ],
      "data_points_count": 2,
      "latest_value": {
        "value": -12870000,
        "date": "2010-12-31",
        "fiscal_year": 2010,
        "form": "10-K",
        "filed": "2011-02-28",
        "unit": "shares",
        "type": "annual"
      },
      "date_range": {
        "earliest": "2010-12-31",
        "latest": "2010-12-31"
      }
    },
    "ShareBasedCompensationArrangementByShareBasedPaymentAwardOptionsExercisesInPeriodTotalIntrinsicValue": {
      "taxonomy": "us-gaap",
      "label": "Share-based Compensation Arrangement by Share-based Payment Award, Options, Exercises in Period, Intrinsic Value",
      "description": "Amount of accumulated difference between fair value of underlying shares on dates of exercise and exercise price on options exercised (or share units converted) into shares.",
      "available_units": [
        "USD"
      ],
      "data_points_count": 6,
      "latest_value": {
        "value": 154000000,
        "date": "2010-12-31",
        "fiscal_year": 2010,
        "form": "10-K",
        "filed": "2011-02-28",
        "unit": "USD",
        "type": "annual"
      },
      "date_range": {
        "earliest": "2008-12-31",
        "latest": "2010-12-31"
      }
    },
    "ShareBasedCompensationArrangementByShareBasedPaymentAwardOptionsExercisesInPeriodWeightedAverageExercisePrice": {
      "taxonomy": "us-gaap",
      "label": "Share-based Compensation Arrangement by Share-based Payment Award, Options, Exercises in Period, Weighted Average Exercise Price (Deprecated 2012-01-31)",
      "description": "The weighted average price at which option holders acquired shares when converting their stock options into shares under the plan during the reporting period.",
      "available_units": [
        "USD"
      ],
      "data_points_count": 2,
      "latest_value": {
        "value": 30.69,
        "date": "2010-12-31",
        "fiscal_year": 2010,
        "form": "10-K",
        "filed": "2011-02-28",
        "unit": "USD",
        "type": "annual"
      },
      "date_range": {
        "earliest": "2010-12-31",
        "latest": "2010-12-31"
      }
    },
    "ShareBasedCompensationArrangementByShareBasedPaymentAwardOptionsForfeituresInPeriod": {
      "taxonomy": "us-gaap",
      "label": "Share-based Compensation Arrangement by Share-based Payment Award, Options, Forfeitures in Period",
      "description": "The number of shares under options that were cancelled during the reporting period as a result of occurrence of a terminating event specified in contractual agreements pertaining to the stock option plan.",
      "available_units": [
        "shares"
      ],
      "data_points_count": 2,
      "latest_value": {
        "value": -3076000,
        "date": "2010-12-31",
        "fiscal_year": 2010,
        "form": "10-K",
        "filed": "2011-02-28",
        "unit": "shares",
        "type": "annual"
      },
      "date_range": {
        "earliest": "2010-12-31",
        "latest": "2010-12-31"
      }
    },
    "ShareBasedCompensationArrangementByShareBasedPaymentAwardOptionsGrantsInPeriod": {
      "taxonomy": "us-gaap",
      "label": "Share-based Compensation Arrangement by Share-based Payment Award, Options, Grants in Period, Net of Forfeitures",
      "description": "Net number of share options (or share units) granted during the period.",
      "available_units": [
        "shares"
      ],
      "data_points_count": 2,
      "latest_value": {
        "value": 20949000,
        "date": "2010-12-31",
        "fiscal_year": 2010,
        "form": "10-K",
        "filed": "2011-02-28",
        "unit": "shares",
        "type": "annual"
      },
      "date_range": {
        "earliest": "2010-12-31",
        "latest": "2010-12-31"
      }
    },
    "ShareBasedCompensationArrangementByShareBasedPaymentAwardOptionsGrantsInPeriodWeightedAverageGrantDateFairValue": {
      "taxonomy": "us-gaap",
      "label": "Share-based Compensation Arrangement by Share-based Payment Award, Options, Grants in Period, Weighted Average Grant Date Fair Value",
      "description": "The weighted average grant-date fair value of options granted during the reporting period as calculated by applying the disclosed option pricing methodology.",
      "available_units": [
        "USD/shares"
      ],
      "data_points_count": 6,
      "latest_value": {
        "value": 42.96,
        "date": "2010-12-31",
        "fiscal_year": 2010,
        "form": "10-K",
        "filed": "2011-02-28",
        "unit": "USD/shares",
        "type": "annual"
      },
      "date_range": {
        "earliest": "2008-12-31",
        "latest": "2010-12-31"
      }
    },
    "ShareBasedCompensationArrangementByShareBasedPaymentAwardOptionsOutstandingIntrinsicValue": {
      "taxonomy": "us-gaap",
      "label": "Share-based Compensation Arrangement by Share-based Payment Award, Options, Outstanding, Intrinsic Value",
      "description": "Amount by which the current fair value of the underlying stock exceeds the exercise price of options outstanding.",
      "available_units": [
        "USD"
      ],
      "data_points_count": 2,
      "latest_value": {
        "value": 1191151000,
        "date": "2010-12-31",
        "fiscal_year": 2010,
        "form": "10-K",
        "filed": "2011-02-28",
        "unit": "USD",
        "type": "annual"
      },
      "date_range": {
        "earliest": "2010-12-31",
        "latest": "2010-12-31"
      }
    },
    "ShareBasedCompensationArrangementByShareBasedPaymentAwardOptionsOutstandingNumber": {
      "taxonomy": "us-gaap",
      "label": "Share-based Compensation Arrangement by Share-based Payment Award, Options, Outstanding, Number",
      "description": "Number of options outstanding, including both vested and non-vested options.",
      "available_units": [
        "shares"
      ],
      "data_points_count": 4,
      "latest_value": {
        "value": 234527000,
        "date": "2010-12-31",
        "fiscal_year": 2010,
        "form": "10-K",
        "filed": "2011-02-28",
        "unit": "shares",
        "type": "annual"
      },
      "date_range": {
        "earliest": "2009-12-31",
        "latest": "2010-12-31"
      }
    },
    "ShareBasedCompensationArrangementByShareBasedPaymentAwardOptionsOutstandingWeightedAverageExercisePrice": {
      "taxonomy": "us-gaap",
      "label": "Share-based Compensation Arrangement by Share-based Payment Award, Options, Outstanding, Weighted Average Exercise Price",
      "description": "Weighted average price at which grantees can acquire the shares reserved for issuance under the stock option plan.",
      "available_units": [
        "USD/shares"
      ],
      "data_points_count": 4,
      "latest_value": {
        "value": 43.33,
        "date": "2010-12-31",
        "fiscal_year": 2010,
        "form": "10-K",
        "filed": "2011-02-28",
        "unit": "USD/shares",
        "type": "annual"
      },
      "date_range": {
        "earliest": "2009-12-31",
        "latest": "2010-12-31"
      }
    },
    "SignificantChangeInUnrecognizedTaxBenefitsIsReasonablyPossibleAmountOfUnrecordedBenefit": {
      "taxonomy": "us-gaap",
      "label": "Significant Change in Unrecognized Tax Benefits is Reasonably Possible, Amount of Unrecorded Benefit",
      "description": "The amount of the unrecognized tax benefit of a position taken for which it is reasonably possible that the total amount thereof will significantly increase or decrease within twelve months of the balance sheet date.",
      "available_units": [
        "USD"
      ],
      "data_points_count": 10,
      "latest_value": {
        "value": 2400000000,
        "date": "2024-12-31",
        "fiscal_year": 2024,
        "form": "10-K",
        "filed": "2025-02-14",
        "unit": "USD",
        "type": "annual"
      },
      "date_range": {
        "earliest": "2015-12-31",
        "latest": "2024-12-31"
      }
    },
    "StockIssuedDuringPeriodSharesNewIssues": {
      "taxonomy": "us-gaap",
      "label": "Stock Issued During Period, Shares, New Issues",
      "description": "Number of new stock issued during the period.",
      "available_units": [
        "shares"
      ],
      "data_points_count": 4,
      "latest_value": {
        "value": 1633000000,
        "date": "2009-06-30",
        "fiscal_year": 2010,
        "form": "10-K",
        "filed": "2011-02-28",
        "unit": "shares",
        "type": "annual"
      },
      "date_range": {
        "earliest": "2008-09-30",
        "latest": "2009-06-30"
      }
    },
    "StockRepurchaseProgramRemainingAuthorizedRepurchaseAmount": {
      "taxonomy": "us-gaap",
      "label": "Stock Repurchase Program, Remaining Authorized Repurchase Amount (Deprecated 2014-01-31)",
      "description": "Amount remaining of a stock repurchase plan authorized by an entity's Board of Directors.",
      "available_units": [
        "USD"
      ],
      "data_points_count": 1,
      "latest_value": {
        "value": 8600000000,
        "date": "2013-12-31",
        "fiscal_year": 2013,
        "form": "10-K",
        "filed": "2014-02-20",
        "unit": "USD",
        "type": "annual"
      },
      "date_range": {
        "earliest": "2013-12-31",
        "latest": "2013-12-31"
      }
    },
    "StockRepurchaseProgramRemainingAuthorizedRepurchaseAmount1": {
      "taxonomy": "us-gaap",
      "label": "Stock Repurchase Program, Remaining Authorized Repurchase Amount",
      "description": "Amount remaining of a stock repurchase plan authorized.",
      "available_units": [
        "USD"
      ],
      "data_points_count": 6,
      "latest_value": {
        "value": 15600000000,
        "date": "2019-12-31",
        "fiscal_year": 2019,
        "form": "10-K",
        "filed": "2020-02-25",
        "unit": "USD",
        "type": "annual"
      },
      "date_range": {
        "earliest": "2014-12-31",
        "latest": "2019-12-31"
      }
    },
    "TranslationAdjustmentFunctionalToReportingCurrencyNetOfTaxPeriodIncreaseDecrease": {
      "taxonomy": "us-gaap",
      "label": "Translation Adjustment Functional to Reporting Currency, Net of Tax, Period Increase (Decrease)",
      "description": "Amount of increase (decrease) in cumulative translation adjustment, after tax, from translating foreign currency financial statements into the reporting currency.",
      "available_units": [
        "USD"
      ],
      "data_points_count": 14,
      "latest_value": {
        "value": -258000000,
        "date": "2011-09-30",
        "fiscal_year": 2011,
        "fiscal_period": "Q3",
        "form": "10-Q",
        "filed": "2011-11-04",
        "unit": "USD",
        "type": "quarterly"
      },
      "date_range": {
        "earliest": "2009-06-30",
        "latest": "2011-09-30"
      }
    },
    "UnrecognizedTaxBenefits": {
      "taxonomy": "us-gaap",
      "label": "Unrecognized Tax Benefits",
      "description": "Amount of unrecognized tax benefits.",
      "available_units": [
        "USD"
      ],
      "data_points_count": 64,
      "latest_value": {
        "value": 6159000000,
        "date": "2024-12-31",
        "fiscal_year": 2024,
        "form": "10-K",
        "filed": "2025-02-14",
        "unit": "USD",
        "type": "annual"
      },
      "date_range": {
        "earliest": "2007-12-31",
        "latest": "2024-12-31"
      }
    },
    "UnrecognizedTaxBenefitsDecreasesResultingFromCurrentPeriodTaxPositions": {
      "taxonomy": "us-gaap",
      "label": "Unrecognized Tax Benefits, Decrease Resulting from Current Period Tax Positions",
      "description": "Amount of decrease in unrecognized tax benefits resulting from tax positions that have been or will be taken in current period tax return.",
      "available_units": [
        "USD"
      ],
      "data_points_count": 15,
      "latest_value": {
        "value": 0,
        "date": "2013-12-31",
        "fiscal_year": 2013,
        "form": "10-K",
        "filed": "2014-02-20",
        "unit": "USD",
        "type": "annual"
      },
      "date_range": {
        "earliest": "2008-12-31",
        "latest": "2013-12-31"
      }
    },
    "UnrecognizedTaxBenefitsDecreasesResultingFromPriorPeriodTaxPositions": {
      "taxonomy": "us-gaap",
      "label": "Unrecognized Tax Benefits, Decrease Resulting from Prior Period Tax Positions",
      "description": "Amount of decrease in unrecognized tax benefits resulting from tax positions taken in prior period tax returns.",
      "available_units": [
        "USD"
      ],
      "data_points_count": 48,
      "latest_value": {
        "value": 907000000,
        "date": "2024-12-31",
        "fiscal_year": 2024,
        "form": "10-K",
        "filed": "2025-02-14",
        "unit": "USD",
        "type": "annual"
      },
      "date_range": {
        "earliest": "2008-12-31",
        "latest": "2024-12-31"
      }
    },
    "UnrecognizedTaxBenefitsDecreasesResultingFromSettlementsWithTaxingAuthorities": {
      "taxonomy": "us-gaap",
      "label": "Unrecognized Tax Benefits, Decrease Resulting from Settlements with Taxing Authorities",
      "description": "Amount of decrease in unrecognized tax benefits resulting from settlements with taxing authorities.",
      "available_units": [
        "USD"
      ],
      "data_points_count": 49,
      "latest_value": {
        "value": 148000000,
        "date": "2024-12-31",
        "fiscal_year": 2024,
        "form": "10-K",
        "filed": "2025-02-14",
        "unit": "USD",
        "type": "annual"
      },
      "date_range": {
        "earliest": "2008-12-31",
        "latest": "2024-12-31"
      }
    },
    "UnrecognizedTaxBenefitsIncreasesResultingFromCurrentPeriodTaxPositions": {
      "taxonomy": "us-gaap",
      "label": "Unrecognized Tax Benefits, Increase Resulting from Current Period Tax Positions",
      "description": "Amount of increase in unrecognized tax benefits resulting from tax positions that have been or will be taken in current period tax return.",
      "available_units": [
        "USD"
      ],
      "data_points_count": 48,
      "latest_value": {
        "value": 1721000000,
        "date": "2024-12-31",
        "fiscal_year": 2024,
        "form": "10-K",
        "filed": "2025-02-14",
        "unit": "USD",
        "type": "annual"
      },
      "date_range": {
        "earliest": "2008-12-31",
        "latest": "2024-12-31"
      }
    },
    "UnrecognizedTaxBenefitsIncreasesResultingFromPriorPeriodTaxPositions": {
      "taxonomy": "us-gaap",
      "label": "Unrecognized Tax Benefits, Increase Resulting from Prior Period Tax Positions",
      "description": "Amount of increase in unrecognized tax benefits resulting from tax positions taken in prior period tax returns.",
      "available_units": [
        "USD"
      ],
      "data_points_count": 48,
      "latest_value": {
        "value": 92000000,
        "date": "2024-12-31",
        "fiscal_year": 2024,
        "form": "10-K",
        "filed": "2025-02-14",
        "unit": "USD",
        "type": "annual"
      },
      "date_range": {
        "earliest": "2008-12-31",
        "latest": "2024-12-31"
      }
    },
    "UnrecognizedTaxBenefitsReductionsResultingFromLapseOfApplicableStatuteOfLimitations": {
      "taxonomy": "us-gaap",
      "label": "Unrecognized Tax Benefits, Reduction Resulting from Lapse of Applicable Statute of Limitations",
      "description": "Amount of decrease in unrecognized tax benefits resulting from lapses of applicable statutes of limitations.",
      "available_units": [
        "USD"
      ],
      "data_points_count": 27,
      "latest_value": {
        "value": 0,
        "date": "2018-12-31",
        "fiscal_year": 2018,
        "form": "10-K",
        "filed": "2019-02-26",
        "unit": "USD",
        "type": "annual"
      },
      "date_range": {
        "earliest": "2008-12-31",
        "latest": "2018-12-31"
      }
    },
    "UnrecognizedTaxBenefitsThatWouldImpactEffectiveTaxRate": {
      "taxonomy": "us-gaap",
      "label": "Unrecognized Tax Benefits that Would Impact Effective Tax Rate",
      "description": "The total amount of unrecognized tax benefits that, if recognized, would affect the effective tax rate.",
      "available_units": [
        "USD"
      ],
      "data_points_count": 48,
      "latest_value": {
        "value": 4400000000,
        "date": "2024-12-31",
        "fiscal_year": 2024,
        "form": "10-K",
        "filed": "2025-02-14",
        "unit": "USD",
        "type": "annual"
      },
      "date_range": {
        "earliest": "2008-12-31",
        "latest": "2024-12-31"
      }
    },
    "WeightedAverageNumberDilutedSharesOutstandingAdjustment": {
      "taxonomy": "us-gaap",
      "label": "Weighted Average Number Diluted Shares Outstanding Adjustment",
      "description": "The sum of dilutive potential common shares or units used in the calculation of the diluted per-share or per-unit computation.",
      "available_units": [
        "shares"
      ],
      "data_points_count": 210,
      "latest_value": {
        "value": 5100000,
        "date": "2024-12-31",
        "fiscal_year": 2024,
        "form": "10-K",
        "filed": "2025-02-14",
        "unit": "shares",
        "type": "annual"
      },
      "date_range": {
        "earliest": "2008-12-31",
        "latest": "2025-06-30"
      }
    },
    "DefinedBenefitPlanExpectedFutureBenefitPaymentsFiveFiscalYearsThereafter": {
      "taxonomy": "us-gaap",
      "label": "Defined Benefit Plan, Expected Future Benefit Payment, after Year Five for Next Five Years",
      "description": "Amount of benefit for defined benefit plan expected to be paid in five fiscal years after fifth fiscal year following current fiscal year.",
      "available_units": [
        "USD"
      ],
      "data_points_count": 4,
      "latest_value": {
        "value": 5229000000,
        "date": "2024-12-31",
        "fiscal_year": 2024,
        "form": "10-K",
        "filed": "2025-02-14",
        "unit": "USD",
        "type": "annual"
      },
      "date_range": {
        "earliest": "2021-12-31",
        "latest": "2024-12-31"
      }
    },
    "DefinedBenefitPlanExpectedFutureBenefitPaymentsNextTwelveMonths": {
      "taxonomy": "us-gaap",
      "label": "Defined Benefit Plan, Expected Future Benefit Payment, Year One",
      "description": "Amount of benefit for defined benefit plan expected to be paid in next fiscal year following current fiscal year.",
      "available_units": [
        "USD"
      ],
      "data_points_count": 4,
      "latest_value": {
        "value": 1186000000,
        "date": "2024-12-31",
        "fiscal_year": 2024,
        "form": "10-K",
        "filed": "2025-02-14",
        "unit": "USD",
        "type": "annual"
      },
      "date_range": {
        "earliest": "2021-12-31",
        "latest": "2024-12-31"
      }
    },
    "DefinedBenefitPlanExpectedFutureBenefitPaymentsYearFive": {
      "taxonomy": "us-gaap",
      "label": "Defined Benefit Plan, Expected Future Benefit Payment, Year Five",
      "description": "Amount of benefit for defined benefit plan expected to be paid in fifth fiscal year following current fiscal year.",
      "available_units": [
        "USD"
      ],
      "data_points_count": 4,
      "latest_value": {
        "value": 1093000000,
        "date": "2024-12-31",
        "fiscal_year": 2024,
        "form": "10-K",
        "filed": "2025-02-14",
        "unit": "USD",
        "type": "annual"
      },
      "date_range": {
        "earliest": "2021-12-31",
        "latest": "2024-12-31"
      }
    },
    "DefinedBenefitPlanExpectedFutureBenefitPaymentsYearFour": {
      "taxonomy": "us-gaap",
      "label": "Defined Benefit Plan, Expected Future Benefit Payment, Year Four",
      "description": "Amount of benefit for defined benefit plan expected to be paid in fourth fiscal year following current fiscal year.",
      "available_units": [
        "USD"
      ],
      "data_points_count": 4,
      "latest_value": {
        "value": 1095000000,
        "date": "2024-12-31",
        "fiscal_year": 2024,
        "form": "10-K",
        "filed": "2025-02-14",
        "unit": "USD",
        "type": "annual"
      },
      "date_range": {
        "earliest": "2021-12-31",
        "latest": "2024-12-31"
      }
    },
    "DefinedBenefitPlanExpectedFutureBenefitPaymentsYearThree": {
      "taxonomy": "us-gaap",
      "label": "Defined Benefit Plan, Expected Future Benefit Payment, Year Three",
      "description": "Amount of benefit for defined benefit plan expected to be paid in third fiscal year following current fiscal year.",
      "available_units": [
        "USD"
      ],
      "data_points_count": 4,
      "latest_value": {
        "value": 1134000000,
        "date": "2024-12-31",
        "fiscal_year": 2024,
        "form": "10-K",
        "filed": "2025-02-14",
        "unit": "USD",
        "type": "annual"
      },
      "date_range": {
        "earliest": "2021-12-31",
        "latest": "2024-12-31"
      }
    },
    "DefinedBenefitPlanExpectedFutureBenefitPaymentsYearTwo": {
      "taxonomy": "us-gaap",
      "label": "Defined Benefit Plan, Expected Future Benefit Payment, Year Two",
      "description": "Amount of benefit for defined benefit plan expected to be paid in second fiscal year following current fiscal year.",
      "available_units": [
        "USD"
      ],
      "data_points_count": 4,
      "latest_value": {
        "value": 1155000000,
        "date": "2024-12-31",
        "fiscal_year": 2024,
        "form": "10-K",
        "filed": "2025-02-14",
        "unit": "USD",
        "type": "annual"
      },
      "date_range": {
        "earliest": "2021-12-31",
        "latest": "2024-12-31"
      }
    }
  }
}